scale,R,T,budget_seconds,seed,cost,served_all,frac_served,n_unserved,n_window_solves,n_models_built,n_time_limit,n_no_incumbent,n_fallbacks,mean_solve_s,max_solve_s,mean_build_s,max_build_s,mean_total_per_decision_s,mean_window,max_window,total_solver_seconds,wall_seconds
"R=10,T=30",10,30,0.05,96000,187.78067272732065,1,1.0,0,30,30,23,0,0,0.04314236640930176,0.053334951400756836,0.016615018103038892,0.04612787504447624,0.059938038875892136,7.366666666666666,15,1.7981411662767641,1.8495393749908544
"R=10,T=30",10,30,0.05,96001,212.06942558542084,1,1.0,0,32,32,23,0,0,0.0387548953294754,0.054444074630737305,0.013452653529384406,0.043077750015072525,0.052329626285427366,6.75,14,1.6745480411336757,1.7213958749780431
"R=10,T=30",10,30,0.05,96002,266.98152526993005,1,1.0,0,42,42,33,0,0,0.04120268140520368,0.05536818504333496,0.020587213330491932,0.06207279098453,0.061958261024084915,8.595238095238095,19,2.6022469630115665,2.689177041989751
"R=10,T=30",10,30,0.05,96003,167.97113849753987,1,1.0,0,36,36,16,0,0,0.02532517910003662,0.05878782272338867,0.00811483796860557,0.03133674996206537,0.033520738222351715,4.472222222222222,13,1.2067465760046616,1.240229124960024
"R=10,T=30",10,30,0.05,96004,223.56344226414166,1,1.0,0,42,42,21,0,0,0.02789143721262614,0.05386495590209961,0.010612469289862063,0.035356625041458756,0.038599238194625025,5.380952380952381,14,1.621168004174251,1.6695661669946276
"R=10,T=30",10,30,0.05,96005,199.2551051366092,1,1.0,0,33,33,19,0,0,0.035151062589703186,0.0567779541015625,0.014172314371645563,0.03538108296925202,0.049453066887729095,6.848484848484849,13,1.6319512072950602,1.680793791951146
"R=10,T=30",10,30,0.05,96006,178.6731949442,1,1.0,0,29,29,21,0,0,0.039532258592802905,0.0612330436706543,0.013277781687692964,0.03602141694864258,0.05293174868987488,6.758620689655173,14,1.5350207120063715,1.5774646670324728
"R=10,T=30",10,30,0.05,96007,204.19944096352353,1,1.0,0,35,35,22,0,0,0.033653150285993305,0.05048084259033203,0.013719196487883372,0.043409916979726404,0.04749640248815662,6.457142857142857,15,1.6623740870854817,1.7124596660141833
"R=10,T=30",10,30,0.05,96008,138.1292610877589,1,1.0,0,24,24,16,0,0,0.03675885001818339,0.05614495277404785,0.009416038214112632,0.02777529100421816,0.04627190095682939,5.416666666666667,11,1.1105256229639053,1.1369785420247354
"R=10,T=30",10,30,0.05,96009,170.10620947737942,1,1.0,0,31,31,22,0,0,0.03669281928770004,0.0538020133972168,0.016171846771612763,0.04362154199043289,0.05300355512431012,7.483870967741935,14,1.6431102088536136,1.6969900829717517
"R=10,T=30",10,30,0.05,96010,280.6814879856864,1,1.0,0,41,41,25,0,0,0.03245443832583544,0.05362296104431152,0.012748890123386845,0.035166374989785254,0.04531954565914575,6.439024390243903,14,1.8581013720249757,1.9152154159964994
"R=10,T=30",10,30,0.05,96011,183.72691367578102,1,1.0,0,33,33,22,0,0,0.03652660051981608,0.05486297607421875,0.014853599758211974,0.04541166598210111,0.05151716666472511,7.0606060606060606,14,1.7000664999359287,1.7529981670086272
"R=10,T=30",10,30,0.05,96012,226.14066378245946,1,1.0,0,34,34,23,0,0,0.038366240613600784,0.05406808853149414,0.016553663034060532,0.07827837503282353,0.055062533090890875,7.0588235294117645,15,1.8721261250902899,1.9310636659502052
"R=10,T=30",10,30,0.05,96013,216.70589574711397,1,1.0,0,34,34,26,0,0,0.04053239261402803,0.05182695388793945,0.016295357797335944,0.052539166004862636,0.05697760412380483,7.794117647058823,16,1.9372385402093641,1.9957371659693308
"R=10,T=30",10,30,0.05,96014,168.92775756791318,1,1.0,0,29,29,17,0,0,0.03400628320102034,0.05114889144897461,0.014462678199473384,0.03959000000031665,0.0486010475052071,6.793103448275862,14,1.409430377651006,1.4542160829878412
"R=10,T=30",10,30,0.05,96015,202.64935898086355,1,1.0,0,30,30,22,0,0,0.041501553853352864,0.051531076431274414,0.014745626305618013,0.0439464160008356,0.056384059672321504,7.133333333333334,14,1.691521790169645,1.7403313749819063
"R=10,T=30",10,30,0.05,96016,190.55306131772676,1,1.0,0,32,32,17,0,0,0.03185286372900009,0.05404996871948242,0.011388148468540749,0.03805908397771418,0.0433484089007834,5.75,14,1.3871490848250687,1.4276605420163833
"R=10,T=30",10,30,0.05,96017,134.12113388342414,1,1.0,0,28,28,16,0,0,0.037029845373971124,0.05800604820251465,0.009646721855720639,0.031035000050906092,0.04677602546455871,5.392857142857143,11,1.3097287130076438,1.3430170000065118
"R=10,T=30",10,30,0.05,96018,202.06806677432814,1,1.0,0,31,31,21,0,0,0.03800938206334268,0.05132484436035156,0.017506999968205608,0.05971237499034032,0.05566446510549154,7.741935483870968,17,1.7255984182702377,1.7814059170195833
"R=10,T=30",10,30,0.05,96019,172.79866308039342,1,1.0,0,29,29,17,0,0,0.034291070083092,0.05212116241455078,0.011641640762059853,0.04051837499719113,0.04604101148112837,5.931034482758621,15,1.335189332952723,1.373704124998767
"R=10,T=30",10,30,0.05,96020,224.39553060587673,1,1.0,0,40,40,26,0,0,0.03808385729789734,0.05183291435241699,0.017427547875558957,0.053763417003210634,0.05566039587720297,7.65,17,2.226415835088119,2.298258082999382
"R=10,T=30",10,30,0.05,96021,152.19541531413458,1,1.0,0,25,25,18,0,0,0.04070777893066406,0.0537259578704834,0.014113034910988063,0.035996458027511835,0.05494799987180159,7.04,14,1.3736999967950396,1.4123401660472155
"R=10,T=30",10,30,0.05,96022,185.25369974239132,1,1.0,0,30,30,17,0,0,0.035063131650288897,0.06598711013793945,0.013607423663294564,0.04059629194671288,0.04879066402985093,6.466666666666667,15,1.463719920895528,1.507421542017255
"R=10,T=30",10,30,0.05,96023,223.55289435168342,1,1.0,0,33,33,24,0,0,0.04005021759957978,0.052004098892211914,0.01890709978937538,0.04365966597106308,0.05911706706022166,8.333333333333334,15,1.950863212987315,2.015072208014317
"R=10,T=30",10,30,0.05,96024,152.8534061778894,1,1.0,0,26,26,15,0,0,0.03408233936016376,0.05849313735961914,0.013233421381580858,0.03715233301045373,0.04743516984476278,6.346153846153846,14,1.2333144159638323,1.270912625011988
"R=10,T=30",10,30,0.05,96025,190.75612439055573,1,1.0,0,36,36,19,0,0,0.0302911467022366,0.058699846267700195,0.011776844888421087,0.03671804099576548,0.04217529050139193,5.805555555555555,14,1.5183104580501094,1.564568791014608
"R=10,T=30",10,30,0.05,96026,204.84512786108672,1,1.0,0,35,35,20,0,0,0.03364881787981306,0.05838799476623535,0.008414807114084917,0.031139958009589463,0.04214787737499656,4.9714285714285715,13,1.4751757081248797,1.5121207499760203
"R=10,T=30",10,30,0.05,96027,259.6970139823744,1,1.0,0,34,34,30,0,0,0.04602895764743581,0.05349111557006836,0.017554245151319158,0.04381600004853681,0.06373271215467385,8.323529411764707,14,2.166912213258911,2.230674375023227
"R=10,T=30",10,30,0.05,96028,196.23920705980558,1,1.0,0,37,37,19,0,0,0.031784998404013144,0.05122089385986328,0.013153219699381373,0.03517262503737584,0.04505483218550531,6.351351351351352,13,1.6670287908636965,1.7191590419970453
"R=10,T=30",10,30,0.05,96029,231.20181248812645,1,1.0,0,36,36,25,0,0,0.03831311066945394,0.05086088180541992,0.016168693245466177,0.052532916015479714,0.05462405211033507,7.277777777777778,17,1.9664658759720623,2.026666167017538
"R=10,T=30",10,30,0.05,96030,188.12764836572114,1,1.0,0,30,30,19,0,0,0.03762853145599365,0.06033611297607422,0.01488051242971172,0.0389897910063155,0.052635494396478556,7.166666666666667,13,1.5790648318943568,1.6263685830053873
"R=10,T=30",10,30,0.05,96031,188.41383616469554,1,1.0,0,29,29,18,0,0,0.036789935210655475,0.056231021881103516,0.015860849210655253,0.04351016599684954,0.05279150448442469,7.310344827586207,15,1.530953630048316,1.5793829170288518
"R=10,T=30",10,30,0.05,96032,255.0473292533288,1,1.0,0,38,38,26,0,0,0.03808006487394634,0.05721902847290039,0.017877486759588418,0.05958058300893754,0.05610602833698258,7.684210526315789,18,2.1320290768053383,2.201351750001777
"R=10,T=30",10,30,0.05,96033,185.8584830297817,1,1.0,0,30,30,18,0,0,0.03477760950724284,0.05549812316894531,0.015670055529335515,0.0428347919951193,0.050579756931013735,7.233333333333333,15,1.5173927079304121,1.5675764170009643
"R=10,T=30",10,30,0.05,96034,216.84932129275816,1,1.0,0,33,33,24,0,0,0.04053306579589844,0.06032204627990723,0.015965801850666827,0.05303970800014213,0.05663522599956416,7.424242424242424,16,1.8689624579856172,1.924606207991019
"R=10,T=30",10,30,0.05,96035,165.14797807630228,1,1.0,0,30,30,15,0,0,0.029982598622639973,0.0506901741027832,0.010835272292994583,0.031744458014145494,0.04092710845870897,5.6,13,1.2278132537612692,1.2653879999998026
"R=10,T=30",10,30,0.05,96036,126.4533385056964,1,1.0,0,23,23,14,0,0,0.03436863940695058,0.05057787895202637,0.009260108610918827,0.02702754200436175,0.04372261956070914,5.3478260869565215,11,1.0056202498963103,1.0316951669519767
"R=10,T=30",10,30,0.05,96037,194.66660932660332,1,1.0,0,27,27,18,0,0,0.03822766409979926,0.05636787414550781,0.016949086404767714,0.042563125025480986,0.05531756629891418,7.666666666666667,15,1.4935742900706828,1.5410889589693397
"R=10,T=30",10,30,0.05,96038,191.6281944522379,1,1.0,0,29,29,18,0,0,0.034099348660173084,0.05154895782470703,0.008933719755391237,0.027868000033777207,0.04312578006045379,5.275862068965517,11,1.25064762175316,1.2826059159706347
"R=10,T=30",10,30,0.05,96039,215.98945425312166,1,1.0,0,33,33,27,0,0,0.042819218202070755,0.05493903160095215,0.014002710947710457,0.03581899998243898,0.056951253909518884,7.2727272727272725,12,1.8793913790141232,1.9315544159617275
"R=10,T=30",10,30,0.05,96040,144.46774145146784,1,1.0,0,28,28,13,0,0,0.028143227100372314,0.05096697807312012,0.011909659330350613,0.04288108297623694,0.04016220682283996,5.857142857142857,14,1.124541791039519,1.1617004160070792
"R=10,T=30",10,30,0.05,96041,200.78155068943232,1,1.0,0,33,33,22,0,0,0.03583347436153528,0.06319689750671387,0.015056662935283825,0.040658416983205825,0.0510319078386987,7.090909090909091,15,1.6840529586770572,1.7374087079660967
"R=10,T=30",10,30,0.05,96042,181.086653236392,1,1.0,0,30,30,22,0,0,0.03817741870880127,0.050668954849243164,0.01318243476562202,0.02953749999869615,0.051483356966249026,6.8,12,1.5445007089874707,1.589188040990848
"R=10,T=30",10,30,0.05,96043,145.9098500154451,1,1.0,0,26,26,16,0,0,0.03251912043644832,0.054512977600097656,0.011294125082293669,0.03076216601766646,0.0439227180792771,5.923076923076923,13,1.1419906700612046,1.1750288750045002
"R=10,T=30",10,30,0.05,96044,166.90686489621345,1,1.0,0,28,28,16,0,0,0.034647422177450996,0.061144113540649414,0.011819117604838019,0.043843874998856336,0.04657091364788357,5.892857142857143,14,1.30398558214074,1.3410927910008468
"R=10,T=30",10,30,0.05,96045,245.13018279404463,1,1.0,0,42,42,24,0,0,0.03393894717806861,0.05647110939025879,0.016173133930091614,0.04387091699754819,0.050250762907255976,7.357142857142857,14,2.110532042104751,2.181399583001621
"R=10,T=30",10,30,0.05,96046,161.45534591064165,1,1.0,0,29,29,21,0,0,0.03843739114958664,0.05677080154418945,0.01614974710311548,0.0592334580142051,0.05472515226976047,7.172413793103448,17,1.5870294158230536,1.6362484580022283
"R=10,T=30",10,30,0.05,96047,127.32177234807409,1,1.0,0,26,26,13,0,0,0.03181290626525879,0.05324697494506836,0.013904305992092794,0.03821791696827859,0.045837940574319176,6.6923076923076925,14,1.1917864549322985,1.2308567499858327
"R=10,T=30",10,30,0.05,96048,217.32198520288904,1,1.0,0,34,34,26,0,0,0.04197071580325856,0.05902886390686035,0.014504946062943953,0.042419750010594726,0.056608317358254945,7.205882352941177,15,1.9246827901806682,1.978671166987624
"R=10,T=30",10,30,0.05,96049,173.04353530906002,1,1.0,0,29,29,19,0,0,0.03569818365162816,0.055338144302368164,0.015450633518349636,0.04289833299117163,0.05128268965776881,7.275862068965517,14,1.4871980000752956,1.5343956249998882
"R=10,T=30",10,30,0.05,96050,153.16927371979074,1,1.0,0,30,30,15,0,0,0.031098556518554688,0.05195808410644531,0.010205669367375473,0.032641249999869615,0.04139842213868784,5.3,13,1.2419526641606353,1.2761984579847194
"R=10,T=30",10,30,0.05,96051,227.66798785803667,1,1.0,0,37,37,27,0,0,0.039419161306845175,0.052738189697265625,0.014530720787022161,0.04856770799960941,0.05407536717138026,7.081081081081081,15,2.00078858534107,2.059619917010423
"R=10,T=30",10,30,0.05,96052,180.62812136128775,1,1.0,0,29,29,20,0,0,0.03947447086202687,0.05850505828857422,0.018006811865830218,0.05365795799298212,0.05763392118287498,7.931034482758621,17,1.6713837143033743,1.7252653749892488
"R=10,T=30",10,30,0.05,96053,187.57657007614324,1,1.0,0,38,38,19,0,0,0.030170497141386334,0.06538796424865723,0.013578608578475388,0.048233334033284336,0.043867744424221054,6.131578947368421,15,1.6669742881204002,1.7210108329891227
"R=10,T=30",10,30,0.05,96054,178.26020109954035,1,1.0,0,32,32,17,0,0,0.031231291592121124,0.05059814453125,0.009741691497765714,0.03218412498245016,0.04106768112978898,5.34375,12,1.3141657961532474,1.3507393750478514
"R=10,T=30",10,30,0.05,96055,190.48921672062772,1,1.0,0,34,34,21,0,0,0.034841053626116586,0.05712699890136719,0.017562480388305095,0.05307312496006489,0.05255384551470771,7.617647058823529,16,1.786830747500062,1.847598750027828
"R=10,T=30",10,30,0.05,96056,200.03458558283597,1,1.0,0,31,31,22,0,0,0.03815340995788574,0.05858492851257324,0.012350009545879137,0.03103108296636492,0.05063219235519007,6.387096774193548,13,1.5695979630108923,1.6142898329999298
"R=10,T=30",10,30,0.05,96057,175.80246951198683,1,1.0,0,30,30,18,0,0,0.033130915959676106,0.050560951232910156,0.012692180570835869,0.04172654199646786,0.04593911667276795,6.1,15,1.3781735001830384,1.419973417010624
"R=10,T=30",10,30,0.05,96058,136.22686840531986,1,1.0,0,23,23,14,0,0,0.03479340802068296,0.05362510681152344,0.010491056213378097,0.02465787500841543,0.04538361778553656,5.826086956521739,10,1.043823209067341,1.0728736669989303
"R=10,T=30",10,30,0.05,96059,206.73592930450567,1,1.0,0,36,36,23,0,0,0.03504255082872179,0.05126500129699707,0.013707049832899228,0.04098691698163748,0.04886817371556794,6.638888888888889,15,1.7592542537604459,1.8123983329860494
"R=10,T=30",10,30,0.1,96000,187.18295359738002,1,1.0,0,32,32,21,0,0,0.07166657596826553,0.11912918090820312,0.014871798224703525,0.04326958302408457,0.08666801182152994,7.0,15,2.773376378288958,2.825479334045667
"R=10,T=30",10,30,0.1,96001,202.98164812341466,1,1.0,0,32,32,22,0,0,0.07573165744543076,0.19801783561706543,0.013605948000986245,0.038699000026099384,0.08945695831243938,6.75,14,2.8626226659980603,2.9143933749874122
"R=10,T=30",10,30,0.1,96002,270.2428906345933,1,1.0,0,42,42,32,0,0,0.08003502232687813,0.11556792259216309,0.021295481148020674,0.07212312502088025,0.10149630054920203,8.595238095238095,19,4.262844623066485,4.352355082985014
"R=10,T=30",10,30,0.1,96003,174.63733489038435,1,1.0,0,27,27,15,0,0,0.06175718484101472,0.1058650016784668,0.010796802443952334,0.03314374998444691,0.07265420836241294,5.703703703703703,13,1.9616636257851496,1.9963325419812463
"R=10,T=30",10,30,0.1,96004,199.20734678921957,1,1.0,0,37,37,17,0,0,0.05383778907157279,0.10200095176696777,0.011816943758104399,0.04455812502419576,0.06576943151633935,5.837837837837838,14,2.433468966104556,2.483356458018534
"R=10,T=30",10,30,0.1,96005,199.2551051366092,1,1.0,0,33,33,16,0,0,0.06315569444136186,0.11733508110046387,0.014004891487826226,0.03583841701038182,0.07729091543076334,6.848484848484849,13,2.5506002092151903,2.6015534580219537
"R=10,T=30",10,30,0.1,96006,158.44770596243734,1,1.0,0,29,29,20,0,0,0.07349922739226243,0.11037492752075195,0.013576672277975314,0.03615604102378711,0.08719826713686102,6.724137931034483,14,2.5287497469689697,2.573050792037975
"R=10,T=30",10,30,0.1,96007,204.72941892407226,1,1.0,0,37,37,20,0,0,0.06344250730566077,0.10864114761352539,0.01300315762479865,0.04907491704216227,0.0765569719227937,6.27027027027027,15,2.832607961143367,2.8858302910230123
"R=10,T=30",10,30,0.1,96008,122.50906140871768,1,1.0,0,25,25,14,0,0,0.0651694393157959,0.13327383995056152,0.009256388316862285,0.02697312500094995,0.07451648659305647,5.32,10,1.8629121648264118,1.8917709580273367
"R=10,T=30",10,30,0.1,96009,163.576791583103,1,1.0,0,32,32,20,0,0,0.06742779910564423,0.11626601219177246,0.015787915408509434,0.04287304199533537,0.08334750662834267,7.375,14,2.6671202121069655,2.7207679169951007
"R=10,T=30",10,30,0.1,96010,245.53428735168285,1,1.0,0,41,41,25,0,0,0.06329176484084711,0.11288714408874512,0.012951330409566985,0.03822495898930356,0.07635958235364453,6.439024390243903,14,3.1307428764994256,3.189995708002243
"R=10,T=30",10,30,0.1,96011,183.7113915498913,1,1.0,0,33,33,21,0,0,0.06852680986577814,0.10358691215515137,0.015106515179275337,0.03810379101196304,0.08376593933313746,7.0606060606060606,14,2.7642759979935363,2.8176654999842867
"R=10,T=30",10,30,0.1,96012,200.24538958655626,1,1.0,0,34,34,22,0,0,0.07091466118307675,0.12455606460571289,0.01512463841422954,0.04265054198913276,0.08617351461982574,7.0588235294117645,15,2.929899497074075,2.9854305000044405
"R=10,T=30",10,30,0.1,96013,240.0991322175578,1,1.0,0,36,36,26,0,0,0.07616479529274835,0.1198580265045166,0.015756784718380205,0.04632608301471919,0.09205999991940593,7.472222222222222,16,3.3141599970986135,3.375894624972716
"R=10,T=30",10,30,0.1,96014,168.92775756791318,1,1.0,0,29,29,17,0,0,0.06385111808776855,0.11018991470336914,0.014758755794148249,0.03817625000374392,0.07874201600849308,6.793103448275862,14,2.283518464246299,2.3298297080327757
"R=10,T=30",10,30,0.1,96015,198.86840744878089,1,1.0,0,30,30,20,0,0,0.07687000433603923,0.10577797889709473,0.014608419430442155,0.03628450003452599,0.0916089694655966,7.233333333333333,14,2.748269083967898,2.7974610420060344
"R=10,T=30",10,30,0.1,96016,168.34929217623792,1,1.0,0,30,30,16,0,0,0.061609721183776854,0.11258292198181152,0.012444173697925482,0.03779120900435373,0.07416607085809422,6.033333333333333,14,2.2249821257428266,2.266416541999206
"R=10,T=30",10,30,0.1,96017,121.5881078016306,1,1.0,0,24,24,11,0,0,0.05940217773119608,0.11626911163330078,0.009492729128396604,0.02409833302954212,0.06898493753639438,5.25,11,1.655638500873465,1.683027375023812
"R=10,T=30",10,30,0.1,96018,211.9245726141882,1,1.0,0,32,32,23,0,0,0.0767943263053894,0.10864806175231934,0.017235104063729523,0.05798595800297335,0.09416818465797405,7.75,17,3.0133819090551697,3.0719899579999037
"R=10,T=30",10,30,0.1,96019,169.49698315658858,1,1.0,0,29,29,15,0,0,0.06238277205105486,0.11374688148498535,0.011727619201651421,0.04001325002172962,0.07421417957862261,5.896551724137931,15,2.1522112077800557,2.191521958040539
"R=10,T=30",10,30,0.1,96020,221.9664502790433,1,1.0,0,38,38,23,0,0,0.07115984590430009,0.10637402534484863,0.018150227996030527,0.05837858299491927,0.08946075098968945,7.947368421052632,17,3.399508537608199,3.4712848750059493
"R=10,T=30",10,30,0.1,96021,161.48377949356552,1,1.0,0,25,25,19,0,0,0.0820232105255127,0.115386962890625,0.014160909920465202,0.04107887501595542,0.09631429164670408,7.04,15,2.407857291167602,2.447830624994822
"R=10,T=30",10,30,0.1,96022,182.51344044711354,1,1.0,0,30,30,18,0,0,0.06525313059488932,0.10925984382629395,0.013462949932242433,0.04409204097464681,0.07883720406292317,6.5,14,2.365116121887695,2.4101476659998298
"R=10,T=30",10,30,0.1,96023,223.55289435168342,1,1.0,0,33,33,23,0,0,0.07614324309609154,0.11045289039611816,0.0189631389362286,0.04601679201005027,0.09526413750735986,8.333333333333334,15,3.1437165377428755,3.2089135000132956
"R=10,T=30",10,30,0.1,96024,148.25566859759064,1,1.0,0,26,26,15,0,0,0.06452909799722525,0.1155860424041748,0.012838003115925508,0.035519458004273474,0.0774797018586049,6.346153846153846,14,2.0144722483237274,2.0519323329790495
"R=10,T=30",10,30,0.1,96025,178.21807702019007,1,1.0,0,37,37,16,0,0,0.05086447741534259,0.11251997947692871,0.011636480838500869,0.04334737500175834,0.06260849102526098,5.783783783783784,14,2.316514167934656,2.364062374981586
"R=10,T=30",10,30,0.1,96026,203.80850821105952,1,1.0,0,35,35,17,0,0,0.055787849426269534,0.10619616508483887,0.009140590546719198,0.03375112498179078,0.06502081909815648,5.114285714285714,13,2.2757286684354767,2.315389125025831
"R=10,T=30",10,30,0.1,96027,264.56303735740903,1,1.0,0,35,35,30,0,0,0.08810740198407854,0.11397719383239746,0.0169247486628592,0.04090700001688674,0.10518070223209049,8.028571428571428,14,3.681324578123167,3.7452099999645725
"R=10,T=30",10,30,0.1,96028,183.35022991634358,1,1.0,0,35,35,18,0,0,0.05974539348057338,0.10083699226379395,0.014077402406837792,0.04838241700781509,0.07394795000686177,6.714285714285714,13,2.588178250240162,2.641064041003119
"R=10,T=30",10,30,0.1,96029,230.75017621494806,1,1.0,0,44,44,24,0,0,0.05962625416842374,0.10142803192138672,0.01300378513670611,0.05791795899858698,0.07274584291471084,6.136363636363637,17,3.200817088247277,3.2636709170183167
"R=10,T=30",10,30,0.1,96030,205.06884960096934,1,1.0,0,30,30,19,0,0,0.07345808347066243,0.10379314422607422,0.015357084706192837,0.03983454202534631,0.08897518747641395,7.3,13,2.6692556242924184,2.7187855420052074
"R=10,T=30",10,30,0.1,96031,188.41383616469554,1,1.0,0,29,29,18,0,0,0.06798877387211241,0.10483503341674805,0.015784112036083663,0.040649083035532385,0.0839125732409543,7.310344827586207,15,2.4334646239876747,2.4833431250299327
"R=10,T=30",10,30,0.1,96032,253.03599075602216,1,1.0,0,38,38,25,0,0,0.07079965189883583,0.10291004180908203,0.017844883657648768,0.06507437501568347,0.0887929012870269,7.684210526315789,18,3.374130248907022,3.44484462501714
"R=10,T=30",10,30,0.1,96033,185.8068485531605,1,1.0,0,30,30,18,0,0,0.06453936100006104,0.10175895690917969,0.017419624966957297,0.07525291602360085,0.08209668059716932,7.233333333333333,15,2.4629004179150797,2.5142266250331886
"R=10,T=30",10,30,0.1,96034,216.79761272568888,1,1.0,0,33,33,22,0,0,0.07569941607388583,0.10995888710021973,0.015865165369839153,0.05362925003282726,0.0917066123678744,7.424242424242424,16,3.0263182081398554,3.083062916994095
"R=10,T=30",10,30,0.1,96035,162.21347442711942,1,1.0,0,29,29,14,0,0,0.05563982601823478,0.11337900161743164,0.011499718415695402,0.0381494999746792,0.06724375013687552,5.724137931034483,13,1.95006875396939,1.9870900409878232
"R=10,T=30",10,30,0.1,96036,125.12758394777744,1,1.0,0,24,24,13,0,0,0.06131875514984131,0.10287308692932129,0.009114319494983647,0.023177624971140176,0.07052770832524402,5.25,11,1.6926649998058565,1.7201848329859786
"R=10,T=30",10,30,0.1,96037,164.12718283780808,1,1.0,0,25,25,18,0,0,0.07703022003173828,0.11362910270690918,0.01891753342933953,0.04990720795467496,0.09611705339280889,8.2,15,2.402926334820222,2.4540837079985067
"R=10,T=30",10,30,0.1,96038,195.88133750066027,1,1.0,0,31,31,19,0,0,0.06429481506347656,0.11003780364990234,0.009622090133733207,0.02509495901176706,0.07401443287850387,5.419354838709677,11,2.29444741923362,2.3308495419914834
"R=10,T=30",10,30,0.1,96039,215.9865257757767,1,1.0,0,33,33,27,0,0,0.08524844140717477,0.11777901649475098,0.014283119905457803,0.030925334023777395,0.099662267604744,7.2727272727272725,12,3.288854830956552,3.3432088749832474
"R=10,T=30",10,30,0.1,96040,133.0537320488752,1,1.0,0,28,28,13,0,0,0.05266039712088449,0.10172104835510254,0.012449005893098988,0.037918167014140636,0.06522316681886357,5.857142857142857,14,1.8262486709281802,1.8639052080106921
"R=10,T=30",10,30,0.1,96041,200.78155068943232,1,1.0,0,33,33,21,0,0,0.0695863998297489,0.11612701416015625,0.014991891388710814,0.04775366699323058,0.0847129330151912,7.090909090909091,15,2.7955267895013094,2.849803459015675
"R=10,T=30",10,30,0.1,96042,179.78824734520356,1,1.0,0,29,29,21,0,0,0.07780673586089036,0.11215615272521973,0.013454132145350992,0.034131792024709284,0.09138789074094003,7.0,12,2.6502488314872608,2.6959917910280637
"R=10,T=30",10,30,0.1,96043,148.2310701210917,1,1.0,0,27,27,15,0,0,0.06214865931758174,0.11147189140319824,0.012892674253736105,0.038026707945391536,0.07516077925727048,6.148148148148148,14,2.0293410399463028,2.0672422079951502
"R=10,T=30",10,30,0.1,96044,163.5213859650549,1,1.0,0,28,28,15,0,0,0.06005087069102696,0.10419106483459473,0.011562578893582602,0.04319279099581763,0.07172060553317092,5.785714285714286,14,2.0081769549287856,2.046252000029199
"R=10,T=30",10,30,0.1,96045,245.12795569192355,1,1.0,0,42,42,24,0,0,0.06337356567382812,0.11014103889465332,0.016418398881796747,0.04490249999798834,0.07993912995776295,7.357142857142857,14,3.3574434582260437,3.430165625002701
"R=10,T=30",10,30,0.1,96046,161.38479656812362,1,1.0,0,30,30,17,0,0,0.06342140833536784,0.10098099708557129,0.015894779236987233,0.051152125000953674,0.07945737657137215,6.966666666666667,17,2.3837212971411645,2.433863000012934
"R=10,T=30",10,30,0.1,96047,127.27977874855239,1,1.0,0,26,26,11,0,0,0.05713234497950627,0.11883902549743652,0.014386432690886207,0.045596250041853637,0.07164610580254632,6.6923076923076925,14,1.8627987508662045,1.9030045000254177
"R=10,T=30",10,30,0.1,96048,213.374755635093,1,1.0,0,35,35,23,0,0,0.07248809678213937,0.11680984497070312,0.015090832031065864,0.04220725002232939,0.08771331060145582,7.057142857142857,15,3.069965871050954,3.12791737500811
"R=10,T=30",10,30,0.1,96049,168.26409946067236,1,1.0,0,32,32,18,0,0,0.0628981739282608,0.12318611145019531,0.014804282687691739,0.048489792039617896,0.07783318518886517,6.6875,14,2.4906619260436855,2.5412088750163093
"R=10,T=30",10,30,0.1,96050,160.4531305429552,1,1.0,0,28,28,15,0,0,0.060743050915854316,0.10298705101013184,0.010657940427855854,0.041033208020962775,0.07151080656954686,5.678571428571429,13,2.002302583947312,2.037836375006009
"R=10,T=30",10,30,0.1,96051,227.66798785803667,1,1.0,0,37,37,23,0,0,0.07213934047802074,0.11208891868591309,0.015110204897732852,0.04177933401660994,0.08738590308584625,7.081081081081081,15,3.2332784141763113,3.2945534579921514
"R=10,T=30",10,30,0.1,96052,180.62812136128775,1,1.0,0,29,29,20,0,0,0.07356628056230216,0.10271096229553223,0.018158856239410694,0.0591204590164125,0.09187982171765882,7.931034482758621,17,2.6645148298121057,2.7198440830106847
"R=10,T=30",10,30,0.1,96053,189.83123063053628,1,1.0,0,32,32,18,0,0,0.06616659462451935,0.10222792625427246,0.01582621237685089,0.04790733300615102,0.08213373579201289,7.125,15,2.6282795453444123,2.682427874999121
"R=10,T=30",10,30,0.1,96054,188.08131357916835,1,1.0,0,32,32,17,0,0,0.060238756239414215,0.10440206527709961,0.009872074246231932,0.027554333035368472,0.07020927477788064,5.3125,12,2.2466967928921804,2.2846478749997914
"R=10,T=30",10,30,0.1,96055,190.48921672062772,1,1.0,0,34,34,20,0,0,0.06520254471722771,0.10521793365478516,0.01757807224160334,0.04676237504463643,0.08293644492411711,7.617647058823529,16,2.819839127419982,2.8816638339776546
"R=10,T=30",10,30,0.1,96056,200.6565154564003,1,1.0,0,31,31,20,0,0,0.07149770182947959,0.10390615463256836,0.012728775513448542,0.032687375030945987,0.0843487499664808,6.387096774193548,13,2.6148112489609048,2.662163667031564
"R=10,T=30",10,30,0.1,96057,165.03930982035706,1,1.0,0,28,28,17,0,0,0.06537667342594691,0.11691808700561523,0.01494044799931414,0.04358833399601281,0.0804510448194508,6.857142857142857,15,2.2526292549446225,2.297790167038329
"R=10,T=30",10,30,0.1,96058,136.27966912578003,1,1.0,0,24,24,14,0,0,0.062217493851979576,0.10234403610229492,0.010105453082360327,0.023855915991589427,0.07242897221294697,5.583333333333333,10,1.7382953331107274,1.7681937089655548
"R=10,T=30",10,30,0.1,96059,187.6785847131285,1,1.0,0,33,33,19,0,0,0.0652971701188521,0.11208415031433105,0.011951747454462968,0.04419612500350922,0.07736126272974422,6.151515151515151,14,2.5529216700815596,2.5988246670458466
"R=10,T=30",10,30,0.25,96000,200.6836749451939,1,1.0,0,31,31,20,0,0,0.18444771151388845,0.257659912109375,0.017749049702674272,0.057288542040623724,0.20234817469627747,7.67741935483871,16,6.2727934155846015,6.334848708997015
"R=10,T=30",10,30,0.25,96001,190.9712828762894,1,1.0,0,30,30,18,0,0,0.17006627718607584,0.2530989646911621,0.014691854163538664,0.04276158398715779,0.18489088336355053,7.133333333333334,14,5.546726500906516,5.6044891670462675
"R=10,T=30",10,30,0.25,96002,265.7039234695136,1,1.0,0,41,41,32,0,0,0.19760978512647676,0.2682628631591797,0.021447847463849295,0.0627728330437094,0.21923312083420501,8.707317073170731,19,8.988557954202406,9.079607749998104
"R=10,T=30",10,30,0.25,96003,182.23061432637155,1,1.0,0,26,26,11,0,0,0.13129983498499945,0.251816987991333,0.010967145895567508,0.031805334030650556,0.14237248881433445,5.8076923076923075,13,3.701684709172696,3.7371350419707596
"R=10,T=30",10,30,0.25,96004,193.08801358719612,1,1.0,0,36,36,16,0,0,0.12041419082217747,0.25462794303894043,0.01265107405197341,0.037079624948091805,0.13317917599892504,6.055555555555555,14,4.794450335961301,4.845704375009518
"R=10,T=30",10,30,0.25,96005,182.82192092828274,1,1.0,0,33,33,15,0,0,0.13074507135333438,0.2896139621734619,0.014277769002188561,0.03588916698936373,0.14515162263220796,6.878787878787879,13,4.790003546862863,4.842554292001296
"R=10,T=30",10,30,0.25,96006,179.6240124078535,1,1.0,0,30,30,15,0,0,0.16711007754007975,0.26689910888671875,0.013416073605185375,0.03715787502005696,0.1806504125338203,6.6,14,5.419512376014609,5.4675287079880945
"R=10,T=30",10,30,0.25,96007,199.62270122743072,1,1.0,0,35,35,17,0,0,0.1349393435886928,0.2681241035461426,0.013631078632481928,0.04984045901801437,0.14869220005847247,6.457142857142857,15,5.204227002046537,5.258444459002931
"R=10,T=30",10,30,0.25,96008,137.42156063267873,1,1.0,0,25,25,13,0,0,0.14947766304016114,0.25142884254455566,0.009608614996541292,0.02730241703102365,0.15918527655536308,5.48,11,3.979631913884077,4.010895500017796
"R=10,T=30",10,30,0.25,96009,162.93637173950438,1,1.0,0,30,30,18,0,0,0.16689662933349608,0.2581300735473633,0.0173721694018847,0.04296454199356958,0.18442515546727614,7.766666666666667,14,5.5327546640182845,5.589494707994163
"R=10,T=30",10,30,0.25,96010,238.75894279385773,1,1.0,0,45,45,19,0,0,0.1253686269124349,0.26413393020629883,0.012149498998446183,0.03833725000731647,0.1376310444630993,5.911111111111111,14,6.193397000839468,6.256326749979053
"R=10,T=30",10,30,0.25,96011,183.7113915498913,1,1.0,0,33,33,19,0,0,0.15876908735795456,0.2659139633178711,0.015275550487620587,0.04037941701244563,0.17418104548987962,7.0606060606060606,14,5.747974501166027,5.804455083969515
"R=10,T=30",10,30,0.25,96012,204.53959991790128,1,1.0,0,30,30,21,0,0,0.18606834411621093,0.25883913040161133,0.017745676396104196,0.050281249976251274,0.20396709303022362,7.966666666666667,15,6.119012790906709,6.176921624981333
"R=10,T=30",10,30,0.25,96013,223.00317407804735,1,1.0,0,36,36,24,0,0,0.17845854494306776,0.2666740417480469,0.016072960610876583,0.0538620000006631,0.19469149886248893,7.472222222222222,16,7.008893959049601,7.074130832974333
"R=10,T=30",10,30,0.25,96014,162.47668982626436,1,1.0,0,30,30,17,0,0,0.14693349997202557,0.2640049457550049,0.014571040269220247,0.04433454101672396,0.16163485833482508,6.7,14,4.849045750044752,4.89721612498397
"R=10,T=30",10,30,0.25,96015,204.2456334907737,1,1.0,0,30,30,18,0,0,0.18927427927652996,0.28015708923339844,0.01438567076693289,0.03634579194476828,0.20379446933899695,7.133333333333334,14,6.113834080169909,6.165039499988779
"R=10,T=30",10,30,0.25,96016,165.4222880746375,1,1.0,0,30,30,14,0,0,0.13428089618682862,0.2612309455871582,0.012561390465513493,0.03692391695221886,0.14695785860142982,6.033333333333333,14,4.408735758042894,4.451338833954651
"R=10,T=30",10,30,0.25,96017,124.90244803902638,1,1.0,0,26,26,11,0,0,0.1256185953433697,0.2520878314971924,0.009045770857483149,0.024535917036700994,0.13475961074268875,5.269230769230769,11,3.5037498793099076,3.5350108330021612
"R=10,T=30",10,30,0.25,96018,200.62259336008935,1,1.0,0,32,32,19,0,0,0.1647147610783577,0.2584371566772461,0.01798953256184177,0.05982491699978709,0.1828543176270614,7.71875,17,5.8513381640659645,5.912618582951836
"R=10,T=30",10,30,0.25,96019,170.07951566328444,1,1.0,0,29,29,13,0,0,0.13330645396791654,0.2519240379333496,0.01168189796916177,0.047574124997481704,0.14510357328530016,5.896551724137931,15,4.2080036252737045,4.249127499992028
"R=10,T=30",10,30,0.25,96020,220.79596261584314,1,1.0,0,38,38,23,0,0,0.16670271597410502,0.2787771224975586,0.018671319103113523,0.058693959028460085,0.1855341183668076,7.947368421052632,17,7.050296497938689,7.126546290994156
"R=10,T=30",10,30,0.25,96021,148.2318005172383,1,1.0,0,25,25,11,0,0,0.1420377826690674,0.2557098865509033,0.013076253356412054,0.04888316703727469,0.15523109159665183,6.64,15,3.8807772899162956,3.9197747909929603
"R=10,T=30",10,30,0.25,96022,175.13730334320374,1,1.0,0,31,31,18,0,0,0.15066675216920913,0.25876688957214355,0.01458462902847978,0.042830875026993454,0.16538135218621802,6.870967741935484,15,5.126821917772759,5.177913458028343
"R=10,T=30",10,30,0.25,96023,214.10299441574747,1,1.0,0,33,33,23,0,0,0.18018506512497412,0.2582218647003174,0.019094486057645445,0.04540487501071766,0.1994472916103956,8.333333333333334,15,6.5817606231430545,6.649701667018235
"R=10,T=30",10,30,0.25,96024,145.1774004661409,1,1.0,0,28,28,13,0,0,0.13487617458615983,0.25989603996276855,0.012783640035195276,0.0428873750497587,0.14778044802993204,6.035714285714286,14,4.137852544838097,4.178076624986716
"R=10,T=30",10,30,0.25,96025,183.5283221012202,1,1.0,0,36,36,15,0,0,0.11735883686277601,0.26236391067504883,0.012077246551699419,0.04342091700527817,0.12954849536375454,5.916666666666667,14,4.663745833095163,4.714151083026081
"R=10,T=30",10,30,0.25,96026,200.12744065332856,1,1.0,0,35,35,13,0,0,0.12676405906677246,0.26303791999816895,0.009025437945300446,0.03232916700653732,0.13587870583869516,5.085714285714285,13,4.755754704354331,4.796172708971426
"R=10,T=30",10,30,0.25,96027,257.8139305725709,1,1.0,0,37,37,28,0,0,0.2049661198177853,0.2572510242462158,0.016381059727644094,0.03919987502740696,0.22149762394208763,7.72972972972973,14,8.195412085857242,8.265223915979732
"R=10,T=30",10,30,0.25,96028,171.4894554209657,1,1.0,0,37,37,15,0,0,0.12433157096037993,0.26735782623291016,0.013201409917815614,0.04112895799335092,0.13765182208295004,6.378378378378378,14,5.093117417069152,5.148578667023685
"R=10,T=30",10,30,0.25,96029,231.33150924619656,1,1.0,0,33,33,23,0,0,0.18759399471860944,0.26798510551452637,0.01764328405966587,0.061290042009204626,0.20538937885166061,7.878787878787879,17,6.7778495021048,6.84210529102711
"R=10,T=30",10,30,0.25,96030,188.3070813344341,1,1.0,0,30,30,17,0,0,0.15784449577331544,0.25145602226257324,0.015161805632912244,0.03507245902437717,0.17314387102572557,7.3,13,5.194316130771767,5.2462600829894654
"R=10,T=30",10,30,0.25,96031,178.98944737740803,1,1.0,0,29,29,18,0,0,0.16145386367008605,0.2619650363922119,0.015790041686629813,0.048695750010665506,0.17738646259410948,7.310344827586207,15,5.144207415229175,5.195020082988776
"R=10,T=30",10,30,0.25,96032,253.03599075602216,1,1.0,0,38,38,22,0,0,0.1596715575770328,0.2882988452911377,0.018222360603670638,0.06469799997285008,0.1780443278410913,7.684210526315789,18,6.76568445796147,6.839142875047401
"R=10,T=30",10,30,0.25,96033,185.8068485531605,1,1.0,0,30,30,18,0,0,0.15574631690979004,0.2651791572570801,0.01664580006618053,0.05492945795413107,0.17253588347424131,7.233333333333333,15,5.17607650422724,5.229844624991529
"R=10,T=30",10,30,0.25,96034,210.1088496750874,1,1.0,0,35,35,22,0,0,0.1647646563393729,0.27733516693115234,0.015195261884946376,0.0561245420249179,0.18009937960388406,7.057142857142857,16,6.303478286135942,6.363444665970746
"R=10,T=30",10,30,0.25,96035,160.9289684246048,1,1.0,0,29,29,13,0,0,0.1344008363526443,0.25669002532958984,0.012131408071707421,0.03686054202262312,0.14664614237724513,5.931034482758621,14,4.252738128940109,4.293602457968518
"R=10,T=30",10,30,0.25,96036,110.70177760288182,1,1.0,0,21,21,9,0,0,0.14711792128426687,0.2556319236755371,0.010296063525380478,0.024541541992221028,0.15752086919798916,6.095238095238095,11,3.307938253157772,3.3365396250155754
"R=10,T=30",10,30,0.25,96037,160.88910790408153,1,1.0,0,25,25,16,0,0,0.17894983291625977,0.26488399505615234,0.018626386767718942,0.043933500011917204,0.19773462176555767,8.2,15,4.943365544138942,4.993368583964184
"R=10,T=30",10,30,0.25,96038,157.0953388781934,1,1.0,0,28,28,16,0,0,0.1628677248954773,0.25242185592651367,0.01082448213544142,0.024960207985714078,0.1738005788522839,6.142857142857143,11,4.866416207863949,4.905497208004817
"R=10,T=30",10,30,0.25,96039,199.63881358461,1,1.0,0,33,33,23,0,0,0.18662013429583926,0.260908842086792,0.01426249108749978,0.030799333995673805,0.20101846848565125,7.242424242424242,12,6.633609460026491,6.689165957970545
"R=10,T=30",10,30,0.25,96040,131.0919765216361,1,1.0,0,28,28,13,0,0,0.12164682149887085,0.2677910327911377,0.012020550643293453,0.044237625028472394,0.1337777172510479,5.857142857142857,14,3.745776083029341,3.784887332993094
"R=10,T=30",10,30,0.25,96041,183.04422750823466,1,1.0,0,33,33,19,0,0,0.1503523335312352,0.252086877822876,0.01563272099927858,0.045532874995842576,0.1661268850897834,7.090909090909091,15,5.482187207962852,5.538965707994066
"R=10,T=30",10,30,0.25,96042,173.2285488456041,1,1.0,0,31,31,20,0,0,0.17614658417240267,0.2520608901977539,0.01327088577184646,0.029309790988918394,0.18954478357843454,6.774193548387097,12,5.875888290931471,5.925017416011542
"R=10,T=30",10,30,0.25,96043,148.54565022908045,1,1.0,0,27,27,14,0,0,0.14306580578839337,0.2568540573120117,0.012206847106830941,0.035662374983076006,0.15538962492589942,6.111111111111111,14,4.195519872999284,4.2351021250360645
"R=10,T=30",10,30,0.25,96044,161.92747555000054,1,1.0,0,28,28,11,0,0,0.13259401491710118,0.262894868850708,0.011818090676180353,0.03702175000216812,0.1445180459995754,5.785714285714286,14,4.046505287988111,4.085564874985721
"R=10,T=30",10,30,0.25,96045,231.2268811561113,1,1.0,0,42,42,24,0,0,0.14869256814320883,0.2654271125793457,0.016202758902051886,0.04431283299345523,0.16503540563003516,7.357142857142857,14,6.931487036461476,7.004664750013035
"R=10,T=30",10,30,0.25,96046,152.41563645375047,1,1.0,0,31,31,15,0,0,0.1424043409286007,0.25203514099121094,0.015530090065552823,0.0595174579648301,0.1580639153591267,6.870967741935484,17,4.899981376132928,4.952300874982029
"R=10,T=30",10,30,0.25,96047,125.54356343407613,1,1.0,0,26,26,9,0,0,0.11111618005312406,0.2574920654296875,0.014166431147784282,0.038534833991434425,0.1254114167196139,6.6923076923076925,14,3.260696834709961,3.301972124958411
"R=10,T=30",10,30,0.25,96048,213.6077244203877,1,1.0,0,35,35,16,0,0,0.165397766658238,0.2677431106567383,0.01487699165507885,0.04953387501882389,0.18040875711345247,7.0,15,6.314306498970836,6.374139415973332
"R=10,T=30",10,30,0.25,96049,158.08154214987405,1,1.0,0,29,29,15,0,0,0.14766633099523083,0.25656819343566895,0.016004216831161416,0.03878033300861716,0.16380543958652635,7.275862068965517,14,4.7503577480092645,4.8006265420117415
"R=10,T=30",10,30,0.25,96050,160.07442896666447,1,1.0,0,27,27,12,0,0,0.12800817136411313,0.2561800479888916,0.00860514041872833,0.025014208047650754,0.13670205093566673,5.2592592592592595,11,3.6909553752630018,3.72251812502509
"R=10,T=30",10,30,0.25,96051,226.51959826327968,1,1.0,0,37,37,21,0,0,0.15306412851488269,0.26316189765930176,0.015254996622585365,0.04386012500617653,0.16845141221592957,7.054054054054054,15,6.232702251989394,6.295245249988511
"R=10,T=30",10,30,0.25,96052,180.62812136128775,1,1.0,0,29,29,20,0,0,0.17840635365453258,0.2713479995727539,0.018133589032443304,0.055949583009351045,0.19668936483353247,7.931034482758621,17,5.703991580172442,5.760983791027684
"R=10,T=30",10,30,0.25,96053,190.756654708491,1,1.0,0,35,35,18,0,0,0.13560733113970075,0.25653505325317383,0.015071452404039778,0.04926991602405906,0.15080711663135193,6.742857142857143,15,5.278249082097318,5.335758208006155
"R=10,T=30",10,30,0.25,96054,176.33297525387857,1,1.0,0,32,32,12,0,0,0.1213771179318428,0.2575809955596924,0.009856205566393328,0.03088308300357312,0.13132645941368537,5.34375,13,4.202446701237932,4.241973583993968
"R=10,T=30",10,30,0.25,96055,187.15041316842596,1,1.0,0,34,34,20,0,0,0.15322654387530157,0.25208401679992676,0.01782495096524465,0.053525208961218596,0.17120410658261628,7.617647058823529,16,5.820939623808954,5.885152707982343
"R=10,T=30",10,30,0.25,96056,182.16851042680116,1,1.0,0,31,31,18,0,0,0.16331602681067683,0.25249290466308594,0.011963055224999065,0.03847212495747954,0.17538957006763667,6.387096774193548,13,5.437076672096737,5.48313229100313
"R=10,T=30",10,30,0.25,96057,162.439379692075,1,1.0,0,28,28,14,0,0,0.14636550630841935,0.26407599449157715,0.014846607177917446,0.045665792014915496,0.16133862956901016,6.857142857142857,15,4.517481627932284,4.5714746250305325
"R=10,T=30",10,30,0.25,96058,140.68488388944823,1,1.0,0,24,24,13,0,0,0.1470648149649302,0.2525980472564697,0.010600590246516125,0.023186000005807728,0.15776977254427038,5.833333333333333,10,3.786474541062489,3.8189750830060802
"R=10,T=30",10,30,0.25,96059,182.6892129006756,1,1.0,0,35,35,19,0,0,0.15043609482901438,0.2627601623535156,0.013087710688289787,0.036590458010323346,0.1636423534879993,6.4,14,5.727482372079976,5.780933833040763
"R=10,T=30",10,30,1.0,96000,176.20601581073586,1,1.0,0,30,30,14,0,0,0.5320883591969808,1.002614974975586,0.018148806759078675,0.0533337919623591,0.5503941720623212,7.8,16,16.511825161869638,16.57370033301413
"R=10,T=30",10,30,1.0,96001,197.36394694913648,1,1.0,0,35,35,12,0,0,0.47809491157531736,1.009577989578247,0.013430828544577318,0.03733199997805059,0.4916435059176625,6.542857142857143,14,17.207522707118187,17.265635125047993
"R=10,T=30",10,30,1.0,96002,256.8571561383339,1,1.0,0,40,40,19,0,0,0.5948075890541077,1.0046930313110352,0.02277769903303124,0.06694625003729016,0.6177659459848656,9.0,19,24.71063783939462,24.80820345901884
"R=10,T=30",10,30,1.0,96003,162.44404614271207,1,1.0,0,35,35,12,0,0,0.39048752103533063,1.0030229091644287,0.00987314528985215,0.0311385840177536,0.40045232035086625,5.2,13,14.015831212280318,14.061988957982976
"R=10,T=30",10,30,1.0,96004,200.95786136937267,1,1.0,0,36,36,14,0,0,0.4388711121347215,1.0013909339904785,0.012501721110311337,0.03672045795246959,0.45148682991889977,6.083333333333333,14,16.253525877080392,16.308181374974083
"R=10,T=30",10,30,1.0,96005,199.1721956221751,1,1.0,0,33,33,15,0,0,0.4865642749901974,1.0026240348815918,0.014215250026829766,0.03557004197500646,0.5009044128396041,6.878787878787879,13,16.529845623706933,16.58690154197393
"R=10,T=30",10,30,1.0,96006,152.17967792027557,1,1.0,0,29,29,13,0,0,0.5110758666334481,1.0014560222625732,0.01452274566138934,0.038026791997253895,0.5257245662164521,7.0344827586206895,14,15.246012420277111,15.297225541027728
"R=10,T=30",10,30,1.0,96007,199.7494527447107,1,1.0,0,35,35,15,0,0,0.4568283898489816,1.0025529861450195,0.013564065339908535,0.04845883295638487,0.4705110392317043,6.457142857142857,15,16.46788637310965,16.526319957978558
"R=10,T=30",10,30,1.0,96008,114.06434577263232,1,1.0,0,26,26,7,0,0,0.3677658759630643,1.0018010139465332,0.009544373427231152,0.02469266700791195,0.3774072708172473,5.423076923076923,11,9.81258904124843,9.847580667003058
"R=10,T=30",10,30,1.0,96009,155.16406524476264,1,1.0,0,31,31,17,0,0,0.5815091210026895,1.0025367736816406,0.016817905973913447,0.036326542031019926,0.5984714422600284,7.709677419354839,14,18.55261471006088,18.615229707967956
"R=10,T=30",10,30,1.0,96010,215.87252172958796,1,1.0,0,38,38,14,0,0,0.47342437819430705,1.0018420219421387,0.01411682252900822,0.04454195901053026,0.4876617074509053,6.815789473684211,14,18.531144883134402,18.595763082965277
"R=10,T=30",10,30,1.0,96011,169.21459435636862,1,1.0,0,31,31,14,0,0,0.5553300073069911,1.0023181438446045,0.015394301037304103,0.038357082987204194,0.5708590901359135,7.32258064516129,14,17.696631794213317,17.754556583007798
"R=10,T=30",10,30,1.0,96012,205.9957562869133,1,1.0,0,33,33,18,0,0,0.5813004970550537,1.002018928527832,0.01655318691381112,0.04087004199391231,0.5979974015499465,7.666666666666667,15,19.733914251148235,19.80022941698553
"R=10,T=30",10,30,1.0,96013,210.4227725712591,1,1.0,0,39,39,23,0,0,0.6314395574422983,1.0021319389343262,0.016126279923646975,0.0535640410380438,0.647712401747226,7.435897435897436,16,25.260783668141812,25.335284667031374
"R=10,T=30",10,30,1.0,96014,163.20420675414022,1,1.0,0,29,29,13,0,0,0.49734797971001987,1.0027329921722412,0.01488661492877672,0.03926554200006649,0.5123638534569182,6.862068965517241,14,14.858551750250626,14.910508375032805
"R=10,T=30",10,30,1.0,96015,181.8558832046174,1,1.0,0,32,32,15,0,0,0.5537578985095024,1.0019729137420654,0.015235402312100632,0.04442749998997897,0.5691334896873741,7.15625,14,18.21227166999597,18.27164070896106
"R=10,T=30",10,30,1.0,96016,157.74764182084192,1,1.0,0,31,31,11,0,0,0.41607573724562125,1.0018250942230225,0.011231534964134616,0.03695920901373029,0.4274131276441978,5.67741935483871,14,13.249806956970133,13.294438915967476
"R=10,T=30",10,30,1.0,96017,116.10434269205332,1,1.0,0,25,25,6,0,0,0.3576793575286865,1.001939058303833,0.009711258357856422,0.024796457961201668,0.3674857400753535,5.52,11,9.187143501883838,9.220381457998883
"R=10,T=30",10,30,1.0,96018,192.07157027399163,1,1.0,0,33,33,17,0,0,0.5356198513146603,1.0059609413146973,0.017241839661658036,0.06078904104651883,0.5530067690556417,7.636363636363637,17,18.249223378836177,18.315542666998226
"R=10,T=30",10,30,1.0,96019,144.47111583206168,1,1.0,0,29,29,9,0,0,0.39755251489836596,1.0082981586456299,0.011837084857939646,0.050585708988364786,0.40950166533805493,5.862068965517241,15,11.875548294803593,11.918490167008713
"R=10,T=30",10,30,1.0,96020,210.844045864627,1,1.0,0,41,41,17,0,0,0.4858712103308701,1.0019400119781494,0.01748232209981169,0.05153500003507361,0.5035041259791951,7.463414634146342,17,20.643669165147003,20.727916458039545
"R=10,T=30",10,30,1.0,96021,146.62006867448414,1,1.0,0,29,29,9,0,0,0.40104820810515307,1.0020689964294434,0.012951245659898067,0.04269091703463346,0.4141176781729506,6.620689655172414,14,12.009412667015567,12.056873959023505
"R=10,T=30",10,30,1.0,96022,180.00450272830352,1,1.0,0,29,29,16,0,0,0.5948873223929569,1.0029559135437012,0.017890181105407275,0.05373370897723362,0.6129270447919883,7.9655172413793105,16,17.774884298967663,17.83714737498667
"R=10,T=30",10,30,1.0,96023,212.56748996610585,1,1.0,0,33,33,19,0,0,0.613735191749804,1.0037200450897217,0.01870470961280675,0.04279650002717972,0.6325983030696851,8.333333333333334,15,20.87574400129961,20.948978832981084
"R=10,T=30",10,30,1.0,96024,140.22857524190167,1,1.0,0,29,29,10,0,0,0.3990036701333934,1.0022602081298828,0.012878260107566443,0.04188879102002829,0.4119940947998187,5.9655172413793105,14,11.947828749194741,11.992259250022471
"R=10,T=30",10,30,1.0,96025,167.68985368182445,1,1.0,0,36,36,13,0,0,0.3787059519026015,1.0017149448394775,0.012126455917799225,0.03709620895097032,0.3909453414412888,5.833333333333333,14,14.074032291886397,14.126962124952115
"R=10,T=30",10,30,1.0,96026,178.78885764635132,1,1.0,0,37,37,15,0,0,0.46935730367093476,1.003262996673584,0.01238699773376858,0.03540916700148955,0.48185695608215706,6.1891891891891895,13,17.828707375039812,17.88562387501588
"R=10,T=30",10,30,1.0,96027,204.5387992159015,1,1.0,0,42,42,18,0,0,0.49298133736565,1.0024268627166748,0.014211161742596665,0.044428959023207426,0.5073416488164748,6.833333333333333,14,21.30834925029194,21.381519332993776
"R=10,T=30",10,30,1.0,96028,193.71648331338238,1,1.0,0,31,31,15,0,0,0.5022011726133285,1.0035619735717773,0.014736500065473298,0.03948595799738541,0.5170654409692713,6.870967741935484,14,16.02902867004741,16.083073542045895
"R=10,T=30",10,30,1.0,96029,218.66317400959514,1,1.0,0,33,33,21,0,0,0.6528315688624526,1.003767967224121,0.01739993693737426,0.060513458971399814,0.6703804369634864,7.818181818181818,17,22.12255441979505,22.19096191698918
"R=10,T=30",10,30,1.0,96030,199.4802760668336,1,1.0,0,30,30,18,0,0,0.6155832370122274,1.0026609897613525,0.015851866498511905,0.03444758302066475,0.631572094167738,7.4,13,18.947162825032137,19.007115624961443
"R=10,T=30",10,30,1.0,96031,173.5993735702713,1,1.0,0,29,29,15,0,0,0.5595735023761618,1.0018658638000488,0.016186636439042872,0.04449829098302871,0.5759054711229039,7.448275862068965,15,16.701258662564214,16.756259082991164
"R=10,T=30",10,30,1.0,96032,231.93745832191857,1,1.0,0,39,39,15,0,0,0.4933218650328807,1.0032649040222168,0.017598723261378322,0.05981462501222268,0.5110699508282451,7.410256410256411,18,19.93172808230156,20.008904208021704
"R=10,T=30",10,30,1.0,96033,164.99375123821844,1,1.0,0,31,31,13,0,0,0.48246216004894626,1.0029139518737793,0.015338483735949041,0.0505335409543477,0.4979352646116768,6.935483870967742,15,15.435993202961981,15.491572792001534
"R=10,T=30",10,30,1.0,96034,183.07504710588037,1,1.0,0,35,35,13,0,0,0.5299499784197126,1.0027689933776855,0.01507569291362805,0.053280541964340955,0.5451579631755261,7.057142857142857,16,19.080528711143415,19.14684112498071
"R=10,T=30",10,30,1.0,96035,161.37713075663578,1,1.0,0,29,29,10,0,0,0.412522422856298,1.0025138854980469,0.012186675312415022,0.03697491699131206,0.4248261767287,6.137931034482759,14,12.3199591251323,12.364217917027418
"R=10,T=30",10,30,1.0,96036,125.25388043494485,1,1.0,0,22,22,7,0,0,0.4473577521064065,1.009714126586914,0.009898304820208896,0.028393707994837314,0.4573532821351281,5.636363636363637,11,10.061772206972819,10.091848000010941
"R=10,T=30",10,30,1.0,96037,133.25247546098205,1,1.0,0,29,29,10,0,0,0.43396066797190697,1.0021910667419434,0.015352362070377145,0.04022395802894607,0.4494466179347565,7.206896551724138,15,13.033951920107938,13.087184000003617
"R=10,T=30",10,30,1.0,96038,171.48491596129062,1,1.0,0,29,29,13,0,0,0.5115301526826004,1.0035920143127441,0.010503583276596177,0.024948249978478998,0.522139965556562,6.068965517241379,11,15.142059001140296,15.185323750018142
"R=10,T=30",10,30,1.0,96039,188.82472695388557,1,1.0,0,35,35,17,0,0,0.6168682302747454,1.0020980834960938,0.014037873857055924,0.03421058302046731,0.63103742745838,7.2,12,22.0863099610433,22.149372125044465
"R=10,T=30",10,30,1.0,96040,131.0919765216361,1,1.0,0,28,28,10,0,0,0.40042888266699656,1.041234016418457,0.012762807852206086,0.04612683301093057,0.4133156636733994,5.857142857142857,14,11.572838582855184,11.615618125011679
"R=10,T=30",10,30,1.0,96041,175.55898358366494,1,1.0,0,37,37,14,0,0,0.4682518598195669,1.0029280185699463,0.014699958492938831,0.04284425004152581,0.48307775792577684,6.648648648648648,15,17.873877043253742,17.936991500027943
"R=10,T=30",10,30,1.0,96042,147.22741644129627,1,1.0,0,31,31,15,0,0,0.5594378056064728,1.0026910305023193,0.013429252706813596,0.03597066696966067,0.5729934852194762,6.967741935483871,12,17.762798041803762,17.816826624970417
"R=10,T=30",10,30,1.0,96043,144.96778281478944,1,1.0,0,27,27,9,0,0,0.4107738865746392,1.0018579959869385,0.012111953707601599,0.03626237501157448,0.42299565441552894,5.962962962962963,14,11.420882669219282,11.460834541998338
"R=10,T=30",10,30,1.0,96044,141.57653118699932,1,1.0,0,28,28,9,0,0,0.3643347365515573,1.004845142364502,0.0117610847519245,0.04359575000125915,0.37621175742866136,5.928571428571429,14,10.533929208002519,10.575763333996292
"R=10,T=30",10,30,1.0,96045,230.55234526045277,1,1.0,0,44,44,19,0,0,0.48163749413056806,1.002492904663086,0.015624791657583873,0.042751125001814216,0.49739985140860715,7.159090909090909,14,21.885593461978715,21.96673245896818
"R=10,T=30",10,30,1.0,96046,152.37836300710893,1,1.0,0,29,29,13,0,0,0.48772653217973383,1.0032219886779785,0.01630084055018258,0.057779333961661905,0.5041676796470962,7.0344827586206895,17,14.620862709765788,14.674953958019614
"R=10,T=30",10,30,1.0,96047,131.08723843631634,1,1.0,0,29,29,9,0,0,0.3883270724066373,1.0034279823303223,0.013414212761462891,0.04549087496707216,0.4018608707641573,6.206896551724138,14,11.65396525216056,11.700329665967729
"R=10,T=30",10,30,1.0,96048,183.92218954988994,1,1.0,0,38,38,13,0,0,0.41767939768339457,1.0044798851013184,0.01346908218080276,0.04373995796777308,0.4312733530195577,6.421052631578948,15,16.388387414743192,16.450819541991223
"R=10,T=30",10,30,1.0,96049,155.74562241180615,1,1.0,0,31,31,14,0,0,0.47950054753211235,1.002371072769165,0.01549833070396656,0.05159545800415799,0.4951443037979545,6.935483870967742,14,15.34947341773659,15.404225250007585
"R=10,T=30",10,30,1.0,96050,161.7687090159885,1,1.0,0,32,32,10,0,0,0.35644546151161194,1.001837968826294,0.008003106659089099,0.025353125005494803,0.36453009618890064,4.8125,10,11.66496307804482,11.702015582995955
"R=10,T=30",10,30,1.0,96051,202.5532199326046,1,1.0,0,37,37,19,0,0,0.5473528359387372,1.0031399726867676,0.015272985269139344,0.048975749989040196,0.5627588816962482,7.216216216216216,15,20.822078622761182,20.89082700002473
"R=10,T=30",10,30,1.0,96052,164.0689309537942,1,1.0,0,29,29,11,0,0,0.5260576544136837,1.0014328956604004,0.018379856248241688,0.05947020900202915,0.5445946004253748,7.931034482758621,17,15.793243412335869,15.852928207954392
"R=10,T=30",10,30,1.0,96053,186.3786945896504,1,1.0,0,38,38,15,0,0,0.4265611861881457,1.0024101734161377,0.013663300309991954,0.04831712495069951,0.440346146762175,6.315789473684211,15,16.73315357696265,16.795789499999955
"R=10,T=30",10,30,1.0,96054,172.9916488934681,1,1.0,0,31,31,12,0,0,0.4580817222595215,1.0020580291748047,0.011060948814115217,0.03574608301278204,0.4692512606852688,5.774193548387097,13,14.546789081243332,14.591476999979932
"R=10,T=30",10,30,1.0,96055,179.49390105936223,1,1.0,0,34,34,14,0,0,0.5375924040289486,1.0143458843231201,0.01785798161804183,0.05662054201820865,0.5556069557394093,7.617647058823529,16,18.890636495139915,18.95955612504622
"R=10,T=30",10,30,1.0,96056,162.3238130077495,1,1.0,0,34,34,15,0,0,0.46766091094297524,1.0032949447631836,0.011740872619317515,0.033326458011288196,0.4795088824381203,5.9411764705882355,13,16.30330200289609,16.35378750000382
"R=10,T=30",10,30,1.0,96057,169.21343370051187,1,1.0,0,30,30,11,0,0,0.4494446039199829,1.0029499530792236,0.012886879098368808,0.052163165993988514,0.4624513736964824,6.366666666666666,15,13.873541210894473,13.92291333299363
"R=10,T=30",10,30,1.0,96058,137.1576815331938,1,1.0,0,29,29,9,0,0,0.4406394711856184,1.0035171508789062,0.009311971212496403,0.02406850003171712,0.45004488800547954,5.137931034482759,10,13.051301752158906,13.088165499968454
"R=10,T=30",10,30,1.0,96059,171.18919861693146,1,1.0,0,34,34,14,0,0,0.4627549928777358,1.002351999282837,0.012637476642232607,0.03765079099684954,0.4755069153222447,6.294117647058823,14,16.16723512095632,16.2207567919977
"R=30,T=90",30,90,0.05,96100,328.322189140149,1,1.0,0,29,29,26,3,3,0.04875382061662345,0.05703306198120117,0.12950293682836767,0.4043667920050211,0.17903891664825317,12.758620689655173,27,5.1921285827993415,5.449944207968656
"R=30,T=90",30,90,0.05,96101,410.0331185205233,1,1.0,0,34,34,27,7,7,0.049472928047180176,0.06601309776306152,0.23254365803201354,0.9332677499623969,0.2833347989448264,15.970588235294118,41,9.633383164124098,10.02899979200447
"R=30,T=90",30,90,0.05,96102,314.77781252264566,1,1.0,0,29,29,23,0,0,0.047793191054771686,0.06363296508789062,0.1341999870712933,0.433515458018519,0.1828149024152261,12.96551724137931,28,5.301632170041557,5.616593084007036
"R=30,T=90",30,90,0.05,96103,479.15873489358023,1,1.0,0,38,38,31,13,13,0.047957269768965874,0.07258987426757812,0.3253898432349639,1.1354832079960033,0.3751816207077354,19.210526315789473,45,14.256901586893946,14.769454334047623
"R=30,T=90",30,90,0.05,96104,292.4041143736471,1,1.0,0,26,26,21,7,7,0.04609043781573956,0.06371808052062988,0.248224593004964,0.7162496669916436,0.2957061586941843,16.96153846153846,36,7.688360126048792,8.002944916952401
"R=30,T=90",30,90,0.05,96105,458.11631635915074,1,1.0,0,35,35,28,5,5,0.04598557608468192,0.07150101661682129,0.20248559531090515,0.6950773340067826,0.24969110825664498,15.142857142857142,35,8.739188788982574,9.167054083023686
"R=30,T=90",30,90,0.05,96106,456.73375984615797,1,1.0,0,36,36,33,11,11,0.05134544769922892,0.07382917404174805,0.3442812303352791,1.1755224999506027,0.3975228112766571,20.666666666666668,46,14.310821205959655,14.872509957989678
"R=30,T=90",30,90,0.05,96107,371.71758222413223,1,1.0,0,32,32,26,8,8,0.04661017656326294,0.06347799301147461,0.2384090078430745,0.8549286669585854,0.28637421362327586,16.34375,39,9.163974835944828,9.526974000036716
"R=30,T=90",30,90,0.05,96108,455.31158413498457,1,1.0,0,36,36,29,7,7,0.04633018705579969,0.0596919059753418,0.24336575349702294,0.7779753749491647,0.2910742141894944,16.694444444444443,37,10.4786717108218,10.956751916965004
"R=30,T=90",30,90,0.05,96109,298.9909760697175,1,1.0,0,26,26,21,1,1,0.046183292682354264,0.06420397758483887,0.11905056576450498,0.39596450002864003,0.16596351784895746,11.384615384615385,27,4.315051464072894,4.550616332970094
"R=30,T=90",30,90,0.05,96110,358.83719939576434,1,1.0,0,27,27,24,3,3,0.048800821657534,0.07233715057373047,0.21668193214443615,0.6473979169968516,0.26673602788165834,16.296296296296298,34,7.201872752804775,7.580400915991049
"R=30,T=90",30,90,0.05,96111,392.0355831561942,1,1.0,0,31,31,28,8,8,0.050030500658096805,0.06428790092468262,0.2728058090921672,0.9411330830189399,0.3244120578315379,17.806451612903224,41,10.056773792777676,10.468192042026203
"R=30,T=90",30,90,0.05,96112,410.6803999718906,1,1.0,0,33,33,27,9,9,0.04846726041851622,0.06496381759643555,0.31006306175770465,1.0817858750233427,0.3602541551844104,18.606060606060606,44,11.888387121085543,12.352382290991955
"R=30,T=90",30,90,0.05,96113,386.3601711456692,1,1.0,0,33,33,27,8,8,0.04751907695423473,0.06810808181762695,0.2636376551747548,0.7945975829497911,0.31275517408291553,17.515151515151516,38,10.320920744736213,10.762397915998008
"R=30,T=90",30,90,0.05,96114,291.743883914137,1,1.0,0,23,23,19,3,3,0.04438896801160729,0.06211400032043457,0.1903622790427028,0.6809084580163471,0.235870358744211,14.782608695652174,35,5.425018251116853,5.693222041998524
"R=30,T=90",30,90,0.05,96115,270.14458760143833,1,1.0,0,28,28,20,3,3,0.04402893781661987,0.06380510330200195,0.19745337956659828,0.6328167499741539,0.24262342260460304,14.928571428571429,34,6.793455832928885,7.1446780420374125
"R=30,T=90",30,90,0.05,96116,404.1649940015401,1,1.0,0,35,35,29,6,6,0.04935430799211774,0.06419491767883301,0.25974308940349145,1.0959609170095064,0.31056777386526974,16.885714285714286,44,10.869872085284442,11.344952250015922
"R=30,T=90",30,90,0.05,96117,374.43698730692773,1,1.0,0,28,28,23,5,5,0.0488927960395813,0.06738400459289551,0.2802133528187239,0.858040459046606,0.33066851349472665,18.571428571428573,39,9.258718377852347,9.711943792004604
"R=30,T=90",30,90,0.05,96118,422.7067035890502,1,1.0,0,29,29,25,7,7,0.04871029689394195,0.06652116775512695,0.24704012068807438,0.849701291997917,0.29714056175876535,16.482758620689655,38,8.617076291004196,8.958214875019621
"R=30,T=90",30,90,0.05,96119,340.2129846793699,1,1.0,0,31,31,25,6,6,0.04560522110231461,0.06339812278747559,0.2222725148669504,0.7388073339825496,0.26915553366885553,15.516129032258064,37,8.34382154373452,8.708751625032164
"R=30,T=90",30,90,0.05,96120,312.5573773400294,1,1.0,0,31,31,25,5,5,0.04727295906313004,0.06459808349609375,0.22499579039304668,0.7529795410227962,0.27354670714046203,15.580645161290322,37,8.479947921354324,8.86910995800281
"R=30,T=90",30,90,0.05,96121,297.6165114843069,1,1.0,0,28,28,24,6,6,0.04955933775220599,0.06331205368041992,0.22711734678887296,0.8829807079746388,0.2779835758535358,15.607142857142858,40,7.783540123899002,8.113794083008543
"R=30,T=90",30,90,0.05,96122,358.46257870014966,1,1.0,0,31,31,27,2,2,0.04896513108284243,0.07283210754394531,0.1906504058673407,0.5850233749952167,0.24072280912584956,14.838709677419354,32,7.462407082901336,7.874479416990653
"R=30,T=90",30,90,0.05,96123,404.805945550916,1,1.0,0,35,35,24,8,8,0.04196233749389648,0.06803202629089355,0.22746258816914633,0.837954249989707,0.2707104596026641,15.114285714285714,39,9.474866086093243,9.859032333013602
"R=30,T=90",30,90,0.05,96124,385.442404624284,1,1.0,0,33,33,28,8,8,0.04784110098174124,0.06358122825622559,0.2457630846695269,0.7530209579854272,0.2950011705468183,16.545454545454547,37,9.735038628045004,10.137407417001668
"R=30,T=90",30,90,0.05,96125,398.1231616771172,1,1.0,0,31,31,26,2,2,0.04679409919246551,0.06444811820983887,0.20290464787526177,0.6190706249908544,0.250871361616338,15.64516129032258,33,7.777012210106477,8.212717166985385
"R=30,T=90",30,90,0.05,96126,498.45892243203116,1,1.0,0,39,39,33,13,13,0.05021951137444912,0.08039593696594238,0.40808027661524904,1.315988374990411,0.46051678075067076,22.076923076923077,48,17.96015444927616,18.635365209018346
"R=30,T=90",30,90,0.05,96127,362.406113642678,1,1.0,0,29,29,24,7,7,0.049567732317694305,0.06194186210632324,0.29557466813852884,0.9936059580068104,0.34681249710385975,18.862068965517242,42,10.057562416011933,10.48307866603136
"R=30,T=90",30,90,0.05,96128,324.5879510477956,1,1.0,0,30,30,25,2,2,0.04418821334838867,0.06369519233703613,0.17067320273296596,0.47085287497611716,0.2158800611020221,14.566666666666666,29,6.476401833060663,6.8496614579926245
"R=30,T=90",30,90,0.05,96129,456.9564324172254,1,1.0,0,40,40,33,10,10,0.047983956336975095,0.06386709213256836,0.29081011150119596,1.0800039170426317,0.3403948449209565,17.525,44,13.615793796838261,14.137495875009336
"R=30,T=90",30,90,0.05,96130,286.5276032570732,1,1.0,0,27,27,23,6,6,0.04725220468309191,0.06285715103149414,0.232659541637447,0.6708944999845698,0.28127298767126546,16.62962962962963,35,7.594370667124167,7.930204792006407
"R=30,T=90",30,90,0.05,96131,393.2336563094094,1,1.0,0,32,32,27,2,2,0.047400861978530884,0.0705409049987793,0.18893263806239702,0.5434692910057493,0.2374487839424546,14.875,31,7.5983610861585476,8.03243054205086
"R=30,T=90",30,90,0.05,96132,411.54266681119475,1,1.0,0,34,34,29,9,9,0.05043206495397231,0.06787514686584473,0.2888830427905572,0.9767278750077821,0.34092388606137214,17.941176470588236,42,11.591412126086652,12.040784917015117
"R=30,T=90",30,90,0.05,96133,414.16284188730475,1,1.0,0,30,30,25,5,5,0.04761787255605062,0.06437897682189941,0.1913046471949201,0.7529157499666326,0.24003485962554502,14.633333333333333,37,7.201045788766351,7.524015582981519
"R=30,T=90",30,90,0.05,96134,324.88936539180725,1,1.0,0,29,29,21,2,2,0.045670566887691104,0.06841015815734863,0.18364274996364938,0.8121051670168526,0.2304090602777031,14.03448275862069,38,6.6818627480533905,7.035005500016268
"R=30,T=90",30,90,0.05,96135,302.60906043415946,1,1.0,0,27,27,22,3,3,0.048253394939281324,0.0874638557434082,0.18901587345344187,0.6444091660086997,0.23841332245393898,14.703703703703704,34,6.437159706256352,6.758096874982584
"R=30,T=90",30,90,0.05,96136,397.2445725720591,1,1.0,0,34,34,29,10,10,0.048656828263226676,0.06856799125671387,0.34691597678979363,1.0005629580118693,0.39749629305408557,20.11764705882353,42,13.514873963838909,14.04716025001835
"R=30,T=90",30,90,0.05,96137,315.24813799401886,1,1.0,0,30,30,24,0,0,0.04515684445699056,0.06225013732910156,0.14203047920406486,0.5111666250159033,0.18805424597812817,12.533333333333333,30,5.641627379343845,5.978175083000679
"R=30,T=90",30,90,0.05,96138,292.3693217270462,1,1.0,0,26,26,21,0,0,0.04727680866534893,0.06525087356567383,0.13840406103946196,0.4974353340221569,0.18651258518982033,12.5,30,4.849327214935329,5.135002708993852
"R=30,T=90",30,90,0.05,96139,373.2732692292953,1,1.0,0,32,32,25,3,3,0.047027066349983215,0.061881065368652344,0.17136195056627912,0.7367093749926426,0.2193956134142354,13.75,36,7.020659629255533,7.372894208005164
"R=30,T=90",30,90,0.05,96140,314.5392886446299,1,1.0,0,28,28,22,2,2,0.04884723254612514,0.08575892448425293,0.18833481104229577,0.7463158330065198,0.23826837501006334,14.178571428571429,36,6.6715145002817735,7.018410667020362
"R=30,T=90",30,90,0.05,96141,339.60180853844656,1,1.0,0,31,31,24,4,4,0.04574594959135978,0.06538915634155273,0.18148376207025121,0.6451728329993784,0.22828188161328133,13.838709677419354,34,7.076738330011722,7.413554749975447
"R=30,T=90",30,90,0.05,96142,333.3256422150385,1,1.0,0,31,31,22,3,3,0.04188333019133537,0.06349682807922363,0.17229701479664072,0.6347142920130864,0.21517250012050593,13.258064516129032,34,6.670347503735684,7.007568291970529
"R=30,T=90",30,90,0.05,96143,310.5292546410907,1,1.0,0,33,33,24,0,0,0.04252716266747677,0.06476879119873047,0.13237813649042932,0.4947078339755535,0.17572560373192767,11.818181818181818,30,5.798944923153613,6.144778957997914
"R=30,T=90",30,90,0.05,96144,465.73999920305545,1,1.0,0,39,39,30,9,9,0.04636862339117588,0.06454300880432129,0.2545796581036531,0.9270361250382848,0.3023802274151538,16.82051282051282,41,11.792828869190998,12.274763291003183
"R=30,T=90",30,90,0.05,96145,474.73547275247466,1,1.0,0,37,37,28,11,11,0.047809697486258844,0.06605291366577148,0.2963398885441239,1.058982291026041,0.3457928749408598,18.56756756756757,43,12.794336372811813,13.300558124959935
"R=30,T=90",30,90,0.05,96146,438.45905179264963,1,1.0,0,34,34,31,10,10,0.05162180171293371,0.06182599067687988,0.29776174141443335,0.8992408749763854,0.35106766652760973,18.529411764705884,40,11.93630066193873,12.389098291983828
"R=30,T=90",30,90,0.05,96147,355.4564270790943,1,1.0,0,30,30,24,7,7,0.0476625919342041,0.0672299861907959,0.2600336861020575,0.8264105000416748,0.30917527780402454,17.233333333333334,39,9.275258334120736,9.6660671250429
"R=30,T=90",30,90,0.05,96148,385.24585539994195,1,1.0,0,33,33,29,9,9,0.04972449938456217,0.06162095069885254,0.3274200429741265,1.0471036250237375,0.37896455433854664,19.78787878787879,43,12.505830293172039,13.009199291002005
"R=30,T=90",30,90,0.05,96149,281.2199950180523,1,1.0,0,25,25,20,0,0,0.04502264022827149,0.05838513374328613,0.1106420116010122,0.35844920901581645,0.1563584148371592,11.2,25,3.9089603709289804,4.135833750013262
"R=30,T=90",30,90,0.05,96150,562.5141933911189,1,1.0,0,43,43,37,14,14,0.049756970516470975,0.06903910636901855,0.34930432749354434,0.9731013749842532,0.4009831715537625,20.558139534883722,41,17.242276376811787,17.912802207982168
"R=30,T=90",30,90,0.05,96151,336.5962656585649,1,1.0,0,32,32,25,7,7,0.046128034591674805,0.06397700309753418,0.239313179778037,0.8813319160253741,0.2868186328742013,16.21875,40,9.178196251974441,9.5613846249762
"R=30,T=90",30,90,0.05,96152,325.5542549019654,1,1.0,0,27,27,24,3,3,0.04744698383190014,0.06646418571472168,0.18435269906789203,0.5800357919652015,0.23286898618055232,14.777777777777779,32,6.2874626268749125,6.6174157920177095
"R=30,T=90",30,90,0.05,96153,446.70388402614066,1,1.0,0,29,29,25,4,4,0.04956566054245521,0.06595301628112793,0.237684826099651,0.721090417006053,0.2886101695154954,17.379310344827587,36,8.369694915949367,8.797640791977756
"R=30,T=90",30,90,0.05,96154,379.92366509697206,1,1.0,0,33,33,26,10,10,0.05067777633666992,0.06437397003173828,0.30455910099430406,0.9311690829927102,0.3569585404492858,18.636363636363637,41,11.779631834826432,12.229345250001643
"R=30,T=90",30,90,0.05,96155,356.3448022906547,1,1.0,0,31,31,28,3,3,0.0522284738479122,0.06535983085632324,0.20911705637756253,0.5759674160508439,0.26256426473170696,16.35483870967742,32,8.139492206682917,8.56716958299512
"R=30,T=90",30,90,0.05,96156,358.4318661538952,1,1.0,0,34,34,25,8,8,0.04579386991613051,0.06365799903869629,0.2714879656508428,1.0117945829988457,0.3187928480928188,17.029411764705884,42,10.838956835155841,11.275563291972503
"R=30,T=90",30,90,0.05,96157,300.4238668509628,1,1.0,0,27,27,22,0,0,0.04839894506666395,0.06361103057861328,0.1854253672192701,0.47641175001626834,0.2348882129213221,14.851851851851851,29,6.341981748875696,6.727468500030227
"R=30,T=90",30,90,0.05,96158,403.4484128600826,1,1.0,0,30,30,28,3,3,0.05042118231455485,0.06698489189147949,0.2023104096976264,0.6488837089855224,0.2538906499588241,15.533333333333333,34,7.6167194987647235,8.012865583994426
"R=30,T=90",30,90,0.05,96159,498.4178402183463,1,1.0,0,41,41,28,8,8,0.04463631932328387,0.06676101684570312,0.23319875300157725,0.9828277920023538,0.27915149892924535,15.24390243902439,42,11.44521145609906,11.911395790986717
"R=30,T=90",30,90,0.1,96100,326.9271776746888,1,1.0,0,29,29,25,0,0,0.0925076829976049,0.1063079833984375,0.14727603304119588,0.425270083011128,0.24067391376894223,13.862068965517242,27,6.979543499299325,7.3198025829624385
"R=30,T=90",30,90,0.1,96101,399.393856067734,1,1.0,0,36,36,27,0,0,0.08578305774264866,0.12353992462158203,0.26020602080744637,0.9576066249865107,0.3474627974210307,16.833333333333332,41,12.508660707157105,13.210465667012613
"R=30,T=90",30,90,0.1,96102,314.8517020142146,1,1.0,0,29,29,22,0,0,0.0870543019524936,0.11439108848571777,0.13965064797004492,0.44173654197948053,0.22756774993894366,13.137931034482758,28,6.599464748229366,6.925052625010721
"R=30,T=90",30,90,0.1,96103,482.6201822146586,1,1.0,0,39,39,33,3,3,0.09472063260200696,0.126878023147583,0.36352512820695454,1.1451856659841724,0.46022055144362056,20.743589743589745,45,17.948601506301202,18.852436500019394
"R=30,T=90",30,90,0.1,96104,280.27547503530616,1,1.0,0,30,30,21,0,0,0.0796746015548706,0.10805010795593262,0.2515663390028446,0.7279728749999776,0.33263487930526026,16.733333333333334,36,9.979046379157808,10.543822666979395
"R=30,T=90",30,90,0.1,96105,437.46977502299586,1,1.0,0,37,37,28,0,0,0.08666265333021009,0.10927891731262207,0.21243791902639172,0.6752059999853373,0.3003129078157095,15.64864864864865,35,11.111577589181252,11.711203292012215
"R=30,T=90",30,90,0.1,96106,447.08005558044187,1,1.0,0,39,39,33,2,2,0.09060872518099271,0.1300351619720459,0.34259170194705707,1.2075796669814736,0.43512895084225023,19.923076923076923,46,16.97002908284776,17.860446041973773
"R=30,T=90",30,90,0.1,96107,374.13125051954376,1,1.0,0,32,32,25,0,0,0.08549574762582779,0.11052393913269043,0.27192529306194047,0.8351752909948118,0.35892111221437517,17.8125,38,11.485475590860005,12.137622917012777
"R=30,T=90",30,90,0.1,96108,458.51565387839184,1,1.0,0,37,37,31,0,0,0.09443284369803764,0.11717486381530762,0.2782313389753973,0.8104410840314813,0.37424252702181254,18.513513513513512,38,13.846973499807063,14.625716291018762
"R=30,T=90",30,90,0.1,96109,292.2399792296842,1,1.0,0,34,34,19,0,0,0.06803471200606402,0.10917210578918457,0.09361118494416587,0.40532091696513817,0.16223038226941272,9.235294117647058,27,5.515832997160032,5.776590875000693
"R=30,T=90",30,90,0.1,96110,358.61951563700484,1,1.0,0,28,28,23,0,0,0.09256522144590106,0.11469697952270508,0.219392309466327,0.6431551669957116,0.3132147573612331,16.75,34,8.770013206114527,9.241409541980829
"R=30,T=90",30,90,0.1,96111,373.3122605027079,1,1.0,0,33,33,27,0,0,0.09060276638377797,0.13303804397583008,0.2874611717274864,1.0050862079951912,0.3796700163088231,18.666666666666668,42,12.529110538191162,13.244107083999552
"R=30,T=90",30,90,0.1,96112,403.5982569903421,1,1.0,0,32,32,26,2,2,0.09104439616203308,0.12428712844848633,0.3301119817442668,1.1132836670149118,0.42296852086656145,19.34375,44,13.534992667729966,14.227542167005595
"R=30,T=90",30,90,0.1,96113,397.5154967589391,1,1.0,0,34,34,27,0,0,0.0894013993880328,0.12310290336608887,0.2836998737663688,0.8208522080094554,0.3746595649726634,18.470588235294116,38,12.738425209070556,13.465999917010777
"R=30,T=90",30,90,0.1,96114,284.07636156227994,1,1.0,0,29,29,21,0,0,0.07832402196423761,0.10400509834289551,0.16311325006596422,0.7111321670236066,0.24238956758174404,13.0,35,7.029297459870577,7.3937080829637125
"R=30,T=90",30,90,0.1,96115,285.4392429703559,1,1.0,0,26,26,20,0,0,0.08263089106633113,0.10793805122375488,0.24471816664803414,0.8958249579882249,0.3286959470760149,16.23076923076923,34,8.546094623976387,8.995994040975347
"R=30,T=90",30,90,0.1,96116,410.5964861508486,1,1.0,0,39,39,33,2,2,0.0925902342184996,0.12919402122497559,0.2781413749221545,1.1688024580362253,0.3722780875619859,17.487179487179485,44,14.51884541491745,15.229863291955553
"R=30,T=90",30,90,0.1,96117,373.73724631970936,1,1.0,0,29,29,24,0,0,0.09029921169938712,0.1235201358795166,0.29853748989588547,0.9194103750050999,0.39049430310340794,19.17241379310345,39,11.32433478999883,11.961775792005938
"R=30,T=90",30,90,0.1,96118,406.01248691080605,1,1.0,0,34,34,28,0,0,0.09013330936431885,0.11022400856018066,0.24536601950154258,0.8500457089976408,0.33688827439019564,16.5,38,11.454201329266652,12.084143375046551
"R=30,T=90",30,90,0.1,96119,338.7392181992711,1,1.0,0,31,31,23,0,0,0.08370614820911039,0.11051416397094727,0.2503174287060486,0.8445968750165775,0.33551171625543746,16.677419354838708,38,10.400863203918561,11.000364542007446
"R=30,T=90",30,90,0.1,96120,322.0234991374439,1,1.0,0,32,32,24,0,0,0.0854494646191597,0.11626195907592773,0.2499599582843075,0.7781459169927984,0.33679029687846196,16.71875,37,10.777289500110783,11.371671416971367
"R=30,T=90",30,90,0.1,96121,310.8052263044191,1,1.0,0,27,27,23,0,0,0.09020676436247649,0.11706805229187012,0.2822094923338025,0.9416938750073314,0.37396522684893746,18.037037037037038,40,10.09706112492131,10.660126790986396
"R=30,T=90",30,90,0.1,96122,345.8224236075669,1,1.0,0,31,31,23,0,0,0.08728109636614399,0.1166989803314209,0.2103372769704419,0.6002069580135867,0.2988194972670998,15.870967741935484,32,9.263404415280093,9.761940874974243
"R=30,T=90",30,90,0.1,96123,406.61476625510966,1,1.0,0,38,38,26,0,0,0.07944726943969727,0.11597895622253418,0.23466499883981765,0.8803823750349693,0.31540444620891084,15.289473684210526,39,11.985368955938611,12.650368333037477
"R=30,T=90",30,90,0.1,96124,384.8418917533589,1,1.0,0,33,33,27,0,0,0.09068140839085434,0.11504101753234863,0.2634189267586352,0.7914218330406584,0.35555194582522026,17.484848484848484,37,11.73321421223227,12.376493874995504
"R=30,T=90",30,90,0.1,96125,402.4468285833535,1,1.0,0,32,32,24,0,0,0.08663755655288696,0.10664892196655273,0.21260524750141485,0.6267798749613576,0.30047805106914893,16.15625,33,9.615297634212766,10.132775500009302
"R=30,T=90",30,90,0.1,96126,503.49939333137047,1,1.0,0,42,42,34,5,5,0.09340676807221912,0.13991904258728027,0.3983502281369597,1.355544332996942,0.4939284395451458,21.071428571428573,48,20.744994460896123,21.72547249996569
"R=30,T=90",30,90,0.1,96127,374.9262840832513,1,1.0,0,32,32,27,0,0,0.09285778552293777,0.13201689720153809,0.2957201471181179,1.0392525420174934,0.39018904152544565,18.625,42,12.48604932881426,13.177583249984309
"R=30,T=90",30,90,0.1,96128,314.972390168888,1,1.0,0,29,29,23,0,0,0.08870249781115301,0.11670994758605957,0.1883525760756035,0.5190684580011293,0.278170334823542,15.379310344827585,30,8.066939709882718,8.488368624995928
"R=30,T=90",30,90,0.1,96129,463.0128613914439,1,1.0,0,41,41,31,4,4,0.08672571182250977,0.12509489059448242,0.2989527245830154,1.191795957973227,0.3872927113382214,17.365853658536587,45,15.879001164867077,16.608740208961535
"R=30,T=90",30,90,0.1,96130,277.45449645746834,1,1.0,0,30,30,22,0,0,0.08317565123240153,0.11942410469055176,0.22636018043073516,0.6867934999754652,0.3107990790604769,15.633333333333333,34,9.323972371814307,9.833519666979555
"R=30,T=90",30,90,0.1,96131,392.90981925359995,1,1.0,0,41,41,25,0,0,0.06775136110259265,0.10776209831237793,0.16793185362887636,0.5860247500240803,0.2366473729986266,12.512195121951219,32,9.70254229294369,10.225567124958616
"R=30,T=90",30,90,0.1,96132,397.8048452108067,1,1.0,0,35,35,29,1,1,0.0944681099482945,0.13333702087402344,0.3111873047958527,1.0049799589905888,0.40734930350777826,18.457142857142856,42,14.25722562277224,15.012759874982294
"R=30,T=90",30,90,0.1,96133,404.4585491591511,1,1.0,0,36,36,28,0,0,0.08401423030429417,0.10799002647399902,0.1907171689397526,0.7856338749988936,0.27584611921338364,14.416666666666666,37,9.930460291681811,10.462716499983799
"R=30,T=90",30,90,0.1,96134,325.0322362954824,1,1.0,0,28,28,20,0,0,0.08064280237470355,0.10396099090576172,0.20938818450252125,0.8009029579698108,0.29123567861305283,15.25,37,8.15459900116548,8.596619166026358
"R=30,T=90",30,90,0.1,96135,280.8887844289422,1,1.0,0,30,30,22,0,0,0.07809140682220458,0.10910391807556152,0.1869306569317511,0.678193999978248,0.266104384600961,14.1,34,7.983131538028829,8.407425165991299
"R=30,T=90",30,90,0.1,96136,391.47805240523064,1,1.0,0,34,34,28,0,0,0.09338805254767923,0.13232088088989258,0.37028515314587446,1.0312294999603182,0.46566921438652037,20.852941176470587,42,15.832753289141692,16.739298291970044
"R=30,T=90",30,90,0.1,96137,315.87400284168825,1,1.0,0,30,30,23,0,0,0.08303884665171306,0.10640811920166016,0.14533571803282636,0.5185842080391012,0.22932969870162195,12.5,30,6.879890961048659,7.222466207982507
"R=30,T=90",30,90,0.1,96138,296.40667546870964,1,1.0,0,28,28,20,0,0,0.0828797732080732,0.11418509483337402,0.13956148067830196,0.4798303749994375,0.2232839122131866,12.285714285714286,29,6.251949541969225,6.561559790978208
"R=30,T=90",30,90,0.1,96139,375.71969649966417,1,1.0,0,31,31,24,0,0,0.08854976777107484,0.11461496353149414,0.20903282793569228,0.7129877499537542,0.29879192328794046,15.580645161290322,35,9.262549621926155,9.756905083020683
"R=30,T=90",30,90,0.1,96140,313.208437818094,1,1.0,0,29,29,23,0,0,0.08542351887143891,0.11038780212402344,0.19115489648438283,0.7187112499959767,0.27767796834312575,14.517241379310345,36,8.052661081950646,8.481668707972858
"R=30,T=90",30,90,0.1,96141,328.9252354595378,1,1.0,0,38,38,23,0,0,0.06936181219000566,0.10923504829406738,0.17648999449815356,0.7121748329955153,0.24686946818072006,12.710526315789474,35,9.381039790867362,9.888077375013381
"R=30,T=90",30,90,0.1,96142,307.574164733359,1,1.0,0,30,30,20,0,0,0.07549906571706136,0.10703396797180176,0.1899319957999978,0.6718640410108492,0.2665139458025806,14.266666666666667,34,7.995418374077417,8.431468957976904
"R=30,T=90",30,90,0.1,96143,317.78127941386754,1,1.0,0,27,27,22,0,0,0.08755895826551649,0.11796998977661133,0.1641547915987084,0.5352152499835938,0.2526798148195397,13.962962962962964,30,6.822355000127573,7.168636042042635
"R=30,T=90",30,90,0.1,96144,457.73200860518403,1,1.0,0,41,41,37,0,0,0.0965421141647711,0.13218903541564941,0.30029497565928753,1.0308023749967106,0.39852016985490235,18.585365853658537,42,16.339326964050997,17.24429175001569
"R=30,T=90",30,90,0.1,96145,476.14251760076894,1,1.0,0,39,39,28,1,1,0.0840461743183625,0.12462806701660156,0.30076206090131724,1.0541416250052862,0.3864579892863567,18.435897435897434,43,15.071861582167912,15.917309541022405
"R=30,T=90",30,90,0.1,96146,437.0589599059934,1,1.0,0,40,40,32,1,1,0.08556313514709472,0.1225888729095459,0.2813007134987856,0.9661817500018515,0.3684312365250662,17.225,41,14.737249461002648,15.529672666976694
"R=30,T=90",30,90,0.1,96147,362.06462822080243,1,1.0,0,35,35,27,0,0,0.08144083023071289,0.11618399620056152,0.2490138523446928,0.894073290983215,0.3318420094537682,16.257142857142856,39,11.614470330881886,12.26798870798666
"R=30,T=90",30,90,0.1,96148,387.97138970439715,1,1.0,0,33,33,27,1,1,0.09737697514620694,0.1352698802947998,0.3492018219707957,1.0774320419877768,0.44851674362805416,20.545454545454547,43,14.801052539725788,15.6060842499719
"R=30,T=90",30,90,0.1,96149,277.47065108636906,1,1.0,0,25,25,17,0,0,0.07978876113891602,0.10772895812988281,0.11204403167823329,0.37120166700333357,0.19253791843773796,11.16,25,4.813447960943449,5.044760332966689
"R=30,T=90",30,90,0.1,96150,558.5298585376519,1,1.0,0,42,42,37,0,0,0.097474319594247,0.12459588050842285,0.3935678987140169,0.9906613749917597,0.4931942697619975,22.80952380952381,41,20.714159330003895,21.93659562501125
"R=30,T=90",30,90,0.1,96151,334.52066586591565,1,1.0,0,31,31,26,0,0,0.09144080069757277,0.12867498397827148,0.2681399154243991,0.9441149580525234,0.3610985994586841,17.580645161290324,41,11.194056583219208,11.810213833057787
"R=30,T=90",30,90,0.1,96152,325.26433317673366,1,1.0,0,30,30,23,0,0,0.08477455774943034,0.12437009811401367,0.18572566803195514,0.6236922499956563,0.27157084162851486,14.2,33,8.147125248855446,8.57624795800075
"R=30,T=90",30,90,0.1,96153,460.0158692300059,1,1.0,0,32,32,28,0,0,0.09204811602830887,0.10839414596557617,0.24024953650223324,0.7410492500057444,0.33367548834576155,17.375,36,10.67761562706437,11.26764912501676
"R=30,T=90",30,90,0.1,96154,382.45296474117936,1,1.0,0,34,34,26,0,0,0.08711901131798239,0.13196396827697754,0.33108260411502083,1.025862207985483,0.42000801464446874,19.5,42,14.280272497911938,15.118487292027567
"R=30,T=90",30,90,0.1,96155,359.61580698286053,1,1.0,0,32,32,29,0,0,0.09450052678585052,0.10469508171081543,0.21652952468866715,0.6004644159693271,0.3122855416004313,16.71875,32,9.993137331213802,10.529813416011166
"R=30,T=90",30,90,0.1,96156,356.9062592679452,1,1.0,0,34,34,26,1,1,0.08641160936916575,0.12494492530822754,0.29800864088739376,1.0292665419983678,0.3860826066246612,18.0,42,13.126808625238482,13.835547624970786
"R=30,T=90",30,90,0.1,96157,298.2796849473161,1,1.0,0,30,30,20,0,0,0.07847248713175456,0.1072540283203125,0.17378774160364022,0.5459464169689454,0.2532825167058036,13.633333333333333,31,7.598475501174107,8.00290841597598
"R=30,T=90",30,90,0.1,96158,389.8579925782851,1,1.0,0,32,32,28,0,0,0.09186585247516632,0.12381505966186523,0.2062331954130059,0.675538708048407,0.2993049480392074,15.53125,34,9.577758337254636,10.08661724999547
"R=30,T=90",30,90,0.1,96159,507.58781817376564,1,1.0,0,40,40,33,0,0,0.09373359680175782,0.13206696510314941,0.2749244677252136,1.0374808750348166,0.3701983970531728,17.475,42,14.807935882126912,15.626874083012808
"R=30,T=90",30,90,0.25,96100,314.08163436813686,1,1.0,0,29,29,23,0,0,0.21021433534293338,0.2582111358642578,0.16513652879150648,0.4781224589678459,0.3763388736526771,14.413793103448276,29,10.913827335927635,11.29353479098063
"R=30,T=90",30,90,0.25,96101,395.02385343638406,1,1.0,0,35,35,27,0,0,0.20290846143450056,0.2660689353942871,0.2730386094822149,0.9764620840433054,0.4774866451908435,17.314285714285713,41,16.712032581679523,17.431021208991297
"R=30,T=90",30,90,0.25,96102,309.0140942539367,1,1.0,0,29,29,21,0,0,0.20411388627414045,0.27260303497314453,0.14146293968901616,0.44777654198696837,0.3464474699335526,13.206896551724139,28,10.046976628073025,10.381757290975656
"R=30,T=90",30,90,0.25,96103,483.5482348066348,1,1.0,0,37,37,31,0,0,0.22338077184316274,0.25910186767578125,0.4078796407604288,1.2698936670203693,0.6334653480003614,22.72972972972973,46,23.43821787601337,24.538024958979804
"R=30,T=90",30,90,0.25,96104,280.27547503530616,1,1.0,0,30,30,21,0,0,0.18630764484405518,0.26684117317199707,0.2627335070069724,0.7505369580467232,0.45053873203578404,16.733333333333334,36,13.516161961073522,14.09570933302166
"R=30,T=90",30,90,0.25,96105,433.3793236114995,1,1.0,0,38,38,26,0,0,0.1922975276645861,0.2613530158996582,0.22129103728710967,0.7598728750017472,0.41484239359851927,15.710526315789474,36,15.764010956743732,16.403775417013094
"R=30,T=90",30,90,0.25,96106,439.5589065788906,1,1.0,0,42,42,29,0,0,0.19486020292554582,0.258807897567749,0.35483821430881063,1.443388874991797,0.5516445039746551,19.547619047619047,48,23.169069166935515,24.24578591698082
"R=30,T=90",30,90,0.25,96107,374.2170452473448,1,1.0,0,32,32,25,0,0,0.2057294100522995,0.25926995277404785,0.2797568555288308,0.8278005830361508,0.4870393542405509,18.03125,38,15.585259335697629,16.248911582981236
"R=30,T=90",30,90,0.25,96108,452.1332510376195,1,1.0,0,36,36,29,0,0,0.21686501635445488,0.26120591163635254,0.28101251613730305,0.7772558750002645,0.49945562016121886,18.88888888888889,37,17.98040232580388,18.747122125001624
"R=30,T=90",30,90,0.25,96109,287.12836226246293,1,1.0,0,27,27,18,0,0,0.18530910986441154,0.25928783416748047,0.11986238732977116,0.42353616701439023,0.30590850148237897,11.481481481481481,27,8.259529540024232,8.522473749995697
"R=30,T=90",30,90,0.25,96110,359.980383154645,1,1.0,0,31,31,22,0,0,0.19432650842974264,0.30584287643432617,0.1975825885423429,0.6362881669774652,0.393072128900507,15.096774193548388,34,12.185235995915718,12.662646542012226
"R=30,T=90",30,90,0.25,96111,372.618729893694,1,1.0,0,33,33,26,0,0,0.21207308769226074,0.26949095726013184,0.2894184382096159,1.0013048329856247,0.5031175960550283,18.696969696969695,42,16.60288066981593,17.321130249998532
"R=30,T=90",30,90,0.25,96112,413.5882589197882,1,1.0,0,34,34,25,0,0,0.19432026498457966,0.2710709571838379,0.33282135904643356,1.162368749966845,0.5289458725207677,18.823529411764707,44,17.984159665706102,18.81224416696932
"R=30,T=90",30,90,0.25,96113,388.914741422006,1,1.0,0,33,33,26,0,0,0.2110088521784002,0.26061296463012695,0.2946672803037941,0.8646169580169953,0.5072973826635544,18.96969696969697,38,16.740813627897296,17.467923083051573
"R=30,T=90",30,90,0.25,96114,290.8595539252208,1,1.0,0,27,27,19,0,0,0.1874092596548575,0.26009416580200195,0.17598127310069417,0.6917123750317842,0.3644468951000211,13.703703703703704,35,9.84006616770057,10.210971167020034
"R=30,T=90",30,90,0.25,96115,281.68140330714795,1,1.0,0,29,29,20,0,0,0.18483403633380757,0.27370715141296387,0.1999967211720951,0.6569233749760315,0.3859742340683969,14.931034482758621,34,11.19325278798351,11.63923650002107
"R=30,T=90",30,90,0.25,96116,402.71761359523924,1,1.0,0,37,37,31,0,0,0.22109743711110708,0.2690701484680176,0.31069148186361417,1.099960874998942,0.5335066350777885,19.2972972972973,44,19.739745497878175,20.593946415989194
"R=30,T=90",30,90,0.25,96117,366.8590038127852,1,1.0,0,34,34,23,0,0,0.18155995537252986,0.2583470344543457,0.2497141666159116,0.9053021250292659,0.432677525715382,16.5,39,14.711035874322988,15.353955500002485
"R=30,T=90",30,90,0.25,96118,409.94826757236257,1,1.0,0,33,33,26,0,0,0.21524292772466486,0.2715029716491699,0.26651928139053227,0.8787780829588883,0.48325560832304426,17.515151515151516,39,15.947435074660461,16.605633125000168
"R=30,T=90",30,90,0.25,96119,321.83233339877523,1,1.0,0,33,33,21,0,0,0.17710068009116434,0.2619659900665283,0.2317000239325518,0.8252817079774104,0.41010368553829857,15.878787878787879,38,13.533421622763854,14.114674834010657
"R=30,T=90",30,90,0.25,96120,332.374174746951,1,1.0,0,32,32,24,0,0,0.20296961814165115,0.2676708698272705,0.2526179830365436,0.8265710410196334,0.4570210415695328,16.96875,38,14.62467333022505,15.238965666969307
"R=30,T=90",30,90,0.25,96121,305.7361131691944,1,1.0,0,29,29,21,0,0,0.20895353678999276,0.26079797744750977,0.27329362497528503,0.9805675410316326,0.4837463864843875,17.20689655172414,41,14.028645208047237,14.61714170902269
"R=30,T=90",30,90,0.25,96122,346.8350402966317,1,1.0,0,31,31,23,0,0,0.20704120205294702,0.2628960609436035,0.21139840318656136,0.6057619159691967,0.4196680885713337,16.322580645161292,33,13.009710745711345,13.511995292035863
"R=30,T=90",30,90,0.25,96123,391.47445565785245,1,1.0,0,38,38,24,0,0,0.17494719279439827,0.28136491775512695,0.23004005262842647,0.842605458048638,0.40627345945042753,15.131578947368421,39,15.438391459116247,16.09826283401344
"R=30,T=90",30,90,0.25,96124,385.0754666948682,1,1.0,0,33,33,26,0,0,0.20986106178977273,0.25901198387145996,0.25495724251253926,0.7662682919763029,0.46627030933318153,17.484848484848484,37,15.38692020799499,16.0311587920296
"R=30,T=90",30,90,0.25,96125,399.63093231582667,1,1.0,0,32,32,23,0,0,0.2070970982313156,0.26909804344177246,0.212872743499247,0.6239719589939341,0.4212113580888399,16.375,33,13.478763458842877,14.003520084021147
"R=30,T=90",30,90,0.25,96126,494.6095154542501,1,1.0,0,42,42,33,0,0,0.2062353463399978,0.2701609134674072,0.39532479460051817,1.328635000041686,0.6038936566467219,21.428571428571427,48,25.363533579162322,26.574150375032332
"R=30,T=90",30,90,0.25,96127,367.6308651527061,1,1.0,0,31,31,26,0,0,0.22173428535461426,0.26433300971984863,0.3009344206075184,0.9931227089837193,0.5243921881943431,19.483870967741936,42,16.256157834024634,16.95886191696627
"R=30,T=90",30,90,0.25,96128,313.899451960242,1,1.0,0,29,29,21,0,0,0.20495657263130979,0.2748758792877197,0.1874958519996465,0.49698208400513977,0.3935488189293618,15.482758620689655,30,11.412915748951491,11.839302125037648
"R=30,T=90",30,90,0.25,96129,461.2547830892906,1,1.0,0,43,43,30,0,0,0.19371525076932686,0.27739500999450684,0.3025109234636888,1.10208145796787,0.49791825681432084,17.930232558139537,44,21.410485043015797,22.374358500004746
"R=30,T=90",30,90,0.25,96130,277.4744798723995,1,1.0,0,30,30,21,0,0,0.19020920594533283,0.27191591262817383,0.2231635054689832,0.6752850839984603,0.41462569567180857,15.633333333333333,34,12.438770870154258,12.939656707982067
"R=30,T=90",30,90,0.25,96131,395.2972618298799,1,1.0,0,31,31,24,0,0,0.2098716228238998,0.2626519203186035,0.2179218360650984,0.5863116249674931,0.4290722808687978,16.419354838709676,32,13.301240706932731,13.821494665986393
"R=30,T=90",30,90,0.25,96132,395.2472303879874,1,1.0,0,39,39,26,0,0,0.18427586555480957,0.27265095710754395,0.2901260234812537,1.0830988330417313,0.47600075963866684,17.153846153846153,42,18.564029625908006,19.421250124985818
"R=30,T=90",30,90,0.25,96133,407.0207044781297,1,1.0,0,35,35,27,0,0,0.21150249072483607,0.2694101333618164,0.20637878943068375,0.8415806670091115,0.4190828096603842,15.228571428571428,37,14.667898338113446,15.212673292029649
"R=30,T=90",30,90,0.25,96134,316.5825379510577,1,1.0,0,29,29,20,0,0,0.1941967668204472,0.3055849075317383,0.2098636091385711,0.7761373330140486,0.4052525632071373,14.931034482758621,37,11.752324333006982,12.212070167006459
"R=30,T=90",30,90,0.25,96135,279.6290281969717,1,1.0,0,30,30,20,0,0,0.18032445112864176,0.2716491222381592,0.1810615860624239,0.6115562919876538,0.3624441456592952,14.2,33,10.873324369778857,11.294725042011123
"R=30,T=90",30,90,0.25,96136,391.4542388064721,1,1.0,0,35,35,27,0,0,0.20226730619158065,0.2702980041503906,0.35828319525545727,1.0290291670244187,0.5625160642550326,20.542857142857144,43,19.688062248926144,20.613430416036863
"R=30,T=90",30,90,0.25,96137,323.2189283518911,1,1.0,0,29,29,21,0,0,0.20088918455715837,0.27126002311706543,0.1496113721694765,0.5182492079911754,0.35141290092824734,13.172413793103448,30,10.190974126919173,10.535679916967638
"R=30,T=90",30,90,0.25,96138,287.3855695298146,1,1.0,0,28,28,19,0,0,0.19437072106770106,0.2576000690460205,0.14792461310155755,0.5443707499653101,0.3431819433525171,13.0,31,9.60909441387048,9.935388625017367
"R=30,T=90",30,90,0.25,96139,369.94055020313345,1,1.0,0,31,31,24,0,0,0.20628662263193437,0.26114511489868164,0.21350661562305065,0.7994792910176329,0.4210453320110607,15.935483870967742,38,13.052405292342883,13.555106374958996
"R=30,T=90",30,90,0.25,96140,310.02257729642463,1,1.0,0,32,32,22,0,0,0.18598074465990067,0.26979899406433105,0.16805941140228242,0.6844688749988563,0.35502091265880154,13.15625,35,11.36066920508165,11.777205792022869
"R=30,T=90",30,90,0.25,96141,335.64383508196124,1,1.0,0,32,32,23,0,0,0.1923924684524536,0.2872121334075928,0.1953926991973276,0.6567911670426838,0.38890680726763094,14.5625,34,12.44501783256419,12.934951916977298
"R=30,T=90",30,90,0.25,96142,298.98748832720344,1,1.0,0,31,31,21,0,0,0.18164929266898863,0.3013489246368408,0.18533398651690672,0.658784541010391,0.36806115316182014,14.193548387096774,34,11.409895748016424,11.848806124995463
"R=30,T=90",30,90,0.25,96143,317.8999316931329,1,1.0,0,26,26,21,0,0,0.21762547126183143,0.2670280933380127,0.16707557523309682,0.4963044159812853,0.38570314561813857,14.5,30,10.028281786071602,10.370952041004784
"R=30,T=90",30,90,0.25,96144,461.5570437468,1,1.0,0,40,40,34,0,0,0.2278424620628357,0.29029297828674316,0.30322053749696354,1.0287877090158872,0.532762168723275,19.125,43,21.310486748930998,22.21974383300403
"R=30,T=90",30,90,0.25,96145,477.1661381043983,1,1.0,0,38,38,30,0,0,0.20893142725292005,0.2700200080871582,0.3088804638583066,0.9834807919687591,0.5195354343067218,19.55263157894737,42,19.742346503655426,20.609769916976802
"R=30,T=90",30,90,0.25,96146,433.53340731659114,1,1.0,0,38,38,29,0,0,0.2101190968563682,0.2660980224609375,0.3014975448451495,0.9529923330410384,0.5133011480808675,18.710526315789473,41,19.505443627072964,20.355286417005118
"R=30,T=90",30,90,0.25,96147,359.8514950028065,1,1.0,0,35,35,25,0,0,0.194945798601423,0.268233060836792,0.24439217379882133,0.8529045409522951,0.4407185773631292,16.314285714285713,39,15.425150207709521,16.069471874972805
"R=30,T=90",30,90,0.25,96148,384.2885249670338,1,1.0,0,33,33,28,0,0,0.22170028542027329,0.2647109031677246,0.34150800515304913,1.0558119579800405,0.5650961907584022,20.575757575757574,43,18.648174295027275,19.481702915974893
"R=30,T=90",30,90,0.25,96149,276.0644246314861,1,1.0,0,25,25,15,0,0,0.18339475631713867,0.28916478157043457,0.11156236664159223,0.377025333000347,0.29566099484683944,11.32,26,7.391524871170986,7.619908416992985
"R=30,T=90",30,90,0.25,96150,553.4671955894139,1,1.0,0,42,42,34,0,0,0.2215663024357387,0.2597951889038086,0.3836347588166107,0.9946454160381109,0.6073256139546478,22.666666666666668,42,25.507675786095206,26.692239041964058
"R=30,T=90",30,90,0.25,96151,342.4321821253104,1,1.0,0,31,31,25,0,0,0.21454303495345578,0.2750248908996582,0.2643645390691686,0.9466899590333924,0.4803904503538844,17.580645161290324,41,14.892103960970417,15.508653625031002
"R=30,T=90",30,90,0.25,96152,322.1342937229822,1,1.0,0,33,33,21,0,0,0.18393093166929303,0.2678689956665039,0.16969601884590124,0.6406544159981422,0.3546355921002528,13.424242424242424,34,11.702974539308343,12.136163291987032
"R=30,T=90",30,90,0.25,96153,455.86894753121015,1,1.0,0,31,31,27,0,0,0.2261750005906628,0.26640892028808594,0.24645012364940597,0.7779978340258822,0.4740421290419275,18.032258064516128,37,14.695306000299752,15.274458042054903
"R=30,T=90",30,90,0.25,96154,378.7776453653047,1,1.0,0,32,32,25,0,0,0.20784440636634827,0.26434803009033203,0.3443179634941771,0.9902887920034118,0.5542783565779246,20.65625,42,17.736907410493586,18.553103125013877
"R=30,T=90",30,90,0.25,96155,362.864566304002,1,1.0,0,31,31,27,0,0,0.22924114042712795,0.269899845123291,0.22137221780365274,0.5428822920075618,0.4519252070345946,17.387096774193548,31,14.009681418072432,14.542576875013765
"R=30,T=90",30,90,0.25,96156,356.0676648326678,1,1.0,0,35,35,26,0,0,0.1945679119655064,0.25653910636901855,0.28421112617278205,1.0083472919650376,0.4803726332910758,17.62857142857143,42,16.813042165187653,17.549293665972073
"R=30,T=90",30,90,0.25,96157,293.35044969818625,1,1.0,0,28,28,19,0,0,0.19678653138024466,0.2590060234069824,0.1758417349982275,0.504512415966019,0.373658519219524,14.464285714285714,30,10.462438538146671,10.846400375012308
"R=30,T=90",30,90,0.25,96158,383.8126265075955,1,1.0,0,33,33,25,0,0,0.1989163485440341,0.27030491828918457,0.19533558588150438,0.59127220796654,0.39539227018725465,15.06060606060606,33,13.047944916179404,13.54514812497655
"R=30,T=90",30,90,0.25,96159,507.5500616961699,1,1.0,0,40,40,30,0,0,0.20611544847488403,0.26235198974609375,0.26602199274784655,0.9955294160172343,0.4736382635412156,17.4,42,18.945530541648623,19.740966916957404
"R=30,T=90",30,90,1.0,96100,326.7683130103896,1,1.0,0,29,29,23,0,0,0.8159332275390625,1.130552053451538,0.16041809486241304,0.438862084003631,0.9773310619037084,14.655172413793103,28,28.342600795207545,28.719517417019233
"R=30,T=90",30,90,1.0,96101,395.90901291537375,1,1.0,0,35,35,24,0,0,0.7423426968710763,1.0207488536834717,0.26195339756918007,0.9421689590089954,1.0057818487386352,17.314285714285713,41,35.20236470585223,35.90650879195891
"R=30,T=90",30,90,1.0,96102,309.6711423139308,1,1.0,0,29,29,20,0,0,0.7440884853231495,1.2383248805999756,0.14169027875498708,0.43481245898874477,0.886649046037025,13.379310344827585,28,25.712822335073724,26.04630716604879
"R=30,T=90",30,90,1.0,96103,483.66124919711245,1,1.0,0,37,37,30,0,0,0.8830979901391107,1.4154748916625977,0.396321616138684,1.2217753329896368,1.2817007647890195,22.83783783783784,46,47.42292829719372,48.51469491701573
"R=30,T=90",30,90,1.0,96104,297.52321207525824,1,1.0,0,29,29,19,0,0,0.7047750949859619,1.2070081233978271,0.27134951441307903,0.7340350419981405,0.9776336638967442,17.724137931034484,36,28.351376253005583,28.949275374994613
"R=30,T=90",30,90,1.0,96105,434.3773961707621,1,1.0,0,35,35,23,0,0,0.7545751571655274,1.2160530090332031,0.23952097742419157,0.7245941250002943,0.9954746701954199,17.114285714285714,36,34.841613456839696,35.48938370804535
"R=30,T=90",30,90,1.0,96106,438.3856296769977,1,1.0,0,38,38,28,0,0,0.8091484621951455,1.390549898147583,0.3675085351339811,1.1976891670492478,1.1787173343947965,21.342105263157894,46,44.79125870700227,45.84739787498256
"R=30,T=90",30,90,1.0,96107,368.66884358629034,1,1.0,0,34,34,22,0,0,0.7062462708529305,1.1154179573059082,0.2573258859629277,0.8720270409830846,0.965047553907532,17.029411764705884,40,32.81161683285609,33.48880204203306
"R=30,T=90",30,90,1.0,96108,450.28414742069344,1,1.0,0,37,37,27,0,0,0.7642850489229769,1.054318904876709,0.2823469358121951,0.7570999999879859,1.0482363818367515,18.81081081081081,37,38.78474612795981,39.577476042031776
"R=30,T=90",30,90,1.0,96109,285.13058855931206,1,1.0,0,27,27,17,0,0,0.6803216845900925,1.230292797088623,0.1238365617766114,0.4247610419988632,0.804925495364134,11.925925925925926,28,21.73298837483162,22.009907707979437
"R=30,T=90",30,90,1.0,96110,355.50303795565634,1,1.0,0,27,27,21,0,0,0.8675809083161531,1.070127010345459,0.23817818985467223,0.6723359580500983,1.1071291943749033,17.925925925925927,35,29.89248824812239,30.397031666943803
"R=30,T=90",30,90,1.0,96111,378.2152659489319,1,1.0,0,33,33,25,0,0,0.7979509613730691,1.256105899810791,0.30184213638439716,1.1009397089947015,1.1015044925011215,19.09090909090909,44,36.34964825253701,37.10181029199157
"R=30,T=90",30,90,1.0,96112,413.17860720332493,1,1.0,0,33,33,22,0,0,0.7225190942937677,1.1807141304016113,0.3382217349382258,1.097297583008185,1.062695900396317,19.727272727272727,44,35.06896471307846,35.90366204100428
"R=30,T=90",30,90,1.0,96113,381.9440308219397,1,1.0,0,37,37,25,0,0,0.733906043542398,1.2637979984283447,0.2643514279515256,0.7944477500277571,0.9997523997586246,17.64864864864865,38,36.99083879106911,37.74194816703675
"R=30,T=90",30,90,1.0,96114,290.18035383597964,1,1.0,0,29,29,17,0,0,0.6611309709220097,1.0238540172576904,0.1731369483469311,0.6797108339960687,0.8352942068655654,13.448275862068966,35,24.223531999101397,24.62065070902463
"R=30,T=90",30,90,1.0,96115,273.562014896268,1,1.0,0,28,28,18,0,0,0.7454725503921509,1.082434892654419,0.20527444945556844,0.7338274579960853,0.9519274864142062,15.535714285714286,36,26.653969619597774,27.101504167017993
"R=30,T=90",30,90,1.0,96116,398.1778902209866,1,1.0,0,39,39,29,0,0,0.8335556311485095,1.3755888938903809,0.30033716982385766,1.1340045420220122,1.13558265164596,18.94871794871795,45,44.28772341419244,45.184234166983515
"R=30,T=90",30,90,1.0,96117,359.9291182831211,1,1.0,0,35,35,21,0,0,0.6512902872903007,1.0938880443572998,0.23364111779956148,0.8074475419707596,0.8862768225987175,16.02857142857143,38,31.019688790955115,31.647362625051755
"R=30,T=90",30,90,1.0,96118,409.8604521943439,1,1.0,0,33,33,23,0,0,0.7613408348777078,1.2210419178009033,0.26021017670758406,0.8151783749926835,1.0230202006518305,17.515151515151516,38,33.759666621510405,34.419535459019244
"R=30,T=90",30,90,1.0,96119,322.4702919564298,1,1.0,0,33,33,20,0,0,0.6580871668728915,1.21533203125,0.22457334091075498,0.7901301250094548,0.8839274532810757,15.909090909090908,38,29.169605958275497,29.750692584028002
"R=30,T=90",30,90,1.0,96120,311.9549801713684,1,1.0,0,31,31,23,0,0,0.7723779755253946,1.2335381507873535,0.2526654865772974,0.8198331659659743,1.0264684920341918,17.322580645161292,38,31.820523253059946,32.4215187500231
"R=30,T=90",30,90,1.0,96121,297.9238712194369,1,1.0,0,26,26,19,0,0,0.8091968389657828,1.064074993133545,0.30460475160865685,0.9862959579913877,1.1155132259546707,19.5,42,29.00334387482144,29.603143583983183
"R=30,T=90",30,90,1.0,96122,345.0713138437627,1,1.0,0,31,31,22,0,0,0.742082703498102,1.1387059688568115,0.21593138861334732,0.6018230830086395,0.9592754155108254,16.516129032258064,33,29.73753788083559,30.255751832970418
"R=30,T=90",30,90,1.0,96123,407.75422716183635,1,1.0,0,31,31,25,0,0,0.8191690444946289,1.0524380207061768,0.27714701884073173,0.8185567919863388,1.0978617527758732,18.193548387096776,38,34.03371433605207,34.68786537501728
"R=30,T=90",30,90,1.0,96124,386.9084708702518,1,1.0,0,34,34,25,0,0,0.7690398061976713,1.015204906463623,0.2501670834094779,0.791324874968268,1.0206570258220273,17.235294117647058,38,34.70233887794893,35.36118941701716
"R=30,T=90",30,90,1.0,96125,400.6909985479832,1,1.0,0,32,32,23,0,0,0.76060950756073,1.212479829788208,0.2130040949996328,0.6336127499816939,0.9748533358433633,16.53125,33,31.195306746987626,31.73033479199512
"R=30,T=90",30,90,1.0,96126,495.1758649711462,1,1.0,0,44,44,29,0,0,0.7598740512674506,1.502072811126709,0.3719006116615757,1.3132846250082366,1.1338166002771521,20.568181818181817,48,49.88793041219469,51.11882845900254
"R=30,T=90",30,90,1.0,96127,351.84540591834644,1,1.0,0,33,33,22,0,0,0.7673776005253647,1.0878050327301025,0.27688979169276234,1.026797583035659,1.0458383283905939,18.060606060606062,43,34.5126648368896,35.22126195800956
"R=30,T=90",30,90,1.0,96128,314.46154464312616,1,1.0,0,29,29,20,0,0,0.7761852659028152,1.2109811305999756,0.18586372696505538,0.4871001250576228,0.9633276853750556,15.517241379310345,30,27.936502875876613,28.366462000005413
"R=30,T=90",30,90,1.0,96129,465.0727532059847,1,1.0,0,39,39,28,0,0,0.7799454896877973,1.1230909824371338,0.3357779529491941,1.1081501249573193,1.117682286284458,19.846153846153847,44,43.58960916509386,44.57370120799169
"R=30,T=90",30,90,1.0,96130,271.66692944980394,1,1.0,0,28,28,20,0,0,0.7582366211073739,1.0985310077667236,0.24333887510459004,0.6889522919664159,1.0029423275305558,17.142857142857142,35,28.08238517085556,28.610226499964483
"R=30,T=90",30,90,1.0,96131,382.0806064640635,1,1.0,0,32,32,22,0,0,0.7467328310012817,1.1755549907684326,0.21596382557072502,0.6015354999690317,0.963953316288098,16.15625,33,30.846506121219136,31.382220792002045
"R=30,T=90",30,90,1.0,96132,395.9851341974373,1,1.0,0,37,37,25,0,0,0.7385656189274143,1.229905128479004,0.29082818016271433,0.9815416250494309,1.0310274661845855,18.10810810810811,42,38.14801624882966,38.968239124980755
"R=30,T=90",30,90,1.0,96133,406.79291043416356,1,1.0,0,36,36,24,0,0,0.7431668904092577,1.1533710956573486,0.1939025936104978,0.7867072920198552,0.9382701781141805,14.833333333333334,38,33.777726412110496,34.32585550000658
"R=30,T=90",30,90,1.0,96134,315.6987435048399,1,1.0,0,28,28,19,0,0,0.7351548756871905,1.2712299823760986,0.22576189565006644,0.8097543750191107,0.962207233616417,16.0,38,26.941802541259676,27.43079845898319
"R=30,T=90",30,90,1.0,96135,293.580293739706,1,1.0,0,29,29,20,0,0,0.7655210248355208,1.1129419803619385,0.20798168682637785,0.6742297920281999,0.974710216930393,15.689655172413794,35,28.266596290981397,28.74780470901169
"R=30,T=90",30,90,1.0,96136,379.76440866618094,1,1.0,0,36,36,27,0,0,0.7791383001539443,1.2621879577636719,0.3403028113599349,1.017325000022538,1.1213275300251553,20.055555555555557,43,40.36779108090559,41.28643749997718
"R=30,T=90",30,90,1.0,96137,310.66897835762154,1,1.0,0,30,30,20,0,0,0.7291103760401408,1.2275230884552002,0.1458194848324638,0.5565460000070743,0.8758028084315205,13.033333333333333,31,26.274084252945613,26.627845874987543
"R=30,T=90",30,90,1.0,96138,288.0896382922229,1,1.0,0,28,28,18,0,0,0.7193321585655212,1.2646560668945312,0.14421369503543247,0.4934565000003204,0.8644229300345094,13.107142857142858,30,24.203842040966265,24.53299891599454
"R=30,T=90",30,90,1.0,96139,369.40921046148156,1,1.0,0,31,31,21,0,0,0.7310041304557554,1.0855951309204102,0.20939960621950787,0.7587826669914648,0.9416388871238357,16.0,37,29.190805500838906,29.69845562503906
"R=30,T=90",30,90,1.0,96140,307.7881313903465,1,1.0,0,31,31,20,0,0,0.6973792583711685,1.1690449714660645,0.18814423658149015,0.7235149589832872,0.8866075537760832,14.258064516129032,36,27.48483416705858,27.939834458986297
"R=30,T=90",30,90,1.0,96141,335.45134738936656,1,1.0,0,33,33,22,0,0,0.7176137765248617,1.2501130104064941,0.19843511869354793,0.6092325419886038,0.917194931967198,14.818181818181818,33,30.267432754917536,30.780537790968083
"R=30,T=90",30,90,1.0,96142,305.81013543006225,1,1.0,0,31,31,18,0,0,0.6777844736652989,1.2129271030426025,0.18960457125438318,0.6342602499644272,0.8684975159929074,14.548387096774194,34,26.92342299578013,27.383358541992493
"R=30,T=90",30,90,1.0,96143,318.1531877554067,1,1.0,0,27,27,19,0,0,0.7478754255506728,1.016313076019287,0.16873724993180345,0.5645950409816578,0.9176405106748765,14.333333333333334,32,24.776293788221665,25.138978250033688
"R=30,T=90",30,90,1.0,96144,463.47707486877937,1,1.0,0,39,39,29,0,0,0.8081000462556497,1.19350004196167,0.31316486759356055,1.0178226670250297,1.1230200032766264,19.53846153846154,43,43.79778012778843,44.7255953749991
"R=30,T=90",30,90,1.0,96145,470.01941048774995,1,1.0,0,38,38,27,0,0,0.7717767138230173,1.2489850521087646,0.29413565247025536,0.9821634169784375,1.0676217478359926,19.210526315789473,42,40.56962641776772,41.4281887919642
"R=30,T=90",30,90,1.0,96146,448.1922347682089,1,1.0,0,37,37,27,0,0,0.7942157371624096,1.1225690841674805,0.32181615985275525,1.0193918339791708,1.1178220325571209,19.56756756756757,43,41.35941520461347,42.252529708028305
"R=30,T=90",30,90,1.0,96147,349.88860954822593,1,1.0,0,34,34,23,0,0,0.7454200912924374,1.2261059284210205,0.26224356008392263,0.9052511249901727,1.0091362548769478,17.147058823529413,40,34.31063266581623,34.9901995830005
"R=30,T=90",30,90,1.0,96148,386.808073027239,1,1.0,0,38,38,26,0,0,0.7215086347178409,1.0679099559783936,0.31451306587366973,1.0451030419790186,1.0377455043183688,18.68421052631579,43,39.43432916409802,40.33239225001307
"R=30,T=90",30,90,1.0,96149,272.4003406388939,1,1.0,0,26,26,14,0,0,0.593823818060068,1.1288299560546875,0.11787883484458479,0.40136529196752235,0.7124291216941157,11.615384615384615,27,18.523157164047007,18.78903749998426
"R=30,T=90",30,90,1.0,96150,556.4662584779284,1,1.0,0,42,42,33,0,0,0.844638813109625,1.0242068767547607,0.379608967215366,0.9919203330064192,1.2263808431924277,22.738095238095237,42,51.50799541408196,52.71175450005103
"R=30,T=90",30,90,1.0,96151,327.76066340017985,1,1.0,0,31,31,21,0,0,0.7613954697885821,1.054656982421875,0.2566809328723579,0.8435154999606311,1.0195363831965463,17.548387096774192,39,31.605627879092935,32.217407915974036
"R=30,T=90",30,90,1.0,96152,323.3388747936841,1,1.0,0,35,35,21,0,0,0.6495149612426758,1.0228118896484375,0.17915824284510953,0.7301822080044076,0.8297195452481642,13.542857142857143,36,29.040184083685745,29.53600262501277
"R=30,T=90",30,90,1.0,96153,438.17484348782045,1,1.0,0,31,31,22,0,0,0.7883736010520689,1.0281438827514648,0.2496826264222393,0.8268180000013672,1.0394649528973405,18.032258064516128,38,32.22341353981756,32.825020666001365
"R=30,T=90",30,90,1.0,96154,384.3799644176232,1,1.0,0,34,34,23,0,0,0.730868234353907,1.198699951171875,0.31575656244497036,1.025968541041948,1.048398243944736,19.147058823529413,43,35.64554029412102,36.45947420800803
"R=30,T=90",30,90,1.0,96155,359.82767776663593,1,1.0,0,33,33,24,0,0,0.7669693990187212,1.0853838920593262,0.19736927651066447,0.5282877080026083,0.9654957272472199,16.0,31,31.861358999158256,32.38206845801324
"R=30,T=90",30,90,1.0,96156,340.179659610927,1,1.0,0,32,32,22,0,0,0.7612076699733734,1.0797820091247559,0.30127450781037624,0.9851027500117198,1.0641839440868353,18.5625,42,34.05388621077873,34.79483779199654
"R=30,T=90",30,90,1.0,96157,284.7922468670335,1,1.0,0,29,29,17,0,0,0.6586635441615664,1.045274019241333,0.17126737217065588,0.49529158300720155,0.8309390042438815,14.275862068965518,30,24.09723112307256,24.489950124989264
"R=30,T=90",30,90,1.0,96158,383.025311391699,1,1.0,0,33,33,21,0,0,0.7337500976793694,1.1787350177764893,0.19775082820948833,0.616164916951675,0.9326794682702078,15.393939393939394,34,30.778422452916857,31.295298958953936
"R=30,T=90",30,90,1.0,96159,504.79067504693927,1,1.0,0,41,41,27,0,0,0.7275506403388047,1.1308889389038086,0.2618247662406846,1.037056749977637,0.9908818679254093,17.121951219512194,43,40.62615658494178,41.44905254198238
