seed,decision_index,n_pending,n_available,n_committed,t_features_s,t_graph_build_s,t_gnn_forward_s,t_hungarian_s,t_stages_sum_s,t_total_s,t_discrepancy_s
96000,0,0,10,0,0.0005058329552412033,3.145803930237889e-05,0.0012178340111859143,2.0874955225735903e-05,0.0017759999609552324,0.0015743339899927378,0.0002016659709624946
96000,1,0,10,0,0.0005132080405019224,3.14170029014349e-05,0.0011456249631009996,1.991604221984744e-05,0.0017101660487242043,0.0019384160405024886,-0.0002282499917782843
96000,2,2,10,0,0.000544416019693017,2.962502185255289e-05,0.0009263749816454947,2.5708985049277544e-05,0.0015261250082403421,0.0016523749800398946,-0.00012624997179955244
96000,3,2,10,0,0.0005740420310758054,3.120797919109464e-05,0.0018339590169489384,2.400000812485814e-05,0.0024632090353406966,0.001667583012022078,0.0007956260233186185
96000,4,4,10,0,0.0006155829760245979,3.1125033274292946e-05,0.0010600839741528034,2.4083012249320745e-05,0.001730874995701015,0.0015954159898683429,0.00013545900583267212
96000,5,6,10,0,0.0006636660546064377,3.1791976653039455e-05,0.0008893749909475446,2.3083004634827375e-05,0.001607916026841849,0.0015087909996509552,9.912502719089389e-05
96000,6,6,10,1,0.0006286250427365303,2.9624963644891977e-05,0.0007788329967297614,2.216699067503214e-05,0.0014592499937862158,0.0015428750193677843,-8.362502558156848e-05
96000,7,6,9,6,0.0006302919937297702,2.90420139208436e-05,0.0007990409503690898,2.3917004000395536e-05,0.0014822919620200992,0.00147779198596254,4.499976057559252e-06
96000,8,5,3,3,0.0006086669745855033,3.0082999728620052e-05,0.0011516250087879598,2.2666994482278824e-05,0.001813041977584362,0.0016227909945882857,0.00019025098299607635
96000,9,6,0,0,0.0006227499688975513,2.8708018362522125e-05,0.000748499995097518,2.204196061939001e-05,0.0014219999429769814,0.001597624970600009,-0.00017562502762302756
96000,10,8,0,0,0.0006816249806433916,3.045797348022461e-05,0.0008416250348091125,2.204196061939001e-05,0.0015757499495521188,0.0016099580097943544,-3.420806024223566e-05
96000,11,11,0,0,0.0007305420003831387,3.004202153533697e-05,0.0011475830106064677,2.0749983377754688e-05,0.001928917015902698,0.0017553329817019403,0.00017358403420075774
96000,12,12,0,0,0.0007996250060386956,3.225001273676753e-05,0.0008997920085676014,2.3250002413988113e-05,0.0017549170297570527,0.0018273749738000333,-7.245794404298067e-05
96000,13,15,0,0,0.0008663749904371798,3.1292031053453684e-05,0.0008485409780405462,1.983396941795945e-05,0.0017660419689491391,0.001826833002269268,-6.079103332012892e-05
96000,14,15,1,1,0.000848083000164479,3.0791969038546085e-05,0.0008226670324802399,2.0415987819433212e-05,0.0017219579895026982,0.0018484580214135349,-0.0001265000319108367
96000,15,16,1,1,0.000886083988007158,3.0790979508310556e-05,0.0006891670054756105,2.037500962615013e-05,0.0016264169826172292,0.0017496250220574439,-0.00012320803944021463
96000,16,17,0,0,0.000896583020221442,3.024999750778079e-05,0.0009215419995598495,1.9916973542422056e-05,0.0018682919908314943,0.001793542003724724,7.474998710677028e-05
96000,17,17,1,1,0.0008948330068960786,2.9875023756176233e-05,0.0008374169701710343,2.0749983377754688e-05,0.0017828749842010438,0.0017735410365276039,9.33394767343998e-06
96000,18,16,0,0,0.0008626249618828297,2.9875023756176233e-05,0.0008482499979436398,1.9667029846459627e-05,0.0017604170134291053,0.0016266670427285135,0.0001337499707005918
96000,19,17,4,4,0.000873417011462152,3.0499999411404133e-05,0.000894040975254029,2.1666986867785454e-05,0.0018196249729953706,0.001943708979524672,-0.0001240840065293014
96000,20,13,1,1,0.00078504194971174,3.0082999728620052e-05,0.0008391670417040586,2.112501533702016e-05,0.0016754170064814389,0.0016844169585965574,-8.999952115118504e-06
96000,21,12,1,1,0.0007672500214539468,2.9082992114126682e-05,0.0007875420269556344,1.9708008039742708e-05,0.0016035830485634506,0.0016476670280098915,-4.4083979446440935e-05
96000,22,11,1,1,0.000738083035685122,2.924998989328742e-05,0.0008170420187525451,2.5957997422665358e-05,0.00161033304175362,0.0016159170190803707,-5.583977326750755e-06
96000,23,10,0,0,0.000730833038687706,3.2416952308267355e-05,0.0009093750268220901,2.220796886831522e-05,0.0016948329866863787,0.002175167028326541,-0.00048033404164016247
96000,24,10,0,0,0.0007205000147223473,3.0124967452138662e-05,0.0008150830399245024,2.0499981474131346e-05,0.0015862080035731196,0.001644417003262788,-5.820899968966842e-05
96000,25,10,0,0,0.0007220000261440873,2.9125018045306206e-05,0.0007762080058455467,1.9832979887723923e-05,0.0015471660299226642,0.0016300830175168812,-8.291698759421706e-05
96000,26,10,0,0,0.0007142919930629432,3.029097570106387e-05,0.0008249590173363686,2.1415995433926582e-05,0.0015909579815343022,0.0016795829869806767,-8.862500544637442e-05
96000,27,10,0,0,0.0007511249859817326,3.091699909418821e-05,0.0014432500465773046,2.062495332211256e-05,0.002245916984975338,0.00168599997414276,0.0005599170108325779
96000,28,10,1,1,0.0007200409891083837,2.9999995604157448e-05,0.0016171250026673079,2.1000043489038944e-05,0.002388166030868888,0.001621292030904442,0.0007668739999644458
96000,29,9,0,0,0.000702542020007968,3.116601146757603e-05,0.0009408749756403267,2.3209024220705032e-05,0.0016977920313365757,0.002086791966576129,-0.00038899993523955345
96000,30,9,3,3,0.0006898750434629619,2.887495793402195e-05,0.001160500047262758,2.3499946109950542e-05,0.0019027499947696924,0.0017013329779729247,0.0002014170167967677
96000,31,6,3,3,0.0006642499938607216,4.491698928177357e-05,0.001213999988976866,2.3250002413988113e-05,0.0019464169745333493,0.001407333998940885,0.0005390829755924642
96000,32,3,2,2,0.0006304580019786954,3.754202043637633e-05,0.0013372499961405993,2.7082976885139942e-05,0.002032332995440811,0.001654541993048042,0.00037779100239276886
96000,33,1,0,0,0.0005634159897454083,2.9999995604157448e-05,0.001324125041719526,2.579198917374015e-05,0.001943333016242832,0.001566499995533377,0.000376833020709455
96000,34,1,1,1,0.0005280409823171794,3.525003558024764e-05,0.0012259589857421815,2.2707972675561905e-05,0.0018119579763151705,0.0032090830500237644,-0.0013971250737085938
96000,35,0,0,0,0.0006803750293329358,3.14170029014349e-05,0.0009474160033278167,2.1833984646946192e-05,0.0016810420202091336,0.0021567080402746797,-0.00047566602006554604
96000,36,0,2,0,0.0005131670041009784,2.9375019948929548e-05,0.0008869579760357738,2.1792016923427582e-05,0.0014512920170091093,0.001418542000465095,3.2750016544014215e-05
96000,37,0,3,0,0.0004934589960612357,2.8458016458898783e-05,0.0015565420035272837,2.0458013750612736e-05,0.002098917029798031,0.0016061670030467212,0.0004927500267513096
96000,38,0,3,0,0.000495915999636054,3.120902692899108e-05,0.0010165409767068923,2.5958986952900887e-05,0.0015696249902248383,0.001543082995340228,2.6541994884610176e-05
96000,39,0,3,0,0.0005126249743625522,3.066699719056487e-05,0.0011085830046795309,2.4500011932104826e-05,0.0016763749881647527,0.0020663749892264605,-0.00039000000106170774
96000,40,0,4,0,0.0005311669665388763,3.0708033591508865e-05,0.0013539579813368618,2.3333996068686247e-05,0.0019391669775359333,0.002190208004321903,-0.00025104102678596973
96000,41,0,4,0,0.0005216670106165111,3.0416005756706e-05,0.0011627500061877072,2.0958948880434036e-05,0.0017357919714413583,0.002048750000540167,-0.00031295802909880877
96000,42,0,8,0,0.0004924999666400254,2.8082984499633312e-05,0.0009836250101216137,2.7875008527189493e-05,0.001532082969788462,0.0014745420194230974,5.754095036536455e-05
96000,43,0,9,0,0.0005610419902950525,3.57080134563148e-05,0.001296208007261157,2.033403143286705e-05,0.0019132920424453914,0.0012748329900205135,0.0006384590524248779
96001,0,0,10,0,0.0005018750089220703,3.0166003853082657e-05,0.0007598339579999447,1.995800994336605e-05,0.0013118329807184637,0.0013845409848727286,-7.270800415426493e-05
96001,1,1,10,0,0.0005289170076139271,2.9499991796910763e-05,0.0007328329957090318,1.9749975763261318e-05,0.001310999970883131,0.001319750037509948,-8.750066626816988e-06
96001,2,1,10,0,0.0005180829903110862,2.9292015824466944e-05,0.0007255829987116158,1.9749975763261318e-05,0.0012927079806104302,0.001275166985578835,1.754099503159523e-05
96001,3,1,10,0,0.0005618330324068666,4.649994662031531e-05,0.0009788750321604311,1.9916973542422056e-05,0.001607124984730035,0.0013599579688161612,0.0002471670159138739
96001,4,4,10,0,0.0006150000263005495,3.270898014307022e-05,0.001017166010569781,2.241699257865548e-05,0.0016872920095920563,0.0015547499642707407,0.00013254204532131553
96001,5,5,10,0,0.0006169170374050736,2.96669895760715e-05,0.0008241659961640835,2.13750172406435e-05,0.0014921250403858721,0.0020287499646656215,-0.0005366249242797494
96001,6,8,10,0,0.0006684580002911389,2.9125018045306206e-05,0.000858207989949733,3.1750008929520845e-05,0.001587541017215699,0.001862332981545478,-0.00027479196432977915
96001,7,10,10,3,0.0007475420134142041,2.9916991479694843e-05,0.0009384580189362168,2.3333006538450718e-05,0.0017392500303685665,0.0017416670452803373,-2.4170149117708206e-06
96001,8,9,7,7,0.0006955830031074584,2.9082992114126682e-05,0.0007360420422628522,2.174999099224806e-05,0.0014824580284766853,0.0015303330146707594,-4.7874986194074154e-05
96001,9,4,0,0,0.0005910420441068709,3.145798109471798e-05,0.0006833329680375755,2.1042011212557554e-05,0.001326875004451722,0.001335208013188094,-8.333008736371994e-06
96001,10,5,0,0,0.00064354098867625,3.362499410286546e-05,0.0011313750292174518,2.204196061939001e-05,0.0018305829726159573,0.0013669169857166708,0.0004636659868992865
96001,11,6,0,0,0.0006271249731071293,3.0790979508310556e-05,0.0008109170012176037,2.0000035874545574e-05,0.0014888329897075891,0.0024728330317884684,-0.0009840000420808792
96001,12,9,0,0,0.0006996660376898944,2.862501423805952e-05,0.0009429169585928321,2.0042003598064184e-05,0.0016912500141188502,0.0020042500109411776,-0.0003129999968223274
96001,13,10,0,0,0.0007341250311583281,2.9999995604157448e-05,0.0007168329902924597,2.174999099224806e-05,0.0015027080080471933,0.001914458000101149,-0.0004117499920539558
96001,14,16,0,0,0.0008402919629588723,2.8500042390078306e-05,0.0008432909962721169,2.0749983377754688e-05,0.0017328329849988222,0.001970833051018417,-0.00023800006601959467
96001,15,18,0,0,0.00090637500397861,3.08750313706696e-05,0.0011083749704994261,2.0708015654236078e-05,0.002066333021502942,0.0019377500284463167,0.00012858299305662513
96001,16,19,3,3,0.000955540977884084,3.200001083314419e-05,0.0012336670188233256,2.4582957848906517e-05,0.0022457909653894603,0.002673666982445866,-0.00042787601705640554
96001,17,16,1,1,0.0009004590101540089,5.5500015150755644e-05,0.0010317499982193112,2.400000812485814e-05,0.002011709031648934,0.0019815839477814734,3.012508386746049e-05
96001,18,15,0,0,0.0008417090284638107,3.004097379744053e-05,0.0007552920142188668,2.3667002096772194e-05,0.0016507090185768902,0.0019474580185487866,-0.0002967489999718964
96001,19,16,3,3,0.0008479579701088369,3.158301115036011e-05,0.0015950420056469738,2.7916976250708103e-05,0.002502499963156879,0.0017770829726941884,0.0007254169904626906
96001,20,13,1,1,0.0007997920038178563,3.108300734311342e-05,0.0007276670075953007,2.1707965061068535e-05,0.001580249983817339,0.0018777080113068223,-0.00029745802748948336
96001,21,12,2,2,0.0007725000032223761,2.9624963644891977e-05,0.0007882500067353249,2.1208019461482763e-05,0.0016115829930640757,0.0018927079509012401,-0.0002811249578371644
96001,22,10,0,0,0.0007459589978680015,3.204098902642727e-05,0.0010320839937776327,2.095801755785942e-05,0.0018310419982299209,0.002136958995833993,-0.0003059169976040721
96001,23,10,0,0,0.0007248329930007458,2.8542010113596916e-05,0.001321582996752113,2.1084037143737078e-05,0.002096042037010193,0.001701915985904634,0.00039412605110555887
96001,24,10,0,0,0.0007117500063031912,2.9459013603627682e-05,0.0007792499964125454,2.174999099224806e-05,0.0015422090073116124,0.0016312090447172523,-8.900003740563989e-05
96001,25,10,0,0,0.0007170829921960831,2.983299782499671e-05,0.0008377920021302998,1.933303428813815e-05,0.0016040410264395177,0.0016677919775247574,-6.375095108523965e-05
96001,26,10,0,0,0.0007388329831883311,3.0166993383318186e-05,0.0013189580058678985,2.0708015654236078e-05,0.002108665998093784,0.00236529199173674,-0.000256625993642956
96001,27,10,0,0,0.0007070000283420086,2.9125018045306206e-05,0.0009742499678395689,2.0875013433396816e-05,0.0017312500276602805,0.0018225419917143881,-9.129196405410767e-05
96001,28,10,0,0,0.0007134999614208937,3.0125025659799576e-05,0.0009026249754242599,2.0167033653706312e-05,0.0016664169961586595,0.0016430420218966901,2.3374974261969328e-05
96001,29,10,0,0,0.0007381250034086406,2.9458024073392153e-05,0.0015069170040078461,0.00011645798804238439,0.0023909580195322633,0.0017213750397786498,0.0006695829797536135
96001,30,10,0,0,0.0007150839664973319,2.879102248698473e-05,0.0007135000196285546,2.037500962615013e-05,0.0014777500182390213,0.0016864580102264881,-0.0002087079919874668
96001,31,10,1,1,0.0007244580192491412,2.8166978154331446e-05,0.0011602080194279552,1.999997766688466e-05,0.0019328329944983125,0.0017514590290375054,0.00018137396546080709
96001,32,9,1,1,0.0006897089770063758,2.879102248698473e-05,0.0012982499902136624,2.2499996703118086e-05,0.002039249986410141,0.001716500031761825,0.0003227499546483159
96001,33,8,2,2,0.0006742500117979944,3.0957977287471294e-05,0.0009406669996678829,2.2916996385902166e-05,0.0016687919851392508,0.002053916046861559,-0.0003851240617223084
96001,34,6,0,0,0.000667833024635911,3.054196713492274e-05,0.001119874999858439,2.191704697906971e-05,0.0018401670386083424,0.0018572499975562096,-1.7082958947867155e-05
96001,35,6,2,2,0.0006557500455528498,2.8957962058484554e-05,0.0007258330006152391,2.274999860674143e-05,0.001433291006833315,0.002468166989274323,-0.001034875982441008
96001,36,4,2,2,0.0005924169672653079,2.883299021050334e-05,0.0008707500528544188,2.2249994799494743e-05,0.0015142500051297247,0.0015678330091759562,-5.358300404623151e-05
96001,37,2,0,0,0.0005427500000223517,3.083399496972561e-05,0.0010169580345973372,1.9875005818903446e-05,0.001610417035408318,0.0015149579849094152,9.54590504989028e-05
96001,38,2,2,2,0.0005667500081472099,3.837497206404805e-05,0.0010748340282589197,3.7416000850498676e-05,0.0017173750093206763,0.0021423340076580644,-0.00042495899833738804
96001,39,0,0,0,0.0005147919873706996,3.3875054214149714e-05,0.0011222079629078507,4.108401481062174e-05,0.0017119590193033218,0.0013091250439174473,0.0004028339753858745
96001,40,0,0,0,0.0005276249721646309,3.408297197893262e-05,0.0009235000470653176,2.6541994884610176e-05,0.0015117499860934913,0.0016750000067986548,-0.00016325002070516348
96001,41,0,1,0,0.0005050830077379942,2.800003858283162e-05,0.0008599589928053319,2.729095285758376e-05,0.0014203329919837415,0.0018069999641738832,-0.0003866669721901417
96001,42,0,1,0,0.000497667002491653,3.1292031053453684e-05,0.0011700830073095858,2.0749983377754688e-05,0.0017197920242324471,0.001759083999786526,-3.929197555407882e-05
96001,43,0,2,0,0.0004984160186722875,3.0124967452138662e-05,0.0010117089841514826,2.2082997020334005e-05,0.0015623329672962427,0.0014254170237109065,0.0001369159435853362
96001,44,0,2,0,0.0005088329780846834,3.0333991162478924e-05,0.0007788750226609409,2.362497616559267e-05,0.001341666968073696,0.001270041975658387,7.162499241530895e-05
96001,45,0,7,0,0.0005307919927872717,2.9332994017750025e-05,0.0008882090332917869,2.4749955628067255e-05,0.001473083975724876,0.0015375419752672315,-6.445799954235554e-05
96001,46,0,8,0,0.0005159999709576368,3.308302257210016e-05,0.001041750016156584,2.116698306053877e-05,0.0016119999927468598,0.001470208982937038,0.00014179100980982184
96001,47,0,8,0,0.0005067499587312341,2.9959017410874367e-05,0.0008294159779325128,2.0084029529243708e-05,0.001386208983603865,0.0013471670099534094,3.9041973650455475e-05
96002,0,0,10,0,0.000510375015437603,2.8124952223151922e-05,0.0009434170206077397,2.1332991309463978e-05,0.0015032499795779586,0.0012667499831877649,0.0002364999963901937
96002,1,0,10,0,0.000503083982039243,2.8499984182417393e-05,0.0013307500048540533,0.00010795798152685165,0.0019702919526025653,0.0020726670045405626,-0.00010237505193799734
96002,2,0,10,0,0.0004991249879822135,2.783298259600997e-05,0.0009766669827513397,2.1875021047890186e-05,0.0015254999743774533,0.00147762504639104,4.787492798641324e-05
96002,3,0,10,0,0.0005112499929964542,4.050001734867692e-05,0.0010986250126734376,3.2582960557192564e-05,0.0016829579835757613,0.0021601669723168015,-0.00047720898874104023
96002,4,1,10,0,0.0005278330063447356,3.245897823944688e-05,0.00092879100702703,2.4917011614888906e-05,0.0015140000032261014,0.0018908329657278955,-0.0003768329625017941
96002,5,3,10,0,0.0005789170390926301,3.208295674994588e-05,0.0010700830025598407,2.6124995201826096e-05,0.0017072079936042428,0.0016615419881418347,4.5666005462408066e-05
96002,6,4,10,0,0.0006419589626602829,3.3916032407432795e-05,0.0009194999583996832,2.3584056179970503e-05,0.0016189590096473694,0.001527041953522712,9.191705612465739e-05
96002,7,4,10,0,0.000613124982919544,3.104197094216943e-05,0.0008102080319076777,2.2374966647475958e-05,0.001476749952416867,0.0016223330167122185,-0.0001455830642953515
96002,8,7,10,5,0.000712042034137994,3.024999750778079e-05,0.0012291250168345869,2.845795825123787e-05,0.0019998750067315996,0.0014132920186966658,0.0005865829880349338
96002,9,8,5,5,0.0006673749885521829,2.7917034458369017e-05,0.0010134169715456665,2.2332998923957348e-05,0.0017310419934801757,0.0021381249534897506,-0.0004070829600095749
96002,10,6,0,0,0.0006246660486795008,2.8374954126775265e-05,0.0012631670106202364,0.0001010000123642385,0.002017208025790751,0.0015069590299390256,0.0005102489958517253
96002,11,10,0,0,0.0007182500557973981,2.970895729959011e-05,0.0007473750156350434,2.058298559859395e-05,0.0015159170143306255,0.0021687080152332783,-0.0006527910009026527
96002,12,14,0,0,0.0008114170050248504,2.9082992114126682e-05,0.0008459580130875111,2.0292005501687527e-05,0.0017067500157281756,0.0016373330145142972,6.941700121387839e-05
96002,13,17,0,0,0.000883165979757905,3.054196713492274e-05,0.0007309580105356872,1.9291997887194157e-05,0.0016639579553157091,0.0018332910258322954,-0.0001693330705165863
96002,14,17,0,0,0.0008628329960629344,2.8916983865201473e-05,0.0011269579990766943,2.3209024220705032e-05,0.002041917003225535,0.002047125017270446,-5.208014044910669e-06
96002,15,19,0,0,0.0009465409675613046,2.9749993700534105e-05,0.0009532920084893703,2.258300082758069e-05,0.0019521659705787897,0.0020047500147484243,-5.258404416963458e-05
96002,16,20,0,0,0.0009662919910624623,2.9582995921373367e-05,0.0007932499866001308,2.4541979655623436e-05,0.00181366695323959,0.0024284999817609787,-0.0006148330285213888
96002,17,20,0,0,0.0011567079927772284,3.070896491408348e-05,0.0012743330444209278,2.0957959350198507e-05,0.002482707961462438,0.0027178750024177134,-0.0002351670409552753
96002,18,20,0,0,0.0009206670220009983,2.7582980692386627e-05,0.0008067500311881304,2.0042003598064184e-05,0.0017750420374795794,0.001996499951928854,-0.00022145791444927454
96002,19,20,1,1,0.0009304999839514494,2.7709000278264284e-05,0.0010517080081626773,2.054200740531087e-05,0.002030458999797702,0.0019291249918751419,0.00010133400792255998
96002,20,19,3,3,0.0009611250134184957,3.38749960064888e-05,0.0011559579870663583,2.258399035781622e-05,0.002173541986849159,0.001867000013589859,0.0003065419732593
96002,21,16,0,0,0.000845541013404727,2.824998227879405e-05,0.0016406250069849193,0.00013204198330640793,0.0026464579859748483,0.0020080420072190464,0.0006384159787558019
96002,22,16,2,2,0.0008340000058524311,2.7582980692386627e-05,0.0011476250365376472,2.4374981876462698e-05,0.0020335830049589276,0.0018931669765152037,0.00014041602844372392
96002,23,14,0,0,0.0008284160285256803,2.9916991479694843e-05,0.0011400830117054284,2.0459003280848265e-05,0.0020188750349916518,0.0021495000110007823,-0.00013062497600913048
96002,24,14,1,1,0.0008389590075239539,2.9582995921373367e-05,0.0008481250260956585,2.2499996703118086e-05,0.001739167026244104,0.0017189159989356995,2.0251027308404446e-05
96002,25,13,1,1,0.0008072910131886601,3.200001083314419e-05,0.0008852499886415899,2.1333980839699507e-05,0.0017458749935030937,0.0016944580129347742,5.141698056831956e-05
96002,26,12,0,0,0.0007656670059077442,3.0708033591508865e-05,0.0007617920055054128,2.0374951418489218e-05,0.001578541996423155,0.001633833977393806,-5.529198097065091e-05
96002,27,12,1,1,0.0007605410064570606,2.979201963171363e-05,0.0012782499543391168,2.0167033653706312e-05,0.0020887500140815973,0.001551375025883317,0.0005373749881982803
96002,28,11,0,0,0.0007351660169661045,2.9749993700534105e-05,0.001305959012825042,2.216600114479661e-05,0.0020930410246364772,0.0018501249724067748,0.00024291605222970247
96002,29,11,1,1,0.0007334590191021562,2.8999987989664078e-05,0.0012637909967452288,2.0875013433396816e-05,0.002047125017270446,0.0017017499776557088,0.00034537503961473703
96002,30,10,0,0,0.0007133750477805734,2.9166985768824816e-05,0.0011203329777345061,1.9667029846459627e-05,0.001882542041130364,0.0016930419951677322,0.0001895000459626317
96002,31,10,0,0,0.0007405829965136945,3.112497506663203e-05,0.0007722080335952342,2.1916988771408796e-05,0.0015658329939469695,0.0016245419974438846,-5.87090034969151e-05
96002,32,10,0,0,0.0007448340184055269,3.374996595084667e-05,0.0009231660515069962,2.1874962840229273e-05,0.001723624998703599,0.002424083009827882,-0.0007004580111242831
96002,33,10,0,0,0.0007468329858966172,3.32500203512609e-05,0.0011120829731225967,2.2084044758230448e-05,0.0019142500241287053,0.002133833011612296,-0.00021958298748359084
96002,34,10,0,0,0.0007111250306479633,3.391696373000741e-05,0.00087554199853912,2.254103310406208e-05,0.0016431250260211527,0.0023015000042505562,-0.0006583749782294035
96002,35,10,0,0,0.0007559999939985573,3.204098902642727e-05,0.0009822089923545718,2.154102548956871e-05,0.0017917910008691251,0.0017293340060859919,6.245699478313327e-05
96002,36,10,0,0,0.0007378750015050173,3.4958997275680304e-05,0.0007511249859817326,2.0791019778698683e-05,0.0015447500045411289,0.00205650000134483,-0.0005117499968037009
96002,37,10,0,0,0.0007175409700721502,3.0709023121744394e-05,0.0007106660050339997,2.2709020413458347e-05,0.0014816250186413527,0.001843875041231513,-0.00036225002259016037
96002,38,10,0,0,0.0007281250436790287,3.0082999728620052e-05,0.0008866249700076878,2.0792009308934212e-05,0.0016656250227242708,0.0017019580118358135,-3.63329891115427e-05
96002,39,10,0,0,0.0007341660093516111,3.0542025342583656e-05,0.0007708749617449939,1.9625003915280104e-05,0.0015552080003544688,0.0017259169835597277,-0.00017070898320525885
96002,40,10,2,2,0.0007429170073010027,3.0124967452138662e-05,0.0007867499953135848,2.054101787507534e-05,0.0015803329879418015,0.0016696249949745834,-8.929200703278184e-05
96002,41,8,3,3,0.00073833396891132,5.17910229973495e-05,0.0014300000038929284,2.645899076014757e-05,0.0022465839865617454,0.001663499977439642,0.0005830840091221035
96002,42,5,1,1,0.0006097080186009407,3.004202153533697e-05,0.0007074580062180758,2.204196061939001e-05,0.0013692500069737434,0.0013737079571001232,-4.457950126379728e-06
96002,43,4,1,1,0.0005906249862164259,2.8542010113596916e-05,0.0007947499980218709,2.012500772252679e-05,0.0014340420020744205,0.0013709579943679273,6.308400770649314e-05
96002,44,3,1,1,0.0005739580374211073,2.9541959520429373e-05,0.0007568750297650695,1.9291997887194157e-05,0.0013796670245938003,0.001265707949642092,0.00011395907495170832
96002,45,2,1,1,0.000577291997615248,4.1457999031990767e-05,0.0014314170111902058,0.00012804096331819892,0.0021782079711556435,0.0012719169608317316,0.0009062910103239119
96002,46,1,0,0,0.0005191250238567591,3.0790979508310556e-05,0.0007844169740565121,2.158299321308732e-05,0.001355915970634669,0.0014161660219542682,-6.025005131959915e-05
96002,47,1,1,1,0.0007497499464079738,3.587501123547554e-05,0.0009698339854367077,2.6458001229912043e-05,0.001781916944310069,0.0020823749946430326,-0.00030045805033296347
96002,48,0,0,0,0.0005392919993028045,3.108300734311342e-05,0.0008289169636555016,2.3083004634827375e-05,0.0014223749749362469,0.0016406250069849193,-0.00021825003204867244
96002,49,0,1,0,0.0004999159718863666,2.9749993700534105e-05,0.001061334041878581,2.1540967281907797e-05,0.0016125409747473896,0.0015011660289019346,0.00011137494584545493
96002,50,0,1,0,0.0004960829974152148,2.8375012334436178e-05,0.0007429579854942858,2.0792009308934212e-05,0.001288208004552871,0.0013883329811505973,-0.00010012497659772635
96002,51,0,1,0,0.0005203330074436963,3.004202153533697e-05,0.0007526249974034727,2.054200740531087e-05,0.0013235420337878168,0.0014357499894686043,-0.00011220795568078756
96002,52,0,2,0,0.0005150000215508044,2.8999987989664078e-05,0.0011922079720534384,2.112501533702016e-05,0.001757332996930927,0.001422917004674673,0.00033441599225625396
96002,53,0,3,0,0.0004988330183550715,3.045797348022461e-05,0.0007293749949894845,1.8834020011126995e-05,0.0012775000068359077,0.00148004200309515,-0.0002025419962592423
96002,54,0,3,0,0.0005125830066390336,2.9332994017750025e-05,0.001266542007215321,0.00011541700223460793,0.0019238750101067126,0.0015250000287778676,0.000398874981328845
96002,55,0,3,0,0.0009092920226976275,2.945796586573124e-05,0.0011544580338522792,2.0792009308934212e-05,0.002114000031724572,0.002115209004841745,-1.208973117172718e-06
96002,56,0,3,0,0.0005004580016247928,2.979201963171363e-05,0.0007255419623106718,2.2208027075976133e-05,0.0012780000106431544,0.0012744999839924276,3.500026650726795e-06
96002,57,0,3,0,0.0004897909821011126,2.8375012334436178e-05,0.0009184170048683882,2.0458013750612736e-05,0.0014570410130545497,0.001616458990611136,-0.00015941797755658627
96002,58,0,5,0,0.0005195830017328262,3.2957992516458035e-05,0.0009377920068800449,2.2249994799494743e-05,0.001512582995928824,0.0014055410283617675,0.00010704196756705642
96002,59,0,9,0,0.0005080840201117098,2.9708025977015495e-05,0.0008029169985093176,1.91659783013165e-05,0.0013598750228993595,0.0015247080009430647,-0.00016483297804370522
96002,60,0,9,0,0.0005167080089449883,2.9292015824466944e-05,0.0008550419588573277,1.9250030163675547e-05,0.0014202920137904584,0.0014052499900572002,1.5042023733258247e-05
96003,0,0,10,0,0.0005326659884303808,4.0917017031461e-05,0.001165207999292761,2.2209016606211662e-05,0.0017610000213608146,0.0013528750278055668,0.0004081249935552478
96003,1,0,10,0,0.0006047920323908329,3.3791991882026196e-05,0.0008339160121977329,2.216699067503214e-05,0.0014946670271456242,0.0019046670058742166,-0.0004099999787285924
96003,2,3,10,0,0.0005960830021649599,3.183301305398345e-05,0.0018059999565593898,2.9500050004571676e-05,0.002463416021782905,0.0014487080043181777,0.0010147080174647272
96003,3,4,10,0,0.0005987079930491745,2.9875023756176233e-05,0.001456082973163575,2.0750041585415602e-05,0.0021054160315543413,0.0019247499876655638,0.0001806660438887775
96003,4,5,10,0,0.0006153329741209745,3.008398925885558e-05,0.0008517500245943666,4.554097540676594e-05,0.0015427079633809626,0.001715000020340085,-0.00017229205695912242
96003,5,6,10,0,0.0006313339690677822,3.0416005756706e-05,0.0008714590221643448,1.995800994336605e-05,0.001553167006932199,0.0018750419840216637,-0.00032187497708946466
96003,6,8,10,0,0.0007000420009717345,3.4999975468963385e-05,0.0014049580204300582,2.4083012249320745e-05,0.002164083009120077,0.0015428340411745012,0.0006212489679455757
96003,7,12,10,5,0.0007619999814778566,3.0166003853082657e-05,0.0010910420096479356,2.62079993262887e-05,0.0019094159943051636,0.0018772920011542737,3.2123993150889874e-05
96003,8,10,5,5,0.0007156250067055225,2.8749986086040735e-05,0.001107957970816642,2.4875043891370296e-05,0.0018772080074995756,0.0016127499984577298,0.0002644580090418458
96003,9,5,0,0,0.0006172920111566782,2.9124959837645292e-05,0.0011513330391608179,1.979200169444084e-05,0.0018175420118495822,0.0014523750287480652,0.00036516698310151696
96003,10,10,0,0,0.0007164590060710907,2.9499991796910763e-05,0.0009001250145956874,2.1832995116710663e-05,0.0016679170075803995,0.001531417015939951,0.00013649999164044857
96003,11,12,0,0,0.0007949169958010316,3.1957984901964664e-05,0.0009585419902577996,2.1208019461482763e-05,0.0018066249904222786,0.0016051250277087092,0.0002014999627135694
96003,12,13,0,0,0.0008126660250127316,3.4334021620452404e-05,0.0008193749818019569,2.2040971089154482e-05,0.0016884159995242953,0.002177415997721255,-0.0004889999981969595
96003,13,13,1,1,0.0007769580115564167,2.879201201722026e-05,0.0009944160119630396,2.0209001377224922e-05,0.0018203750369139016,0.0018815409857779741,-6.116594886407256e-05
96003,14,12,0,0,0.0009057919960469007,3.1374976970255375e-05,0.0008555410313419998,2.0083971321582794e-05,0.0018127919756807387,0.002414541959296912,-0.0006017499836161733
96003,15,16,2,2,0.0008371250005438924,2.8833048418164253e-05,0.0010110829607583582,2.2916996385902166e-05,0.001899958006106317,0.002152416971512139,-0.0002524589654058218
96003,16,17,1,1,0.0011987920152023435,3.0165945645421743e-05,0.0010606670402921736,3.2791984267532825e-05,0.0023224169854074717,0.0026087500154972076,-0.000286333030089736
96003,17,16,2,2,0.0008399590151384473,3.345799632370472e-05,0.0010251249768771231,2.3458036594092846e-05,0.001922000024933368,0.0018791669863276184,4.283303860574961e-05
96003,18,14,1,1,0.000828124990221113,3.129098331555724e-05,0.0008791250293143094,2.0249979570508003e-05,0.0017587909824214876,0.0017482920084148645,1.049897400662303e-05
96003,19,13,2,2,0.000819500011857599,3.020802978426218e-05,0.0008011249592527747,2.2499996703118086e-05,0.001673332997597754,0.0016315410030074418,4.179199459031224e-05
96003,20,11,1,1,0.0007895409944467247,2.9999995604157448e-05,0.0015240000211633742,2.1709012798964977e-05,0.0023652500240132213,0.002040749997831881,0.0003245000261813402
96003,21,10,0,0,0.0007196249789558351,2.8749986086040735e-05,0.0009947920334525406,2.1124957129359245e-05,0.0017642919556237757,0.001741416985169053,2.2874970454722643e-05
96003,22,10,0,0,0.000746666977647692,2.9916001949459314e-05,0.001212584029417485,2.2249994799494743e-05,0.002011417003814131,0.0015387500170618296,0.00047266698675230145
96003,23,10,0,0,0.0007230840274132788,2.9957969672977924e-05,0.0012998750316910446,2.1082989405840635e-05,0.002074000018183142,0.0015754170017316937,0.0004985830164514482
96003,24,10,0,0,0.0010065000387839973,3.083399496972561e-05,0.000765874981880188,2.0332983694970608e-05,0.0018235419993288815,0.0024104579933919013,-0.0005869159940630198
96003,25,10,0,0,0.000731125008314848,2.90420139208436e-05,0.0008177499985322356,2.13750172406435e-05,0.0015992920380085707,0.0016756670083850622,-7.637497037649155e-05
96003,26,10,0,0,0.0007598329684697092,3.2875046599656343e-05,0.0008197499555535614,2.195802517235279e-05,0.0016344159957952797,0.0016370000084862113,-2.5840126909315586e-06
96003,27,10,0,0,0.0007082090014591813,2.8541020583361387e-05,0.0008012919570319355,2.154201501980424e-05,0.0015595839940942824,0.002088207984343171,-0.0005286239902488887
96003,28,10,1,1,0.0007584580453112721,3.2791984267532825e-05,0.001109457982238382,2.1666986867785454e-05,0.0019223749986849725,0.0016775840194895864,0.00024479097919538617
96003,29,9,0,0,0.0007301669684238732,3.0792027246207e-05,0.0008015829953365028,2.095801755785942e-05,0.0015835000085644424,0.0017827500123530626,-0.00019925000378862023
96003,30,9,1,1,0.0007137919892556965,3.054196713492274e-05,0.0017331659910269082,7.616705261170864e-05,0.002553667000029236,0.0018749170121736825,0.0006787499878555536
96003,31,8,4,4,0.0006888339994475245,3.162497887387872e-05,0.0008544580196030438,2.320797648280859e-05,0.0015981249744072556,0.0015123750199563801,8.574995445087552e-05
96003,32,4,1,1,0.0006047920323908329,3.0832947231829166e-05,0.0006864170427434146,2.162496093660593e-05,0.0013436669833026826,0.0014456670032814145,-0.00010200001997873187
96003,33,3,3,3,0.0005807919660583138,3.0708033591508865e-05,0.001090874953661114,2.274999860674143e-05,0.0017251249519176781,0.0020181250292807817,-0.00029300007736310363
96003,34,0,0,0,0.0004935829783789814,2.862501423805952e-05,0.0009290419984608889,2.320797648280859e-05,0.0014744579675607383,0.0014621669542975724,1.229101326316595e-05
96003,35,0,0,0,0.0004940840299241245,3.266602288931608e-05,0.0009057499701157212,1.995899947360158e-05,0.0014524590224027634,0.0017372090369462967,-0.0002847500145435333
96003,36,0,1,0,0.0004921669606119394,3.091699909418821e-05,0.0010544999968260527,2.2291031200438738e-05,0.001599874987732619,0.001400000008288771,0.00019987497944384813
96003,37,0,5,0,0.0005406669806689024,3.887503407895565e-05,0.0008359159692190588,3.300001844763756e-05,0.0014484580024145544,0.0013512920122593641,9.716599015519023e-05
96003,38,0,9,0,0.0005189580260775983,3.266701241955161e-05,0.0007608329760842025,2.400000812485814e-05,0.0013364580227062106,0.0017564580193720758,-0.0004199999966658652
96004,0,0,10,0,0.0005219170125201344,3.0750001315027475e-05,0.0011960419942624867,2.1665997337549925e-05,0.0017703750054351985,0.0021342909894883633,-0.0003639159840531647
96004,1,1,10,0,0.0005272080306895077,3.02919652312994e-05,0.0013399160234257579,2.0459003280848265e-05,0.0019178750226274133,0.0015527920331805944,0.00036508298944681883
96004,2,1,10,0,0.0005388330318965018,3.091699909418821e-05,0.0016460829647257924,0.00011741701746359468,0.002333250013180077,0.0015265829861164093,0.0008066670270636678
96004,3,3,10,0,0.0005666670040227473,3.066600766032934e-05,0.0007950839935801923,2.0082981791347265e-05,0.0014124999870546162,0.0014791670255362988,-6.666703848168254e-05
96004,4,4,10,0,0.0005879999953322113,3.0084047466516495e-05,0.001035915978718549,2.0625011529773474e-05,0.0016746250330470502,0.001651874976232648,2.2750056814402342e-05
96004,5,5,10,0,0.0006292499601840973,2.9916991479694843e-05,0.0015308750444091856,2.016598591580987e-05,0.0022102079819887877,0.001565542013850063,0.0006446659681387246
96004,6,6,10,0,0.0006227500271052122,2.824998227879405e-05,0.0009484170004725456,2.1415995433926582e-05,0.0016208330052904785,0.0018117079744115472,-0.00019087496912106872
96004,7,7,10,1,0.0006482499884441495,2.7541012968868017e-05,0.0009701249655336142,2.112501533702016e-05,0.0016670409822836518,0.002004207985009998,-0.00033716700272634625
96004,8,7,9,7,0.0006670000148005784,3.0124967452138662e-05,0.0008814160246402025,2.8375012334436178e-05,0.0016069160192273557,0.001959167013410479,-0.0003522509941831231
96004,9,2,2,2,0.0005759160267189145,2.9459013603627682e-05,0.0016007910016924143,0.00012387498281896114,0.0023300410248339176,0.001400417007971555,0.0009296240168623626
96004,10,2,0,0,0.0005503339925780892,2.7875008527189493e-05,0.0009004159946925938,1.9417027942836285e-05,0.0014980420237407088,0.0017058330122381449,-0.00020779098849743605
96004,11,4,0,0,0.0010744169703684747,3.100000321865082e-05,0.0011179579887539148,2.49580480158329e-05,0.0022483330103568733,0.0023165830061770976,-6.824999582022429e-05
96004,12,6,0,0,0.0006294160266406834,2.9499991796910763e-05,0.0010212499764747918,2.1167041268199682e-05,0.0017013330361805856,0.0016673749778419733,3.395805833861232e-05
96004,13,8,0,0,0.0006804590229876339,2.8749986086040735e-05,0.0008255830034613609,2.2208027075976133e-05,0.0015570000396110117,0.002276624960359186,-0.0007196249207481742
96004,14,12,0,0,0.0008076249505393207,3.158301115036011e-05,0.0012111670221202075,2.0666979253292084e-05,0.0020710419630631804,0.0022665830329060555,-0.000195541069842875
96004,15,13,2,2,0.0007765829795971513,2.8875016141682863e-05,0.001064416952431202,2.1416053641587496e-05,0.0018912910018116236,0.0018808749737218022,1.0416028089821339e-05
96004,16,16,0,0,0.0008629579679109156,3.020901931449771e-05,0.0008063749992288649,2.0249979570508003e-05,0.0017197919660247862,0.0017788329860195518,-5.904101999476552e-05
96004,17,17,2,2,0.0009231250151060522,3.0166003853082657e-05,0.0018237920012325048,2.300000051036477e-05,0.0028000830207020044,0.0020433749887160957,0.0007567080319859087
96004,18,16,1,1,0.0009033750393427908,3.0583993066102266e-05,0.0013222909765318036,2.1042011212557554e-05,0.0022772920201532543,0.0017567910254001617,0.0005205009947530925
96004,19,15,1,1,0.0008262079791165888,2.8916983865201473e-05,0.0014306250377558172,0.00012454099487513304,0.0024102909956127405,0.0018832500209100544,0.0005270409747026861
96004,20,14,3,3,0.0008012499893084168,2.7749978471547365e-05,0.0008595840190537274,2.1458021365106106e-05,0.0017100420081987977,0.0021676250034943223,-0.0004575829952955246
96004,21,11,0,0,0.0007507919799536467,2.8665992431342602e-05,0.0010867920354939997,2.3917004000395536e-05,0.0018901670118793845,0.0016872089472599328,0.00020295806461945176
96004,22,11,0,0,0.0007426670053973794,2.987496554851532e-05,0.0007222500280477107,1.9458006136119366e-05,0.0015142500051297247,0.0016693330253474414,-0.0001550830202177167
96004,23,11,0,0,0.0007375419954769313,2.875004429370165e-05,0.0008692079572938383,1.9291997887194157e-05,0.0016547919949516654,0.0016111249569803476,4.366703797131777e-05
96004,24,11,0,0,0.0007384999771602452,2.7958012651652098e-05,0.0013354580150917172,3.024999750778079e-05,0.0021321660024113953,0.0017652499955147505,0.00036691600689664483
96004,25,11,0,0,0.0007514170138165355,3.0957977287471294e-05,0.0015856249956414104,2.1167041268199682e-05,0.002389167028013617,0.002170375024434179,0.00021879200357943773
96004,26,11,1,1,0.0007993329782038927,5.920900730416179e-05,0.0012473330134525895,4.21669683419168e-05,0.002148041967302561,0.0014454580377787352,0.0007025839295238256
96004,27,10,0,0,0.000709459010977298,2.920802216976881e-05,0.0014260829775594175,2.258399035781622e-05,0.0021873340010643005,0.001857166993431747,0.0003301670076325536
96004,28,10,0,0,0.0007094169850461185,2.8332986403256655e-05,0.001421125023625791,0.00010133400792255998,0.002260209002997726,0.00168674997985363,0.0005734590231440961
96004,29,10,0,0,0.0007327090133912861,3.270799061283469e-05,0.0007338330033235252,2.154201501980424e-05,0.0015207920223474503,0.0025955410092137754,-0.0010747489868663251
96004,30,10,1,1,0.0007511670119129121,3.20419785566628e-05,0.0008852080209180713,2.4707987904548645e-05,0.0016931249992921948,0.0015542919863946736,0.00013883301289752126
96004,31,9,0,0,0.0007136249914765358,2.9833056032657623e-05,0.0008555419626645744,1.9208004232496023e-05,0.0016182080144062638,0.001681625028140843,-6.341701373457909e-05
96004,32,9,2,2,0.00069491594331339,3.1709030736237764e-05,0.0010613750200718641,2.1290965378284454e-05,0.0018092909594997764,0.0017406660481356084,6.862491136416793e-05
96004,33,7,1,1,0.0006624170346185565,2.9332994017750025e-05,0.0008566670003347099,2.2666994482278824e-05,0.0015710840234532952,0.0017040420207194984,-0.00013295799726620317
96004,34,6,1,1,0.000633042014669627,2.9082992114126682e-05,0.0017128330073319376,2.2249994799494743e-05,0.002397208008915186,0.0018944580224342644,0.0005027499864809215
96004,35,5,1,1,0.000634916010312736,3.041699528694153e-05,0.0010998329962603748,2.2709020413458347e-05,0.0017878750222735107,0.001717457955237478,7.041706703603268e-05
96004,36,4,1,1,0.0006093329866416752,3.15000070258975e-05,0.0008286669617518783,2.0208011846989393e-05,0.0014897079672664404,0.0014764160150662065,1.3291952200233936e-05
96004,37,3,2,2,0.0005972090293653309,3.3165968488901854e-05,0.0007178750238381326,2.258399035781622e-05,0.0013708340120501816,0.0013731250073760748,-2.2909953258931637e-06
96004,38,1,0,0,0.0009435410029254854,2.9542017728090286e-05,0.0009539169841445982,2.1208019461482763e-05,0.0019482080242596567,0.0020745829679071903,-0.00012637494364753366
96004,39,1,0,0,0.0005490420153364539,3.220798680558801e-05,0.0006965419743210077,2.0875013433396816e-05,0.0012986669898964465,0.0015002909931354225,-0.000201624003238976
96004,40,1,0,0,0.000512917002197355,2.8790964279323816e-05,0.0010010840487666428,2.2416003048419952e-05,0.0015652080182917416,0.0014435420162044466,0.00012166600208729506
96004,41,1,1,1,0.0005244170315563679,2.824998227879405e-05,0.0009750829776749015,1.9834027625620365e-05,0.0015475840191356838,0.001822874997742474,-0.0002752909786067903
96004,42,0,0,0,0.0005095829837955534,2.9292015824466944e-05,0.0012584159849211574,2.579198917374015e-05,0.001823082973714918,0.0014846670092083514,0.0003384159645065665
96004,43,0,0,0,0.000500958994962275,2.9082992114126682e-05,0.0009996669832617044,1.991604221984744e-05,0.0015496250125579536,0.0015736250206828117,-2.400000812485814e-05
96004,44,0,0,0,0.0004914579913020134,2.90420139208436e-05,0.0012123329797759652,2.112501533702016e-05,0.0017539580003358424,0.0013385830097831786,0.0004153749905526638
96004,45,0,2,0,0.0005157499690540135,2.879201201722026e-05,0.0016771660302765667,2.158398274332285e-05,0.0022432919940911233,0.0014527909806929529,0.0007905010133981705
96004,46,0,4,0,0.0005278339958749712,2.9999995604157448e-05,0.0009673750028014183,1.9208004232496023e-05,0.001544416998513043,0.0017821250366978347,-0.0002377080381847918
96004,47,0,7,0,0.0005096669774502516,2.9916001949459314e-05,0.000646458996925503,1.895800232887268e-05,0.0012049999786540866,0.0012991660041734576,-9.416602551937103e-05
96004,48,0,7,0,0.0005074999644421041,2.9417045880109072e-05,0.0006444169557653368,1.9250030163675547e-05,0.0012005839962512255,0.0014470000169239938,-0.00024641602067276835
96004,49,0,9,0,0.0005097080138511956,2.9292015824466944e-05,0.0006487499922513962,1.8749968148767948e-05,0.0012064999900758266,0.0014141249703243375,-0.00020762498024851084
96005,0,0,10,0,0.0005027499864809215,3.875000402331352e-05,0.0010670830379240215,2.0374951418489218e-05,0.0016289579798467457,0.001343499985523522,0.00028545799432322383
96005,1,0,10,0,0.0004936250043101609,2.9125018045306206e-05,0.0010560829541645944,2.1042011212557554e-05,0.001599874987732619,0.001581041025929153,1.883396180346608e-05
96005,2,2,10,0,0.000539708009455353,2.8292008209973574e-05,0.0009210409480147064,1.9875005818903446e-05,0.0015089159714989364,0.0017222909955307841,-0.00021337502403184772
96005,3,3,10,0,0.000558916013687849,2.779200440272689e-05,0.0015569580136798322,2.095900708809495e-05,0.002164625038858503,0.001532499969471246,0.0006321250693872571
96005,4,4,10,0,0.0005890000029467046,2.987496554851532e-05,0.0016163749969564378,0.0001163340057246387,0.0023515839711762965,0.0015739579685032368,0.0007776260026730597
96005,5,6,10,0,0.000656625023111701,3.1333009246736765e-05,0.0007424170034937561,1.9957951735705137e-05,0.001450332987587899,0.001729041978251189,-0.00027870899066329
96005,6,8,10,1,0.0007052500150166452,3.2999960239976645e-05,0.001061249990016222,2.274999860674143e-05,0.0018222499638795853,0.0017754160217009485,4.683394217863679e-05
96005,7,7,9,7,0.0006457080016843975,2.8332986403256655e-05,0.0011382499942556024,4.208402242511511e-05,0.0018543750047683716,0.0014950839686207473,0.00035929103614762425
96005,8,3,2,2,0.0005854169721715152,2.9999995604157448e-05,0.0011882910039275885,2.2084044758230448e-05,0.0018257920164614916,0.0015796670340932906,0.000246124982368201
96005,9,3,0,0,0.0005847499705851078,3.470800584182143e-05,0.0006752500194124877,3.21249826811254e-05,0.0013268329785205424,0.0015052499948069453,-0.00017841701628640294
96005,10,5,0,0,0.0006346659502014518,3.120902692899108e-05,0.0008562909788452089,1.950003206729889e-05,0.0015416659880429506,0.0015095839626155794,3.2082025427371264e-05
96005,11,7,0,0,0.0006625420064665377,2.97910301014781e-05,0.0012294999905861914,3.8416997995227575e-05,0.001960250025149435,0.0019459580071270466,1.429201802238822e-05
96005,12,11,0,0,0.0007400419563055038,2.8665992431342602e-05,0.0012617090251296759,2.962502185255289e-05,0.002060041995719075,0.0017840000218711793,0.00027604197384789586
96005,13,13,0,0,0.000916459015570581,3.795797238126397e-05,0.0011632500099949539,2.170802326872945e-05,0.0021393750212155282,0.0018856250098906457,0.0002537500113248825
96005,14,16,0,0,0.0008707910310477018,3.0208961106836796e-05,0.0008228750084526837,2.170802326872945e-05,0.0017455830238759518,0.001821374986320734,-7.579196244478226e-05
96005,15,17,0,0,0.000910000002477318,3.16659570671618e-05,0.0010092920274473727,2.1332991309463978e-05,0.0019722909783013165,0.0020735409925691783,-0.00010125001426786184
96005,16,18,2,2,0.0008880000095814466,2.8125010430812836e-05,0.0015413750079460442,0.00010745797771960497,0.0025649580056779087,0.001927083998452872,0.0006378740072250366
96005,17,17,5,5,0.0008921670378185809,2.9791961424052715e-05,0.0008731660200282931,2.26249685510993e-05,0.001817749987822026,0.0018262919620610774,-8.541974239051342e-06
96005,18,13,1,1,0.0007880409830249846,2.9416987672448158e-05,0.0009547080262564123,2.0625011529773474e-05,0.0017927910084836185,0.0016085830284282565,0.00018420798005536199
96005,19,12,0,0,0.0007610000320710242,2.9124959837645292e-05,0.0009103750344365835,1.937500201165676e-05,0.0017198750283569098,0.00147762504639104,0.00024224998196586967
96005,20,12,0,0,0.0010521250078454614,4.087499110028148e-05,0.0008662500185891986,2.766697434708476e-05,0.001986916991882026,0.00239483400946483,-0.00040791701758280396
96005,21,12,0,0,0.0008172079687938094,3.441702574491501e-05,0.0008359170169569552,2.2040971089154482e-05,0.001709582982584834,0.0017709999810904264,-6.141699850559235e-05
96005,22,12,0,0,0.0007820000173524022,2.9707967769354582e-05,0.0006357920356094837,1.9957951735705137e-05,0.0014674579724669456,0.0016218330129049718,-0.0001543750404380262
96005,23,12,0,0,0.0008831669692881405,3.63329891115427e-05,0.0007992080063559115,2.216699067503214e-05,0.0017408749554306269,0.0016311249928548932,0.00010974996257573366
96005,24,12,0,0,0.0008128749905154109,3.041699528694153e-05,0.0008540410199202597,2.0834035240113735e-05,0.0017181670409627259,0.0017133749788627028,4.792062100023031e-06
96005,25,12,1,1,0.0007965830154716969,5.549995694309473e-05,0.005076125031337142,5.058397073298693e-05,0.0059787919744849205,0.012833667045924813,-0.006854875071439892
96005,26,11,0,0,0.0007912499713711441,4.57499991171062e-05,0.0010344170150347054,2.5833025574684143e-05,0.0018972500110976398,0.002668250002898276,-0.000770999991800636
96005,27,11,1,1,0.0007780410232953727,3.933400148525834e-05,0.0019645830034278333,2.9041955713182688e-05,0.002810999983921647,0.0023015420301817358,0.0005094579537399113
96005,28,10,0,0,0.0007320420118048787,3.087497316300869e-05,0.0009796250378713012,2.1249987185001373e-05,0.00176379201002419,0.0018512080423533916,-8.74160323292017e-05
96005,29,10,0,0,0.0008272090344689786,3.6457960959523916e-05,0.0013878750032745302,2.0708015654236078e-05,0.002272250014357269,0.0020041659590788186,0.00026808405527845025
96005,30,10,1,1,0.0008161250152625144,3.495794953778386e-05,0.0010838330490514636,2.4416949599981308e-05,0.001959332963451743,0.0019908329704776406,-3.15000070258975e-05
96005,31,9,1,1,0.0007080839714035392,3.020802978426218e-05,0.0012577080051414669,2.7709000278264284e-05,0.0020237090066075325,0.002378709032200277,-0.00035500002559274435
96005,32,8,0,0,0.0006767499726265669,2.916704397648573e-05,0.002196582965552807,2.354203024879098e-05,0.0029260420124046504,0.0022753749508410692,0.0006506670615635812
96005,33,8,0,0,0.0006927080103196204,3.654201282188296e-05,0.0015512499958276749,2.316600875928998e-05,0.002303666027728468,0.0035527499858289957,-0.0012490839581005275
96005,34,8,1,1,0.0006852500373497605,3.129098331555724e-05,0.0034608339774422348,3.604101948440075e-05,0.004213416017591953,0.0035618749679997563,0.0006515410495921969
96005,35,7,3,3,0.0006686249980702996,3.279204247519374e-05,0.0022685829899273813,3.908301005139947e-05,0.003009083040524274,0.0022804169566370547,0.0007286660838872194
96005,36,4,2,2,0.0006357919774018228,3.7165998946875334e-05,0.0021215840242803097,0.00011274998541921377,0.0029072919860482216,0.002506999997422099,0.0004002919886261225
96005,37,2,1,1,0.0005603749887086451,3.704102709889412e-05,0.0009283339604735374,4.854099825024605e-05,0.0015742909745313227,0.004535166022833437,-0.002960875048302114
96005,38,1,0,0,0.0005525830201804638,3.633397864177823e-05,0.0017120830016210675,2.3707980290055275e-05,0.002324707980733365,0.0023832079605199397,-5.849997978657484e-05
96005,39,1,0,0,0.0005857079522684216,3.4709053579717875e-05,0.001135040947701782,2.4084001779556274e-05,0.0017795419553294778,0.003257207979913801,-0.0014776660245843232
96005,40,1,1,1,0.0005332090076990426,3.070797538384795e-05,0.0015067080385051668,2.26249685510993e-05,0.0020932499901391566,0.0014397089835256338,0.0006535410066135228
96005,41,0,1,0,0.0005083329742774367,3.104202914983034e-05,0.002231249993201345,2.8125010430812836e-05,0.002798750007059425,0.0018093750113621354,0.0009893749956972897
96005,42,0,1,0,0.0005055830115452409,2.9999995604157448e-05,0.0009074999834410846,2.033304190263152e-05,0.0014634160324931145,0.001577707997057587,-0.00011429196456447244
96005,43,0,2,0,0.0005072079948149621,3.004202153533697e-05,0.0009839579579420388,4.437501775100827e-05,0.0015655829920433462,0.0014574169763363898,0.00010816601570695639
96005,44,0,2,0,0.0005244159838184714,3.408401971682906e-05,0.001666833006311208,2.1792016923427582e-05,0.002247125026769936,0.002523584000300616,-0.00027645897353067994
96005,45,0,2,0,0.0007928329869173467,3.0333001632243395e-05,0.002050958981271833,2.1458021365106106e-05,0.0028955829911865294,0.002570000011473894,0.0003255829797126353
96005,46,0,3,0,0.0005622919998131692,3.483303589746356e-05,0.0013097079936414957,2.01669754460454e-05,0.001927000004798174,0.002574583049863577,-0.000647583045065403
96005,47,0,6,0,0.0005564999883063138,3.345799632370472e-05,0.0017854590550996363,2.3332948330789804e-05,0.0023987499880604446,0.002521666989196092,-0.0001229170011356473
96005,48,0,7,0,0.0005380419897846878,3.92910442315042e-05,0.0015344590065069497,3.0333001632243395e-05,0.002142125042155385,0.0017880420200526714,0.0003540830221027136
96005,49,0,9,0,0.0005171250086277723,3.0791969038546085e-05,0.001319041009992361,2.4124979972839355e-05,0.0018910829676315188,0.0015441669966094196,0.00034691597102209926
96005,50,0,9,0,0.0004975839983671904,2.8999987989664078e-05,0.0013964580139145255,2.2249994799494743e-05,0.0019452919950708747,0.0016372919781133533,0.00030800001695752144
96006,0,0,10,0,0.0005086669698357582,3.0333001632243395e-05,0.0013828340452164412,0.0001207079621963203,0.002042541978880763,0.0025057500461116433,-0.00046320806723088026
96006,1,0,10,0,0.000520166999194771,3.200001083314419e-05,0.0010731660295277834,2.0083971321582794e-05,0.0016454170108772814,0.0024615409784018993,-0.0008161239675246179
96006,2,1,10,0,0.0005805830005556345,3.379205008968711e-05,0.0022747499751858413,2.3040978703647852e-05,0.0029121660045348108,0.0012273340253159404,0.0016848319792188704
96006,3,2,10,0,0.00059720897115767,3.320799442008138e-05,0.000672499998472631,2.2417050786316395e-05,0.0013253340148366988,0.0011957089882344007,0.00012962502660229802
96006,4,5,10,0,0.0006190830026753247,2.9208953492343426e-05,0.0007277080439962447,1.9749975763261318e-05,0.001395749975927174,0.0018288749852217734,-0.0004331250092945993
96006,5,8,10,0,0.0006794579676352441,2.862501423805952e-05,0.0007629580213688314,2.1291954908519983e-05,0.001492332958150655,0.001280291995499283,0.00021204096265137196
96006,6,10,10,2,0.0007028339896351099,2.8582988306879997e-05,0.0007254999945871532,2.1832995116710663e-05,0.0014787499676458538,0.0017254999838769436,-0.00024675001623108983
96006,7,10,8,8,0.0007698749541305006,3.2291049137711525e-05,0.0005560839781537652,2.3833010345697403e-05,0.0013820829917676747,0.0014996250392869115,-0.0001175420475192368
96006,8,4,0,0,0.0005971250357106328,3.1832954846322536e-05,0.0010625420254655182,2.31250305660069e-05,0.0017146250465884805,0.0020399579661898315,-0.000325332919601351
96006,9,4,0,0,0.0005962499999441206,2.9540969990193844e-05,0.0004479999770410359,1.9625003915280104e-05,0.0010934159508906305,0.0015236249892041087,-0.00043020903831347823
96006,10,8,0,0,0.0007072080043144524,3.112497506663203e-05,0.0014296669978648424,3.612501313909888e-05,0.0022041249903850257,0.0013541669468395412,0.0008499580435454845
96006,11,9,0,0,0.0007019590120762587,3.0165945645421743e-05,0.0015789590543136,2.2374966647475958e-05,0.0023334589786827564,0.001709542004391551,0.0006239169742912054
96006,12,10,0,0,0.0007989580044522882,3.7792022339999676e-05,0.0017722909688018262,2.1792016923427582e-05,0.0026308330125175416,0.0013539580395445228,0.0012768749729730189
96006,13,15,0,0,0.0008350000134669244,3.0374969355762005e-05,0.0008672080002725124,2.0084029529243708e-05,0.0017526670126244426,0.002312124997843057,-0.0005594579852186143
96006,14,16,2,2,0.0008705829968675971,3.5416975151747465e-05,0.0008256250293925405,2.5374989490956068e-05,0.001756999990902841,0.00282866699853912,-0.0010716670076362789
96006,15,15,0,0,0.0008192500099539757,2.887495793402195e-05,0.0004720840370282531,2.0415987819433212e-05,0.001340624992735684,0.0014504999853670597,-0.00010987499263137579
96006,16,15,1,1,0.0008819159702397883,3.7167046684771776e-05,0.0009587079985067248,2.6958994567394257e-05,0.0019047500099986792,0.0014361250214278698,0.00046862498857080936
96006,17,17,2,2,0.0008814579923637211,2.9458024073392153e-05,0.0013003749772906303,2.316699828952551e-05,0.002234457992017269,0.0019354999531060457,0.0002989580389112234
96006,18,15,1,1,0.0008240420138463378,2.8165988624095917e-05,0.0005280000041238964,2.116698306053877e-05,0.0014013749896548688,0.0015040410216897726,-0.00010266603203490376
96006,19,14,1,1,0.000793500046711415,2.841599052771926e-05,0.000683666963595897,1.9833038095384836e-05,0.001525416038930416,0.0014519169926643372,7.349904626607895e-05
96006,20,13,1,1,0.0007711249636486173,2.8292008209973574e-05,0.0004742080345749855,2.0459003280848265e-05,0.0012940840097144246,0.0013947919942438602,-0.00010070798452943563
96006,21,12,1,1,0.0007498330087400973,2.824998227879405e-05,0.0005725829978473485,4.170899046584964e-05,0.0013923749793320894,0.001280499971471727,0.00011187500786036253
96006,22,11,1,1,0.0008023749687708914,3.4333032090216875e-05,0.0006259579677134752,2.4917011614888906e-05,0.0014875829801894724,0.0019229169702157378,-0.0004353339900262654
96006,23,10,1,1,0.0008224580087698996,4.166702274233103e-05,0.0013618329539895058,2.237502485513687e-05,0.0022483330103568733,0.0017478750087320805,0.0005004580016247928
96006,24,9,0,0,0.0007161250105127692,3.066699719056487e-05,0.0005239169695414603,2.2416003048419952e-05,0.0012931249802932143,0.0015834580408409238,-0.00029033306054770947
96006,25,9,0,0,0.0007260420243255794,3.1832954846322536e-05,0.0005296250456012785,1.962494570761919e-05,0.0013071249704807997,0.0012401670101098716,6.695796037092805e-05
96006,26,9,1,1,0.0007035000016912818,2.8958020266145468e-05,0.0012384169967845082,2.358300844207406e-05,0.0019944580271840096,0.0013822089531458914,0.0006122490740381181
96006,27,8,1,1,0.0007055840105749667,3.3374992199242115e-05,0.0007677910034544766,2.2499996703118086e-05,0.0015292500029318035,0.0018089580116793513,-0.00027970800874754786
96006,28,7,1,1,0.0006636249599978328,3.054103581234813e-05,0.000500958994962275,1.999997766688466e-05,0.0012151249684393406,0.0015447500045411289,-0.0003296250361017883
96006,29,6,0,0,0.000633500050753355,2.9749993700534105e-05,0.00111233297502622,2.1208019461482763e-05,0.001796791038941592,0.002217833010945469,-0.00042104197200387716
96006,30,6,1,1,0.0006835000240243971,3.366702003404498e-05,0.0005098750116303563,2.1666986867785454e-05,0.0012487090425565839,0.0015360830002464354,-0.0002873739576898515
96006,31,5,0,0,0.0006349579780362546,3.0583993066102266e-05,0.0007845829823054373,2.1292013116180897e-05,0.0014714169665239751,0.0013944170204922557,7.699994603171945e-05
96006,32,5,3,3,0.0006425409810617566,3.2374984584748745e-05,0.0017335840384475887,2.3290980607271194e-05,0.0024317909847013652,0.0012998749734833837,0.0011319160112179816
96006,33,2,2,2,0.0005857499781996012,3.225001273676753e-05,0.0021197079913690686,2.3124972358345985e-05,0.0027608329546637833,0.0011881249956786633,0.00157270795898512
96006,34,0,1,0,0.0005215829587541521,2.8542010113596916e-05,0.0013904580264352262,1.958396751433611e-05,0.0019601669628173113,0.0017147079925052822,0.0002454589703120291
96006,35,0,1,0,0.0005524589796550572,3.5958015359938145e-05,0.0006756670190952718,2.0332983694970608e-05,0.0012844169978052378,0.0018140000174753368,-0.000529583019670099
96006,36,0,5,0,0.000510042009409517,2.9875023756176233e-05,0.0004694999661296606,1.991604221984744e-05,0.0010293330415152013,0.0013907080283388495,-0.0003613749868236482
96006,37,0,6,0,0.0005046669975854456,2.9082992114126682e-05,0.000533499987795949,2.0916981156915426e-05,0.0010881669586524367,0.0010505840182304382,3.75829404219985e-05
96006,38,0,7,0,0.0005083750002086163,2.9124959837645292e-05,0.000916167045943439,2.0040955860167742e-05,0.0014737079618498683,0.001453499950002879,2.0208011846989393e-05
96006,39,0,7,0,0.0005278330063447356,3.120803739875555e-05,0.0009289589943364263,2.1415995433926582e-05,0.001509416033513844,0.0012154169962741435,0.00029399903723970056
96006,40,0,8,0,0.0005044999998062849,2.9875023756176233e-05,0.0005146669573150575,1.954101026058197e-05,0.0010685829911381006,0.001291833003051579,-0.00022325001191347837
96006,41,0,9,0,0.00048812502063810825,2.9166985768824816e-05,0.00044295802945271134,1.912500010803342e-05,0.0009793750359676778,0.0010490840068086982,-6.970897084102035e-05
96007,0,1,10,0,0.0005344590172171593,3.183301305398345e-05,0.0017932080081664026,2.0709005184471607e-05,0.002380209043622017,0.0010505840182304382,0.0013296250253915787
96007,1,1,10,0,0.0005272920243442059,2.824998227879405e-05,0.0004525420372374356,1.937500201165676e-05,0.0010274590458720922,0.0011094160145148635,-8.195696864277124e-05
96007,2,1,10,0,0.0005192500539124012,2.9332994017750025e-05,0.0011670420062728226,4.4249987695366144e-05,0.00175987504189834,0.001691750017926097,6.812502397224307e-05
96007,3,2,10,0,0.0005915419897064567,3.687501884996891e-05,0.0017307499656453729,2.1583051420748234e-05,0.0023807500256225467,0.0017461669631302357,0.000634583062492311
96007,4,4,10,0,0.0006035409751348197,2.9542017728090286e-05,0.0004397080047056079,2.01669754460454e-05,0.0010929579730145633,0.0013195829815231264,-0.00022662500850856304
96007,5,4,10,0,0.0006019579595886171,3.104202914983034e-05,0.0007739999564364552,2.037500962615013e-05,0.0014273749548010528,0.0011840829974971712,0.00024329195730388165
96007,6,8,10,0,0.0006891670054756105,3.100000321865082e-05,0.0007974169566296041,2.1458021365106106e-05,0.0015390419866889715,0.0019902500207535923,-0.00045120803406462073
96007,7,9,10,1,0.0007537090568803251,3.2957992516458035e-05,0.0006606669630855322,2.154102548956871e-05,0.001468875037971884,0.002397709002252668,-0.0009288339642807841
96007,8,10,9,9,0.0007825830252841115,3.26669542118907e-05,0.0017054580384865403,3.508297959342599e-05,0.0025557909975759685,0.0013816250138916075,0.001174165983684361
96007,9,1,0,0,0.0005334590096026659,4.666595486924052e-05,0.0013366670464165509,2.2666994482278824e-05,0.0019394590053707361,0.002551542012952268,-0.000612083007581532
96007,10,4,0,0,0.0006210420397110283,3.354198997840285e-05,0.0012157079763710499,9.904202306643128e-05,0.0019693340291269124,0.0011674999841488898,0.0008018340449780226
96007,11,8,0,0,0.0006996250012889504,3.054103581234813e-05,0.0012462919694371521,2.1875021047890186e-05,0.001998333027586341,0.001261875033378601,0.0007364579942077398
96007,12,11,0,0,0.0007887500105425715,3.187498077750206e-05,0.0010430000256747007,2.2833002731204033e-05,0.0018864580197259784,0.0030274169985204935,-0.0011409589787945151
96007,13,15,1,1,0.0009102500043809414,3.404199378564954e-05,0.0006259999936446548,2.341700019314885e-05,0.0015937089920043945,0.002159374998882413,-0.0005656660068780184
96007,14,17,0,0,0.0009101670002564788,3.120797919109464e-05,0.0014100840198807418,2.3083004634827375e-05,0.0023745420039631426,0.001836540992371738,0.0005380010115914047
96007,15,18,1,1,0.0009110000100918114,3.166601527482271e-05,0.0012613339931704104,2.220796886831522e-05,0.0022262079874053597,0.002032040967606008,0.0001941670197993517
96007,16,17,1,1,0.0008826249977573752,3.062502946704626e-05,0.0008833750034682453,2.274999860674143e-05,0.0018193750292994082,0.0014791670255362988,0.00034020800376310945
96007,17,16,1,1,0.0008829170255921781,3.062497125938535e-05,0.0004986660205759108,2.0875013433396816e-05,0.001433083030860871,0.002259375003632158,-0.000826291972771287
96007,18,16,3,3,0.0008456659852527082,2.9583985451608896e-05,0.0004867910174652934,2.099998528137803e-05,0.0013830409734509885,0.001534709008410573,-0.00015166803495958447
96007,19,13,2,2,0.0007751249941065907,2.804095856845379e-05,0.0005053750355727971,2.037500962615013e-05,0.0013289159978739917,0.0015258750063367188,-0.00019695900846272707
96007,20,11,1,1,0.0007266250322572887,2.7791946195065975e-05,0.0007548330468125641,2.37500062212348e-05,0.0015330000314861536,0.0022500839550048113,-0.0007170839235186577
96007,21,10,0,0,0.0007502089720219374,3.116601146757603e-05,0.0011927090235985816,2.1957966964691877e-05,0.001996041974052787,0.0016477080062031746,0.00034833396784961224
96007,22,10,0,0,0.0007467090035788715,3.474997356534004e-05,0.0013100409996695817,2.1042011212557554e-05,0.0021125419880263507,0.002396667026914656,-0.0002841250388883054
96007,23,10,0,0,0.0007219999679364264,2.9999995604157448e-05,0.0009670830331742764,2.458400558680296e-05,0.0017436670023016632,0.0017693329718895257,-2.566596958786249e-05
96007,24,10,0,0,0.0007197919767349958,2.9332994017750025e-05,0.0006199170020408928,2.1875021047890186e-05,0.001390916993841529,0.0014258339651860297,-3.491697134450078e-05
96007,25,10,0,0,0.000757291039917618,3.1833944376558065e-05,0.0012007500045001507,1.975003397092223e-05,0.002009625022765249,0.001373708015307784,0.0006359170074574649
96007,26,10,0,0,0.0007357089780271053,3.0041032005101442e-05,0.0004959169891662896,2.0332983694970608e-05,0.001281999982893467,0.0015645830426365137,-0.00028258305974304676
96007,27,10,0,0,0.0007224999717436731,3.0333001632243395e-05,0.0004371670074760914,1.9625003915280104e-05,0.001209624984767288,0.0025489169638603926,-0.0013392919790931046
96007,28,10,0,0,0.0007434160215780139,3.0166993383318186e-05,0.0014687079819850624,2.116698306053877e-05,0.002263457980006933,0.001262917008716613,0.0010005409712903202
96007,29,10,0,0,0.0007295829709619284,3.0542025342583656e-05,0.0012831249623559415,2.0042003598064184e-05,0.0020632919622585177,0.001446791982743889,0.0006164999795146286
96007,30,10,3,3,0.0007207500166259706,3.2750016544014215e-05,0.0007749999640509486,2.274999860674143e-05,0.0015512499958276749,0.0016002919874154031,-4.904199158772826e-05
96007,31,7,1,1,0.0006567499949596822,2.9749993700534105e-05,0.0008964579901657999,1.912500010803342e-05,0.0016020829789340496,0.0022452090051956475,-0.0006431260262615979
96007,32,6,2,2,0.0006222500232979655,2.7542002499103546e-05,0.0008507079910486937,2.0458013750612736e-05,0.0015209580305963755,0.001219875004608184,0.00030108302598819137
96007,33,4,0,0,0.0005796669865958393,2.804095856845379e-05,0.000599792052526027,1.962494570761919e-05,0.0012271249433979392,0.001315042027272284,-8.791708387434483e-05
96007,34,4,2,2,0.0006051660166122019,2.9166985768824816e-05,0.00048450002213940024,2.0625011529773474e-05,0.0011394580360502005,0.0011119999689981341,2.7458067052066326e-05
96007,35,2,2,2,0.0005648329970426857,4.9250025767832994e-05,0.001553500012960285,2.983299782499671e-05,0.0021974160335958004,0.0031686669681221247,-0.0009712509345263243
96007,36,0,0,0,0.0005144579918123782,3.633397864177823e-05,0.0004861659836024046,2.4209031835198402e-05,0.0010611669858917594,0.0019974170136265457,-0.0009362500277347863
96007,37,0,0,0,0.0005068329628556967,2.979201963171363e-05,0.0018648330005817115,2.116698306053877e-05,0.0024226249661296606,0.0014298750320449471,0.0009927499340847135
96007,38,0,0,0,0.0005180420121178031,3.108294913545251e-05,0.0004115840420126915,2.012500772252679e-05,0.000980834010988474,0.0014750830014236271,-0.0004942489904351532
96007,39,0,0,0,0.0004988340078853071,2.9749993700534105e-05,0.00041512498864904046,1.9749975763261318e-05,0.000963458965998143,0.0011115000233985484,-0.0001480410574004054
96007,40,0,1,0,0.000497667002491653,2.879201201722026e-05,0.0004195829969830811,1.916696783155203e-05,0.0009652089793235064,0.0015396670205518603,-0.000574458041228354
96007,41,0,1,0,0.000494415988214314,2.7875008527189493e-05,0.0009277919889427722,2.5374989490956068e-05,0.0014754579751752317,0.0012847090256400406,0.00019074894953519106
96007,42,0,2,0,0.0005228329682722688,3.104202914983034e-05,0.000549374963156879,2.0000035874545574e-05,0.0011232499964535236,0.0017611249932087958,-0.0006378749967552722
96007,43,0,2,0,0.0005067919846624136,2.904096618294716e-05,0.0006145420484244823,2.3457978386431932e-05,0.001173832977656275,0.0016934589948505163,-0.0005196260171942413
96007,44,0,4,0,0.0004979170043952763,3.0166003853082657e-05,0.0011464999988675117,1.958396751433611e-05,0.0016941669746302068,0.001141624990850687,0.0005525419837795198
96007,45,0,7,0,0.0005044160061515868,2.9416987672448158e-05,0.0006682499661110342,1.975003397092223e-05,0.0012218329939059913,0.0013785839546471834,-0.0001567509607411921
96007,46,0,7,0,0.0005430000019259751,3.3750024158507586e-05,0.0011594169773161411,6.029102951288223e-05,0.001796458032913506,0.0020122499554418027,-0.0002157919225282967
96007,47,0,9,0,0.0005037499940954149,2.883299021050334e-05,0.0008727500098757446,2.041697734966874e-05,0.0014257499715313315,0.001537540985736996,-0.0001117910142056644
96007,48,0,9,0,0.000499500019941479,2.8875016141682863e-05,0.0009719170047901571,1.95419997908175e-05,0.0015198340406641364,0.0018716250197030604,-0.000351790979038924
96008,0,0,10,0,0.0005218750447966158,3.0166993383318186e-05,0.00046929100062698126,2.0333973225206137e-05,0.0010416670120321214,0.0010159999947063625,2.5667017325758934e-05
96008,1,0,10,0,0.0005630410159938037,3.374996595084667e-05,0.0010682090069167316,2.216600114479661e-05,0.0016871659900061786,0.0010811249958351254,0.0006060409941710532
96008,2,2,10,0,0.0005693340208381414,4.158297087997198e-05,0.0014506670413538814,2.1040963474661112e-05,0.002082624996546656,0.0013937909970991313,0.0006888339994475245
96008,3,3,10,0,0.0005985419848002493,3.120797919109464e-05,0.0007635000511072576,1.9749975763261318e-05,0.001412999990861863,0.0013677080278284848,4.5291963033378124e-05
96008,4,6,10,0,0.0006287500145845115,2.8291018679738045e-05,0.0010146249551326036,1.933402381837368e-05,0.0016910000122152269,0.0016874579596333206,3.5420525819063187e-06
96008,5,8,10,0,0.0006727920263074338,2.829195000231266e-05,0.0008760410128161311,1.9250030163675547e-05,0.0015963750192895532,0.0012707090354524553,0.0003256659838370979
96008,6,10,10,2,0.0007148750009946525,2.824998227879405e-05,0.0007303750026039779,2.300000051036477e-05,0.0014964999863877892,0.0012541250325739384,0.00024237495381385088
96008,7,9,8,8,0.0007084999815560877,3.0082999728620052e-05,0.0004861250054091215,2.3792032152414322e-05,0.0012485000188462436,0.0013684999430552125,-0.00011999992420896888
96008,8,5,0,0,0.0006140840123407543,2.9332994017750025e-05,0.0008957920363172889,2.6582973077893257e-05,0.0015657920157536864,0.0019107090192846954,-0.00034491700353100896
96008,9,9,0,0,0.0006845419993624091,2.8790964279323816e-05,0.0004645420121960342,2.2457970771938562e-05,0.0012003329466097057,0.001684957998804748,-0.00048462505219504237
96008,10,10,0,0,0.0007113330066204071,2.783298259600997e-05,0.00047200004337355494,1.9749975763261318e-05,0.0012309160083532333,0.001258208998478949,-2.7292990125715733e-05
96008,11,13,0,0,0.0007715829997323453,2.783298259600997e-05,0.0004461250500753522,1.9499973859637976e-05,0.0012650410062633455,0.0012939170119352639,-2.8876005671918392e-05
96008,12,14,2,2,0.0007942080264911056,2.824998227879405e-05,0.000692416972015053,2.0750041585415602e-05,0.0015356250223703682,0.001978375017642975,-0.0004427499952726066
96008,13,13,1,1,0.0008569580386392772,3.233295865356922e-05,0.0011567090405151248,2.1707965061068535e-05,0.0020677080028690398,0.0014648750075139105,0.0006028329953551292
96008,14,14,0,0,0.0008565000025555491,3.191694850102067e-05,0.0011045410064980388,2.0750041585415602e-05,0.002013707999140024,0.0014357910258695483,0.0005779169732704759
96008,15,14,2,2,0.0008015410276129842,2.9166985768824816e-05,0.0005094169755466282,2.054101787507534e-05,0.0013606660068035126,0.003019375028088689,-0.0016587090212851763
96008,16,14,0,0,0.0008356250473298132,3.0957977287471294e-05,0.0004799999878741801,2.0458013750612736e-05,0.0013670410262420774,0.0014580839779227972,-9.104295168071985e-05
96008,17,14,2,2,0.0008616250124759972,3.037502756342292e-05,0.0008108339970931411,2.1374959032982588e-05,0.0017242089961655438,0.002038541017100215,-0.00031433202093467116
96008,18,12,1,1,0.0008031250326894224,2.987496554851532e-05,0.0005735420272685587,2.1124957129359245e-05,0.0014276669826358557,0.0021364159765653312,-0.0007087489939294755
96008,19,12,2,2,0.0007546670385636389,2.8541951905936003e-05,0.0005679160240106285,2.033403143286705e-05,0.0013714590459130704,0.001302374992519617,6.908405339345336e-05
96008,20,10,0,0,0.000717707967851311,2.9749993700534105e-05,0.0005798330530524254,1.9874947611242533e-05,0.001347165962215513,0.0012615829473361373,8.55830148793757e-05
96008,21,10,0,0,0.00075179198756814,4.2208004742860794e-05,0.0012017919798381627,2.4040986318141222e-05,0.0020198329584673047,0.0019092910224571824,0.0001105419360101223
96008,22,10,0,0,0.0007497920305468142,3.133295103907585e-05,0.0007400840404443443,2.0540959667414427e-05,0.0015417499816976488,0.0020538329845294356,-0.0005120830028317869
96008,23,10,0,0,0.0007361669559031725,3.0333001632243395e-05,0.001190749986562878,2.4875043891370296e-05,0.001982124987989664,0.002087291970383376,-0.0001051669823937118
96008,24,10,1,1,0.0007275000098161399,3.487500362098217e-05,0.0006322920089587569,3.954098792746663e-05,0.0014342080103233457,0.0017955420189537108,-0.00036133400863036513
96008,25,9,2,2,0.0007058329647406936,2.9459013603627682e-05,0.0009431249927729368,2.174999099224806e-05,0.0017001669621095061,0.0016894160071387887,1.075095497071743e-05
96008,26,7,3,3,0.0006531249964609742,3.0416005756706e-05,0.001217624987475574,2.1709012798964977e-05,0.0019228750024922192,0.0014133329968899488,0.0005095420056022704
96008,27,4,1,1,0.0006192920263856649,3.1374976970255375e-05,0.0005361250368878245,2.120796125382185e-05,0.0012080000014975667,0.001210707996506244,-2.707995008677244e-06
96008,28,3,2,2,0.000595749996136874,3.108399687334895e-05,0.0005872499896213412,2.1415995433926582e-05,0.0012354999780654907,0.0013717089896090329,-0.00013620901154354215
96008,29,1,1,1,0.0005342920194379985,3.429100615903735e-05,0.0007324590114876628,2.279097680002451e-05,0.0013238330138847232,0.0014267920050770044,-0.00010295899119228125
96008,30,0,1,0,0.0005069170147180557,2.9624963644891977e-05,0.0007566250278614461,1.999997766688466e-05,0.0013131669838912785,0.001401167013682425,-8.800002979114652e-05
96008,31,0,3,0,0.0005182079621590674,3.020802978426218e-05,0.0009695420158095658,1.999997766688466e-05,0.00153795798541978,0.001101749949157238,0.000436208036262542
96008,32,0,3,0,0.0005189580260775983,3.0207971576601267e-05,0.0009212919976562262,1.995800994336605e-05,0.0014904160052537918,0.0011537910322658718,0.00033662497298792005
96008,33,0,7,0,0.0005414580227807164,3.254198236390948e-05,0.0009687500423751771,2.1457963157445192e-05,0.0015642080106772482,0.0012750410242006183,0.00028916698647662997
96008,34,0,7,0,0.000494042003992945,3.0540977604687214e-05,0.0006213749875314534,2.054200740531087e-05,0.0011664999765343964,0.0015471660299226642,-0.00038066605338826776
96008,35,0,8,0,0.0005233330302871764,2.8709007892757654e-05,0.0008375829784199595,1.9708008039742708e-05,0.0014093330246396363,0.0010908750118687749,0.0003184580127708614
96009,0,0,10,0,0.0005058330134488642,3.154197474941611e-05,0.0011921669938601553,2.174999099224806e-05,0.0017512919730506837,0.0014744999934919178,0.0002767919795587659
96009,1,1,10,0,0.0005344580276869237,2.9459013603627682e-05,0.0007827499648556113,1.995800994336605e-05,0.0013666250160895288,0.001348000019788742,1.8624996300786734e-05
96009,2,1,10,0,0.0007236659876070917,2.845900598913431e-05,0.001219791010953486,2.099998528137803e-05,0.00199291598983109,0.002070249989628792,-7.733399979770184e-05
96009,3,2,10,0,0.0005757500184699893,3.125000512227416e-05,0.0008473749621771276,2.475001383572817e-05,0.0014791249996051192,0.0014523749705404043,2.675002906471491e-05
96009,4,5,10,0,0.0006167080136947334,2.8582988306879997e-05,0.0010622499976307154,2.19999928958714e-05,0.0017295409925282001,0.0015211669960990548,0.00020837399642914534
96009,5,7,10,0,0.0006597909959964454,2.9500050004571676e-05,0.0010111669544130564,2.008303999900818e-05,0.0017205410404130816,0.001751457981299609,-3.09169408865273e-05
96009,6,8,10,0,0.0006876250263303518,2.8708018362522125e-05,0.0008573749801144004,2.041697734966874e-05,0.001594125002156943,0.0016839170129969716,-8.979201084002852e-05
96009,7,9,10,4,0.0007035830058157444,2.866698196157813e-05,0.000998291012365371,2.4374981876462698e-05,0.0017549159820191562,0.0017425830010324717,1.233298098668456e-05
96009,8,5,6,5,0.0006252079620026052,2.9166985768824816e-05,0.0009012500522658229,2.420798409730196e-05,0.0015798329841345549,0.0013832919648848474,0.00019654101924970746
96009,9,7,1,1,0.0006661250372417271,3.008398925885558e-05,0.0012115410063415766,2.1374959032982588e-05,0.0019291249918751419,0.002077749988529831,-0.0001486249966546893
96009,10,8,0,0,0.0006852910155430436,2.8166978154331446e-05,0.0010097920312546194,2.2249994799494743e-05,0.0017455000197514892,0.0018486250191926956,-0.00010312499944120646
96009,11,11,0,0,0.0007492080330848694,2.829195000231266e-05,0.0005502499989233911,2.1041021682322025e-05,0.0013487910036928952,0.0016596250352449715,-0.00031083403155207634
96009,12,15,0,0,0.0008724579820409417,3.1709030736237764e-05,0.0009183749789372087,1.999997766688466e-05,0.0018425419693812728,0.0020068750018253922,-0.00016433303244411945
96009,13,15,1,1,0.0008253330015577376,2.808397402986884e-05,0.0005759579944424331,2.1916988771408796e-05,0.0014512919588014483,0.0017292079865001142,-0.00027791602769866586
96009,14,16,0,0,0.0008583329617977142,4.350004019215703e-05,0.0004811669932678342,2.13750172406435e-05,0.001404375012498349,0.0016682909918017685,-0.0002639159793034196
96009,15,17,1,1,0.000880249950569123,3.0125025659799576e-05,0.0005986670148558915,2.1874962840229273e-05,0.0015309169539250433,0.0019839589949697256,-0.00045304204104468226
96009,16,17,1,1,0.0008858750225044787,2.8791953809559345e-05,0.0006000000284984708,2.3250002413988113e-05,0.001537917007226497,0.002196500019636005,-0.0006585830124095082
96009,17,16,0,0,0.0009055419941432774,3.2374984584748745e-05,0.0004977500066161156,2.099998528137803e-05,0.0014566669706255198,0.0013589580194093287,9.770895121619105e-05
96009,18,16,1,1,0.0008459169766865671,2.9165996238589287e-05,0.0005074170185253024,1.975003397092223e-05,0.001402250025421381,0.0017841659719124436,-0.00038191594649106264
96009,19,16,3,3,0.0008334160083904862,2.8292008209973574e-05,0.0007198749808594584,2.8083042707294226e-05,0.0016096660401672125,0.0016693329671397805,-5.9666926972568035e-05
96009,20,13,1,1,0.0008483330020681024,4.762498429045081e-05,0.0008152500377036631,2.0833977032452822e-05,0.001732042001094669,0.0017719999887049198,-3.995798761025071e-05
96009,21,12,1,1,0.000760875002015382,2.9125018045306206e-05,0.0005385419935919344,2.0208011846989393e-05,0.001348750025499612,0.001396416046191007,-4.7666020691394806e-05
96009,22,11,1,1,0.0007570830057375133,4.333298420533538e-05,0.0011471670004539192,3.1917006708681583e-05,0.0019794999971054494,0.0020249169901944697,-4.541699308902025e-05
96009,23,10,0,0,0.000776791013777256,3.645900869742036e-05,0.0015598330064676702,2.1832995116710663e-05,0.0023949160240590572,0.0016998749924823642,0.0006950410315766931
96009,24,10,0,0,0.0007764580077491701,3.454199759289622e-05,0.0006936250138096511,2.1915999241173267e-05,0.0015265410183928907,0.0016880409675650299,-0.00016149994917213917
96009,25,10,0,0,0.0007431670092046261,3.1167000997811556e-05,0.0005139999557286501,2.1875021047890186e-05,0.001310208986978978,0.0016280420240946114,-0.0003178330371156335
96009,26,10,0,0,0.000732583983335644,2.9125018045306206e-05,0.0006793750217184424,2.0457955542951822e-05,0.0014615419786423445,0.001259292010217905,0.00020224996842443943
96009,27,10,0,0,0.000709374959114939,2.9417045880109072e-05,0.0005349579732865095,1.9458995666354895e-05,0.0012932089739479125,0.001550332992337644,-0.00025712401838973165
96009,28,10,0,0,0.0007024999940767884,2.7499976567924023e-05,0.0008211249951273203,1.912500010803342e-05,0.0015702499658800662,0.0014686670037917793,0.00010158296208828688
96009,29,10,2,2,0.0007245410233736038,2.7916976250708103e-05,0.0007039170013740659,2.0332983694970608e-05,0.0014767079846933484,0.0013876250013709068,8.908298332244158e-05
96009,30,8,4,4,0.0006619169726036489,2.820801455527544e-05,0.0008107500034384429,2.5582965463399887e-05,0.0015264579560607672,0.0013537920312955976,0.00017266592476516962
96009,31,4,0,0,0.0005993330269120634,3.0082999728620052e-05,0.000883874949067831,1.8834020011126995e-05,0.0015321249957196414,0.0013683749712072313,0.00016375002451241016
96009,32,4,1,1,0.0006014999817125499,2.8125010430812836e-05,0.0006198330083861947,2.0792009308934212e-05,0.0012702500098384917,0.001356207998469472,-8.595798863098025e-05
96009,33,3,2,2,0.0005850419984199107,3.1292031053453684e-05,0.00047629099572077394,2.1499989088624716e-05,0.001114125014282763,0.0013337080017663538,-0.00021958298748359084
96009,34,1,1,1,0.0005484999855980277,3.3374992199242115e-05,0.001205667038448155,3.56250093318522e-05,0.001823167025577277,0.0011882079998031259,0.0006349590257741511
96009,35,0,0,0,0.0005187090137042105,3.0082999728620052e-05,0.0007578749791719019,2.1082989405840635e-05,0.0013277499820105731,0.0017778329784050584,-0.00045008299639448524
96009,36,0,0,0,0.0005176249542273581,2.9541028197854757e-05,0.000613874988630414,2.0709005184471607e-05,0.0011817499762400985,0.001530707988422364,-0.0003489580121822655
96009,37,0,0,0,0.0005036669899709523,3.0333001632243395e-05,0.0005293749854899943,2.0458013750612736e-05,0.0010838329908438027,0.0016880420153029263,-0.0006042090244591236
96009,38,0,0,0,0.0005011250032112002,2.8375012334436178e-05,0.0011738750035874546,2.0292005501687527e-05,0.0017236670246347785,0.0012240830110386014,0.0004995840135961771
96009,39,0,2,0,0.000500541995279491,2.7999980375170708e-05,0.0009741670219227672,2.1457963157445192e-05,0.001524166960734874,0.0015858749975450337,-6.170803681015968e-05
96009,40,0,7,0,0.000533499987795949,3.712502075359225e-05,0.0008162499871104956,2.4124979972839355e-05,0.0014109999756328762,0.0013858330203220248,2.5166955310851336e-05
96009,41,0,9,0,0.0005238750018179417,3.4791999496519566e-05,0.0009304169798269868,2.3458036594092846e-05,0.0015125420177355409,0.002039833983872086,-0.0005272919661365449
96010,0,1,10,0,0.0005240829777903855,2.9333983547985554e-05,0.0006690410082228482,2.241699257865548e-05,0.0012448749621398747,0.001529957982711494,-0.00028508302057161927
96010,1,3,10,0,0.0005686249933205545,2.8125010430812836e-05,0.0010060000349767506,2.0916981156915426e-05,0.0016236670198850334,0.0013416250003501773,0.0002820420195348561
96010,2,4,10,0,0.0006140000186860561,3.145897062495351e-05,0.0012157910387031734,2.058397512882948e-05,0.0018818340031430125,0.0018722079694271088,9.626033715903759e-06
96010,3,5,10,0,0.0006163329817354679,2.900004619732499e-05,0.0007511669537052512,1.8833030480891466e-05,0.0014153330121189356,0.0017799580236896873,-0.00036462501157075167
96010,4,6,10,0,0.0006675409968011081,3.162503708153963e-05,0.0007747499621473253,1.95419997908175e-05,0.0014934579958207905,0.001850042026489973,-0.00035658403066918254
96010,5,6,10,0,0.0009984999778680503,3.183301305398345e-05,0.001091583981178701,2.0291015971451998e-05,0.0021422079880721867,0.002159833034966141,-1.7625046893954277e-05
96010,6,8,10,0,0.0007085000397637486,3.0333991162478924e-05,0.0007960000075399876,2.2416003048419952e-05,0.001557250041514635,0.0014884169795550406,6.883306195959449e-05
96010,7,16,10,10,0.000836874998640269,2.766697434708476e-05,0.0007026250241324306,2.4915963876992464e-05,0.0015920829609967768,0.0015614160220138729,3.066693898290396e-05
96010,8,7,0,0,0.0006432909867726266,2.804200630635023e-05,0.0012292080209590495,0.00011133396765217185,0.002011874981690198,0.0012311249738559127,0.0007807500078342855
96010,9,7,0,0,0.0006814579828642309,3.091699909418821e-05,0.000898416037671268,2.316699828952551e-05,0.0016339580179192126,0.0020604580058716238,-0.0004264999879524112
96010,10,9,0,0,0.000733375025447458,3.208295674994588e-05,0.0010473339934833348,2.1832995116710663e-05,0.0018346249707974494,0.0014606249751523137,0.00037399999564513564
96010,11,11,0,0,0.000779292022343725,3.21660190820694e-05,0.0007987089920789003,2.1415995433926582e-05,0.0016315830289386213,0.002175083034671843,-0.0005435000057332218
96010,12,13,0,0,0.0009701250237412751,3.549997927621007e-05,0.0008614999824203551,2.6084017008543015e-05,0.0018932090024463832,0.0028187499847263098,-0.0009255409822799265
96010,13,15,0,0,0.0008655830170027912,3.412499791011214e-05,0.0014265840291045606,2.19999928958714e-05,0.0023482920369133353,0.0020970419864170253,0.00025125005049631
96010,14,16,0,0,0.000850166950840503,2.8875016141682863e-05,0.0008352500153705478,2.0875013433396816e-05,0.0017351669957861304,0.001591874985024333,0.00014329201076179743
96010,15,16,0,0,0.0008829170255921781,3.145798109471798e-05,0.0012496670242398977,2.0875013433396816e-05,0.0021849170443601906,0.0016257080133073032,0.0005592090310528874
96010,16,18,1,1,0.0009219589992426336,3.0082999728620052e-05,0.0008238750160671771,2.0832987502217293e-05,0.001796750002540648,0.0017193329986184835,7.741700392216444e-05
96010,17,19,1,1,0.0009173339931294322,2.8790964279323816e-05,0.0018880839925259352,0.00012404104927554727,0.0029582499992102385,0.001645500015001744,0.0013127499842084944
96010,18,18,2,2,0.0009194579906761646,2.883397974073887e-05,0.0009233750170096755,2.0458013750612736e-05,0.0018921250011771917,0.002376832999289036,-0.00048470799811184406
96010,19,16,1,1,0.0008702500490471721,2.9749993700534105e-05,0.0007900409982539713,2.19999928958714e-05,0.001712041033897549,0.0016394999693147838,7.25410645827651e-05
96010,20,15,1,1,0.0008487080340273678,3.1791976653039455e-05,0.0008737919852137566,2.3208034690469503e-05,0.0017775000305846334,0.002768708043731749,-0.0009912080131471157
96010,21,14,2,2,0.0008102080319076777,2.8542010113596916e-05,0.0010509580024518073,2.1541956812143326e-05,0.0019112500012852252,0.0016116669867187738,0.0002995830145664513
96010,22,12,1,1,0.0007599170203320682,2.841599052771926e-05,0.0011742499773390591,2.458400558680296e-05,0.0019871669937856495,0.0015620830236002803,0.00042508397018536925
96010,23,11,0,0,0.0007406669901683927,2.945796586573124e-05,0.0006114169955253601,1.9833038095384836e-05,0.0014013749896548688,0.0014636669657193124,-6.229197606444359e-05
96010,24,11,1,1,0.0007422500057145953,2.8749986086040735e-05,0.0007800409803166986,2.0000035874545574e-05,0.0015710410079918802,0.0014924579882062972,7.858301978558302e-05
96010,25,10,0,0,0.0007181669934652746,2.8916983865201473e-05,0.0007539159851148725,1.9834027625620365e-05,0.0015208339900709689,0.0014168750494718552,0.0001039589405991137
96010,26,10,0,0,0.0007419169996865094,2.9458024073392153e-05,0.0007549590081907809,2.179096918553114e-05,0.0015481250011362135,0.001989833021070808,-0.00044170801993459463
96010,27,10,0,0,0.0007377919973805547,2.9332994017750025e-05,0.0009638750343583524,2.0499981474131346e-05,0.0017515000072307885,0.0017480420065112412,3.4580007195472717e-06
96010,28,10,0,0,0.0007281670114025474,2.8875016141682863e-05,0.0014085829607211053,0.00011854199692606926,0.002284166985191405,0.0018866249592974782,0.0003975420258939266
96010,29,10,0,0,0.0007415000000037253,2.9332994017750025e-05,0.0006559580215252936,2.01669754460454e-05,0.0014469579909928143,0.0018818750395439565,-0.0004349170485511422
96010,30,10,0,0,0.0007277500117197633,2.8542010113596916e-05,0.0011755420127883554,0.00012199999764561653,0.002053834032267332,0.001768167014233768,0.0002856670180335641
96010,31,10,0,0,0.000743791984859854,3.283302066847682e-05,0.0007067499682307243,2.1709012798964977e-05,0.0015050839865580201,0.0015852079959586263,-8.012400940060616e-05
96010,32,10,0,0,0.0007068749982863665,2.779101487249136e-05,0.0005986249889247119,1.89170241355896e-05,0.0013522080262191594,0.001423874986357987,-7.166696013882756e-05
96010,33,10,0,0,0.0007067920523695648,2.7374946512281895e-05,0.000603791035246104,1.8584018107503653e-05,0.0013565420522354543,0.0014809580170549452,-0.0001244159648194909
96010,34,10,0,0,0.0007280000136233866,2.9749993700534105e-05,0.0006702499813400209,1.9458006136119366e-05,0.001447457994800061,0.0015459999558515847,-9.854196105152369e-05
96010,35,10,0,0,0.0007724579772911966,3.166700480505824e-05,0.001005500031169504,1.9625003915280104e-05,0.0018292500171810389,0.0015080830198712647,0.00032116699730977416
96010,36,10,0,0,0.0007240840350277722,2.8291018679738045e-05,0.0011652089888229966,1.958297798410058e-05,0.0019371670205146074,0.001580999989528209,0.00035616703098639846
96010,37,10,1,1,0.0007392090046778321,3.037502756342292e-05,0.0006148749962449074,2.054101787507534e-05,0.0014050000463612378,0.002000458014663309,-0.0005954579683020711
96010,38,9,3,3,0.0007309999782592058,3.1125033274292946e-05,0.0010889999684877694,2.2249994799494743e-05,0.0018733749748207629,0.0014814590103924274,0.00039191596442833543
96010,39,6,0,0,0.0006365419831126928,2.9582995921373367e-05,0.0007086250116117299,2.0458013750612736e-05,0.0013952080043964088,0.001545207982417196,-0.00014999997802078724
96010,40,6,4,4,0.0006400829879567027,2.8916983865201473e-05,0.0007971670129336417,2.316600875928998e-05,0.0014893329935148358,0.001558583986479789,-6.925099296495318e-05
96010,41,2,0,0,0.0005415830528363585,2.8374954126775265e-05,0.001686000032350421,0.00013691699132323265,0.0023928750306367874,0.0014411659794859588,0.0009517090511508286
96010,42,2,0,0,0.0005289170076139271,3.0082999728620052e-05,0.0011244170018471777,3.98330157622695e-05,0.0017232500249519944,0.002585250011179596,-0.0008619999862276018
96010,43,2,0,0,0.0005587920313701034,6.487499922513962e-05,0.0019068329711444676,5.1292008720338345e-05,0.002581792010460049,0.0015590830007568002,0.0010227090097032487
96010,44,2,2,2,0.0005990000208839774,3.829202614724636e-05,0.0017502919654361904,2.7915986720472574e-05,0.0024154999991878867,0.0017965420265682042,0.0006189579726196826
96010,45,0,0,0,0.0005067909951321781,3.283401019871235e-05,0.0009731660247780383,2.341700019314885e-05,0.0015362080303020775,0.0017867080168798566,-0.00025049998657777905
96010,46,0,0,0,0.0005192080279812217,2.9499991796910763e-05,0.0009086249629035592,1.975003397092223e-05,0.0014770830166526139,0.001443082990590483,3.400002606213093e-05
96010,47,0,0,0,0.0005047500017099082,2.8999987989664078e-05,0.0008332079742103815,1.9000028260052204e-05,0.001385957992170006,0.0015062089660204947,-0.00012025097385048866
96010,48,0,0,0,0.0005248749512247741,3.6917044781148434e-05,0.0010289169731549919,2.9999995604157448e-05,0.0016207089647650719,0.0019250839832238853,-0.00030437501845881343
96010,49,0,0,0,0.0005253750132396817,3.749999450519681e-05,0.0009871660149656236,2.679199678823352e-05,0.0015768330194987357,0.0015920419828034937,-1.5208963304758072e-05
96010,50,0,0,0,0.0005628750077448785,6.145902443677187e-05,0.001652665960136801,3.204203676432371e-05,0.002309042029082775,0.002306375012267381,2.667016815394163e-06
96010,51,0,1,0,0.000544707989320159,3.833300434052944e-05,0.0012311669997870922,3.283302066847682e-05,0.0018470410141162574,0.0019467080128379166,-9.966699872165918e-05
96010,52,0,3,0,0.0005097500397823751,3.9624981582164764e-05,0.0010483330115675926,5.0499977078288794e-05,0.0016482080100104213,0.002212375053204596,-0.0005641670431941748
96010,53,0,5,0,0.0005028329906053841,3.304198617115617e-05,0.0015385830192826688,9.570899419486523e-05,0.0021701669902540743,0.001834082999266684,0.0003360839909873903
96010,54,0,8,0,0.0005317910108715296,4.33750101365149e-05,0.0008224999764934182,3.241701051592827e-05,0.001430083008017391,0.0020504590356722474,-0.0006203760276548564
96010,55,0,9,0,0.000527750002220273,3.383401781320572e-05,0.0008072080090641975,2.19999928958714e-05,0.0013907920219935477,0.002265750023070723,-0.0008749580010771751
96011,0,0,10,0,0.0005126670002937317,3.21660190820694e-05,0.0006785420118831098,2.679199678823352e-05,0.0012501670280471444,0.0013513339799828827,-0.00010116695193573833
96011,1,0,10,0,0.0005869590095244348,3.770797047764063e-05,0.000933125033043325,2.2124964743852615e-05,0.001579916977789253,0.0013398330193012953,0.00024008395848795772
96011,2,2,10,0,0.0005608749925158918,3.266701241955161e-05,0.0008008749573491514,2.0625011529773474e-05,0.0014150419738143682,0.001361000002361834,5.40419714525342e-05
96011,3,2,10,0,0.0005482499836944044,3.141601337119937e-05,0.000759459042456001,3.2790994737297297e-05,0.001371916034258902,0.0014550419873557985,-8.312595309689641e-05
96011,4,4,10,0,0.0006337499944493175,3.574998117983341e-05,0.0007872080313973129,2.6333960704505444e-05,0.0014830419677309692,0.001349666970781982,0.00013337499694898725
96011,5,5,10,0,0.0006245419499464333,2.9875023756176233e-05,0.0006998329772613943,1.975003397092223e-05,0.001373999984934926,0.0015573329874314368,-0.00018333300249651074
96011,6,7,10,0,0.0006602919893339276,2.9041024390608072e-05,0.0007384999771602452,1.8584018107503653e-05,0.0014464170089922845,0.0014048329903744161,4.1584018617868423e-05
96011,7,11,10,3,0.0007554999901913106,2.820801455527544e-05,0.0007025839877314866,2.0415987819433212e-05,0.0015067079802975059,0.001521041034720838,-1.4333054423332214e-05
96011,8,10,7,7,0.0007700420101173222,3.287498839199543e-05,0.0015258329804055393,0.0001164580462500453,0.002445208025164902,0.0015953749534673989,0.0008498330716975033
96011,9,5,0,0,0.0006197500042617321,2.9958027880638838e-05,0.0010996669880114496,2.4541979655623436e-05,0.001773916999809444,0.0015480000292882323,0.00022591697052121162
96011,10,7,0,0,0.0006792090134695172,3.7207966670393944e-05,0.0005609170184470713,2.68329749815166e-05,0.001304166973568499,0.0014947499730624259,-0.00019058299949392676
96011,11,8,0,0,0.0006632920121774077,2.8458016458898783e-05,0.0012394169461913407,0.00011004204861819744,0.0020412090234458447,0.0014748750254511833,0.0005663339979946613
96011,12,10,0,0,0.0007327080238610506,3.062497125938535e-05,0.0004017500323243439,2.054200740531087e-05,0.0011856250348500907,0.001824999984819442,-0.0006393749499693513
96011,13,15,1,1,0.000842333014588803,3.037502756342292e-05,0.0009864169987849891,2.6416964828968048e-05,0.0018855420057661831,0.001317207992542535,0.0005683340132236481
96011,14,15,0,0,0.0009351249900646508,3.487500362098217e-05,0.00045354198664426804,2.2416003048419952e-05,0.001445957983378321,0.0014795000315643847,-3.3542048186063766e-05
96011,15,16,0,0,0.0009399580303579569,3.412499791011214e-05,0.0015373330097645521,0.00011737499153241515,0.0026287910295650363,0.0016721659922041,0.0009566250373609364
96011,16,17,1,1,0.0009605840314179659,3.320799442008138e-05,0.0010982920066453516,2.729095285758376e-05,0.0021193749853409827,0.001775749959051609,0.00034362502628937364
96011,17,16,2,2,0.0008610410150140524,2.90420139208436e-05,0.0005446249851956964,2.0916981156915426e-05,0.0014556249952875078,0.0013790419907309115,7.658300455659628e-05
96011,18,15,0,0,0.0008182079764083028,3.166700480505824e-05,0.0005097920075058937,2.099998528137803e-05,0.0013806669740006328,0.0015973750269040465,-0.00021670805290341377
96011,19,16,1,1,0.000986333005130291,5.241698818281293e-05,0.0010945830144919455,2.9709015507251024e-05,0.0021630420233123004,0.002552042016759515,-0.00038899999344721437
96011,20,15,1,1,0.0008985829772427678,3.604200901463628e-05,0.0009622080251574516,2.283294452354312e-05,0.0019196659559383988,0.0015187919489108026,0.00040087400702759624
96011,21,14,4,4,0.000832833000458777,3.2416952308267355e-05,0.0011482920381240547,2.5582965463399887e-05,0.002039124956354499,0.0014779160264879465,0.0005612089298665524
96011,22,10,0,0,0.000731542007997632,3.0499999411404133e-05,0.0006031249649822712,2.1792016923427582e-05,0.001386958989314735,0.0012091249809600413,0.00017783400835469365
96011,23,10,0,0,0.0007381250034086406,3.0499999411404133e-05,0.001212499977555126,2.0042003598064184e-05,0.002001166983973235,0.0012675000471062958,0.0007336669368669391
96011,24,10,0,0,0.0007409160025417805,3.0583993066102266e-05,0.00046441599261015654,2.112501533702016e-05,0.0012570410035550594,0.0018297919887118042,-0.0005727509851567447
96011,25,10,0,0,0.0007475419552065432,2.9582995921373367e-05,0.0007380000315606594,1.979200169444084e-05,0.0015349169843830168,0.0011891250032931566,0.0003457919810898602
96011,26,10,2,2,0.0007545000407844782,3.1333009246736765e-05,0.00040366698522120714,2.1875021047890186e-05,0.0012113750563003123,0.0012058330466970801,5.542009603232145e-06
96011,27,8,0,0,0.0007552499882876873,3.308302257210016e-05,0.0004160829703323543,2.1709012798964977e-05,0.0012261249939911067,0.0018480829894542694,-0.0006219579954631627
96011,28,8,1,1,0.0007013750146143138,3.100000321865082e-05,0.0007645419682376087,2.0042003598064184e-05,0.0015169589896686375,0.001270540989935398,0.0002464179997332394
96011,29,7,2,2,0.0006757910014130175,3.0041963327676058e-05,0.0004046250251121819,2.0499981474131346e-05,0.0011309579713270068,0.001126791990827769,4.165980499237776e-06
96011,30,5,0,0,0.0006024999893270433,3.158301115036011e-05,0.0006649999995715916,2.0083971321582794e-05,0.0013191669713705778,0.0011452920152805746,0.00017387495609000325
96011,31,5,1,1,0.0005953749641776085,2.8458016458898783e-05,0.0006178750190883875,2.0666979253292084e-05,0.0012623749789781868,0.0013998750364407897,-0.00013750005746260285
96011,32,4,0,0,0.000573290977627039,2.8166978154331446e-05,0.0013247079914435744,2.2875028662383556e-05,0.0019490409758873284,0.0012205420061945915,0.0007284989696927369
96011,33,4,1,1,0.0010422079940326512,3.225001273676753e-05,0.0005079170223325491,2.475001383572817e-05,0.001607125042937696,0.0021972910035401583,-0.0005901659606024623
96011,34,3,0,0,0.0006364170112647116,4.237500252202153e-05,0.0006899999571032822,2.19999928958714e-05,0.0013907919637858868,0.0012427089968696237,0.0001480829669162631
96011,35,3,1,1,0.00061962497420609,3.3791002351790667e-05,0.0010491670109331608,0.00012091698590666056,0.001823499973397702,0.0015934580005705357,0.00023004197282716632
96011,36,2,3,2,0.000556624960154295,3.0499999411404133e-05,0.00038595800288021564,2.4209031835198402e-05,0.0009972919942811131,0.0011862500105053186,-0.0001889580162242055
96011,37,0,1,0,0.0005171250086277723,2.9791961424052715e-05,0.000658040982671082,2.0084029529243708e-05,0.0012250419822521508,0.0009634160087443888,0.00026162597350776196
96011,38,0,1,0,0.0005530829657800496,3.3374992199242115e-05,0.0004111250163987279,2.2332998923957348e-05,0.001019915973301977,0.0012740829843096435,-0.0002541670110076666
96011,39,0,1,0,0.000516209052875638,2.941599814221263e-05,0.00047462497605010867,2.0666979253292084e-05,0.0010409170063212514,0.0009598330361768603,8.108397014439106e-05
96011,40,0,4,0,0.0005097499815747142,2.983398735523224e-05,0.00037887500366196036,1.9791012164205313e-05,0.0009382499847561121,0.0009700420196168125,-3.179203486070037e-05
96011,41,0,5,0,0.0005078750546090305,2.9499991796910763e-05,0.000435040972661227,1.9584025721997023e-05,0.0009920000447891653,0.001378374989144504,-0.0003863749443553388
96011,42,0,5,0,0.0005137919797562063,2.9375019948929548e-05,0.0007920829812064767,1.9459053874015808e-05,0.0013547090347856283,0.001379750028718263,-2.5040993932634592e-05
96011,43,0,8,0,0.0005050000036135316,3.200001083314419e-05,0.0006970840040594339,2.2374966647475958e-05,0.0012564589851535857,0.0015753330080769956,-0.00031887402292340994
96012,0,0,10,0,0.0005539589910767972,3.320799442008138e-05,0.0004571249592117965,2.0000035874545574e-05,0.0010642919805832207,0.0010601250105537474,4.166970029473305e-06
96012,1,1,10,0,0.0005339160561561584,3.27499583363533e-05,0.00037683401023969054,1.9332976080477238e-05,0.0009628330008126795,0.0010042909998446703,-4.1457999031990767e-05
96012,2,1,10,0,0.0005239169695414603,2.9291026294231415e-05,0.0013185839634388685,2.941599814221263e-05,0.0019012079574167728,0.0015637920005246997,0.00033741595689207315
96012,3,5,10,0,0.0006576249725185335,3.183400258421898e-05,0.0007610829779878259,2.112501533702016e-05,0.0014716669684275985,0.0011828329879790545,0.000288833980448544
96012,4,7,10,0,0.0006580000044777989,3.004202153533697e-05,0.0006672079907730222,1.9666971638798714e-05,0.0013749169884249568,0.0019379169680178165,-0.0005629999795928597
96012,5,7,10,0,0.0006594169535674155,2.8875016141682863e-05,0.0011851669987663627,2.0665989723056555e-05,0.0018941249581985176,0.0015439999988302588,0.0003501249593682587
96012,6,8,10,1,0.0006782499840483069,2.983299782499671e-05,0.0004758330178447068,2.041697734966874e-05,0.0012043329770676792,0.0014347920077852905,-0.0002304590307176113
96012,7,8,9,8,0.0006908749928697944,2.962502185255289e-05,0.000797417014837265,2.741598291322589e-05,0.0015453330124728382,0.0011779579799622297,0.00036737503251060843
96012,8,8,1,1,0.0006824580486863852,2.9124959837645292e-05,0.0005326250102370977,2.2792024537920952e-05,0.0012670000432990491,0.0011505000293254852,0.00011650001397356391
96012,9,7,0,0,0.0006713750190101564,3.1832954846322536e-05,0.0003843330196104944,1.8874998204410076e-05,0.0011064159916713834,0.0016051249695010483,-0.0004987089778296649
96012,10,10,0,0,0.0007191249751485884,2.9749993700534105e-05,0.0012041670270264149,4.1207997128367424e-05,0.001994249993003905,0.0015994170098565519,0.00039483298314735293
96012,11,10,0,0,0.0007397499866783619,3.091705730184913e-05,0.0008978749974630773,1.9874947611242533e-05,0.0016884169890545309,0.0016516659525223076,3.6751036532223225e-05
96012,12,12,0,0,0.0007809159578755498,2.9292015824466944e-05,0.0004074170137755573,1.9915984012186527e-05,0.0012375409714877605,0.001801125006750226,-0.0005635840352624655
96012,13,14,0,0,0.0008140410063788295,3.545900108292699e-05,0.0008985829772427678,2.2792024537920952e-05,0.0017708750092424452,0.0018669160199351609,-9.604101069271564e-05
96012,14,16,0,0,0.0009010829962790012,3.4833967220038176e-05,0.0009519160375930369,2.2541964426636696e-05,0.001910374965518713,0.0017897500074468553,0.00012062495807185769
96012,15,18,2,2,0.0009334590286016464,3.3750024158507586e-05,0.0005569579661823809,2.4250010028481483e-05,0.0015484170289710164,0.001856790971942246,-0.00030837394297122955
96012,16,17,0,0,0.0009541669860482216,3.3167016226798296e-05,0.0009503330220468342,2.1957966964691877e-05,0.001959624991286546,0.0015737090143375099,0.0003859159769490361
96012,17,18,2,2,0.0009127090452238917,3.091595135629177e-05,0.0011782090296037495,2.3874978069216013e-05,0.002145709004253149,0.0018745410488918424,0.00027116795536130667
96012,18,16,1,1,0.0008673340198583901,2.9749993700534105e-05,0.0009314999915659428,2.641597529873252e-05,0.0018549999804235995,0.0019378329743631184,-8.283299393951893e-05
96012,19,15,2,2,0.0008349580457434058,3.308395389467478e-05,0.0006827909965068102,2.4792039766907692e-05,0.0015756250359117985,0.0017605419852770865,-0.00018491694936528802
96012,20,13,1,1,0.0007878750329837203,2.99159437417984e-05,0.0010340420412831008,2.475001383572817e-05,0.0018765830318443477,0.0017487920122221112,0.0001277910196222365
96012,21,12,1,1,0.0007636669906787574,3.066699719056487e-05,0.0007662500138394535,2.5290995836257935e-05,0.0015858749975450337,0.0014856249908916652,0.00010025000665336847
96012,22,11,0,0,0.0007677089888602495,3.229099093005061e-05,0.0005549169727601111,2.2458028979599476e-05,0.0013773749815300107,0.001871375017799437,-0.0004940000362694263
96012,23,11,0,0,0.0007508329581469297,2.9500050004571676e-05,0.001018499955534935,2.437504008412361e-05,0.00182320800377056,0.0015241660294122994,0.00029904197435826063
96012,24,11,0,0,0.0007899170159362257,2.920802216976881e-05,0.00037691695615649223,1.895800232887268e-05,0.0012149999965913594,0.0012876659748144448,-7.26659782230854e-05
96012,25,11,0,0,0.0007499580387957394,2.887495793402195e-05,0.00039766699774190784,1.933303428813815e-05,0.0011958330287598073,0.0014814590103924274,-0.0002856259816326201
96012,26,11,1,1,0.0007661249837838113,2.8915994334965944e-05,0.0006524170166812837,1.999997766688466e-05,0.0014674579724669456,0.0012406670139171183,0.00022679095854982734
96012,27,10,0,0,0.0007357079884968698,2.883299021050334e-05,0.00037570903077721596,1.9290950149297714e-05,0.0011595409596338868,0.0014226250350475311,-0.0002630840754136443
96012,28,10,0,0,0.0015161249903030694,3.3958989661186934e-05,0.0004130409797653556,2.3083994165062904e-05,0.0019862089538946748,0.0019774999818764627,8.70897201821208e-06
96012,29,10,0,0,0.0007334160036407411,3.341701813042164e-05,0.0005228329682722688,2.616702113300562e-05,0.0013158330111764371,0.001367458957247436,-5.162594607099891e-05
96012,30,10,0,0,0.0007370419916696846,3.1291041523218155e-05,0.0005175419501028955,2.0167033653706312e-05,0.0013060420169495046,0.0012766249710693955,2.9417045880109072e-05
96012,31,10,0,0,0.0007192920311354101,2.862501423805952e-05,0.0007824579952284694,2.300000051036477e-05,0.0015533750411123037,0.0015438750269822776,9.500014130026102e-06
96012,32,10,0,0,0.000718125025741756,2.9916991479694843e-05,0.0003921249881386757,2.0708015654236078e-05,0.0011608750210143626,0.0012314579798839986,-7.058295886963606e-05
96012,33,10,0,0,0.0007092920131981373,2.9125018045306206e-05,0.0006795829976908863,2.1499989088624716e-05,0.0014395000180229545,0.001164749963209033,0.00027475005481392145
96012,34,10,0,0,0.0007534169708378613,3.145803930237889e-05,0.0004442919744178653,2.0665989723056555e-05,0.001249832974281162,0.0015616659657098353,-0.00031183299142867327
96012,35,10,0,0,0.0010764580219984055,3.3374992199242115e-05,0.0004522500094026327,2.358399797230959e-05,0.0015856670215725899,0.0023236250272020698,-0.0007379580056294799
96012,36,10,3,3,0.0007151250028982759,3.1333009246736765e-05,0.0003944589989259839,2.19999928958714e-05,0.001162917003966868,0.0014154590317048132,-0.0002525420277379453
96012,37,7,3,3,0.0006692089955322444,2.9708025977015495e-05,0.00043062499025836587,2.0875013433396816e-05,0.0011504170252010226,0.0014437089557759464,-0.00029329193057492375
96012,38,4,1,1,0.0006030420190654695,2.941599814221263e-05,0.00038937502540647984,1.941696973517537e-05,0.0010412500123493373,0.0010521250078454614,-1.087499549612403e-05
96012,39,3,1,1,0.0005794580210931599,2.8125010430812836e-05,0.0004009169642813504,1.9708008039742708e-05,0.0010282080038450658,0.0010001669870689511,2.8041016776114702e-05
96012,40,2,1,1,0.0005527500179596245,2.929195761680603e-05,0.0003745410358533263,1.995899947360158e-05,0.0009765420109033585,0.0011177920387126505,-0.00014125002780929208
96012,41,1,2,1,0.0005192499957047403,2.9165996238589287e-05,0.0007802089676260948,2.2875028662383556e-05,0.001351499988231808,0.001014542009215802,0.000336957979016006
96012,42,0,2,0,0.0004982090322300792,3.0165945645421743e-05,0.000515459047164768,2.0540959667414427e-05,0.0010643749847076833,0.0013213339843787253,-0.00025695899967104197
96012,43,0,4,0,0.0005095830420032144,3.0082999728620052e-05,0.0003971249680034816,1.9625003915280104e-05,0.0009564160136505961,0.0010372499818913639,-8.083396824076772e-05
96012,44,0,7,0,0.0005064999568276107,2.9500050004571676e-05,0.000661957950796932,2.13750172406435e-05,0.0012193329748697579,0.0013734169770032167,-0.00015408400213345885
96012,45,0,8,0,0.0004895000020042062,2.8708018362522125e-05,0.001309082959778607,0.00012183398939669132,0.0019491249695420265,0.000933834002353251,0.0010152909671887755
96013,0,0,10,0,0.0004888749681413174,2.7708010748028755e-05,0.0004070419818162918,2.012500772252679e-05,0.0009437499684281647,0.0012290839804336429,-0.00028533401200547814
96013,1,0,10,0,0.0005098329856991768,2.9082992114126682e-05,0.0003968339879065752,2.0332983694970608e-05,0.0009560829494148493,0.0009770000469870865,-2.0917097572237253e-05
96013,2,1,10,0,0.0005352500011213124,2.8416980057954788e-05,0.000383333011996001,1.9667029846459627e-05,0.0009666670230217278,0.0009829580085352063,-1.6290985513478518e-05
96013,3,2,10,0,0.0005473339697346091,2.9541028197854757e-05,0.00045645900536328554,2.3500004317611456e-05,0.0010568340076133609,0.0011790830176323652,-0.00012224901001900434
96013,4,5,10,0,0.0006280000088736415,2.9708025977015495e-05,0.000548291951417923,1.9167026039212942e-05,0.001225167012307793,0.0016960420180112123,-0.00047087500570341945
96013,5,6,10,0,0.0006259999936446548,2.9125018045306206e-05,0.0004015000304207206,2.1666986867785454e-05,0.001078292028978467,0.0011445830459706485,-6.629101699218154e-05
96013,6,12,10,4,0.0007982910028658807,3.254198236390948e-05,0.0008733330178074539,2.883397974073887e-05,0.001732999982777983,0.0014397079939953983,0.00029329198878258467
96013,7,9,6,6,0.0007565839914605021,3.7375022657215595e-05,0.0011278329766355455,4.579202504828572e-05,0.001967584015801549,0.0012815839727409184,0.0006860000430606306
96013,8,8,0,0,0.0007808330119587481,3.56250093318522e-05,0.000703957979567349,2.4042034056037664e-05,0.001544458034913987,0.002231749997008592,-0.000687291962094605
96013,9,9,0,0,0.000735500012524426,2.883299021050334e-05,0.00041204201988875866,2.1915999241173267e-05,0.0011982910218648612,0.0013122500386089087,-0.0001139590167440474
96013,10,10,0,0,0.0007760419975966215,3.312499029561877e-05,0.0008189579821191728,2.358300844207406e-05,0.0016517079784534872,0.001362374983727932,0.0002893329947255552
96013,11,11,0,0,0.0007276249816641212,2.84170382656157e-05,0.0007344579789787531,2.2499996703118086e-05,0.001512999995611608,0.0015807499876245856,-6.77499920129776e-05
96013,12,12,1,1,0.0008228750084526837,3.329099854454398e-05,0.00043045898200944066,2.3416010662913322e-05,0.0013100409996695817,0.001333833031821996,-2.3792032152414322e-05
96013,13,12,0,0,0.0009375829831697047,3.408303018659353e-05,0.0010528749553486705,2.3667002096772194e-05,0.002048207970801741,0.002351666975300759,-0.0003034590044990182
96013,14,15,0,0,0.0009727500146254897,2.9959017410874367e-05,0.0004231249913573265,2.212502295151353e-05,0.0014479590463452041,0.002238249988295138,-0.0007902909419499338
96013,15,19,0,0,0.0009291250025853515,3.083300543949008e-05,0.00044283398892730474,2.0665989723056555e-05,0.0014234579866752028,0.001533708011265844,-0.00011025002459064126
96013,16,19,0,0,0.0009271249873563647,3.037502756342292e-05,0.0007779999868944287,2.1666986867785454e-05,0.0017571669886820018,0.0015611250419169664,0.0001960419467650354
96013,17,19,0,0,0.0009151669801212847,3.145803930237889e-05,0.0004028749535791576,2.0584033336490393e-05,0.0013700840063393116,0.0016662919661030173,-0.00029620795976370573
96013,18,19,2,2,0.0009136250009760261,2.979201963171363e-05,0.0006980000180192292,2.1666986867785454e-05,0.0016630840254947543,0.0014825420221313834,0.0001805420033633709
96013,19,17,3,3,0.0008945420267991722,3.0750001315027475e-05,0.0005430409801192582,2.258399035781622e-05,0.001490916998591274,0.0013751669903285801,0.00011575000826269388
96013,20,14,0,0,0.0008321249624714255,3.0750001315027475e-05,0.0006805830053053796,2.0292005501687527e-05,0.0015637499745935202,0.001457999984268099,0.0001057499903254211
96013,21,14,2,2,0.0010127080022357404,3.1374976970255375e-05,0.00039654201827943325,2.116698306053877e-05,0.0014617919805459678,0.0013846250367350876,7.716694381088018e-05
96013,22,12,0,0,0.0007510410505346954,2.870894968509674e-05,0.0004515000036917627,2.0791019778698683e-05,0.0012520410236902535,0.001210791990160942,4.124903352931142e-05
96013,23,12,0,0,0.0008074159850366414,3.08750313706696e-05,0.0005330839776434004,2.0249979570508003e-05,0.0013916249736212194,0.0027901669964194298,-0.0013985420227982104
96013,24,12,1,1,0.0008059579995460808,2.9999995604157448e-05,0.0008857499924488366,2.2333988454192877e-05,0.0017440419760532677,0.0019161670352332294,-0.00017212505917996168
96013,25,11,0,0,0.0007567090215161443,2.9540969990193844e-05,0.001491375034675002,1.983396941795945e-05,0.0022974589955992997,0.0013085840037092566,0.000988874991890043
96013,26,11,0,0,0.0007585419807583094,2.8582988306879997e-05,0.0008988750050775707,2.112501533702016e-05,0.0017071249894797802,0.001400332956109196,0.00030679203337058425
96013,27,11,1,1,0.0007320830482058227,2.9458955395966768e-05,0.0004029159899801016,2.0459003280848265e-05,0.0011849169968627393,0.0011790840071626008,5.832989700138569e-06
96013,28,10,0,0,0.000724292011000216,2.983299782499671e-05,0.0003964999923482537,1.9082974176853895e-05,0.0011697079753503203,0.0013665409642271698,-0.0001968329888768494
96013,29,10,0,0,0.0007200000109151006,2.8332986403256655e-05,0.0010458339820615947,1.895800232887268e-05,0.0018131249817088246,0.0012440410209819674,0.0005690839607268572
96013,30,10,0,0,0.0007160840323194861,2.8499984182417393e-05,0.0008450829773209989,2.2208027075976133e-05,0.0016118750208988786,0.0012622500071302056,0.00034962501376867294
96013,31,10,0,0,0.0007052499568089843,2.9500050004571676e-05,0.0013166659628041089,2.0499981474131346e-05,0.002071915951091796,0.0021828750032000244,-0.0001109590521082282
96013,32,10,1,1,0.0007292079972103238,3.020901931449771e-05,0.00061495800036937,1.9916973542422056e-05,0.0013942919904366136,0.0016370410448871553,-0.00024274905445054173
96013,33,9,0,0,0.0007259589619934559,3.208301495760679e-05,0.00058787502348423,2.0666979253292084e-05,0.0013665839796885848,0.0011754159932024777,0.0001911679864861071
96013,34,9,0,0,0.000698207993991673,2.8333044610917568e-05,0.0003937089932151139,1.954101026058197e-05,0.0011397910420782864,0.0011624590260908008,-2.2667984012514353e-05
96013,35,9,0,0,0.0007840840262360871,3.491598181426525e-05,0.0010120419901795685,2.13750172406435e-05,0.0018524170154705644,0.0016554589965380728,0.00019695801893249154
96013,36,9,3,3,0.000693832989782095,2.8999987989664078e-05,0.00039837503572925925,2.062495332211256e-05,0.0011418329668231308,0.0018059170106425881,-0.0006640840438194573
96013,37,6,1,1,0.0010917920153588057,5.3333002142608166e-05,0.0008782499935477972,3.20419785566628e-05,0.002055416989605874,0.0018400829867459834,0.00021533400285989046
96013,38,5,1,1,0.0006088339723646641,2.9250048100948334e-05,0.001467290974687785,2.3124972358345985e-05,0.0021284999675117433,0.0019811250385828316,0.00014737492892891169
96013,39,4,1,1,0.0006237920024432242,3.1832954846322536e-05,0.0009227920090779662,0.00010133301839232445,0.0016797499847598374,0.0011555409873835742,0.0005242089973762631
96013,40,3,2,2,0.0005934580112807453,2.9916991479694843e-05,0.001084167044609785,2.5082961656153202e-05,0.0017326250090263784,0.0019105420215055346,-0.00017791701247915626
96013,41,1,0,0,0.0005227079964242876,2.8959009796380997e-05,0.0011322079808451235,2.962502185255289e-05,0.001713500008918345,0.0018630839767865837,-0.0001495839678682387
96013,42,1,0,0,0.000524125003721565,3.0750001315027475e-05,0.0006879590218886733,2.0625011529773474e-05,0.0012634590384550393,0.0019432500121183693,-0.0006797909736633301
96013,43,1,2,1,0.0005292080459184945,2.8957962058484554e-05,0.000431500026024878,2.258399035781622e-05,0.0010122500243596733,0.0011542909778654575,-0.00014204095350578427
96013,44,0,3,0,0.0005284579819999635,5.09590026922524e-05,0.0005318329785950482,2.6124995201826096e-05,0.0011373749584890902,0.0013912499998696148,-0.00025387504138052464
96013,45,0,4,0,0.0005297500174492598,3.070797538384795e-05,0.0008001670357771218,2.01669754460454e-05,0.0013807920040562749,0.0017884999979287386,-0.0004077079938724637
96013,46,0,5,0,0.0005026670405641198,2.8957962058484554e-05,0.0021365000284276903,4.691700451076031e-05,0.002715042035561055,0.0017043330008164048,0.0010107090347446501
96013,47,0,8,0,0.0004957919591106474,3.062502946704626e-05,0.0011894580093212426,2.062495332211256e-05,0.0017364999512210488,0.001035250024870038,0.0007012499263510108
96013,48,0,8,0,0.0005030420143157244,2.9124959837645292e-05,0.0006921670283190906,2.0332983694970608e-05,0.0012446669861674309,0.0016446250374428928,-0.0003999580512754619
96013,49,0,8,0,0.0005034169880673289,2.979201963171363e-05,0.00041562499245628715,1.9415980204939842e-05,0.0009682499803602695,0.0016979160136543214,-0.0007296660332940519
96013,50,0,9,0,0.0005007080035284162,2.8583977837115526e-05,0.0007887080428190529,2.0749983377754688e-05,0.0013387500075623393,0.0010212080087512732,0.00031754199881106615
96014,0,0,10,0,0.0005229589878581464,3.054103581234813e-05,0.00044066697591915727,2.1208019461482763e-05,0.0010153750190511346,0.0010130000300705433,2.374988980591297e-06
96014,1,0,10,0,0.0005095420056022704,2.8542010113596916e-05,0.0014434580225497484,2.1082989405840635e-05,0.0020026250276714563,0.0013240830157883465,0.0006785420118831098
96014,2,1,10,0,0.0005577909760177135,3.266701241955161e-05,0.0004395419964566827,2.016598591580987e-05,0.0010501659708097577,0.002189166028983891,-0.0011390000581741333
96014,3,1,10,0,0.0005385830299928784,2.9958959203213453e-05,0.0003956250147894025,2.0499981474131346e-05,0.0009846669854596257,0.0011994579690508544,-0.00021479098359122872
96014,4,3,10,0,0.0005760000203736126,4.5707973185926676e-05,0.0005132920341566205,2.062495332211256e-05,0.0011556249810382724,0.001347209035884589,-0.00019158405484631658
96014,5,3,10,0,0.0005891250330023468,2.9707967769354582e-05,0.00040600000647827983,2.0292005501687527e-05,0.0010451250127516687,0.0011433750041760504,-9.824999142438173e-05
96014,6,4,10,0,0.0006182920187711716,2.962502185255289e-05,0.000411124958191067,2.0250037778168917e-05,0.0010792920365929604,0.0012507089995779097,-0.00017141696298494935
96014,7,5,10,0,0.0006122090271674097,2.9332994017750025e-05,0.00044291699305176735,2.675002906471491e-05,0.001111209043301642,0.001174959004856646,-6.374996155500412e-05
96014,8,10,10,5,0.000734790985006839,2.96669895760715e-05,0.0009962079930119216,2.820900408551097e-05,0.0017888749716803432,0.002198707952629775,-0.00040983298094943166
96014,9,6,5,5,0.0006459170253947377,3.108300734311342e-05,0.0004369579837657511,2.504198346287012e-05,0.0011389999999664724,0.0011072499910369515,3.1750008929520845e-05
96014,10,2,0,0,0.0005489999894052744,2.9709015507251024e-05,0.0007064579986035824,2.2875028662383556e-05,0.0013080420321784914,0.0010432919953018427,0.00026475003687664866
96014,11,3,0,0,0.0005617080023512244,2.9082992114126682e-05,0.0004319589934311807,2.037500962615013e-05,0.001043124997522682,0.0010177079821005464,2.541701542213559e-05
96014,12,11,0,0,0.0007419590256176889,2.92909680865705e-05,0.00038837501779198647,1.899997005239129e-05,0.0011786249815486372,0.0020707499934360385,-0.0008921250118874013
96014,13,13,0,0,0.0007918750052340329,2.883397974073887e-05,0.0005227500223554671,2.0708015654236078e-05,0.001364167022984475,0.0012924589682370424,7.170805474743247e-05
96014,14,14,0,0,0.0008084169821813703,2.9958027880638838e-05,0.0008683750056661665,1.941696973517537e-05,0.001726166985463351,0.0021727910498157144,-0.00044662406435236335
96014,15,16,0,0,0.001113666978199035,3.1333009246736765e-05,0.001527459011413157,9.870802750810981e-05,0.0027711670263670385,0.003082041977904737,-0.0003108749515376985
96014,16,18,1,1,0.0009245420224033296,3.0750001315027475e-05,0.0004740830045193434,2.116698306053877e-05,0.0014505420112982392,0.0020715839928016067,-0.0006210419815033674
96014,17,18,0,0,0.0008894170168787241,2.8541020583361387e-05,0.00046608399134129286,1.999997766688466e-05,0.001404042006470263,0.0014186250045895576,-1.4582998119294643e-05
96014,18,19,3,3,0.0009072499815374613,3.037502756342292e-05,0.00044229201739653945,2.2540974896401167e-05,0.0014024580013938248,0.0016112499870359898,-0.00020879198564216495
96014,19,16,2,2,0.0011119169648736715,3.312499029561877e-05,0.0004255000385455787,2.2957974579185247e-05,0.0015934999682940543,0.0025734170340001583,-0.000979917065706104
96014,20,14,1,1,0.0007970419828779995,2.8582988306879997e-05,0.0004071250441484153,2.0874955225735903e-05,0.0012536249705590308,0.0013730000355280936,-0.0001193750649690628
96014,21,13,1,1,0.0008501249831169844,2.8749986086040735e-05,0.0006694580079056323,2.1625019144266844e-05,0.0015699579962529242,0.0018298749928362668,-0.00025991699658334255
96014,22,12,0,0,0.0007742499583400786,2.758303890004754e-05,0.0010503329685889184,2.0459003280848265e-05,0.0018726249691098928,0.0011966670281253755,0.0006759579409845173
96014,23,12,1,1,0.0007684589945711195,2.9250048100948334e-05,0.0006331249605864286,2.2666004952043295e-05,0.0014535000082105398,0.001973250007722527,-0.000519749999511987
96014,24,11,1,1,0.0007337079732678831,2.8999987989664078e-05,0.0012566250516101718,2.566695911809802e-05,0.002044999971985817,0.0012370829936116934,0.0008079169783741236
96014,25,10,0,0,0.0007071659783832729,2.800003858283162e-05,0.0005070419865660369,2.0625011529773474e-05,0.001262833015061915,0.0012266249977983534,3.620801726356149e-05
96014,26,10,0,0,0.0007377499714493752,2.8667040169239044e-05,0.0008022909751161933,2.0833977032452822e-05,0.0015895419637672603,0.0011971670319326222,0.0003923749318346381
96014,27,10,0,0,0.000766624987591058,3.970804391428828e-05,0.00041674997191876173,2.1333980839699507e-05,0.0012444169842638075,0.0021947919740341604,-0.0009503749897703528
96014,28,10,1,1,0.0008123749867081642,3.2791984267532825e-05,0.0005065830191597342,2.3709028027951717e-05,0.001375459018163383,0.001220082980580628,0.0001553760375827551
96014,29,9,0,0,0.0007128750439733267,2.9207963962107897e-05,0.000393084017559886,2.012500772252679e-05,0.0011552920332178473,0.0011885000276379287,-3.320799442008138e-05
96014,30,9,3,3,0.0007140830275602639,2.9416987672448158e-05,0.0009429579949937761,2.0792009308934212e-05,0.0017072500195354223,0.0018831670167855918,-0.00017591699725016952
96014,31,6,1,1,0.0006455419934354722,3.32500203512609e-05,0.00042566697811707854,2.012500772252679e-05,0.0011245839996263385,0.0011856249766424298,-6.104097701609135e-05
96014,32,5,3,3,0.0006078750011511147,3.1333998776972294e-05,0.0008640830055810511,2.4833017960190773e-05,0.0015281250234693289,0.0012366669834591448,0.00029145804001018405
96014,33,2,1,1,0.0005344169912859797,3.412499791011214e-05,0.000828583026304841,2.1291954908519983e-05,0.001418416970409453,0.0009858339908532798,0.0004325829795561731
96014,34,1,0,0,0.0005292920395731926,2.8374954126775265e-05,0.0012127920053899288,2.1208019461482763e-05,0.0017916670185513794,0.001499541976954788,0.00029212504159659147
96014,35,1,0,0,0.0005241669714450836,3.024999750778079e-05,0.0004933330346830189,2.0333973225206137e-05,0.0010680839768610895,0.001029042003210634,3.9041973650455475e-05
96014,36,1,0,0,0.0005081249983049929,2.766697434708476e-05,0.00037037499714642763,1.954101026058197e-05,0.0009257079800590873,0.0009511249954812229,-2.541701542213559e-05
96014,37,1,1,1,0.0005249999812804163,2.9499991796910763e-05,0.0007457089959643781,2.0291015971451998e-05,0.0013204999850131571,0.0011042499681934714,0.0002162500168196857
96014,38,0,2,0,0.0005122910370118916,2.887495793402195e-05,0.00037100003100931644,2.0292005501687527e-05,0.0009324580314569175,0.0016231249901466072,-0.0006906669586896896
96014,39,0,3,0,0.0005310000269673765,3.1374976970255375e-05,0.0006854580133222044,2.099998528137803e-05,0.0012688330025412142,0.001396500039845705,-0.0001276670373044908
96014,40,0,4,0,0.0005247499793767929,3.045797348022461e-05,0.0004620420513674617,1.9916973542422056e-05,0.0010371669777669013,0.0012390000047162175,-0.00020183302694931626
96014,41,0,8,0,0.0005039999959990382,2.8667040169239044e-05,0.0008447919972240925,2.0041014067828655e-05,0.0013975000474601984,0.0012067080242559314,0.00019079202320426702
96014,42,0,9,0,0.0004935000324621797,2.9957969672977924e-05,0.0008425000123679638,1.9458995666354895e-05,0.0013854170101694763,0.0014201249578036368,-3.470794763416052e-05
96014,43,0,9,0,0.0008077090024016798,3.1832954846322536e-05,0.00040304200956597924,2.174999099224806e-05,0.0012643339578062296,0.001955124957021326,-0.0006907909992150962
96014,44,0,9,0,0.000509957957547158,2.8125010430812836e-05,0.00038529199082404375,1.95419997908175e-05,0.0009429169585928321,0.0010038749896921217,-6.0958031099289656e-05
96015,0,0,10,0,0.0005012089968658984,2.8499984182417393e-05,0.0011607910273596644,1.9916973542422056e-05,0.0017104169819504023,0.0009752499754540622,0.00073516700649634
96015,1,3,10,0,0.0006143339560367167,3.320799442008138e-05,0.00044525001430884004,2.112501533702016e-05,0.0011139169801026583,0.0014372500008903444,-0.0003233330207876861
96015,2,3,10,0,0.0005684159696102142,2.862501423805952e-05,0.0008464590064249933,2.112501533702016e-05,0.0014646250056102872,0.0010804999619722366,0.00038412504363805056
96015,3,4,10,0,0.0005779999773949385,2.858304651454091e-05,0.00039849994936957955,2.0042003598064184e-05,0.0010251249768771231,0.0018585410434752703,-0.0008334160665981472
96015,4,7,10,0,0.0006434170063585043,2.883299021050334e-05,0.0013554999604821205,3.241701051592827e-05,0.0020601669675670564,0.0011660000309348106,0.0008941669366322458
96015,5,7,10,0,0.0006744170095771551,3.10409814119339e-05,0.0004487499827519059,2.054200740531087e-05,0.0011747499811463058,0.0013450420228764415,-0.00017029204173013568
96015,6,7,10,0,0.0006866250187158585,2.9791961424052715e-05,0.0005300000193528831,2.0249979570508003e-05,0.0012666669790633023,0.001166291011031717,0.00010037596803158522
96015,7,7,10,0,0.0006858750130049884,2.9333983547985554e-05,0.000794166000559926,2.1709012798964977e-05,0.001531084009911865,0.001213375013321638,0.0003177089965902269
96015,8,14,10,10,0.0008533339714631438,3.383302828297019e-05,0.000594666984397918,3.445800393819809e-05,0.00151629198808223,0.001730250020045787,-0.000213958031963557
96015,9,9,0,0,0.0007166250143200159,2.920802216976881e-05,0.0007366669597104192,1.9458006136119366e-05,0.0015019580023363233,0.0011910409666597843,0.00031091703567653894
96015,10,9,0,0,0.0007027910323813558,2.804200630635023e-05,0.00037408299976959825,1.912500010803342e-05,0.0011240410385653377,0.0011771669960580766,-5.312595749273896e-05
96015,11,10,0,0,0.0007268749759532511,2.8999987989664078e-05,0.0005209590308368206,1.91659783013165e-05,0.0012959999730810523,0.0017169580096378922,-0.00042095803655683994
96015,12,12,0,0,0.0007751660305075347,2.7749978471547365e-05,0.0014485000283457339,2.095900708809495e-05,0.002272375044412911,0.001213209005072713,0.001059166039340198
96015,13,14,1,1,0.0008266250370070338,2.845900598913431e-05,0.0011182079906575382,2.2833002731204033e-05,0.0019961250363849103,0.0013040420017205179,0.0006920830346643925
96015,14,16,0,0,0.0008722079801373184,3.145798109471798e-05,0.0004509590216912329,1.9332976080477238e-05,0.0013739579590037465,0.002274958009365946,-0.0009010000503621995
96015,15,16,1,1,0.0008298329776152968,2.78339721262455e-05,0.000423500023316592,2.0249979570508003e-05,0.0013014169526286423,0.0014117920072749257,-0.00011037505464628339
96015,16,16,1,1,0.0008626250200904906,3.066699719056487e-05,0.0008499579853378236,2.2000051103532314e-05,0.0017652500537224114,0.0013248749892227352,0.00044037506449967623
96015,17,16,0,0,0.0008671670220792294,2.8957962058484554e-05,0.0011808340204879642,1.9791012164205313e-05,0.0020967500167898834,0.001410916040185839,0.0006858339766040444
96015,18,17,0,0,0.0008880830137059093,2.766697434708476e-05,0.00038875004975125194,1.9041995983570814e-05,0.0013235420337878168,0.001449958945158869,-0.00012641691137105227
96015,19,17,2,2,0.0015385830192826688,3.329198807477951e-05,0.0007108750287443399,2.6124995201826096e-05,0.0023088750313036144,0.00267687498126179,-0.0003679999499581754
96015,20,15,1,1,0.0008069999748840928,3.0542025342583656e-05,0.000445583020336926,2.0957959350198507e-05,0.001304082979913801,0.002006958005949855,-0.0007028750260360539
96015,21,14,1,1,0.0008109170012176037,2.9166985768824816e-05,0.00042583298636600375,2.0583043806254864e-05,0.0012865000171586871,0.0014284999924711883,-0.0001419999753125012
96015,22,13,1,1,0.0007851670379750431,2.866698196157813e-05,0.0005984160234220326,1.999997766688466e-05,0.0014322500210255384,0.0014385419781319797,-6.291957106441259e-06
96015,23,12,2,2,0.0008165830513462424,3.229198046028614e-05,0.0007264160085469484,2.5749963242560625e-05,0.0016010410035960376,0.0015927499625831842,8.291041012853384e-06
96015,24,10,0,0,0.0007056249887682498,2.8708018362522125e-05,0.000846582988742739,2.274999860674143e-05,0.0016036659944802523,0.0017188750207424164,-0.00011520902626216412
96015,25,10,0,0,0.0007110830047167838,2.9333983547985554e-05,0.0009564160136505961,2.0249979570508003e-05,0.0017170829814858735,0.002340667007956654,-0.0006235840264707804
96015,26,10,0,0,0.0007464580121450126,3.095896681770682e-05,0.0009653750457800925,2.0915991626679897e-05,0.0017637080163694918,0.0017807919648475945,-1.7083948478102684e-05
96015,27,10,0,0,0.0007368750520981848,2.883299021050334e-05,0.00039895798545330763,2.0292005501687527e-05,0.0011849580332636833,0.0012359999818727374,-5.104194860905409e-05
96015,28,10,1,1,0.000722500029951334,2.7707952540367842e-05,0.0010940000065602362,2.458301605656743e-05,0.0018687910051085055,0.0014569999766536057,0.0004117910284548998
96015,29,9,0,0,0.0007030830020084977,2.9541959520429373e-05,0.0006964580388739705,2.3707980290055275e-05,0.0014527909806929529,0.0015749160083942115,-0.00012212502770125866
96015,30,9,1,1,0.0007029999978840351,2.862501423805952e-05,0.000423458986915648,2.037500962615013e-05,0.0011754590086638927,0.001500750018749386,-0.0003252910100854933
96015,31,8,1,1,0.0006730419700033963,2.8499984182417393e-05,0.00038070802111178637,2.0292005501687527e-05,0.0011025419807992876,0.001161959022283554,-5.941704148426652e-05
96015,32,7,0,0,0.0006781250122003257,3.2750016544014215e-05,0.00043658301001414657,2.1499989088624716e-05,0.0011689580278471112,0.0011029159650206566,6.604206282645464e-05
96015,33,7,1,1,0.0006359170074574649,2.7375004719942808e-05,0.0009329580352641642,1.9499973859637976e-05,0.00161575002130121,0.0011346670216880739,0.00048108299961313605
96015,34,6,2,2,0.0006383329746313393,2.8749986086040735e-05,0.000900584040209651,2.058298559859395e-05,0.001588249986525625,0.001064416952431202,0.0005238330340944231
96015,35,4,2,2,0.0005702079506590962,2.775003667920828e-05,0.0007078329799696803,2.1249987185001373e-05,0.0013270409544929862,0.001961875008419156,-0.0006348340539261699
96015,36,2,0,0,0.0005292089772410691,2.7875008527189493e-05,0.00094691599952057,2.0875013433396816e-05,0.0015248749987222254,0.0009512909455224872,0.0005735840531997383
96015,37,2,0,0,0.000539999979082495,2.9459013603627682e-05,0.0011742910137400031,9.483395842835307e-05,0.0018385839648544788,0.0012207500403746963,0.0006178339244797826
96015,38,2,0,0,0.0013893750146962702,3.38749960064888e-05,0.0004928749985992908,2.2874970454722643e-05,0.0019389999797567725,0.0016153750475496054,0.00032362493220716715
96015,39,2,2,2,0.0005805830005556345,3.204203676432371e-05,0.0006110829999670386,2.099998528137803e-05,0.0012447080225683749,0.0014270829851739109,-0.00018237496260553598
96015,40,0,0,0,0.0005169580108486116,3.195903263986111e-05,0.0003980000037699938,2.1665997337549925e-05,0.0009685830445960164,0.0018665420357137918,-0.0008979589911177754
96015,41,0,2,0,0.0004972919705323875,2.800003858283162e-05,0.00038654200034216046,2.0290957763791084e-05,0.0009321249672211707,0.0010621250257827342,-0.0001300000585615635
96015,42,0,4,0,0.0004840840119868517,2.7375004719942808e-05,0.0003648329875431955,1.9667029846459627e-05,0.0008959590340964496,0.001114749989937991,-0.0002187909558415413
96015,43,0,5,0,0.0004883329966105521,2.716702874749899e-05,0.00038541597314178944,1.9417027942836285e-05,0.0009203330264426768,0.000941834005061537,-2.1500978618860245e-05
96015,44,0,7,0,0.0004964999970979989,2.8833048418164253e-05,0.0012210419517941773,0.00011500000255182385,0.0018613749998621643,0.001434749981854111,0.0004266250180080533
96015,45,0,8,0,0.0004975409829057753,2.8166978154331446e-05,0.00040125002851709723,1.9666971638798714e-05,0.0009466249612160027,0.002484041964635253,-0.0015374170034192502
96015,46,0,9,0,0.0005190419615246356,2.9291026294231415e-05,0.0004240840207785368,1.958297798410058e-05,0.0009919999865815043,0.0009977919980883598,-5.792011506855488e-06
96016,0,0,10,0,0.000502792012412101,3.0082999728620052e-05,0.002005583024583757,2.1124957129359245e-05,0.0025595829938538373,0.0021226669778116047,0.0004369160160422325
96016,1,0,10,0,0.0005009999731555581,2.9125018045306206e-05,0.0009913750109262764,1.9625003915280104e-05,0.0015411250060424209,0.001868416031356901,-0.00032729102531448007
96016,2,0,10,0,0.0004933750024065375,2.8416980057954788e-05,0.0005828749854117632,2.1208019461482763e-05,0.0011258749873377383,0.0009356249938718975,0.00019024999346584082
96016,3,1,10,0,0.0005230000242590904,2.9082992114126682e-05,0.00060299999313429,1.9167026039212942e-05,0.00117425003554672,0.0010538750211708248,0.00012037501437589526
96016,4,2,10,0,0.0005448330193758011,2.820900408551097e-05,0.00039950001519173384,1.937500201165676e-05,0.0009919170406647027,0.001588208950124681,-0.0005962919094599783
96016,5,3,10,0,0.00057516701053828,3.1374976970255375e-05,0.0004042080254293978,1.9499973859637976e-05,0.0010302499867975712,0.001371124992147088,-0.00034087500534951687
96016,6,4,10,0,0.0005738339968957007,2.7541012968868017e-05,0.0004201669944450259,1.9625003915280104e-05,0.0010411670082248747,0.0010917499894276261,-5.05829812027514e-05
96016,7,5,10,0,0.0005954999942332506,2.7500034775584936e-05,0.0014739579637534916,2.0834035240113735e-05,0.002117792028002441,0.001067749981302768,0.001050042046699673
96016,8,6,10,1,0.0006254580221138895,2.862501423805952e-05,0.00041737500578165054,1.941696973517537e-05,0.0010908750118687749,0.0018525420455262065,-0.0007616670336574316
96016,9,8,9,8,0.0006671249866485596,2.8333975933492184e-05,0.0007829160313121974,2.929195761680603e-05,0.0015076669515110552,0.0011504589929245412,0.000357207958586514
96016,10,4,1,1,0.0006227919948287308,3.0916009563952684e-05,0.000433583976700902,2.4833017960190773e-05,0.0011121249990537763,0.0015726250130683184,-0.0004605000140145421
96016,11,4,0,0,0.0005885839927941561,2.7958012651652098e-05,0.001642958028241992,2.19999928958714e-05,0.0022815000265836716,0.0014657499850727618,0.0008157500415109098
96016,12,7,0,0,0.0006895829574204981,4.2417028453201056e-05,0.0004754579858854413,3.341701813042164e-05,0.0012408749898895621,0.0016429999959655106,-0.0004021250060759485
96016,13,10,0,0,0.0007782909669913352,3.350002225488424e-05,0.0005543340230360627,1.9540952052921057e-05,0.0013856659643352032,0.0016378749860450625,-0.00025220902170985937
96016,14,13,2,2,0.0008344590314663947,3.8583006244152784e-05,0.000471249979455024,2.5124987587332726e-05,0.0013694170047529042,0.0018240000354126096,-0.0004545830306597054
96016,15,12,0,0,0.000772083003539592,3.02919652312994e-05,0.0004027920076623559,1.9000028260052204e-05,0.0012241670046932995,0.002114750037435442,-0.0008905830327421427
96016,16,12,0,0,0.0007545419503003359,3.01670515909791e-05,0.0012272079475224018,2.1167041268199682e-05,0.0020330839906819165,0.002149083011317998,-0.0001159990206360817
96016,17,15,2,2,0.000828833959531039,3.283302066847682e-05,0.0009555419674143195,2.31250305660069e-05,0.0018403339781798422,0.002339790982659906,-0.0004994570044800639
96016,18,15,1,1,0.0008394169854000211,3.112497506663203e-05,0.00041504105320200324,2.1374959032982588e-05,0.001306957972701639,0.0013610839960165322,-5.4126023314893246e-05
96016,19,15,0,0,0.0008322500507347286,3.029097570106387e-05,0.0004028750117868185,1.9208993762731552e-05,0.0012846250319853425,0.0013359170407056808,-5.1292008720338345e-05
96016,20,15,3,3,0.0008294999715872109,3.020901931449771e-05,0.00043399998685345054,2.1249987185001373e-05,0.0013149589649401605,0.00244583300082013,-0.0011308740358799696
96016,21,12,2,2,0.0007554999901913106,2.8458016458898783e-05,0.0007205419824458659,2.0708015654236078e-05,0.0015252080047503114,0.0013680420233868062,0.00015716598136350513
96016,22,10,0,0,0.0007124589756131172,2.8458016458898783e-05,0.000518375018145889,1.9625003915280104e-05,0.0012789170141331851,0.0016457079909741879,-0.0003667909768410027
96016,23,10,1,1,0.0009911659872159362,3.658403875306249e-05,0.0009395829983986914,2.4374981876462698e-05,0.001991708006244153,0.0026368749677203596,-0.0006451669614762068
96016,24,9,0,0,0.0007077920017763972,2.9082992114126682e-05,0.0004529579891823232,2.0167033653706312e-05,0.0012100000167265534,0.0011872920440509915,2.2707972675561905e-05
96016,25,9,0,0,0.0007102499948814511,2.8916983865201473e-05,0.0007343330071307719,2.212502295151353e-05,0.001495625008828938,0.0011899580131284893,0.00030566699570044875
96016,26,9,0,0,0.0007350830128416419,3.491697134450078e-05,0.0008703750208951533,2.2249994799494743e-05,0.0016626249998807907,0.001373291015625,0.0002893339842557907
96016,27,9,1,1,0.0007357919821515679,3.158301115036011e-05,0.0005582919693551958,2.0833045709878206e-05,0.001346500008367002,0.0013861660263501108,-3.966601798310876e-05
96016,28,8,0,0,0.0007151250028982759,3.0916009563952684e-05,0.0004254999803379178,1.979200169444084e-05,0.0011913329944945872,0.0015644579543732107,-0.0003731249598786235
96016,29,8,0,0,0.0006773750064894557,3.0374969355762005e-05,0.0007288330234587193,2.458301605656743e-05,0.0014611660153605044,0.0012274589971639216,0.0002337070181965828
96016,30,8,2,2,0.0007057500188238919,3.10409814119339e-05,0.00038658402627334,2.3290980607271194e-05,0.001146666007116437,0.0014227500068955123,-0.0002760839997790754
96016,31,6,2,2,0.0006246669800020754,3.21249826811254e-05,0.0007558330544270575,2.3124972358345985e-05,0.0014357499894686043,0.0023253330145962536,-0.0008895830251276493
96016,32,4,1,1,0.000587833987083286,2.962502185255289e-05,0.0015581249608658254,2.1625019144266844e-05,0.002197208988945931,0.001914332970045507,0.00028287601890042424
96016,33,3,2,2,0.0005539589910767972,2.7958012651652098e-05,0.00038233300438150764,2.041697734966874e-05,0.0009846669854596257,0.001069250050932169,-8.458306547254324e-05
96016,34,1,0,0,0.0005110829952172935,2.7333968318998814e-05,0.0010111660230904818,0.0001141249667853117,0.0016637079534120858,0.0009323330014012754,0.0007313749520108104
96016,35,1,0,0,0.0005482499836944044,3.429199568927288e-05,0.0006118749734014273,2.1583051420748234e-05,0.0012160000042058527,0.00117591698653996,4.008301766589284e-05
96016,36,1,0,0,0.0005239169695414603,2.8958020266145468e-05,0.0006778750102967024,1.9708997569978237e-05,0.0012504589976742864,0.0009941249736584723,0.00025633402401581407
96016,37,1,3,1,0.0005215829587541521,2.820900408551097e-05,0.0003756250371225178,1.9915984012186527e-05,0.0009453329839743674,0.0014208339853212237,-0.00047550100134685636
96016,38,0,2,0,0.0005027910228818655,2.808397402986884e-05,0.0003766249865293503,1.912500010803342e-05,0.000926624983549118,0.0010462079662829638,-0.00011958298273384571
96016,39,0,3,0,0.0004997079959139228,2.8166978154331446e-05,0.0010121659724973142,0.00012133404379710555,0.001661374990362674,0.0010745000327005982,0.0005868749576620758
96016,40,0,6,0,0.0004982079844921827,2.90420139208436e-05,0.0003825000021606684,2.0499981474131346e-05,0.000930249982047826,0.0017895829514600337,-0.0008593329694122076
96016,41,0,6,0,0.00048741698265075684,2.820801455527544e-05,0.00037983397487550974,1.9416038412600756e-05,0.0009148750104941428,0.001538375043310225,-0.0006235000328160822
96016,42,0,8,0,0.0004982909886166453,2.96669895760715e-05,0.0003807500470429659,1.9749975763261318e-05,0.000928458000998944,0.0010325420298613608,-0.00010408402886241674
96017,0,0,10,0,0.0004872499848715961,2.7959002181887627e-05,0.0008744579972699285,1.95419997908175e-05,0.0014092089841142297,0.00153645797399804,-0.00012724898988381028
96017,1,0,10,0,0.0008127089822664857,2.8915994334965944e-05,0.001404042006470263,2.575002145022154e-05,0.002271417004521936,0.0018699590000323951,0.00040145800448954105
96017,2,3,10,0,0.000562500033993274,2.908398164436221e-05,0.0007189579773694277,1.9833038095384836e-05,0.0013303750311024487,0.0021110830130055547,-0.000780707981903106
96017,3,5,10,0,0.0006054589757695794,5.908298771828413e-05,0.0008436670177616179,2.2540974896401167e-05,0.0015307499561458826,0.001467666996177286,6.30829599685967e-05
96017,4,5,10,0,0.0006395420059561729,4.287500632926822e-05,0.00042641698382794857,2.0875013433396816e-05,0.0011297090095467865,0.0024593749549239874,-0.0013296659453772008
96017,5,5,10,0,0.000629125046543777,3.0499999411404133e-05,0.0009237499907612801,2.1540967281907797e-05,0.001604916003998369,0.0011221669847145677,0.0004827490192838013
96017,6,8,10,0,0.0007209579925984144,3.6416982766240835e-05,0.0006431250367313623,2.3541972041130066e-05,0.0014240419841371477,0.0014144160086289048,9.625975508242846e-06
96017,7,10,10,1,0.0007276250398717821,2.887495793402195e-05,0.00046858302084729075,2.0458013750612736e-05,0.0012455410324037075,0.001337708963546902,-9.216793114319444e-05
96017,8,13,9,9,0.0007844999781809747,2.804200630635023e-05,0.00040383299347013235,2.3333996068686247e-05,0.0012397089740261436,0.0013208750169724226,-8.116604294627905e-05
96017,9,5,0,0,0.0006174159934744239,2.9333983547985554e-05,0.00042929104529321194,1.9208993762731552e-05,0.001095250016078353,0.001319749979302287,-0.00022449996322393417
96017,10,8,0,0,0.0006891670054756105,3.0166993383318186e-05,0.00043229100992903113,1.9458995666354895e-05,0.0011710840044543147,0.0013266250025480986,-0.00015554099809378386
96017,11,10,1,1,0.0007205409929156303,2.8125010430812836e-05,0.0016752500087022781,2.0625011529773474e-05,0.002444541023578495,0.0012466669431887567,0.001197874080389738
96017,12,12,0,0,0.0007855829899199307,2.9125018045306206e-05,0.0006040000007487833,1.9667029846459627e-05,0.0014383750385604799,0.0012122499756515026,0.00022612506290897727
96017,13,14,0,0,0.0007827079971320927,3.041699528694153e-05,0.0005846249987371266,1.9833038095384836e-05,0.0014175830292515457,0.001954499981366098,-0.0005369169521145523
96017,14,15,0,0,0.0008074580109678209,2.779200440272689e-05,0.0006688329740427434,2.37500062212348e-05,0.001527832995634526,0.0012589999823831022,0.00026883301325142384
96017,15,16,1,1,0.0008619589498266578,3.283302066847682e-05,0.00046779197873547673,2.1875021047890186e-05,0.0013844589702785015,0.0014833749737590551,-9.891600348055363e-05
96017,16,16,4,4,0.0008710420224815607,2.90420139208436e-05,0.0004260829882696271,2.2625026758760214e-05,0.0013487920514307916,0.0013430000399239361,5.792011506855488e-06
96017,17,14,1,1,0.0008573330123908818,3.362499410286546e-05,0.0010855000000447035,2.216699067503214e-05,0.001998624997213483,0.002059333026409149,-6.070802919566631e-05
96017,18,13,1,1,0.0008276250446215272,3.1791976653039455e-05,0.0010691250208765268,2.4332955945283175e-05,0.0019528749980963767,0.0013957080082036555,0.0005571669898927212
96017,19,12,1,1,0.0007588330190628767,3.020802978426218e-05,0.0010385839850641787,2.0832987502217293e-05,0.0018484580214135349,0.0013348329812288284,0.0005136250401847064
96017,20,11,0,0,0.0007695829845033586,2.9709015507251024e-05,0.0007582909893244505,2.1792016923427582e-05,0.0015793750062584877,0.0012960419990122318,0.0002833330072462559
96017,21,11,1,1,0.0007717920234426856,3.479095175862312e-05,0.00041608401807025075,2.4374981876462698e-05,0.0012470419751480222,0.0014565419987775385,-0.00020950002362951636
96017,22,10,1,1,0.0007113339961506426,2.8416048735380173e-05,0.00039716699393466115,2.0792009308934212e-05,0.0011577090481296182,0.0016031250124797225,-0.00044541596435010433
96017,23,9,0,0,0.0007257500546984375,3.27499583363533e-05,0.0010783750331029296,2.7375004719942808e-05,0.0018642500508576632,0.0011483750422485173,0.0007158750086091459
96017,24,9,2,2,0.0006882919697090983,2.9458024073392153e-05,0.0006263339892029762,2.1041021682322025e-05,0.0013651250046677887,0.0023217080160975456,-0.0009565830114297569
96017,25,7,1,1,0.0006576249725185335,2.8708018362522125e-05,0.0004172499757260084,2.1000043489038944e-05,0.001124583010096103,0.0011186250485479832,5.957961548119783e-06
96017,26,6,1,1,0.0006225000252015889,2.808397402986884e-05,0.0006745410501025617,2.1916988771408796e-05,0.0013470420381054282,0.0010737499687820673,0.0002732920693233609
96017,27,5,1,1,0.0006078339647501707,3.0041032005101442e-05,0.00039408396696671844,1.9458006136119366e-05,0.00105141696985811,0.0011208750074729323,-6.945803761482239e-05
96017,28,4,3,3,0.0006237090565264225,3.133295103907585e-05,0.0005230000242590904,2.237502485513687e-05,0.0012004170566797256,0.0014077909872867167,-0.00020737393060699105
96017,29,1,0,0,0.000557082996238023,2.9916991479694843e-05,0.0004236669628880918,1.9458006136119366e-05,0.001030124956741929,0.0010081660002470016,2.1958956494927406e-05
96017,30,1,2,1,0.0005486249574460089,3.2625044696033e-05,0.0006702499813400209,2.3209024220705032e-05,0.0012747090077027678,0.0009608339751139283,0.00031387503258883953
96017,31,0,2,0,0.0005007080035284162,2.783298259600997e-05,0.0004498750204220414,2.041697734966874e-05,0.0009988329838961363,0.0009482090245001018,5.062395939603448e-05
96017,32,0,4,0,0.0004943329840898514,2.8084032237529755e-05,0.00046854099491611123,2.458400558680296e-05,0.0010155420168302953,0.0009297920041717589,8.575001265853643e-05
96017,33,0,6,0,0.0004929169663228095,3.0082999728620052e-05,0.00037887500366196036,2.012500772252679e-05,0.0009219999774359167,0.0016763749881647527,-0.0007543750107288361
96017,34,0,9,0,0.0004967920249328017,2.8082984499633312e-05,0.0003789589973166585,1.9458006136119366e-05,0.0009232920128852129,0.001001124968752265,-7.783295586705208e-05
96017,35,0,9,0,0.0004878750187344849,2.7125002816319466e-05,0.0005077910027466714,1.9666971638798714e-05,0.0010424579959362745,0.0010007080272771418,4.174996865913272e-05
96017,36,0,9,0,0.00048574997344985604,2.7416041120886803e-05,0.0009998339810408652,0.00010279100388288498,0.001615790999494493,0.0012876249966211617,0.0003281660028733313
96018,0,0,10,0,0.0005124169983901083,3.041699528694153e-05,0.0011664580088108778,1.95419997908175e-05,0.0017288340022787452,0.0012992079718969762,0.00042962603038176894
96018,1,0,10,0,0.0005180410225875676,3.1167000997811556e-05,0.0012739169760607183,0.00010666600428521633,0.0019297910039313138,0.0019740829593501985,-4.4291955418884754e-05
96018,2,0,10,0,0.0004932919982820749,2.762500662356615e-05,0.0006559159955941141,2.233404666185379e-05,0.001199167047161609,0.0012264580000191927,-2.729095285758376e-05
96018,3,1,10,0,0.0005468750023283064,3.091699909418821e-05,0.0004408749518916011,1.975003397092223e-05,0.001038416987285018,0.0015722079551778734,-0.0005337909678928554
96018,4,3,10,0,0.0006023750174790621,3.108300734311342e-05,0.000794457970187068,2.1042011212557554e-05,0.001448958006221801,0.0011457090149633586,0.0003032489912584424
96018,5,3,10,0,0.000599041988607496,2.9332994017750025e-05,0.0007555829943157732,2.0459003280848265e-05,0.0014044169802218676,0.0011870420421473682,0.00021737493807449937
96018,6,5,10,0,0.0006273750332184136,2.8999987989664078e-05,0.0017320839688181877,2.1250045392662287e-05,0.0024097090354189277,0.001300959032960236,0.0011087500024586916
96018,7,7,10,2,0.0006487090140581131,2.7875008527189493e-05,0.0007944999961182475,2.012500772252679e-05,0.0014912090264260769,0.0015233330195769668,-3.2123993150889874e-05
96018,8,10,8,8,0.0007307500345632434,2.866698196157813e-05,0.0005535830277949572,2.5583954993635416e-05,0.001338583999313414,0.0015315419877879322,-0.00019295798847451806
96018,9,4,0,0,0.0005783750093542039,2.8292008209973574e-05,0.0006863749586045742,1.9458006136119366e-05,0.001312499982304871,0.001030416984576732,0.00028208299772813916
96018,10,7,0,0,0.0006502919713966548,2.8958020266145468e-05,0.00045608298387378454,2.0084029529243708e-05,0.0011554170050658286,0.002063249994534999,-0.0009078329894691706
96018,11,8,0,0,0.0006683340179733932,3.0082999728620052e-05,0.001532958005554974,1.9749975763261318e-05,0.0022511249990202487,0.001273707952350378,0.0009774170466698706
96018,12,12,0,0,0.0007612499757669866,2.7332978788763285e-05,0.0010611670440994203,1.9749975763261318e-05,0.0018694999744184315,0.001606375037226826,0.00026312493719160557
96018,13,17,0,0,0.0008794589666649699,3.304099664092064e-05,0.0004780840245075524,1.9208004232496023e-05,0.001409791992045939,0.0018628750112839043,-0.00045308301923796535
96018,14,18,0,0,0.0009379580151289701,2.90420139208436e-05,0.00043637497583404183,2.0416046027094126e-05,0.0014237910509109497,0.0014176670229062438,6.124028004705906e-06
96018,15,19,0,0,0.0009599999757483602,2.8999987989664078e-05,0.0007805830100551248,1.9875005818903446e-05,0.0017894579796120524,0.0018461670260876417,-5.6709046475589275e-05
96018,16,19,1,1,0.000912457995582372,2.8916983865201473e-05,0.0011519159888848662,0.00011520902626216412,0.0022084999945946038,0.0017209580400958657,0.00048754195449873805
96018,17,18,3,3,0.000899125006981194,2.92909680865705e-05,0.00040675001218914986,2.458400558680296e-05,0.0013597499928437173,0.0014037920045666397,-4.4042011722922325e-05
96018,18,16,2,2,0.0008340420317836106,2.74579506367445e-05,0.0011755840387195349,4.941597580909729e-05,0.0020864999969489872,0.0012976249563507736,0.0007888750405982137
96018,19,14,1,1,0.0013857079902663827,3.200001083314419e-05,0.0015387500170618296,2.2707972675561905e-05,0.0029791659908369184,0.002199959009885788,0.0007792069809511304
96018,20,13,2,2,0.0007990419981069863,2.9957969672977924e-05,0.0003948340308852494,2.0665989723056555e-05,0.0012444999883882701,0.0013155000051483512,-7.100001676008105e-05
96018,21,11,1,1,0.0007519170176237822,2.9542017728090286e-05,0.0005193749675527215,2.033304190263152e-05,0.0013211670448072255,0.0022594999754801393,-0.0009383329306729138
96018,22,10,0,0,0.0007202080450952053,2.7959002181887627e-05,0.00037695799255743623,1.879199407994747e-05,0.0011439170339144766,0.001189083035569638,-4.516600165516138e-05
96018,23,10,0,0,0.0007082499796524644,2.862501423805952e-05,0.00042162497993558645,1.9583036191761494e-05,0.0011780830100178719,0.0012623750371858478,-8.42920271679759e-05
96018,24,10,0,0,0.0007381250034086406,2.983299782499671e-05,0.0006901670130901039,2.0832987502217293e-05,0.0014789580018259585,0.0017995000234805048,-0.00032054202165454626
96018,25,10,0,0,0.0007392499828711152,2.9958027880638838e-05,0.0004467499675229192,1.975003397092223e-05,0.0012357080122455955,0.0022444999776780605,-0.001008791965432465
96018,26,10,0,0,0.0007103339885361493,2.887495793402195e-05,0.0009208749979734421,2.0291015971451998e-05,0.0016803749604150653,0.0017093339702114463,-2.8959009796380997e-05
96018,27,10,0,0,0.0007084169774316251,2.7666043024510145e-05,0.0011627089697867632,2.3250002413988113e-05,0.0019220419926568866,0.0011871250462718308,0.0007349169463850558
96018,28,10,0,0,0.0007017090101726353,2.9124959837645292e-05,0.0004035000456497073,1.9290950149297714e-05,0.0011536249658092856,0.0017728329985402524,-0.0006192080327309668
96018,29,10,2,2,0.0007365000201389194,2.924998989328742e-05,0.00042624998604878783,2.0875013433396816e-05,0.0012128750095143914,0.0011857079807668924,2.716702874749899e-05
96018,30,8,0,0,0.0016568329883739352,2.920802216976881e-05,0.0006342090200632811,2.2040971089154482e-05,0.0023422910016961396,0.002089124987833202,0.0002531660138629377
96018,31,8,1,1,0.0006624580128118396,2.8082984499633312e-05,0.0011526669841259718,2.1167041268199682e-05,0.0018643750227056444,0.0022000829922035336,-0.0003357079694978893
96018,32,7,4,4,0.0006780839757993817,2.900004619732499e-05,0.0010936659527942538,2.1584040950983763e-05,0.0018223340157419443,0.0016371660167351365,0.0001851679990068078
96018,33,3,0,0,0.0005887080333195627,3.066699719056487e-05,0.000386916974093765,2.0583043806254864e-05,0.0010268750484101474,0.0038991659530438483,-0.002872290904633701
96018,34,3,0,0,0.0005581250297836959,2.8749986086040735e-05,0.0008547079632990062,1.9167026039212942e-05,0.0014607500052079558,0.001026791986078024,0.0004339580191299319
96018,35,3,0,0,0.0005859999801032245,3.0750001315027475e-05,0.0007110000005923212,2.0041014067828655e-05,0.0013477909960784018,0.001569791988003999,-0.0002220009919255972
96018,36,3,2,2,0.0005522920400835574,2.8374954126775265e-05,0.0008289170218631625,2.0625011529773474e-05,0.0014302090276032686,0.001786625012755394,-0.00035641598515212536
96018,37,1,0,0,0.0005174999823793769,2.90420139208436e-05,0.0006441249861381948,1.979200169444084e-05,0.0012104589841328561,0.0009688750142231584,0.00024158396990969777
96018,38,1,1,1,0.0005144170136190951,2.924998989328742e-05,0.0003787080058827996,1.9875005818903446e-05,0.0009422500152140856,0.0010081250220537186,-6.587500683963299e-05
96018,39,0,0,0,0.0009309579618275166,3.1167000997811556e-05,0.000813000020571053,2.1957966964691877e-05,0.001797082950361073,0.0021274160244502127,-0.0003303330740891397
96018,40,0,1,0,0.0004994159680791199,2.816703636199236e-05,0.001285624981392175,8.495798101648688e-05,0.0018981659668497741,0.0011662920005619526,0.0007318739662878215
96018,41,0,1,0,0.0005045830039307475,2.8541951905936003e-05,0.0003856670227833092,1.9249971956014633e-05,0.0009380419505760074,0.0012320829555392265,-0.00029404100496321917
96018,42,0,4,0,0.0005013329791836441,2.8333975933492184e-05,0.0015433329972438514,9.970803512260318e-05,0.002172707987483591,0.0012287499848753214,0.0009439580026082695
96018,43,0,8,0,0.000491917016915977,2.9207963962107897e-05,0.0008965000160969794,2.241699257865548e-05,0.0014400419895537198,0.0018454579985700548,-0.000405416009016335
96018,44,0,8,0,0.000494415988214314,2.9999995604157448e-05,0.000616834033280611,1.8624996300786734e-05,0.0011598750133998692,0.0014310419792309403,-0.00027116696583107114
96018,45,0,9,0,0.0004964579711668193,2.824998227879405e-05,0.0004187090089544654,1.8624996300786734e-05,0.0009620419587008655,0.0009959590388461947,-3.391708014532924e-05
96018,46,0,9,0,0.0004984579863958061,2.800003858283162e-05,0.0006833340157754719,1.9249971956014633e-05,0.0012290420127101243,0.0009530829847790301,0.00027595902793109417
96019,0,0,10,0,0.0004976250347681344,4.112499300390482e-05,0.0007607499719597399,2.1792016923427582e-05,0.0013212920166552067,0.002497208013664931,-0.0011759159970097244
96019,1,0,10,0,0.0004884580266661942,2.7082976885139942e-05,0.0003752920310944319,1.9666971638798714e-05,0.0009105000062845647,0.0010009169927798212,-9.041698649525642e-05
96019,2,1,10,0,0.0005107499891892076,2.704199869185686e-05,0.0008805830148048699,1.9250030163675547e-05,0.0014376250328496099,0.0010268749902024865,0.00041075004264712334
96019,3,2,10,0,0.0005352079751901329,2.8582988306879997e-05,0.0014060000539757311,3.9666949305683374e-05,0.0020094579667784274,0.0014079579850658774,0.0006014999817125499
96019,4,3,10,0,0.0008264170028269291,4.733301466330886e-05,0.001417832972947508,2.5834015104919672e-05,0.0023174170055426657,0.0020547499880194664,0.0002626670175231993
96019,5,6,10,0,0.0006470840307883918,3.087497316300869e-05,0.0004687909968197346,2.0042003598064184e-05,0.0011667920043691993,0.0014111659838818014,-0.0002443739795126021
96019,6,7,10,0,0.0006407080218195915,2.9916991479694843e-05,0.0012037080014124513,1.9625003915280104e-05,0.0018939580186270177,0.0012983749620616436,0.0005955830565653741
96019,7,9,10,0,0.0006803330034017563,2.804200630635023e-05,0.0008191249798983335,1.9625003915280104e-05,0.0015471249935217202,0.0018302499665878713,-0.00028312497306615114
96019,8,11,10,8,0.0008682080078870058,3.887497587129474e-05,0.0016048329998739064,2.9333983547985554e-05,0.0025412499671801925,0.0017720419564284384,0.000769208010751754
96019,9,5,2,2,0.0007173750200308859,4.6874978579580784e-05,0.0017130410415120423,0.00011141697177663445,0.0025887080118991435,0.0015629580011591315,0.001025750010740012
96019,10,4,0,0,0.0005851250025443733,2.866698196157813e-05,0.0004422499914653599,2.091604983434081e-05,0.0010769580258056521,0.002226291981060058,-0.0011493339552544057
96019,11,6,0,0,0.0006465839687734842,3.062502946704626e-05,0.0004087499692104757,1.9291008356958628e-05,0.0011052499758079648,0.001412333978805691,-0.0003070840029977262
96019,12,9,0,0,0.0007011250127106905,2.8749986086040735e-05,0.0011379159986972809,9.837502148002386e-05,0.001966166018974036,0.0015143339987844229,0.0004518320201896131
96019,13,9,0,0,0.0011917499941773713,3.8416997995227575e-05,0.0007543750107288361,7.870799163356423e-05,0.002063249994534999,0.0023560000117868185,-0.00029275001725181937
96019,14,13,0,0,0.0016860420000739396,3.2625044696033e-05,0.0014814999885857105,2.7915986720472574e-05,0.0032280830200761557,0.0022303329897113144,0.0009977500303648412
96019,15,17,2,2,0.0009393750224262476,3.266701241955161e-05,0.0009004580206237733,2.19999928958714e-05,0.001894500048365444,0.002439833013340831,-0.0005453329649753869
96019,16,18,2,2,0.0009871249785646796,3.6916055250912905e-05,0.0009706669952720404,2.2249994799494743e-05,0.0020169580238871276,0.0014692500117234886,0.0005477080121636391
96019,17,16,4,4,0.0009570420370437205,3.704201662912965e-05,0.0004802079638466239,2.8458016458898783e-05,0.0015027500339783728,0.0016203749692067504,-0.00011762493522837758
96019,18,12,1,1,0.0008620000444352627,3.4208991564810276e-05,0.0007638329989276826,2.19999928958714e-05,0.001682042027823627,0.0017271660035476089,-4.512397572398186e-05
96019,19,11,0,0,0.0007962079835124314,3.1750008929520845e-05,0.00046141701750457287,2.241699257865548e-05,0.0013117920025251806,0.0013318750425241888,-2.008303999900818e-05
96019,20,11,0,0,0.0007375419954769313,2.8667040169239044e-05,0.00040012499084696174,1.954101026058197e-05,0.001185875036753714,0.001662166032474488,-0.00047629099572077394
96019,21,11,0,0,0.0007417500019073486,2.8082984499633312e-05,0.0005413339822553098,1.9458006136119366e-05,0.0013306249747984111,0.0011967919999733567,0.0001338329748250544
96019,22,11,0,0,0.0007905419915914536,4.108302528038621e-05,0.00042458396637812257,2.270803088322282e-05,0.0012789170141331851,0.0012787080486305058,2.08965502679348e-07
96019,23,11,1,1,0.0007385420030914247,2.8749986086040735e-05,0.0006106669898144901,2.1041021682322025e-05,0.0013990000006742775,0.0012470829533413053,0.0001519170473329723
96019,24,10,0,0,0.0007667919853702188,3.412499791011214e-05,0.0004380419850349426,2.1291023585945368e-05,0.0012602499919012189,0.0024729170254431665,-0.0012126670335419476
96019,25,10,1,1,0.0007718750275671482,3.145798109471798e-05,0.0013512500445358455,2.0541949197649956e-05,0.0021751250023953617,0.0013263329747132957,0.000848792027682066
96019,26,9,0,0,0.0007416250300593674,3.129197284579277e-05,0.0006747079896740615,1.979200169444084e-05,0.0014674169942736626,0.001225499960128218,0.00024191703414544463
96019,27,9,2,2,0.0007509170100092888,3.091699909418821e-05,0.0004432499990798533,2.3500004317611456e-05,0.0012485840125009418,0.0014922499540261924,-0.00024366594152525067
96019,28,7,4,4,0.0007001670310273767,3.070797538384795e-05,0.0004979590303264558,2.1040963474661112e-05,0.0012498750002123415,0.0012675420148298144,-1.7667014617472887e-05
96019,29,3,1,1,0.0006085420027375221,3.087497316300869e-05,0.0008625829941593111,2.4083012249320745e-05,0.0015260829823091626,0.0015931249945424497,-6.70420122332871e-05
96019,30,2,0,0,0.000570792006328702,3.041699528694153e-05,0.0008171660010702908,1.9458995666354895e-05,0.0014378339983522892,0.0014229589723981917,1.487502595409751e-05
96019,31,2,1,1,0.0005564159946516156,2.962502185255289e-05,0.0012919169967062771,4.916702164337039e-05,0.001927125034853816,0.0010607079602777958,0.0008664170745760202
96019,32,1,1,1,0.0005713750142604113,3.529101377353072e-05,0.001413125020917505,2.174999099224806e-05,0.002041541039943695,0.0012037080014124513,0.0008378330385312438
96019,33,0,2,0,0.0004986670101061463,3.062497125938535e-05,0.0007066670223139226,2.179096918553114e-05,0.0012577499728649855,0.0012280840310268104,2.966594183817506e-05
96019,34,0,3,0,0.0005253329873085022,3.8416997995227575e-05,0.00042699999175965786,1.9708008039742708e-05,0.0010104579851031303,0.0012556249857880175,-0.00024516700068488717
96019,35,0,4,0,0.0004981249803677201,2.9041024390608072e-05,0.0005302089848555624,1.9041006453335285e-05,0.001076415996067226,0.0016511669964529574,-0.0005747510003857315
96019,36,0,5,0,0.0005084160366095603,3.200001083314419e-05,0.00039995898259803653,2.0291015971451998e-05,0.000960666046012193,0.0015887500485405326,-0.0006280840025283396
96019,37,0,8,0,0.000527417054399848,3.1582952942699194e-05,0.0014121670392341912,2.2916996385902166e-05,0.0019940840429626405,0.0019625829881988466,3.1501054763793945e-05
96019,38,0,9,0,0.0004896249738521874,3.0542025342583656e-05,0.0010716659598983824,2.0792009308934212e-05,0.0016126249684020877,0.002098958007991314,-0.00048633303958922625
96019,39,0,9,0,0.0004977500066161156,2.9375019948929548e-05,0.0010006249649450183,2.0041014067828655e-05,0.001547791005577892,0.0011577080003917217,0.00039008300518617034
96019,40,0,9,0,0.0005089170299470425,2.92909680865705e-05,0.0013830839889124036,2.2208027075976133e-05,0.0019435000140219927,0.0017572090146131814,0.00018629099940881133
96020,0,0,10,0,0.0004970000009052455,3.320799442008138e-05,0.0006787090096622705,1.958297798410058e-05,0.001228499982971698,0.0024096249835565686,-0.0011811250005848706
96020,1,1,10,0,0.0005506660090759397,3.229198046028614e-05,0.0004097920027561486,2.0583043806254864e-05,0.0010133330360986292,0.0010157080250792205,-2.374988980591297e-06
96020,2,1,10,0,0.000550959026440978,3.112497506663203e-05,0.0011190830264240503,2.058298559859395e-05,0.0017217500135302544,0.0015351250185631216,0.0001866249949671328
96020,3,2,10,0,0.0005349579732865095,2.741703065112233e-05,0.000601625011768192,2.162496093660593e-05,0.0011856249766424298,0.0010409160167910159,0.00014470895985141397
96020,4,6,10,0,0.0006402910221368074,2.9125018045306206e-05,0.0004614589852280915,2.037500962615013e-05,0.0011512500350363553,0.0011340000201016665,1.7250014934688807e-05
96020,5,7,10,0,0.0006624999805353582,2.8292008209973574e-05,0.0004308330244384706,1.8916965927928686e-05,0.001140541979111731,0.0013908749679103494,-0.0002503329887986183
96020,6,11,10,3,0.0007248339825309813,3.058300353586674e-05,0.0011058750096708536,2.924998989328742e-05,0.001890541985630989,0.0023442499805241823,-0.00045370799489319324
96020,7,11,7,7,0.0007882500067353249,3.2916024792939425e-05,0.0017445419798605144,9.975000284612179e-05,0.0026654580142349005,0.0021491660154424608,0.0005162919987924397
96020,8,6,0,0,0.0006249590078368783,2.8957962058484554e-05,0.000591833028011024,2.0709005184471607e-05,0.0012664590030908585,0.002231749997008592,-0.0009652909939177334
96020,9,7,0,0,0.000668874999973923,2.8749986086040735e-05,0.0007776659913361073,2.0834035240113735e-05,0.0014961250126361847,0.0011261250474490225,0.00036999996518716216
96020,10,11,0,0,0.0007727080374024808,3.087497316300869e-05,0.0004728339845314622,2.0041014067828655e-05,0.0012964580091647804,0.0019634580239653587,-0.0006670000148005784
96020,11,12,0,0,0.0007442500209435821,2.7582980692386627e-05,0.000632750045042485,1.983396941795945e-05,0.0014244170160964131,0.0013289170456118882,9.549997048452497e-05
96020,12,15,0,0,0.0008154159877449274,2.8375012334436178e-05,0.0003991670091636479,1.9249971956014633e-05,0.001262207981199026,0.0016616659704595804,-0.0003994579892605543
96020,13,18,0,0,0.0008821659721434116,2.762500662356615e-05,0.0004557920037768781,1.9417027942836285e-05,0.0013850000104866922,0.0013484579976648092,3.654201282188296e-05
96020,14,19,0,0,0.0009383329888805747,3.200001083314419e-05,0.00041375000728294253,1.9499973859637976e-05,0.0014035829808562994,0.001563625002745539,-0.00016004202188923955
96020,15,19,0,0,0.0009273329633288085,2.96669895760715e-05,0.0004189580213278532,1.912500010803342e-05,0.0013950829743407667,0.0024192080018110573,-0.0010241250274702907
96020,16,20,0,0,0.0010009169927798212,3.308296436443925e-05,0.001069999998435378,2.1750049199908972e-05,0.0021257500047795475,0.001811124966479838,0.00031462503829970956
96020,17,20,1,1,0.0009836660465225577,3.1833944376558065e-05,0.00047879101475700736,2.195901470258832e-05,0.0015162500203587115,0.0019511249847710133,-0.0004348749644123018
96020,18,19,3,3,0.0008977919933386147,2.9083050321787596e-05,0.0011623749742284417,0.00012579199392348528,0.0022150420118123293,0.0025909170508384705,-0.00037587503902614117
96020,19,16,0,0,0.0008925829897634685,2.9542017728090286e-05,0.0006055409903638065,2.0042003598064184e-05,0.0015477080014534295,0.0015315419877879322,1.6166013665497303e-05
96020,20,16,0,0,0.0008751670247875154,2.8915994334965944e-05,0.0007852499838918447,2.154201501980424e-05,0.0017108750180341303,0.0016908330144360662,2.0042003598064184e-05
96020,21,16,1,1,0.0008443329716101289,2.8958020266145468e-05,0.0003974999999627471,1.95419997908175e-05,0.001290332991629839,0.001514833013061434,-0.0002245000214315951
96020,22,15,2,2,0.0008336669998243451,2.8833048418164253e-05,0.0005733749712817371,2.0666979253292084e-05,0.0014565419987775385,0.001683124981354922,-0.00022658298257738352
96020,23,13,1,1,0.0008430000161752105,3.183400258421898e-05,0.0008883330156095326,5.2957970183342695e-05,0.0018161250045523047,0.0020299169700592756,-0.00021379196550697088
96020,24,12,1,1,0.000746707955840975,2.8375012334436178e-05,0.0009376670350320637,2.099998528137803e-05,0.001733749988488853,0.001389959012158215,0.00034379097633063793
96020,25,11,1,1,0.0008105000015348196,3.3917021937668324e-05,0.000433957960922271,2.1292013116180897e-05,0.0012996669975109398,0.001728000002913177,-0.0004283330054022372
96020,26,10,0,0,0.0007302089943550527,2.8500042390078306e-05,0.0009759999811649323,1.9291008356958628e-05,0.001754000026267022,0.0013491670251823962,0.0004048330010846257
96020,27,10,0,0,0.0007263750303536654,2.7959002181887627e-05,0.0003886659978888929,1.8624996300786734e-05,0.0011616250267252326,0.0011697919690050185,-8.166942279785872e-06
96020,28,10,0,0,0.0007204590365290642,2.8082984499633312e-05,0.0004817919689230621,1.9291008356958628e-05,0.0012496249983087182,0.0011967500322498381,5.287496605888009e-05
96020,29,10,0,0,0.0007867909735068679,3.825000021606684e-05,0.0004412920097820461,2.4124979972839355e-05,0.0012904579634778202,0.0013706670142710209,-8.020905079320073e-05
96020,30,10,0,0,0.0007460839697159827,3.195804310962558e-05,0.0007347079808823764,2.279196633026004e-05,0.0015355419600382447,0.0016287079779431224,-9.316601790487766e-05
96020,31,10,0,0,0.0007747500203549862,3.262498648837209e-05,0.0004990420420654118,2.2374966647475958e-05,0.001328792015556246,0.0012361659901216626,9.262602543458343e-05
96020,32,10,1,1,0.0007420830079354346,3.283401019871235e-05,0.00039916601963341236,2.058397512882948e-05,0.0011946670128963888,0.0014986249734647572,-0.00030395796056836843
96020,33,9,0,0,0.00072320899926126,3.083300543949008e-05,0.0015778749948367476,2.0167033653706312e-05,0.002352084033191204,0.0011927909799851477,0.0011592930532060564
96020,34,9,3,3,0.0007209170144051313,3.0374969355762005e-05,0.0007778750150464475,2.174999099224806e-05,0.001550916989799589,0.001200874976348132,0.000350042013451457
96020,35,6,0,0,0.0006258749635890126,2.983299782499671e-05,0.0004640830447897315,2.041697734966874e-05,0.0011402079835534096,0.0010759579599834979,6.425002356991172e-05
96020,36,6,2,2,0.0006488339859060943,3.270799061283469e-05,0.0005830000154674053,2.058298559859395e-05,0.0012851249775849283,0.001285000005736947,1.2497184798121452e-07
96020,37,4,2,2,0.0006031250231899321,2.983299782499671e-05,0.0009067089995369315,2.0665989723056555e-05,0.0015603330102749169,0.0014979169936850667,6.241601658985019e-05
96020,38,2,1,1,0.000561750028282404,2.9374961741268635e-05,0.0007173329940997064,2.520799171179533e-05,0.0013336659758351743,0.0014602080336771905,-0.00012654205784201622
96020,39,1,1,1,0.0005505000008270144,3.0750001315027475e-05,0.00041866599349305034,2.0000035874545574e-05,0.0010199160315096378,0.001056166016496718,-3.62499849870801e-05
96020,40,0,0,0,0.0005166250048205256,3.691698657348752e-05,0.0008223330369219184,2.9082992114126682e-05,0.0014049580204300582,0.001566625025589019,-0.00016166700515896082
96020,41,0,0,0,0.000517958018463105,3.1208968721330166e-05,0.0004861250054091215,2.7665984816849232e-05,0.0010629579774104059,0.0024493340170010924,-0.0013863760395906866
96020,42,0,0,0,0.0005458329687826335,3.933301195502281e-05,0.0016525840037502348,2.7125002816319466e-05,0.0022648749873042107,0.001316542038694024,0.0009483329486101866
96020,43,0,1,0,0.0005073330248706043,3.191694850102067e-05,0.0008170829969458282,2.091703936457634e-05,0.0013772500096820295,0.0021289170254021883,-0.0007516670157201588
96020,44,0,1,0,0.0004934999742545187,3.145902883261442e-05,0.0006914999685250223,2.0750041585415602e-05,0.001237209013197571,0.0016992079908959568,-0.0004619989776983857
96020,45,0,2,0,0.0005369170103222132,3.241701051592827e-05,0.0004087910056114197,2.0209001377224922e-05,0.000998334027826786,0.001002917008008808,-4.582980182021856e-06
96020,46,0,4,0,0.0005275000003166497,3.066594945266843e-05,0.0003976250300183892,1.9749975763261318e-05,0.0009755409555509686,0.0010175839997828007,-4.204304423183203e-05
96020,47,0,4,0,0.0005351249710656703,3.225001273676753e-05,0.0009815419907681644,2.095801755785942e-05,0.0015698749921284616,0.0011385839898139238,0.00043129100231453776
96020,48,0,6,0,0.0005227500223554671,3.108399687334895e-05,0.0005063749849796295,1.975003397092223e-05,0.0010799590381793678,0.0017242080066353083,-0.0006442489684559405
96020,49,0,7,0,0.0005049579776823521,3.104202914983034e-05,0.0009214169695042074,2.762500662356615e-05,0.001485041982959956,0.00127158296527341,0.00021345901768654585
96020,50,0,9,0,0.0005025419523008168,2.9333052225410938e-05,0.0008344579837284982,1.9625003915280104e-05,0.001385957992170006,0.001417833031155169,-3.1875038985162973e-05
96021,0,0,10,0,0.0005196669953875244,3.0750001315027475e-05,0.0006099159945733845,1.9499973859637976e-05,0.0011798329651355743,0.001634540967643261,-0.0004547080025076866
96021,1,0,10,0,0.0005205830093473196,3.0333001632243395e-05,0.0005908749881200492,2.4334003683179617e-05,0.0011661250027827919,0.0010127080022357404,0.00015341700054705143
96021,2,0,10,0,0.0005279590259306133,0.00010933296289294958,0.0010341250454075634,0.0001045420067384839,0.0017759590409696102,0.0010164169943891466,0.0007595420465804636
96021,3,0,10,0,0.000817290972918272,3.0792027246207e-05,0.0004616669612005353,2.237502485513687e-05,0.0013321249862201512,0.0023919169907458127,-0.0010597920045256615
96021,4,2,10,0,0.0005855829804204404,3.566703526303172e-05,0.000822707952465862,4.0584011003375053e-05,0.0014845419791527092,0.0011800420470535755,0.00030449993209913373
96021,5,2,10,0,0.0005435830098576844,2.9041955713182688e-05,0.0004034580197185278,2.01669754460454e-05,0.0009962499607354403,0.0012962079490534961,-0.00029995798831805587
96021,6,5,10,0,0.0006062500178813934,2.9332994017750025e-05,0.00040241703391075134,1.9749975763261318e-05,0.0010577500215731561,0.0012430840288288891,-0.000185334007255733
96021,7,8,10,1,0.0007073750020936131,3.5375007428228855e-05,0.000849874981213361,2.316600875928998e-05,0.001615790999494493,0.0016866670339368284,-7.087603444233537e-05
96021,8,12,9,9,0.0007979159709066153,3.225001273676753e-05,0.0006069589871913195,3.083300543949008e-05,0.0014679579762741923,0.0013277080142870545,0.0001402499619871378
96021,9,4,0,0,0.0005835419869981706,2.8708018362522125e-05,0.00038733403198421,1.999997766688466e-05,0.0010195840150117874,0.001183292013593018,-0.00016370799858123064
96021,10,5,0,0,0.0006144170183688402,2.7999980375170708e-05,0.0003779170219786465,1.9415980204939842e-05,0.0010397500009275973,0.001058083027601242,-1.833302667364478e-05
96021,11,6,0,0,0.0006658330094069242,3.283302066847682e-05,0.0017859169747680426,0.000111832981929183,0.0025964159867726266,0.0022365000331774354,0.00035991595359519124
96021,12,8,0,0,0.0007148750009946525,3.3832970075309277e-05,0.0004030829877592623,1.991703175008297e-05,0.001171707990579307,0.0013930000131949782,-0.00022129202261567116
96021,13,12,1,1,0.0008314590086229146,3.200001083314419e-05,0.00042524997843429446,2.362497616559267e-05,0.0013123339740559459,0.001577041985001415,-0.00026470801094546914
96021,14,14,1,1,0.0008350409916602075,3.162497887387872e-05,0.0009357500239275396,3.629201091825962e-05,0.0018387080053798854,0.0024142079637385905,-0.000575499958358705
96021,15,15,0,0,0.0008931669872254133,3.112497506663203e-05,0.0005208330112509429,2.174999099224806e-05,0.0014668749645352364,0.001987249997910112,-0.0005203750333748758
96021,16,16,1,1,0.0009307090076617897,3.937497967854142e-05,0.0004682079888880253,2.7917034458369017e-05,0.0014662090106867254,0.0020532499765977263,-0.000587040965911001
96021,17,17,2,2,0.0009920420125126839,3.56250093318522e-05,0.0009160409681499004,2.400000812485814e-05,0.0019677079981192946,0.0019095829920843244,5.8125006034970284e-05
96021,18,15,1,1,0.0008854999905452132,3.1333998776972294e-05,0.0006313750054687262,2.1290965378284454e-05,0.0015694999601691961,0.0013766250340268016,0.00019287492614239454
96021,19,14,2,2,0.0008352079894393682,3.066699719056487e-05,0.00042570801451802254,2.112501533702016e-05,0.0013127080164849758,0.00176379201002419,-0.00045108399353921413
96021,20,12,0,0,0.000860332977026701,3.508402733132243e-05,0.0012642499641515315,2.13750172406435e-05,0.0021810419857501984,0.001636000000871718,0.0005450419848784804
96021,21,12,1,1,0.0008453750051558018,3.3833959605544806e-05,0.00043750001350417733,2.0915991626679897e-05,0.0013376249698922038,0.0016959579661488533,-0.0003583329962566495
96021,22,11,0,0,0.0008130419882945716,3.262498648837209e-05,0.0012875410029664636,2.1834042854607105e-05,0.0021550420206040144,0.0013075830065645278,0.0008474590140394866
96021,23,11,0,0,0.0007360830204561353,2.9916991479694843e-05,0.00039729196578264236,2.0416046027094126e-05,0.0011837080237455666,0.0012232089648023248,-3.9500941056758165e-05
96021,24,11,2,2,0.0007297499687410891,2.9916991479694843e-05,0.0007182499975897372,2.050003968179226e-05,0.0014984169974923134,0.001707750023342669,-0.00020933302585035563
96021,25,9,0,0,0.0007198340026661754,3.220804501324892e-05,0.0006086249486543238,2.050003968179226e-05,0.0013811670360155404,0.0012870419886894524,9.412504732608795e-05
96021,26,9,2,2,0.0007202919805422425,2.96669895760715e-05,0.0005981660215184093,2.195901470258832e-05,0.0013700840063393116,0.0012076660059392452,0.00016241800040006638
96021,27,7,0,0,0.0007027499959804118,3.358302637934685e-05,0.0004150840104557574,2.1540967281907797e-05,0.0011729580000974238,0.0014884999836795032,-0.0003155419835820794
96021,28,7,0,0,0.0006725839921273291,2.9916001949459314e-05,0.0010283339652232826,2.0875013433396816e-05,0.0017517089727334678,0.0015381249831989408,0.00021358398953452706
96021,29,7,0,0,0.0006862080190330744,3.7041958421468735e-05,0.0005326250102370977,2.3208034690469503e-05,0.0012790830223821104,0.001169542025309056,0.00010954099707305431
96021,30,7,0,0,0.0007086250116117299,3.287498839199543e-05,0.00043225003173574805,2.079096157103777e-05,0.0011945409933105111,0.0017492089536972344,-0.0005546679603867233
96021,31,7,2,2,0.0007094170432537794,3.20419785566628e-05,0.0013231249758973718,2.1875021047890186e-05,0.002086459018755704,0.0014254170237109065,0.0006610419950447977
96021,32,5,1,1,0.0006598330219276249,3.258395008742809e-05,0.0009451660444028676,2.1124957129359245e-05,0.0016587079735472798,0.0015322499675676227,0.00012645800597965717
96021,33,4,4,4,0.0006070410017855465,3.108399687334895e-05,0.000590000010561198,2.1374959032982588e-05,0.001249499968253076,0.002157124981749803,-0.0009076250134967268
96021,34,0,0,0,0.0005339169874787331,3.1333009246736765e-05,0.0003659999929368496,2.099998528137803e-05,0.0009522499749436975,0.0009672500309534371,-1.5000056009739637e-05
96021,35,0,1,0,0.0005314580048434436,3.0333991162478924e-05,0.0008356660255230963,2.1249987185001373e-05,0.0014187080087140203,0.001097415981348604,0.0003212920273654163
96021,36,0,1,0,0.0005145419854670763,3.108300734311342e-05,0.0006029580254107714,2.0916981156915426e-05,0.0011694999993778765,0.0010332090314477682,0.0001362909679301083
96021,37,0,4,0,0.0005242920015007257,3.0708033591508865e-05,0.0003961669863201678,2.1832995116710663e-05,0.0009730000165291131,0.0013101670192554593,-0.00033716700272634625
96021,38,0,5,0,0.0004884999943897128,2.804200630635023e-05,0.0003751249751076102,1.9499973859637976e-05,0.0009111669496633112,0.0012296250206418335,-0.0003184580709785223
96021,39,0,9,0,0.0004911250434815884,2.6875000912696123e-05,0.0003796250093728304,1.9708997569978237e-05,0.0009173340513370931,0.0010333749814890325,-0.00011604093015193939
96021,40,0,9,0,0.0004918749909847975,2.7125002816319466e-05,0.0003731250180862844,1.95419997908175e-05,0.0009116670116782188,0.001035124994814396,-0.00012345798313617706
96022,0,0,10,0,0.0004939999780617654,2.9332994017750025e-05,0.0018103750189766288,2.112501533702016e-05,0.0023548330063931644,0.0012129579554311931,0.0011418750509619713
96022,1,1,10,0,0.0005427079740911722,3.425002796575427e-05,0.0015187079552561045,2.0792009308934212e-05,0.002116457966621965,0.001027541991788894,0.0010889159748330712
96022,2,1,10,0,0.0005348750273697078,3.125000512227416e-05,0.0005219169543124735,2.0000035874545574e-05,0.001108042022679001,0.0016550829750485718,-0.0005470409523695707
96022,3,1,10,0,0.0005364169483073056,3.0125025659799576e-05,0.0010075829923152924,2.033403143286705e-05,0.0015944589977152646,0.00165629101684317,-6.183201912790537e-05
96022,4,1,10,0,0.0005459159729070961,3.062502946704626e-05,0.0008545420132577419,2.3500004317611456e-05,0.0014545830199494958,0.0010243330034427345,0.0004302500165067613
96022,5,3,10,0,0.0005586670013144612,2.8332986403256655e-05,0.0003878750139847398,1.9458995666354895e-05,0.0009943339973688126,0.0010245000012218952,-3.0166003853082657e-05
96022,6,6,10,0,0.0006872920203022659,3.1540985219180584e-05,0.0004301249864511192,2.0709005184471607e-05,0.0011696669971570373,0.001368874975014478,-0.0001992079778574407
96022,7,9,10,3,0.000743500015232712,4.216702654957771e-05,0.0004777919966727495,2.4457986000925303e-05,0.0012879170244559646,0.0023701669997535646,-0.0010822499752976
96022,8,8,7,7,0.0006970830145291984,3.104197094216943e-05,0.0010616660001687706,3.3374992199242115e-05,0.0018231659778393805,0.0015862909494899213,0.00023687502834945917
96022,9,6,0,0,0.0006552919512614608,3.308302257210016e-05,0.00041933299507945776,2.13750172406435e-05,0.0011290829861536622,0.0012086250353604555,-7.954204920679331e-05
96022,10,8,0,0,0.0007397910230793059,3.445899346843362e-05,0.0013259159750305116,2.354203024879098e-05,0.002123708021827042,0.0030075410031713545,-0.0008838329813443124
96022,11,10,0,0,0.0007128329598344862,2.924998989328742e-05,0.0004087090492248535,1.999997766688466e-05,0.0011707919766195118,0.00120749999769032,-3.670802107080817e-05
96022,12,11,0,0,0.000823416979983449,3.379205008968711e-05,0.00042458297684788704,2.2707972675561905e-05,0.001304499979596585,0.001993499987293035,-0.0006890000076964498
96022,13,12,0,0,0.0007847079541534185,3.100000321865082e-05,0.0009175000013783574,2.1250045392662287e-05,0.001754458004143089,0.0020374589948914945,-0.00028300099074840546
96022,14,13,3,3,0.0008478749659843743,3.14170029014349e-05,0.000984541024081409,2.462498378008604e-05,0.0018884579767473042,0.0017339589539915323,0.00015449902275577188
96022,15,13,0,0,0.000846582988742739,5.554204108193517e-05,0.0011112079955637455,3.5582983400672674e-05,0.0020489160087890923,0.0013122499804012477,0.0007366660283878446
96022,16,15,1,1,0.0008662090403959155,3.0333001632243395e-05,0.0004065419780090451,2.099998528137803e-05,0.001324084005318582,0.001427958020940423,-0.00010387401562184095
96022,17,16,0,0,0.0008749999688006938,3.56250093318522e-05,0.0008778750197961926,2.174999099224806e-05,0.0018102499889209867,0.002010833006352186,-0.00020058301743119955
96022,18,16,0,0,0.0009002909646369517,3.4584023524075747e-05,0.0009428749908693135,2.0749983377754688e-05,0.0018984999624080956,0.0014399579958990216,0.00045854196650907397
96022,19,16,2,2,0.0008778329938650131,3.0125025659799576e-05,0.0004719169810414314,2.0791019778698683e-05,0.0014006660203449428,0.002064624975901097,-0.0006639589555561543
96022,20,14,1,1,0.0008171669906005263,3.0124967452138662e-05,0.0012717920471914113,5.7582976296544075e-05,0.0021766669815406203,0.0017483749543316662,0.0004282920272089541
96022,21,13,1,1,0.0008525000303052366,3.170897252857685e-05,0.0013741659931838512,2.1584040950983763e-05,0.0022799590369686484,0.0014010410523042083,0.0008789179846644402
96022,22,12,1,1,0.0008179169963113964,3.095803549513221e-05,0.00044104200787842274,2.1874962840229273e-05,0.0013117920025251806,0.0013608750305138528,-4.9083027988672256e-05
96022,23,11,0,0,0.0007564160041511059,3.162503708153963e-05,0.0012539169983938336,2.2957974579185247e-05,0.0020649160142056644,0.002191334031522274,-0.00012641801731660962
96022,24,11,1,1,0.000775666965637356,3.0250055715441704e-05,0.0006447919877246022,2.1457963157445192e-05,0.0014721669722348452,0.0016339580179192126,-0.00016179104568436742
96022,25,10,0,0,0.0008278750465251505,3.216695040464401e-05,0.0008534580119885504,2.420798409730196e-05,0.001737707993015647,0.0017288750386796892,8.832954335957766e-06
96022,26,10,0,0,0.0007414580322802067,3.566697705537081e-05,0.001493374991696328,2.2082997020334005e-05,0.0022925829980522394,0.0012745420099236071,0.0010180409881286323
96022,27,10,0,0,0.0007373749976977706,2.9499991796910763e-05,0.0006046250346116722,2.0540959667414427e-05,0.001392040983773768,0.0014336250023916364,-4.1584018617868423e-05
96022,28,10,0,0,0.0007359160226769745,2.9999995604157448e-05,0.0004039999912492931,1.9916973542422056e-05,0.0011898329830728471,0.001195874996483326,-6.04201341047883e-06
96022,29,10,0,0,0.0007319159922190011,2.8542010113596916e-05,0.000387999985832721,2.0208011846989393e-05,0.0011686660000123084,0.0012663329835049808,-9.766698349267244e-05
96022,30,10,0,0,0.0007256250246427953,2.8665992431342602e-05,0.0003885420155711472,1.916696783155203e-05,0.0011620000004768372,0.0011826669797301292,-2.0666979253292084e-05
96022,31,10,0,0,0.0007269170018844306,2.800003858283162e-05,0.000690624990966171,2.3416010662913322e-05,0.0014689580420963466,0.0013596669887192547,0.00010929105337709188
96022,32,10,1,1,0.0007384580094367266,2.9957969672977924e-05,0.0015510000521317124,2.1666986867785454e-05,0.0023410830181092024,0.0012724170228466392,0.0010686659952625632
96022,33,9,3,3,0.0007090840372256935,2.7749978471547365e-05,0.0008356249891221523,2.4833017960190773e-05,0.001597292022779584,0.0011892499751411378,0.0004080420476384461
96022,34,6,2,2,0.0006224589888006449,2.8499984182417393e-05,0.0014205410261638463,2.3958971723914146e-05,0.0020954589708708227,0.0017115419614128768,0.0003839170094579458
96022,35,4,3,3,0.0006275000050663948,3.079103771597147e-05,0.0003874999820254743,2.1209008991718292e-05,0.0010670000337995589,0.0011277919984422624,-6.079196464270353e-05
96022,36,1,0,0,0.0005372500163502991,3.062497125938535e-05,0.00037904101191088557,1.95419997908175e-05,0.0009664579993113875,0.0010048749973066151,-3.8416997995227575e-05
96022,37,1,0,0,0.0005444170092232525,3.02919652312994e-05,0.0003727910225279629,1.941696973517537e-05,0.0009669169667176902,0.0011978329857811332,-0.00023091601906344295
96022,38,1,3,1,0.0005379170179367065,2.9707967769354582e-05,0.0012987080262973905,2.254202263429761e-05,0.0018888750346377492,0.0014100829721428454,0.0004787920624949038
96022,39,0,4,0,0.0005309999687597156,3.366702003404498e-05,0.00045787502313032746,2.0332983694970608e-05,0.0010428749956190586,0.001001209020614624,4.1665975004434586e-05
96022,40,0,7,0,0.000536791980266571,3.100000321865082e-05,0.00044537504436448216,2.0499981474131346e-05,0.0010336670093238354,0.0009876249823719263,4.6042026951909065e-05
96022,41,0,7,0,0.0005334170418791473,3.0790979508310556e-05,0.0003962090122513473,1.9208004232496023e-05,0.0009796250378713012,0.0013532090233638883,-0.0003735839854925871
96022,42,0,7,0,0.000529541983269155,3.0082999728620052e-05,0.0005977079854346812,2.0167033653706312e-05,0.0011775000020861626,0.0009853329975157976,0.00019216700457036495
96022,43,0,7,0,0.0005110000493004918,3.045797348022461e-05,0.0003926670178771019,2.0249979570508003e-05,0.0009543750202283263,0.0010899580083787441,-0.0001355829881504178
96022,44,0,7,0,0.0005128749762661755,2.9916991479694843e-05,0.0012703330139629543,2.0916981156915426e-05,0.00183404196286574,0.0010566250421106815,0.0007774169207550585
96022,45,0,8,0,0.0005128750344738364,3.0082999728620052e-05,0.0006272919708862901,1.9041006453335285e-05,0.0011892910115420818,0.0018949999939650297,-0.0007057089824229479
96023,0,0,10,0,0.0005130000063218176,3.020901931449771e-05,0.0009148750104941428,2.0332983694970608e-05,0.0014784170198254287,0.0013397909933701158,0.00013862602645531297
96023,1,0,10,0,0.0005571249639615417,3.120803739875555e-05,0.0008557919645681977,2.1458021365106106e-05,0.001465582987293601,0.0016223749844357371,-0.0001567919971421361
96023,2,2,10,0,0.0005314999725669622,2.8125010430812836e-05,0.0008374159806407988,1.933402381837368e-05,0.0014163749874569476,0.0011738339671865106,0.000242541020270437
96023,3,3,10,0,0.0005538330296985805,2.8082984499633312e-05,0.0015481250011362135,3.729201853275299e-05,0.0021673330338671803,0.0014871669700369239,0.0006801660638302565
96023,4,5,10,0,0.0006437079864554107,3.2958982046693563e-05,0.0006504160119220614,2.054200740531087e-05,0.0013476249878294766,0.0012615410378202796,8.6083950009197e-05
96023,5,7,10,0,0.000696792034432292,3.083300543949008e-05,0.0004211670020595193,2.0415987819433212e-05,0.0011692080297507346,0.0013104589888826013,-0.0001412509591318667
96023,6,11,10,5,0.0007847919478081167,3.091699909418821e-05,0.0005651250248774886,2.5833025574684143e-05,0.0014066669973544776,0.001330625033006072,7.60419643484056e-05
96023,7,8,5,5,0.0007166250143200159,3.133295103907585e-05,0.001147792034316808,2.5957997422665358e-05,0.001921707997098565,0.0012511669774539769,0.0006705410196445882
96023,8,3,0,0,0.0005591670051217079,2.9458024073392153e-05,0.0008808340062387288,1.958297798410058e-05,0.0014890420134179294,0.001438374980352819,5.0667033065110445e-05
96023,9,4,0,0,0.0006237080087885261,3.062502946704626e-05,0.0012062499881722033,2.0792009308934212e-05,0.0018813750357367098,0.001340665970928967,0.0005407090648077428
96023,10,6,0,0,0.0006512499530799687,3.091699909418821e-05,0.0012384169967845082,2.0291015971451998e-05,0.0019408749649301171,0.0014997079852037132,0.00044116697972640395
96023,11,11,0,0,0.0007262920262292027,2.845795825123787e-05,0.0005551670328713953,2.0208011846989393e-05,0.0013301250291988254,0.001249833032488823,8.029199671000242e-05
96023,12,13,0,0,0.000811540987342596,3.020901931449771e-05,0.0011304999934509397,2.174999099224806e-05,0.0019939999911002815,0.001769249967765063,0.00022475002333521843
96023,13,14,0,0,0.0008115830132737756,2.9749993700534105e-05,0.0005037920200265944,2.062495332211256e-05,0.0013657499803230166,0.002435208996757865,-0.0010694590164348483
96023,14,16,0,0,0.0008289589895866811,2.816604683175683e-05,0.00042091700015589595,1.9291997887194157e-05,0.001297334034461528,0.0013688329490832984,-7.149891462177038e-05
96023,15,16,0,0,0.0008997910190373659,3.954197745770216e-05,0.0004794169799424708,2.112501533702016e-05,0.001439874991774559,0.002756750036496669,-0.00131687504472211
96023,16,17,1,1,0.0009099160088226199,3.0374969355762005e-05,0.000723542005289346,2.1332991309463978e-05,0.0016851659747771919,0.001675874984357506,9.29099041968584e-06
96023,17,17,0,0,0.000899125006981194,2.983398735523224e-05,0.0004200830007903278,2.0292005501687527e-05,0.0013693340006284416,0.0013759169960394502,-6.582995411008596e-06
96023,18,19,0,0,0.0009602080099284649,3.0499999411404133e-05,0.0004207089659757912,1.9416038412600756e-05,0.001430833013728261,0.0014557079994119704,-2.4874985683709383e-05
96023,19,19,1,1,0.0009478339925408363,2.8541020583361387e-05,0.0007302499725483358,2.033403143286705e-05,0.0017269590171054006,0.0018355840002186596,-0.00010862498311325908
96023,20,18,2,2,0.0009092079708352685,3.037502756342292e-05,0.0012568749953061342,2.724997466430068e-05,0.0022237079683691263,0.001483291038312018,0.0007404169300571084
96023,21,16,4,4,0.0008632910321466625,3.691698657348752e-05,0.00042933301301673055,2.4874985683709383e-05,0.00135441601742059,0.001359916990622878,-5.500973202288151e-06
96023,22,12,1,1,0.0007842910126782954,3.15000070258975e-05,0.0006167919491417706,2.0042003598064184e-05,0.0014526249724440277,0.0018022500444203615,-0.00034962507197633386
96023,23,11,0,0,0.0007597090443596244,3.024999750778079e-05,0.0005028329906053841,2.01669754460454e-05,0.0013129590079188347,0.0013163340045139194,-3.374996595084667e-06
96023,24,11,1,1,0.0007541250088252127,2.987496554851532e-05,0.0003926670178771019,2.01669754460454e-05,0.0011968339676968753,0.0012213750160299242,-2.454104833304882e-05
96023,25,10,0,0,0.0007665419834665954,3.037502756342292e-05,0.00040487496880814433,2.0208011846989393e-05,0.001221999991685152,0.0012503750040195882,-2.8375012334436178e-05
96023,26,10,0,0,0.0007658330141566694,2.9959017410874367e-05,0.0008001659880392253,2.1875021047890186e-05,0.0016178330406546593,0.001704084046650678,-8.625100599601865e-05
96023,27,10,0,0,0.0007077500340528786,2.883299021050334e-05,0.00135237502399832,1.999997766688466e-05,0.0021089580259285867,0.0017164999735541642,0.00039245805237442255
96023,28,10,0,0,0.0007309159846045077,2.9916991479694843e-05,0.0013784170150756836,1.9415980204939842e-05,0.002158665971364826,0.002392625028733164,-0.0002339590573683381
96023,29,10,0,0,0.000702959019690752,4.370801616460085e-05,0.00040554197039455175,2.099998528137803e-05,0.0011732089915312827,0.0016426249640062451,-0.0004694159724749625
96023,30,10,0,0,0.0007588749867863953,3.0207971576601267e-05,0.000428958039265126,1.95419997908175e-05,0.00123758299741894,0.0012225839891470969,1.4999008271843195e-05
96023,31,10,0,0,0.0007339169969782233,3.024999750778079e-05,0.000842333014588803,2.2792024537920952e-05,0.0016292920336127281,0.002072041970677674,-0.0004427499370649457
96023,32,10,0,0,0.0007014579605311155,2.816703636199236e-05,0.0008964579901657999,1.912500010803342e-05,0.0016452079871669412,0.001716375001706183,-7.116701453924179e-05
96023,33,10,0,0,0.0007066669641062617,2.7500034775584936e-05,0.0004093750030733645,1.912500010803342e-05,0.0011626670020632446,0.0015106659848242998,-0.00034799898276105523
96023,34,10,1,1,0.0007040830096229911,2.7333036996424198e-05,0.0010738749988377094,2.1291954908519983e-05,0.0018265830003656447,0.001250208995770663,0.0005763740045949817
96023,35,9,0,0,0.0007441249908879399,4.7667010221630335e-05,0.00046491704415529966,2.2499996703118086e-05,0.001279209041967988,0.0022206659778021276,-0.0009414569358341396
96023,36,9,1,1,0.0007318340358324349,3.6624958738684654e-05,0.001437041035387665,2.304196823388338e-05,0.002228541998192668,0.0018164170323871076,0.00041212496580556035
96023,37,8,1,1,0.0006981250480748713,3.124994691461325e-05,0.0010304170427843928,2.2124964743852615e-05,0.00178191700251773,0.0014122500433586538,0.0003696669591590762
96023,38,7,2,2,0.0006430830108001828,2.9958027880638838e-05,0.0004547499702312052,2.3042026441544294e-05,0.0011508330353535712,0.0014699159655719995,-0.0003190829302184284
96023,39,5,2,2,0.0006252079620026052,3.179203486070037e-05,0.0004045419627800584,2.2916006855666637e-05,0.0010844579664990306,0.0010562920360825956,2.8165930416435003e-05
96023,40,3,1,1,0.0005736249731853604,2.9082992114126682e-05,0.000478167028632015,1.9832979887723923e-05,0.001100707973819226,0.0010752920061349869,2.541596768423915e-05
96023,41,2,2,2,0.0005500830011442304,2.8541951905936003e-05,0.00037179101491346955,1.979200169444084e-05,0.0009702079696580768,0.0010354159749113023,-6.520800525322556e-05
96023,42,0,0,0,0.0005007499712519348,2.8291018679738045e-05,0.00046254199696704745,1.950003206729889e-05,0.0010110830189660192,0.0016756249824538827,-0.0006645419634878635
96023,43,0,0,0,0.0005260420148260891,2.9374961741268635e-05,0.00039195804856717587,1.937500201165676e-05,0.0009667500271461904,0.001055041968356818,-8.829194121062756e-05
96023,44,0,0,0,0.0005028750165365636,2.8165988624095917e-05,0.0013615419738925993,2.341700019314885e-05,0.0019159999792464077,0.000965709041338414,0.0009502909379079938
96023,45,0,1,0,0.0005123750306665897,3.0791969038546085e-05,0.0008564580348320305,9.699998190626502e-05,0.0014966250164434314,0.0014044580166228116,9.216699982061982e-05
96023,46,0,2,0,0.0005285409861244261,3.091699909418821e-05,0.0007607080042362213,1.999997766688466e-05,0.0013401659671217203,0.0023161249700933695,-0.0009759590029716492
96023,47,0,4,0,0.0004964160034433007,2.7999980375170708e-05,0.0005109590128995478,1.91659783013165e-05,0.0010545409750193357,0.0009355000220239162,0.0001190409529954195
96023,48,0,4,0,0.0004900420317426324,2.7458008844405413e-05,0.000757541973143816,1.8832972273230553e-05,0.0012938749860040843,0.0009094999986700714,0.000384374987334013
96023,49,0,5,0,0.0004913750453852117,2.7999980375170708e-05,0.0006248750141821802,1.8874998204410076e-05,0.0011631250381469727,0.0009492500103078783,0.0002138750278390944
96023,50,0,5,0,0.0005260839825496078,3.08750313706696e-05,0.0004130000015720725,2.0374951418489218e-05,0.000990333966910839,0.0013697909889742732,-0.0003794570220634341
96023,51,0,6,0,0.0005281250341795385,3.074994310736656e-05,0.0003853340167552233,1.908303238451481e-05,0.0009632920264266431,0.001002666016574949,-3.937399014830589e-05
96023,52,0,7,0,0.0004962909733876586,2.8499984182417393e-05,0.0004026670358143747,1.858297036960721e-05,0.0009460409637540579,0.0011359169729985297,-0.0001898760092444718
96023,53,0,8,0,0.0004895839956589043,2.7375004719942808e-05,0.00037475000135600567,1.8874998204410076e-05,0.0009105839999392629,0.0009382919524796307,-2.7707952540367842e-05
96024,0,0,10,0,0.0005225000204518437,3.14170029014349e-05,0.0009908329811878502,1.991703175008297e-05,0.0015646670362912118,0.0017906249850057065,-0.0002259579487144947
96024,1,1,10,0,0.0005410420126281679,3.0166003853082657e-05,0.0009458750137127936,1.9749975763261318e-05,0.0015368330059573054,0.0010291669750586152,0.0005076660308986902
96024,2,1,10,0,0.0005460419924929738,3.037502756342292e-05,0.0004255829844623804,1.9584025721997023e-05,0.0010215840302407742,0.0010223329882137477,-7.489579729735851e-07
96024,3,1,10,0,0.0005422079702839255,3.0292023438960314e-05,0.0016227500163950026,2.0082981791347265e-05,0.0022153329919092357,0.00178695801878348,0.0004283749731257558
96024,4,2,10,0,0.0005564159946516156,3.1542032957077026e-05,0.0004819579771719873,2.0042003598064184e-05,0.0010899580083787441,0.001587625010870397,-0.000497667002491653
96024,5,3,10,0,0.0005735419690608978,3.0292023438960314e-05,0.0011064999853260815,0.00011575000826269388,0.0018260839860886335,0.0010499999625608325,0.000776084023527801
96024,6,5,10,0,0.0011364590027369559,3.125000512227416e-05,0.0013237909879535437,2.295902231708169e-05,0.0025144590181298554,0.00210191699443385,0.00041254202369600534
96024,7,6,10,0,0.0006279999506659806,2.8875016141682863e-05,0.0003997500170953572,1.8916965927928686e-05,0.0010755419498309493,0.0012092500110156834,-0.0001337080611847341
96024,8,11,10,7,0.0007654579821974039,3.266701241955161e-05,0.0005012499750591815,2.4333014152944088e-05,0.001323707983829081,0.0012049999786540866,0.00011870800517499447
96024,9,5,3,3,0.0006149999680928886,2.979201963171363e-05,0.0009282910032197833,2.2833992261439562e-05,0.001595916983205825,0.0011117920512333512,0.00048412493197247386
96024,10,4,0,0,0.0006163749494589865,2.97910301014781e-05,0.0010585419950075448,0.0001128750154748559,0.0018175829900428653,0.0013383749756030738,0.00047920801443979144
96024,11,8,0,0,0.0007548750145360827,3.0499999411404133e-05,0.0004032920114696026,2.099998528137803e-05,0.0012096670106984675,0.0027695830212906003,-0.0015599160105921328
96024,12,8,0,0,0.0006824169540777802,2.8708018362522125e-05,0.00041099998634308577,1.9167026039212942e-05,0.001141291984822601,0.001525666972156614,-0.000384374987334013
96024,13,13,0,0,0.0008052500197663903,2.7916976250708103e-05,0.0005772499716840684,1.9208004232496023e-05,0.0014296249719336629,0.0013395000132732093,9.012495866045356e-05
96024,14,15,0,0,0.0008337080362252891,2.7708010748028755e-05,0.0004163339617662132,1.891603460535407e-05,0.0012966660433448851,0.0017852919991128147,-0.0004886259557679296
96024,15,18,1,1,0.0009001670405268669,2.824998227879405e-05,0.00040804099990054965,1.9667029846459627e-05,0.0013561250525526702,0.0013691670028492808,-1.3041950296610594e-05
96024,16,18,3,3,0.0009456660482101142,3.358395770192146e-05,0.001931375009007752,0.00012941600289195776,0.0030400410178117454,0.0015985419740900397,0.0014414990437217057
96024,17,15,3,3,0.0008160419529303908,2.9958027880638838e-05,0.0006811670027673244,1.995800994336605e-05,0.0015471249935217202,0.0013990830047987401,0.00014804198872298002
96024,18,12,0,0,0.0007564580300822854,2.9499991796910763e-05,0.0011179170105606318,2.141698496416211e-05,0.00192529201740399,0.002221665985416621,-0.00029637396801263094
96024,19,13,2,2,0.0008245420176535845,3.104197094216943e-05,0.0009090410312637687,2.13750172406435e-05,0.001786000037100166,0.0019750409992411733,-0.00018904096214100718
96024,20,11,0,0,0.0007426249794661999,2.9499991796910763e-05,0.0010878749890252948,2.920901170000434e-05,0.0018892089719884098,0.0015279159997589886,0.00036129297222942114
96024,21,11,1,1,0.0007868750253692269,4.1249964851886034e-05,0.0004802910261787474,2.6334018912166357e-05,0.0013347500353120267,0.001328082988038659,6.667047273367643e-06
96024,22,10,0,0,0.0007316659903153777,3.0792027246207e-05,0.0008553749648854136,2.3333006538450718e-05,0.001641165988985449,0.002278457977809012,-0.0006372919888235629
96024,23,10,0,0,0.0007473329897038639,3.6792014725506306e-05,0.0009750000317580998,2.3999949917197227e-05,0.0017831249861046672,0.0019227919983677566,-0.00013966701226308942
96024,24,10,2,2,0.0007625420112162828,4.241598071530461e-05,0.0011235420242883265,2.2208027075976133e-05,0.00195070804329589,0.002014208002947271,-6.349995965138078e-05
96024,25,8,1,1,0.0007003750069998205,3.045797348022461e-05,0.00042975001269951463,2.6458001229912043e-05,0.0011870409944094718,0.0012247500126250088,-3.770901821553707e-05
96024,26,7,1,1,0.0006682499661110342,2.9542017728090286e-05,0.0005859159864485264,2.1833984646946192e-05,0.001305541954934597,0.0011614590184763074,0.00014408293645828962
96024,27,6,3,3,0.0006759999669156969,3.679102519527078e-05,0.0004782920004799962,2.5083019863814116e-05,0.001216166012454778,0.0012540420284494758,-3.787601599469781e-05
96024,28,3,3,3,0.0005760419880971313,3.0124967452138662e-05,0.000760166032705456,2.3708969820290804e-05,0.0013900419580750167,0.0023699579760432243,-0.0009799160179682076
96024,29,0,1,0,0.0005121249705553055,3.0542025342583656e-05,0.000793374958448112,2.354203024879098e-05,0.0013595839845947921,0.0013838750310242176,-2.4291046429425478e-05
96024,30,0,1,0,0.00048745801905170083,2.9709015507251024e-05,0.000369165965821594,1.9708997569978237e-05,0.0009060419979505241,0.0013886249507777393,-0.0004825829528272152
96024,31,0,2,0,0.000513250008225441,2.9624963644891977e-05,0.0006208330160006881,1.979200169444084e-05,0.0011834999895654619,0.0010034169536083937,0.0001800830359570682
96024,32,0,3,0,0.0004897090257145464,2.8332986403256655e-05,0.00037349999183788896,2.0167033653706312e-05,0.0009117090376093984,0.0014005840057507157,-0.0004888749681413174
96024,33,0,3,0,0.0004903750377707183,2.887495793402195e-05,0.000778250047005713,2.19999928958714e-05,0.0013195000356063247,0.0009433749946765602,0.0003761250409297645
96024,34,0,4,0,0.0005037090159021318,3.087497316300869e-05,0.00040787499165162444,1.9291008356958628e-05,0.0009617499890737236,0.0013160419766791165,-0.00035429198760539293
96024,35,0,4,0,0.0005074999644421041,3.0125025659799576e-05,0.0011225839843973517,1.937500201165676e-05,0.0016795839765109122,0.0017786670359782875,-9.908305946737528e-05
96024,36,0,6,0,0.0005066249868832529,2.9499991796910763e-05,0.001079041976481676,2.1625019144266844e-05,0.0016367919743061066,0.001577791990712285,5.8999983593821526e-05
96024,37,0,9,0,0.000508583034388721,2.9332994017750025e-05,0.0005560839781537652,3.312499029561877e-05,0.001127124996855855,0.0009722909890115261,0.00015483400784432888
96024,38,0,9,0,0.0005290830158628523,3.408396150916815e-05,0.0014052080223336816,9.312498150393367e-05,0.0020614999812096357,0.0009934169938787818,0.001068082987330854
96025,0,1,10,0,0.0005475829821079969,3.3374992199242115e-05,0.0006533340201713145,2.1707965061068535e-05,0.001255999959539622,0.0020568330073729157,-0.0008008330478332937
96025,1,2,10,0,0.0005748340045101941,3.116601146757603e-05,0.0011648749932646751,2.2709020413458347e-05,0.0017935840296559036,0.0010477500036358833,0.0007458340260200202
96025,2,3,10,0,0.0005877919611521065,3.200001083314419e-05,0.0007046660175547004,2.4291977752000093e-05,0.0013487499672919512,0.0010706670000217855,0.0002780829672701657
96025,3,5,10,0,0.0006085839704610407,2.9541028197854757e-05,0.0005802499945275486,1.9625003915280104e-05,0.0012379999971017241,0.0011747500393539667,6.324995774775743e-05
96025,4,5,10,0,0.0006293749902397394,3.0125025659799576e-05,0.00042866700096055865,1.9916973542422056e-05,0.0011080839904025197,0.0014645829796791077,-0.00035649898927658796
96025,5,6,10,0,0.000629125046543777,2.8665992431342602e-05,0.00040499999886378646,1.8916965927928686e-05,0.0010817080037668347,0.001320375013165176,-0.00023866700939834118
96025,6,7,10,0,0.0006440830184146762,2.862501423805952e-05,0.0015084999613463879,2.091703936457634e-05,0.0022021250333637,0.0011407909914851189,0.001061334041878581
96025,7,9,10,3,0.0007187090232037008,2.9624963644891977e-05,0.0007932080188766122,2.19999928958714e-05,0.0015635419986210763,0.0014999169507063925,6.362504791468382e-05
96025,8,8,7,7,0.000686999992467463,2.9667047783732414e-05,0.0007367919897660613,2.3416010662913322e-05,0.00147687504068017,0.002339333004783839,-0.0008624579641036689
96025,9,3,0,0,0.0005741670029237866,2.9499991796910763e-05,0.00037358299596235156,1.979200169444084e-05,0.0009970419923774898,0.00103162502637133,-3.458303399384022e-05
96025,10,6,0,0,0.0006520000169984996,3.2540992833673954e-05,0.0017683340120129287,0.00010987499263137579,0.002562750014476478,0.0017217079875990748,0.0008410420268774033
96025,11,11,0,0,0.0007772499811835587,3.0750001315027475e-05,0.0014437909703701735,9.50000248849392e-05,0.002346790977753699,0.0015194169827736914,0.0008273739949800074
96025,12,13,0,0,0.0007715420215390623,2.8458016458898783e-05,0.0004980419762432575,2.0665989723056555e-05,0.0013187080039642751,0.0012827080208808184,3.5999983083456755e-05
96025,13,16,0,0,0.0008414999465458095,2.862501423805952e-05,0.0004005830269306898,1.941696973517537e-05,0.0012901249574497342,0.0018168750102631748,-0.0005267500528134406
96025,14,16,0,0,0.0008304580114781857,2.820900408551097e-05,0.0004275409737601876,1.837499439716339e-05,0.0013045829837210476,0.0013319169520400465,-2.7333968318998814e-05
96025,15,17,0,0,0.0009252500021830201,3.4374999813735485e-05,0.00040804099990054965,2.054200740531087e-05,0.0013882080093026161,0.0016818339936435223,-0.00029362598434090614
96025,16,18,2,2,0.0009078750154003501,2.9416987672448158e-05,0.0015424159937538207,2.441700780764222e-05,0.002504125004634261,0.0014262080076150596,0.0010779169970192015
96025,17,16,1,1,0.0008757500327192247,3.0082999728620052e-05,0.0005400829832069576,1.9749975763261318e-05,0.0014656659914180636,0.0019273340003564954,-0.00046166800893843174
96025,18,17,1,1,0.0008961669518612325,3.100000321865082e-05,0.0004183330456726253,2.120895078405738e-05,0.001366708951536566,0.0020075829816050828,-0.0006408740300685167
96025,19,16,2,2,0.0008420420344918966,3.191595897078514e-05,0.0005407920107245445,2.258300082758069e-05,0.001437333005014807,0.0023297910229302943,-0.0008924580179154873
96025,20,14,2,2,0.000834624981507659,3.245903644710779e-05,0.0004297079867683351,2.2291962523013353e-05,0.0013190839672461152,0.0016695419908501208,-0.0003504580236040056
96025,21,12,1,1,0.0007826249930076301,3.0292023438960314e-05,0.0004116250202059746,2.1374959032982588e-05,0.0012459169956855476,0.001266125007532537,-2.0208011846989393e-05
96025,22,11,1,1,0.0007630419568158686,2.9458024073392153e-05,0.00040900002932175994,2.0708946976810694e-05,0.0012222089571878314,0.0012402089778333902,-1.8000020645558834e-05
96025,23,10,0,0,0.0007697499822825193,3.479100996628404e-05,0.0007274589734151959,1.9625003915280104e-05,0.0015516249695792794,0.0013587080175057054,0.00019291695207357407
96025,24,10,0,0,0.0011083749704994261,3.0084047466516495e-05,0.0011662909528240561,2.1292013116180897e-05,0.0023260419839061797,0.001231374975759536,0.0010946670081466436
96025,25,10,0,0,0.0007372079999186099,2.924998989328742e-05,0.0004479580093175173,1.9625003915280104e-05,0.0012340410030446947,0.001297915994655341,-6.387499161064625e-05
96025,26,10,0,0,0.0007306250045076013,2.9124959837645292e-05,0.00047808303497731686,1.9499973859637976e-05,0.0012573329731822014,0.0016011249972507358,-0.0003437920240685344
96025,27,10,1,1,0.0007330420194193721,3.083300543949008e-05,0.0008025419665500522,2.0833045709878206e-05,0.0015872500371187925,0.0012400000123307109,0.00034725002478808165
96025,28,9,1,1,0.0007029580301605165,2.987496554851532e-05,0.0005572499940171838,2.316699828952551e-05,0.0013132499880157411,0.0017498750239610672,-0.0004366250359453261
96025,29,8,0,0,0.0006926250061951578,3.058300353586674e-05,0.0009959579911082983,1.9625003915280104e-05,0.001738791004754603,0.001847707957495004,-0.00010891695274040103
96025,30,8,0,0,0.0006968750385567546,2.9749993700534105e-05,0.00039312499575316906,1.9291997887194157e-05,0.001139042025897652,0.0011774169979617,-3.837497206404805e-05
96025,31,8,2,2,0.0006951660034246743,2.9125018045306206e-05,0.00043062499025836587,2.0749983377754688e-05,0.001175665995106101,0.0011603750172071159,1.5290977898985147e-05
96025,32,6,0,0,0.0006496250280179083,2.9416987672448158e-05,0.000413707981351763,1.9167026039212942e-05,0.0011119170230813324,0.0012308750301599503,-0.00011895800707861781
96025,33,6,2,2,0.0006468750070780516,2.9124959837645292e-05,0.000869500043336302,2.4124979972839355e-05,0.0015696249902248383,0.0012866670149378479,0.0002829579752869904
96025,34,4,0,0,0.0006221659714356065,3.3750024158507586e-05,0.0004391249967738986,2.141698496416211e-05,0.0011164579773321748,0.001101000001654029,1.5457975678145885e-05
96025,35,4,1,1,0.0006032499950379133,3.112497506663203e-05,0.0007350840023718774,2.0583043806254864e-05,0.0013900420162826777,0.0013914169976487756,-1.374981366097927e-06
96025,36,3,3,3,0.0005817079800181091,3.000005381181836e-05,0.0008854999905452132,2.1374959032982588e-05,0.0015185829834081233,0.0011353339650668204,0.00038324901834130287
96025,37,0,0,0,0.0014940000255592167,3.0166003853082657e-05,0.00106487498851493,2.041697734966874e-05,0.002609457995276898,0.0021334579796530306,0.0004760000156238675
96025,38,0,1,0,0.0004918330232612789,2.8125010430812836e-05,0.0003607089747674763,1.908303238451481e-05,0.0008997500408440828,0.0009250830044038594,-2.5332963559776545e-05
96025,39,0,2,0,0.0005117920227348804,2.9916001949459314e-05,0.0008095839875750244,7.708300836384296e-05,0.001428375020623207,0.001469917013309896,-4.15419926866889e-05
96025,40,0,3,0,0.0005341669893823564,3.629201091825962e-05,0.0008148329798132181,2.2249994799494743e-05,0.0014075419749133289,0.0009645830141380429,0.00044295896077528596
96025,41,0,3,0,0.000503083982039243,2.8666050639003515e-05,0.0009506669593974948,1.879199407994747e-05,0.0015012089861556888,0.0012379999971017241,0.0002632089890539646
96025,42,0,5,0,0.0005014580092392862,2.7999980375170708e-05,0.00036150001687929034,1.899997005239129e-05,0.0009099579765461385,0.0009303339757025242,-2.037599915638566e-05
96025,43,0,5,0,0.0005004169652238488,2.8582988306879997e-05,0.00047733302926644683,1.979200169444084e-05,0.0010261249844916165,0.0009591670241206884,6.695796037092805e-05
96025,44,0,5,0,0.0005014170310460031,2.7915986720472574e-05,0.0007764589972794056,2.2332998923957348e-05,0.0013281250139698386,0.0010075420141220093,0.00032058299984782934
96025,45,0,5,0,0.0005070830229669809,3.0292023438960314e-05,0.00039083295268937945,1.937500201165676e-05,0.0009475830011069775,0.0010541669907979667,-0.00010658398969098926
96025,46,0,8,0,0.0005153749953024089,2.941599814221263e-05,0.0007274170056916773,1.9250030163675547e-05,0.0012914580292999744,0.0009622080251574516,0.0003292500041425228
96026,0,0,10,0,0.0005126250325702131,3.0082999728620052e-05,0.0003891249652951956,1.9291997887194157e-05,0.0009511249954812229,0.001610791019629687,-0.0006596660241484642
96026,1,2,10,0,0.0005649999948218465,2.9582995921373367e-05,0.0006272079772315919,1.8792052287608385e-05,0.0012405830202624202,0.0010799579904414713,0.00016062502982094884
96026,2,3,10,0,0.000582750013563782,3.054196713492274e-05,0.00041383301140740514,1.9708997569978237e-05,0.001046833989676088,0.0015055830008350313,-0.0004587490111589432
96026,3,4,10,0,0.0006023329915478826,2.920901170000434e-05,0.0004065829562023282,2.0167033653706312e-05,0.0010582919931039214,0.0010819999733939767,-2.3707980290055275e-05
96026,4,6,10,0,0.0006521249888464808,2.9332994017750025e-05,0.0008430419838987291,3.383302828297019e-05,0.0015583329950459301,0.002073915966320783,-0.0005155829712748528
96026,5,9,10,1,0.000702542020007968,2.7540954761207104e-05,0.0012962500331923366,2.1499989088624716e-05,0.0020478329970501363,0.0014189999783411622,0.0006288330187089741
96026,6,10,9,9,0.000810416997410357,4.683295264840126e-05,0.0008712499984540045,2.4667009711265564e-05,0.0017531669582240283,0.0012723340187221766,0.0004808329395018518
96026,7,2,0,0,0.0005567919579334557,2.97910301014781e-05,0.0008182089659385383,2.0416046027094126e-05,0.0014252080000005662,0.0014027500292286277,2.2457970771938562e-05
96026,8,5,0,0,0.0006242499803192914,2.962502185255289e-05,0.0004363330081105232,1.9332976080477238e-05,0.0011095409863628447,0.0010758339776657522,3.370700869709253e-05
96026,9,6,0,0,0.0006431249785237014,2.9082992114126682e-05,0.00038833299186080694,1.9417027942836285e-05,0.0010799579904414713,0.0012851670035161078,-0.00020520901307463646
96026,10,9,0,0,0.0007384999771602452,3.0499999411404133e-05,0.0003973750281147659,2.041697734966874e-05,0.001186791982036084,0.0014204590115696192,-0.00023366702953353524
96026,11,11,1,1,0.0007648749742656946,2.924998989328742e-05,0.000683374993968755,2.13750172406435e-05,0.0014988749753683805,0.0017229170189239085,-0.00022404204355552793
96026,12,13,2,2,0.0008174170507118106,2.9916991479694843e-05,0.0005889579770155251,2.012500772252679e-05,0.0014564170269295573,0.001615834014955908,-0.00015941698802635074
96026,13,11,0,0,0.0007594579947181046,2.9917049687355757e-05,0.0004333749529905617,1.937500201165676e-05,0.0012421249994076788,0.0014125829911790788,-0.00017045799177139997
96026,14,12,0,0,0.0007782080210745335,2.9708025977015495e-05,0.0006522919866256416,1.9208004232496023e-05,0.0014794160379096866,0.0012262079981155694,0.0002532080397941172
96026,15,12,0,0,0.00077962497016415,2.9541028197854757e-05,0.000717374961823225,1.89170241355896e-05,0.0015454579843208194,0.0012869580532424152,0.0002584999310784042
96026,16,14,0,0,0.000828541989903897,3.10409814119339e-05,0.00040595902828499675,2.0124949514865875e-05,0.0012856669491156936,0.0019585000118240714,-0.0006728330627083778
96026,17,16,1,1,0.0008668749942444265,2.9541028197854757e-05,0.00043750001350417733,2.483394928276539e-05,0.001358749985229224,0.0019920829799957573,-0.0006333329947665334
96026,18,16,2,2,0.0008621669840067625,2.9790971893817186e-05,0.00086433399701491,2.133304951712489e-05,0.0017776250024326146,0.001627792022190988,0.0001498329802416265
96026,19,14,1,1,0.0008443329716101289,3.2125040888786316e-05,0.00045299995690584183,2.108304761350155e-05,0.0013505410170182586,0.0015508749638684094,-0.00020033394685015082
96026,20,13,2,2,0.0007805000059306622,2.9125018045306206e-05,0.0004019579500891268,2.050003968179226e-05,0.0012320830137468874,0.001876791997347027,-0.0006447089836001396
96026,21,11,1,1,0.0007652910426259041,3.0124967452138662e-05,0.0005216670106165111,2.0875013433396816e-05,0.0013379580341279507,0.0018310000305064023,-0.0004930419963784516
96026,22,10,0,0,0.0007436249870806932,2.9916991479694843e-05,0.0004503329982981086,2.099998528137803e-05,0.0012448749621398747,0.001977625011932105,-0.0007327500497922301
96026,23,10,0,0,0.0007503749802708626,3.3958989661186934e-05,0.0008357500191777945,2.0915991626679897e-05,0.0016409999807365239,0.0013021249906159937,0.00033887499012053013
96026,24,10,0,0,0.0015447920304723084,2.9540969990193844e-05,0.0013765839976258576,2.237502485513687e-05,0.0029732920229434967,0.0019135000184178352,0.0010597920045256615
96026,25,10,0,0,0.0007638329989276826,3.258301876485348e-05,0.00044779200106859207,2.054200740531087e-05,0.001264750026166439,0.0015346250147558749,-0.0002698749885894358
96026,26,10,0,0,0.0007287920452654362,3.0333001632243395e-05,0.0003913340042345226,2.020795363932848e-05,0.0011706670047715306,0.0012285839766263962,-5.791697185486555e-05
96026,27,10,0,0,0.0007414579740725458,2.9875023756176233e-05,0.001108666998334229,2.19999928958714e-05,0.0019019999890588224,0.0012459999998100102,0.0006559999892488122
96026,28,10,0,0,0.0007678749971091747,3.445899346843362e-05,0.0006134160212241113,2.274999860674143e-05,0.001438500010408461,0.0012691249721683562,0.00016937503824010491
96026,29,10,0,0,0.0007087499834597111,2.862501423805952e-05,0.0008051670156419277,1.9458006136119366e-05,0.0015620000194758177,0.0016098750056698918,-4.7874986194074154e-05
96026,30,10,2,2,0.0007051249849610031,2.775003667920828e-05,0.0003869999782182276,2.0625011529773474e-05,0.0011405000113882124,0.0012822920107282698,-0.00014179199934005737
96026,31,8,1,1,0.0006644999957643449,2.7084024623036385e-05,0.0008805409888736904,1.9499973859637976e-05,0.0015916249831207097,0.0015511249657720327,4.050001734867692e-05
96026,32,7,0,0,0.0006722079706378281,2.8875016141682863e-05,0.0004910419811494648,3.6582991015166044e-05,0.0012287079589441419,0.0012089170049875975,1.97909539565444e-05
96026,33,7,0,0,0.0006682919920422137,2.9624963644891977e-05,0.0003910000086762011,1.9041995983570814e-05,0.0011079589603468776,0.0015995000139810145,-0.0004915410536341369
96026,34,7,0,0,0.0006794999935664237,2.983299782499671e-05,0.0010424170177429914,2.5499961338937283e-05,0.001777249970473349,0.001170624978840351,0.000606624991632998
96026,35,7,4,4,0.0006501669995486736,3.0041963327676058e-05,0.0006237910129129887,2.0792009308934212e-05,0.0013247919850982726,0.0014724580105394125,-0.00014766602544113994
96026,36,3,2,2,0.0005821250379085541,2.9999995604157448e-05,0.0003873750101774931,2.0874955225735903e-05,0.0010203749989159405,0.0010835830471478403,-6.320804823189974e-05
96026,37,1,1,1,0.000535291968844831,2.9999995604157448e-05,0.0003672080347314477,2.037500962615013e-05,0.0009528750088065863,0.0009697920177131891,-1.691700890660286e-05
96026,38,0,1,0,0.0005113750230520964,3.004202153533697e-05,0.0007992499740794301,0.00011387502308934927,0.0014545420417562127,0.0009501250460743904,0.0005044169956818223
96026,39,0,4,0,0.0005112090148031712,2.941599814221263e-05,0.00046008400386199355,1.9791012164205313e-05,0.0010205000289715827,0.0009951249812729657,2.537504769861698e-05
96026,40,0,7,0,0.0005289590335451066,3.0499999411404133e-05,0.0005691659753210843,2.13750172406435e-05,0.0011500000255182385,0.0024634170113131404,-0.0013134169857949018
96026,41,0,7,0,0.0004995419876649976,2.8291018679738045e-05,0.0016151249874383211,1.95419997908175e-05,0.0021624999935738742,0.0009447499760426581,0.0012177500175312161
96026,42,0,7,0,0.0005134170060046017,3.0082999728620052e-05,0.0005544170271605253,2.0415987819433212e-05,0.0011183330207131803,0.0014003749820403755,-0.00028204196132719517
96026,43,0,7,0,0.0013634589849971235,3.1540985219180584e-05,0.0007378340233117342,7.062498480081558e-05,0.002203458978328854,0.0021732079912908375,3.025098703801632e-05
96026,44,0,8,0,0.0005330420099198818,3.112497506663203e-05,0.00040566601091995835,1.9291997887194157e-05,0.0009891249937936664,0.0011098329559899867,-0.0001207079621963203
96026,45,0,9,0,0.000523374998010695,2.9166985768824816e-05,0.0005874999915249646,1.929205609485507e-05,0.0011593340313993394,0.000978416996076703,0.00018091703532263637
96027,0,0,10,0,0.0005267089582048357,3.020802978426218e-05,0.0010873330174945295,1.9916973542422056e-05,0.0016641669790260494,0.0012434590025804937,0.0004207079764455557
96027,1,0,10,0,0.0005256250151433051,3.5999983083456755e-05,0.00044891698053106666,2.0208011846989393e-05,0.0010307499906048179,0.001252083049621433,-0.00022133305901661515
96027,2,0,10,0,0.0005072500207461417,2.9707967769354582e-05,0.0008966249879449606,2.1625019144266844e-05,0.0014552079956047237,0.0009977080044336617,0.000457499991171062
96027,3,3,10,0,0.0005867080180905759,3.0583993066102266e-05,0.0004065830144099891,2.012500772252679e-05,0.001044000033289194,0.001164750021416694,-0.00012074998812749982
96027,4,3,10,0,0.0005759999621659517,2.9250048100948334e-05,0.0012129999813623726,2.258300082758069e-05,0.0018408329924568534,0.0014167909976094961,0.0004240419948473573
96027,5,4,10,0,0.0006256659980863333,3.6792014725506306e-05,0.0029116669902577996,3.116601146757603e-05,0.0036052910145372152,0.0010645000147633255,0.0025407909997738898
96027,6,7,10,1,0.00072825001552701,3.270898014307022e-05,0.0011512080091051757,2.2249994799494743e-05,0.0019344169995747507,0.002064750005956739,-0.00013033300638198853
96027,7,10,9,9,0.0007213340140879154,2.9165996238589287e-05,0.0004082089872099459,2.3625034373253584e-05,0.0011823340319097042,0.0015677910414524376,-0.00038545700954273343
96027,8,5,0,0,0.0006063749897293746,2.883397974073887e-05,0.00040754099609330297,1.9667029846459627e-05,0.001062416995409876,0.001044584030751139,1.7832964658737183e-05
96027,9,7,0,0,0.0006564999930560589,2.96669895760715e-05,0.0003814579686149955,1.9667029846459627e-05,0.0010872919810935855,0.0014863329706713557,-0.00039904098957777023
96027,10,8,0,0,0.0006968749803490937,2.9749993700534105e-05,0.0008565840544179082,1.9499973859637976e-05,0.001602709002327174,0.0011474579805508256,0.00045525102177634835
96027,11,10,0,0,0.0007429999532178044,3.3916032407432795e-05,0.0010734589886851609,2.1665997337549925e-05,0.001872040971647948,0.0019012499833479524,-2.920901170000434e-05
96027,12,11,0,0,0.0007555829943157732,2.979201963171363e-05,0.0005049579776823521,1.9625003915280104e-05,0.001309957995545119,0.001255334005691111,5.462398985400796e-05
96027,13,12,0,0,0.0007748749922029674,2.9459013603627682e-05,0.0006159579497762024,1.979200169444084e-05,0.0014400839572772384,0.0012922920286655426,0.00014779192861169577
96027,14,14,0,0,0.0008233329863287508,3.241701051592827e-05,0.0008534170337952673,2.2082997020334005e-05,0.0017312500276602805,0.002452957967761904,-0.0007217079401016235
96027,15,16,3,3,0.0008577079861424863,2.9333983547985554e-05,0.0009387910249643028,2.0499981474131346e-05,0.001846332976128906,0.0017697080038487911,7.662497228011489e-05
96027,16,15,0,0,0.0008712499984540045,2.924998989328742e-05,0.000979791977442801,2.2332998923957348e-05,0.0019026249647140503,0.0018262499943375587,7.637497037649155e-05
96027,17,15,1,1,0.0008212910033762455,2.9208953492343426e-05,0.0004101660451851785,2.058397512882948e-05,0.001281249977182597,0.0017465419950895011,-0.0004652920179069042
96027,18,16,1,1,0.0008417920325882733,2.7915986720472574e-05,0.00044754199916496873,1.9875005818903446e-05,0.001337125024292618,0.00130266702035442,3.445800393819809e-05
96027,19,15,0,0,0.000818750006146729,2.7875008527189493e-05,0.0022676249500364065,0.00011095800437033176,0.0032252079690806568,0.0012613750295713544,0.0019638329395093024
96027,20,15,1,1,0.0008597919950261712,3.0499999411404133e-05,0.0004302500165067613,2.0499981474131346e-05,0.001341041992418468,0.002406375017017126,-0.001065333024598658
96027,21,14,2,2,0.0008417909848503768,3.3208983950316906e-05,0.0005942910211160779,2.541701542213559e-05,0.0014947080053389072,0.0013288749614730477,0.0001658330438658595
96027,22,12,0,0,0.0007836250006221235,3.170798299834132e-05,0.0004005419905297458,1.912500010803342e-05,0.001234999974258244,0.002179125032853335,-0.0009441250585950911
96027,23,12,1,1,0.0007781250169500709,2.90420139208436e-05,0.0004123749677091837,2.0792009308934212e-05,0.0012403340078890324,0.0012576250010170043,-1.7290993127971888e-05
96027,24,11,1,1,0.0007635839865542948,2.987496554851532e-05,0.0005544580053538084,1.979200169444084e-05,0.0013677089591510594,0.0012868329649791121,8.087599417194724e-05
96027,25,10,0,0,0.0007391670369543135,2.887495793402195e-05,0.00044825003715232015,1.8874998204410076e-05,0.0012351670302450657,0.0014088749885559082,-0.00017370795831084251
96027,26,10,0,0,0.0007301250007003546,2.8499984182417393e-05,0.0004201660049147904,1.979200169444084e-05,0.0011985829914920032,0.0018190000555478036,-0.0006204170640558004
96027,27,10,0,0,0.0007255829987116158,2.8292008209973574e-05,0.0006256669876165688,1.895800232887268e-05,0.0013984999968670309,0.0014247080544009805,-2.6208057533949614e-05
96027,28,10,0,0,0.000725375022739172,2.8499984182417393e-05,0.0006210409919731319,1.9167026039212942e-05,0.0013940830249339342,0.0016583329997956753,-0.00026424997486174107
96027,29,10,0,0,0.0007758339634165168,3.408303018659353e-05,0.001332332962192595,2.0625011529773474e-05,0.002162874967325479,0.0012699580402113497,0.0008929169271141291
96027,30,10,0,0,0.000731542007997632,2.883299021050334e-05,0.0004301670123822987,1.9916973542422056e-05,0.0012104589841328561,0.001514500007033348,-0.00030404102290049195
96027,31,10,0,0,0.0007350830128416419,3.066699719056487e-05,0.0007505830144509673,1.883396180346608e-05,0.0015351669862866402,0.0014739999896846712,6.1166996601969e-05
96027,32,10,0,0,0.0007374169654212892,2.9250048100948334e-05,0.00080820795847103,1.937500201165676e-05,0.0015942499740049243,0.001554541988298297,3.970798570662737e-05
96027,33,10,0,0,0.0007089999853633344,2.7542002499103546e-05,0.0004077500198036432,1.9625003915280104e-05,0.0011639170115813613,0.001409041986335069,-0.00024512497475370765
96027,34,10,0,0,0.0007017080206423998,2.7499976567924023e-05,0.0005983749870210886,1.9041995983570814e-05,0.0013466249802149832,0.0011446250136941671,0.0002019999665208161
96027,35,10,0,0,0.0007055420428514481,2.6999972760677338e-05,0.0003704159753397107,1.9000028260052204e-05,0.0011219580192118883,0.0011429580044932663,-2.099998528137803e-05
96027,36,10,1,1,0.0007250409689731896,2.924998989328742e-05,0.0006155840237624943,2.195802517235279e-05,0.0013918330078013241,0.0013102919911034405,8.15410166978836e-05
96027,37,9,1,1,0.0007111669983714819,3.0082999728620052e-05,0.0009816670208238065,2.0124949514865875e-05,0.0017430419684387743,0.0011718750465661287,0.0005711669218726456
96027,38,8,3,3,0.000668165972456336,2.8542010113596916e-05,0.0003855000250041485,2.0749983377754688e-05,0.0011029579909518361,0.00112745794467628,-2.4499953724443913e-05
96027,39,5,1,1,0.0006987079977989197,5.141698056831956e-05,0.0015790829784236848,3.125000512227416e-05,0.0023604579619131982,0.0024502089945599437,-8.975103264674544e-05
96027,40,4,2,2,0.0005987079930491745,3.254198236390948e-05,0.0005127500044181943,2.141698496416211e-05,0.0011654169647954404,0.0019167909631505609,-0.0007513739983551204
96027,41,2,2,2,0.0006931250100024045,3.245903644710779e-05,0.0011224999907426536,0.00010800000745803118,0.001956084044650197,0.001593249966390431,0.0003628340782597661
96027,42,0,0,0,0.0005032919580116868,3.095803549513221e-05,0.001167292008176446,1.999997766688466e-05,0.0017215419793501496,0.002779875008855015,-0.0010583330295048654
96027,43,0,0,0,0.0005270830006338656,3.62499849870801e-05,0.0010818750015459955,3.420800203457475e-05,0.001679415989201516,0.0014505000435747206,0.0002289159456267953
96027,44,0,1,0,0.0004953750176355243,3.308296436443925e-05,0.0003796670353040099,1.9040948245674372e-05,0.0009271659655496478,0.001001875032670796,-7.470906712114811e-05
96027,45,0,1,0,0.0005269590183161199,3.270799061283469e-05,0.0008917080122046173,1.9708997569978237e-05,0.00147108401870355,0.001864041027147323,-0.0003929570084437728
96027,46,0,1,0,0.0004917079932056367,3.091699909418821e-05,0.0008587079937569797,2.3042026441544294e-05,0.001404375012498349,0.0009664579993113875,0.0004379170131869614
96027,47,0,2,0,0.0005137500120326877,2.9957969672977924e-05,0.00038579199463129044,2.150004729628563e-05,0.0009510000236332417,0.0009706250275485218,-1.9625003915280104e-05
96027,48,0,2,0,0.0005892090266570449,3.683299291878939e-05,0.0019045000080950558,3.391696373000741e-05,0.0025644589914008975,0.0011167500051669776,0.0014477089862339199
96027,49,0,2,0,0.0005712919519282877,3.5375007428228855e-05,0.0006583750364370644,1.999997766688466e-05,0.0012850419734604657,0.001996083010453731,-0.0007110410369932652
96027,50,0,4,0,0.0004973330069333315,3.0542025342583656e-05,0.0010479579796083272,1.9584025721997023e-05,0.0015954170376062393,0.0014425839763134718,0.00015283306129276752
96027,51,0,9,0,0.0004903749795630574,2.96669895760715e-05,0.0004615419893525541,1.9875005818903446e-05,0.0010014589643105865,0.00132658303482458,-0.0003251240705139935
96028,0,1,10,0,0.0005166250048205256,2.804200630635023e-05,0.0008217919967137277,2.012500772252679e-05,0.0013865840155631304,0.0014527500024996698,-6.616598693653941e-05
96028,1,1,10,0,0.0005379169597290456,2.8500042390078306e-05,0.0005560409626923501,2.0292005501687527e-05,0.0011427499703131616,0.0009968329686671495,0.00014591700164601207
96028,2,1,10,0,0.0005390829755924642,2.8416980057954788e-05,0.0003814580268226564,1.9666971638798714e-05,0.0009686249541118741,0.0012523329933173954,-0.00028370803920552135
96028,3,4,10,0,0.0006073750555515289,2.9707967769354582e-05,0.0005441249813884497,2.1458021365106106e-05,0.0012026660260744393,0.0012546670041047037,-5.200097803026438e-05
96028,4,5,10,0,0.0006260839872993529,3.000005381181836e-05,0.0004462079959921539,1.9749975763261318e-05,0.0011220420128665864,0.0023517500376328826,-0.0012297080247662961
96028,5,8,10,1,0.0007081669755280018,3.254198236390948e-05,0.0005466660368256271,2.5374989490956068e-05,0.0013127499842084944,0.002172207983676344,-0.0008594579994678497
96028,6,8,9,8,0.0007349160150624812,3.2750016544014215e-05,0.0004291669465601444,2.49580480158329e-05,0.0012217910261824727,0.0015558750019408762,-0.00033408397575840354
96028,7,2,1,1,0.0005501250270754099,2.9207963962107897e-05,0.0011028340086340904,2.116599353030324e-05,0.0017033329932019114,0.0017708339728415012,-6.750097963958979e-05
96028,8,3,0,0,0.0006113749695941806,3.270898014307022e-05,0.00043120799819007516,2.212502295151353e-05,0.0010974169708788395,0.0010500000207684934,4.741695011034608e-05
96028,9,3,0,0,0.000613916025031358,3.162497887387872e-05,0.0010095839970745146,1.8833030480891466e-05,0.0016739580314606428,0.0019628750160336494,-0.00028891698457300663
96028,10,6,0,0,0.0006277079810388386,2.804200630635023e-05,0.0005832919850945473,2.0208011846989393e-05,0.0012592499842867255,0.0010917080217041075,0.000167541962582618
96028,11,9,0,0,0.0007524579996243119,3.15000070258975e-05,0.0005770839634351432,2.012500772252679e-05,0.0013811669778078794,0.001426749979145825,-4.558300133794546e-05
96028,12,12,0,0,0.0007777499849908054,2.9041024390608072e-05,0.00040895899292081594,1.958297798410058e-05,0.00123533298028633,0.0012522089527919888,-1.6875972505658865e-05
96028,13,14,2,2,0.0008399999933317304,3.191595897078514e-05,0.00043000001460313797,2.2459018509835005e-05,0.0013243749854154885,0.0017626250046305358,-0.00043825001921504736
96028,14,15,1,1,0.0008797920309007168,3.27499583363533e-05,0.0006457080016843975,1.937500201165676e-05,0.0015776249929331243,0.0014406659756787121,0.00013695901725441217
96028,15,15,0,0,0.001194833021145314,3.2374984584748745e-05,0.0007571669993922114,2.099998528137803e-05,0.002005374990403652,0.0020949169993400574,-8.954200893640518e-05
96028,16,16,1,1,0.0008893749909475446,3.125000512227416e-05,0.00040725001599639654,1.999997766688466e-05,0.0013478749897331,0.0014481249963864684,-0.00010025000665336847
96028,17,16,1,1,0.0008408750290982425,2.9791961424052715e-05,0.00048516603419557214,2.095900708809495e-05,0.0013767920318059623,0.0015069999499246478,-0.00013020791811868548
96028,18,15,2,2,0.0008439999655820429,2.9125018045306206e-05,0.0008816660265438259,2.5166955310851336e-05,0.0017799579654820263,0.0013948340201750398,0.00038512394530698657
96028,19,13,1,1,0.0008038749801926315,3.0542025342583656e-05,0.0006637499900534749,2.0208011846989393e-05,0.0015183750074356794,0.0013115420006215572,0.0002068330068141222
96028,20,12,0,0,0.0008190419757738709,3.154197474941611e-05,0.0014357080217450857,2.0832987502217293e-05,0.00230712495977059,0.0016195829957723618,0.0006875419639982283
96028,21,12,1,1,0.0007452089921571314,2.8291018679738045e-05,0.00046670896699652076,2.0000035874545574e-05,0.0012602090137079358,0.0013437920133583248,-8.358299965038896e-05
96028,22,11,0,0,0.0007342089666053653,2.779101487249136e-05,0.0006709590088576078,1.9415980204939842e-05,0.0014523749705404043,0.0012272919993847609,0.00022508297115564346
96028,23,11,0,0,0.0007664170116186142,2.9165996238589287e-05,0.0006875420222058892,2.0042003598064184e-05,0.001503167033661157,0.0012640829663723707,0.00023908406728878617
96028,24,11,0,0,0.0007863750215619802,4.541699308902025e-05,0.00044658296974375844,2.1417043171823025e-05,0.001299792027566582,0.0028037079609930515,-0.0015039159334264696
96028,25,11,0,0,0.0007500830106437206,2.9416987672448158e-05,0.0004275409737601876,1.950003206729889e-05,0.0012265410041436553,0.0014520420227199793,-0.00022550101857632399
96028,26,11,1,1,0.0007280419813469052,2.8458016458898783e-05,0.0008333330042660236,1.999997766688466e-05,0.0016098329797387123,0.001262832956854254,0.0003470000228844583
96028,27,10,0,0,0.0007348330109380186,3.08750313706696e-05,0.0007004169747233391,1.975003397092223e-05,0.0014858750510029495,0.0020572079811245203,-0.0005713329301215708
96028,28,10,0,0,0.0007281670114025474,2.904096618294716e-05,0.00039008399471640587,1.975003397092223e-05,0.0011670420062728226,0.001247249951120466,-8.020794484764338e-05
96028,29,10,0,0,0.0007275829557329416,2.862501423805952e-05,0.0009074590052478015,1.8874998204410076e-05,0.0016825419734232128,0.0011719170142896473,0.0005106249591335654
96028,30,10,0,0,0.0007515419856645167,2.9332994017750025e-05,0.0007558750221505761,1.9666971638798714e-05,0.0015564169734716415,0.0015844170120544732,-2.800003858283162e-05
96028,31,10,0,0,0.0007266249740496278,2.804200630635023e-05,0.000601625011768192,1.958297798410058e-05,0.0013758749701082706,0.001683916023466736,-0.00030804105335846543
96028,32,10,0,0,0.0007176660001277924,2.908398164436221e-05,0.0004171659820713103,1.8624996300786734e-05,0.0011825409601442516,0.0016974169993773103,-0.0005148760392330587
96028,33,10,0,0,0.0007096659974195063,2.7959002181887627e-05,0.0005667500081472099,1.9291008356958628e-05,0.0013236660161055624,0.0011580000282265246,0.00016566598787903786
96028,34,10,5,5,0.0007394999847747386,2.9375019948929548e-05,0.0003957499866373837,2.2249994799494743e-05,0.0011868749861605465,0.0014667920186184347,-0.0002799170324578881
96028,35,5,2,2,0.0006261669914238155,2.9624963644891977e-05,0.00045370799489319324,2.2084044758230448e-05,0.0011315839947201312,0.0011308339890092611,7.500057108700275e-07
96028,36,3,1,1,0.0005619589937850833,3.245804691687226e-05,0.00039537495467811823,1.979200169444084e-05,0.0010095839970745146,0.0010722920414991677,-6.270804442465305e-05
96028,37,2,1,1,0.000575500016566366,3.0125025659799576e-05,0.00039237499004229903,2.2040971089154482e-05,0.001020041003357619,0.0009735000203363597,4.654098302125931e-05
96028,38,1,0,0,0.0005670830141752958,3.420800203457475e-05,0.0005951669882051647,2.1292013116180897e-05,0.0012177500175312161,0.0010997499921359122,0.00011800002539530396
96028,39,1,1,1,0.0005094159860163927,2.7959002181887627e-05,0.0006076659774407744,2.091703936457634e-05,0.0011659580050036311,0.0014290419640019536,-0.0002630839589983225
96028,40,0,5,0,0.0005354590248316526,3.129098331555724e-05,0.0004223340074531734,1.9791012164205313e-05,0.0010088750277645886,0.001007749990094453,1.125037670135498e-06
96028,41,0,6,0,0.0005155839608050883,2.9082992114126682e-05,0.0004211670020595193,2.0041014067828655e-05,0.000985874969046563,0.0010002499911934137,-1.4375022146850824e-05
96028,42,0,6,0,0.0005085409502498806,2.8875016141682863e-05,0.0008931669872254133,1.933303428813815e-05,0.0014499159879051149,0.0009832920040935278,0.0004666239838115871
96028,43,0,7,0,0.0005144590395502746,3.233295865356922e-05,0.00040675001218914986,2.2082997020334005e-05,0.0009756250074133277,0.0011356669710949063,-0.00016004196368157864
96028,44,0,8,0,0.0004912500153295696,2.6958005037158728e-05,0.0003749579773284495,1.912500010803342e-05,0.0009122909978032112,0.000982707948423922,-7.041695062071085e-05
96028,45,0,8,0,0.000489374971948564,2.7125002816319466e-05,0.0008246659999713302,1.879199407994747e-05,0.0013599579688161612,0.0013745000469498336,-1.4542078133672476e-05
96028,46,0,8,0,0.0004908330156467855,2.96669895760715e-05,0.0010070420103147626,2.1458021365106106e-05,0.0015490000369027257,0.0017616660334169865,-0.00021266599651426077
96028,47,0,8,0,0.000530958001036197,3.612501313909888e-05,0.0007655000081285834,2.0292005501687527e-05,0.0013528750278055668,0.0016977089690044522,-0.00034483394119888544
96028,48,0,9,0,0.0004908749833703041,2.8541020583361387e-05,0.0003819169942289591,1.9041995983570814e-05,0.0009203749941661954,0.0009390409686602652,-1.8665974494069815e-05
96029,0,0,10,0,0.0005183329922147095,3.179203486070037e-05,0.0005883749690838158,1.979200169444084e-05,0.0011582919978536665,0.001174166041892022,-1.587404403835535e-05
96029,1,0,10,0,0.0004987910506315529,2.866698196157813e-05,0.0006853329832665622,1.912500010803342e-05,0.0012319160159677267,0.0017599580460228026,-0.0005280420300550759
96029,2,0,10,0,0.0005176659906283021,3.183400258421898e-05,0.0004057500045746565,2.195802517235279e-05,0.0009772080229595304,0.0009986659861169755,-2.1457963157445192e-05
96029,3,1,10,0,0.000512958038598299,2.720800694078207e-05,0.00037383398739621043,1.8832972273230553e-05,0.0009328330052085221,0.0009583749924786389,-2.5541987270116806e-05
96029,4,1,10,0,0.0005150829674676061,2.704199869185686e-05,0.00038350000977516174,1.875002635642886e-05,0.0009443750022910535,0.0011085839942097664,-0.00016420899191871285
96029,5,5,10,0,0.0005967090255580842,2.6999972760677338e-05,0.0010225000442005694,2.2874970454722643e-05,0.0016690840129740536,0.001046458026394248,0.0006226259865798056
96029,6,5,10,1,0.0006257080240175128,3.241701051592827e-05,0.0008139999699778855,2.2792024537920952e-05,0.0014949170290492475,0.0012272499734535813,0.00026766705559566617
96029,7,8,9,8,0.0006916670245118439,2.9999995604157448e-05,0.0004214579821564257,2.4709035642445087e-05,0.0011678340379148722,0.001552750007249415,-0.00038491596933454275
96029,8,2,1,1,0.0005657909787259996,3.062502946704626e-05,0.0006514170090667903,1.9832979887723923e-05,0.0012676659971475601,0.0010271670180372894,0.00024049897911027074
96029,9,2,0,0,0.0005660830065608025,2.979201963171363e-05,0.001075749984011054,1.958297798410058e-05,0.0016912079881876707,0.001340333023108542,0.00035087496507912874
96029,10,5,0,0,0.0006401249556802213,2.9499991796910763e-05,0.00037466699723154306,1.908303238451481e-05,0.00106337497709319,0.0010766669875010848,-1.329201040789485e-05
96029,11,8,0,0,0.0006630000425502658,2.9416987672448158e-05,0.0007352909888140857,2.0833977032452822e-05,0.0014485419960692525,0.0011796250473707914,0.00026891694869846106
96029,12,10,0,0,0.000743458978831768,3.024999750778079e-05,0.00038662500446662307,2.037500962615013e-05,0.001180708990432322,0.0016044999938458204,-0.0004237910034134984
96029,13,13,2,2,0.0008138330304063857,2.8959009796380997e-05,0.0016999999643303454,0.0001027500256896019,0.002645542030222714,0.0013375830021686852,0.0013079590280540287
96029,14,17,0,0,0.0008592089870944619,2.7250032871961594e-05,0.0003894160035997629,1.895899185910821e-05,0.0012948340154252946,0.0019147919956594706,-0.0006199579802341759
96029,15,17,0,0,0.0008587089832872152,2.7375004719942808e-05,0.0007139579975046217,1.975003397092223e-05,0.001619792019482702,0.0013064580271020532,0.00031333399238064885
96029,16,17,0,0,0.0008745419909246266,2.7708010748028755e-05,0.0005069169565103948,1.912500010803342e-05,0.0014282919582910836,0.001822874997742474,-0.0003945830394513905
96029,17,17,3,3,0.0008491670014336705,2.7958012651652098e-05,0.0012547919759526849,3.1791976653039455e-05,0.002163708966691047,0.0013541249791160226,0.0008095839875750244
96029,18,14,0,0,0.0008535830420441926,3.1999952625483274e-05,0.0004320419975556433,1.9875005818903446e-05,0.0013374999980442226,0.0017291249823756516,-0.000391624984331429
96029,19,15,0,0,0.0008800000068731606,3.024999750778079e-05,0.0014939170214347541,4.1207997128367424e-05,0.002445375022944063,0.0019083750084973872,0.0005370000144466758
96029,20,15,4,4,0.0008235829882323742,2.9416987672448158e-05,0.0008941669948399067,2.3333006538450718e-05,0.0017704999772831798,0.002064292028080672,-0.00029379205079749227
96029,21,11,0,0,0.0007660830160602927,3.0125025659799576e-05,0.0015249589923769236,2.6958005037158728e-05,0.0023481250391341746,0.0013235419755801558,0.0010245830635540187
96029,22,11,1,1,0.0007612089975737035,3.408303018659353e-05,0.0005839579971507192,2.216699067503214e-05,0.0014014170155860484,0.0017034169868566096,-0.0003019999712705612
96029,23,10,0,0,0.0007450419943779707,3.0499999411404133e-05,0.001629207981750369,2.3042026441544294e-05,0.002427792001981288,0.0012150839902460575,0.0012127080117352307
96029,24,10,0,0,0.0007393340347334743,3.083300543949008e-05,0.0016787919448688626,2.4250010028481483e-05,0.0024732089950703084,0.0012440000427886844,0.001229208952281624
96029,25,10,0,0,0.0007259999983943999,2.9375019948929548e-05,0.001529583998490125,6.474996916949749e-05,0.002349708986002952,0.0015876659890636802,0.0007620429969392717
96029,26,10,0,0,0.0007073750020936131,2.7667032554745674e-05,0.00039416697109118104,2.008303999900818e-05,0.001149292045738548,0.0016548329731449485,-0.0005055409274064004
96029,27,10,0,0,0.0007655000081285834,2.9916991479694843e-05,0.0008152499794960022,2.0041014067828655e-05,0.0016307079931721091,0.0015420419513247907,8.866604184731841e-05
96029,28,10,0,0,0.0007590409950353205,3.0166993383318186e-05,0.0006132499547675252,1.995800994336605e-05,0.00142241595312953,0.001252042013220489,0.00017037393990904093
96029,29,10,0,0,0.0007555420161224902,2.9999995604157448e-05,0.0008764580124989152,1.916696783155203e-05,0.0016811669920571148,0.0016339580179192126,4.720897413790226e-05
96029,30,10,1,1,0.0007717499975115061,3.5582983400672674e-05,0.0005960419657640159,2.354104071855545e-05,0.0014269159873947501,0.0012144590145908296,0.0002124569728039205
96029,31,9,0,0,0.000707249972037971,2.9582995921373367e-05,0.000447375001385808,1.979200169444084e-05,0.0012039999710395932,0.0011733749997802079,3.062497125938535e-05
96029,32,9,1,1,0.000712042034137994,2.887495793402195e-05,0.0003963750205002725,2.112501533702016e-05,0.0011584170279093087,0.0012541249743662775,-9.570794645696878e-05
96029,33,8,0,0,0.0006952079711481929,2.8667040169239044e-05,0.0008285829680971801,1.979200169444084e-05,0.001572249981109053,0.0011464590206742287,0.00042579096043482423
96029,34,8,2,2,0.0006889160140417516,2.8583977837115526e-05,0.00101125001674518,2.2540974896401167e-05,0.0017512909835204482,0.0012949579977430403,0.0004563329857774079
96029,35,6,1,1,0.000628374982625246,2.8709007892757654e-05,0.00037987501127645373,2.0625011529773474e-05,0.001057584013324231,0.001092333986889571,-3.474997356534004e-05
96029,36,5,1,1,0.0005964579759165645,2.84170382656157e-05,0.0003749579773284495,2.041697734966874e-05,0.0010202499688602984,0.0010468330001458526,-2.658303128555417e-05
96029,37,4,2,2,0.000579125015065074,2.8582988306879997e-05,0.000377833959646523,2.0166044123470783e-05,0.0010057080071419477,0.001114458020310849,-0.0001087500131689012
96029,38,2,2,2,0.0005402499809861183,2.8542010113596916e-05,0.0006692080060020089,1.95419997908175e-05,0.0012575419968925416,0.0009904589969664812,0.00026708299992606044
96029,39,0,0,0,0.0004937080084346235,2.8125010430812836e-05,0.0003800839767791331,1.9291008356958628e-05,0.000921208004001528,0.0013181670219637454,-0.00039695901796221733
96029,40,0,0,0,0.0005313329747878015,3.037502756342292e-05,0.0008682499756105244,1.9625003915280104e-05,0.001449582981877029,0.000965333019848913,0.000484249962028116
96029,41,0,0,0,0.0004940410144627094,2.870894968509674e-05,0.0007395410211756825,2.0666979253292084e-05,0.0012829579645767808,0.0009889579960145056,0.00029399996856227517
96029,42,0,0,0,0.0004922919906675816,2.7666043024510145e-05,0.0007270000060088933,2.0874955225735903e-05,0.0012678329949267209,0.0010183340054936707,0.00024949898943305016
96029,43,0,2,0,0.0005034589557908475,3.0750001315027475e-05,0.0006756249931640923,2.2791035007685423e-05,0.0012326249852776527,0.0021854169899597764,-0.0009527920046821237
96029,44,0,2,0,0.0005054590292274952,2.92909680865705e-05,0.00042383401887491345,2.216600114479661e-05,0.0009807500173337758,0.0009509579977020621,2.979201963171363e-05
96029,45,0,2,0,0.0005068749887868762,2.9749993700534105e-05,0.0011860000086016953,2.0667037460952997e-05,0.0017432920285500586,0.0009777920204214752,0.0007655000081285834
96029,46,0,2,0,0.0005088329780846834,2.9582995921373367e-05,0.0006044170004315674,2.0625011529773474e-05,0.0011634579859673977,0.0009990829857997596,0.00016437500016763806
96029,47,0,2,0,0.0005287500098347664,2.979201963171363e-05,0.00043483299668878317,2.0541949197649956e-05,0.0010139169753529131,0.0018047920311801136,-0.0007908750558272004
96029,48,0,4,0,0.0005269170505926013,2.9166985768824816e-05,0.00038400001358240843,2.0124949514865875e-05,0.0009602089994587004,0.0009872500086203218,-2.7041009161621332e-05
96029,49,0,6,0,0.0005088750040158629,2.8916983865201473e-05,0.0004206249723210931,1.9291997887194157e-05,0.0009777089580893517,0.0017537499661557376,-0.000776041008066386
96029,50,0,7,0,0.0005058340029790998,2.8665992431342602e-05,0.00045641703763976693,2.1332991309463978e-05,0.0010122500243596733,0.0010012079728767276,1.104205148294568e-05
96029,51,0,7,0,0.0005450419848784804,3.3832970075309277e-05,0.0004057500045746565,2.1332991309463978e-05,0.0010059579508379102,0.001372958009596914,-0.0003670000587590039
96029,52,0,8,0,0.000510290963575244,2.920901170000434e-05,0.0006885000038892031,1.954101026058197e-05,0.0012475409894250333,0.000946457963436842,0.00030108302598819137
96030,0,0,10,0,0.0005061250412836671,2.8707960154861212e-05,0.0006158330361358821,2.0459003280848265e-05,0.0011711250408552587,0.0009976670262403786,0.00017345801461488008
96030,1,0,10,0,0.0004923750529997051,2.7790956664830446e-05,0.00039112503873184323,1.958396751433611e-05,0.0009308750159107149,0.0014791249996051192,-0.0005482499836944044
96030,2,2,10,0,0.0005523749860003591,2.9999995604157448e-05,0.0009060840238817036,1.8915976397693157e-05,0.0015073749818839133,0.0013636670191772282,0.00014370796270668507
96030,3,2,10,0,0.0005605829646810889,3.008398925885558e-05,0.0006673330208286643,1.9875005818903446e-05,0.0012778749805875123,0.0017397500341758132,-0.00046187505358830094
96030,4,3,10,0,0.0005597089766524732,2.8582988306879997e-05,0.0008378750062547624,1.937500201165676e-05,0.0014455419732257724,0.0013054999872110784,0.00014004198601469398
96030,5,5,10,0,0.0006174170412123203,2.8749986086040735e-05,0.0016754170064814389,4.2082974687218666e-05,0.0023636670084670186,0.0011721249902620912,0.0011915420182049274
96030,6,7,10,0,0.0006756249931640923,3.270799061283469e-05,0.001248417014721781,2.6875000912696123e-05,0.001983624999411404,0.001246917003300041,0.0007367079961113632
96030,7,11,10,5,0.0007895419839769602,3.0916009563952684e-05,0.0004442090285010636,2.3374974261969328e-05,0.0012880419963039458,0.0017729999963194132,-0.0004849580000154674
96030,8,8,5,5,0.0007236669771373272,3.687501884996891e-05,0.0006994580035097897,2.2333988454192877e-05,0.0014823339879512787,0.0014885420096106827,-6.208021659404039e-06
96030,9,3,0,0,0.0005997499683871865,3.058300353586674e-05,0.0008565839962102473,2.0041014067828655e-05,0.0015069579822011292,0.001174583041574806,0.0003323749406263232
96030,10,8,0,0,0.0006914580008015037,3.104202914983034e-05,0.0005210830131545663,2.174999099224806e-05,0.0012653330340981483,0.0017603749874979258,-0.0004950419533997774
96030,11,10,0,0,0.0007639999967068434,3.241602098569274e-05,0.0004247919423505664,2.2500054910779e-05,0.0012437080149538815,0.0012365420116111636,7.166003342717886e-06
96030,12,13,0,0,0.0007719579734839499,5.224999040365219e-05,0.0009918329888023436,2.1834042854607105e-05,0.0018378749955445528,0.0015945000341162086,0.00024337496142834425
96030,13,14,0,0,0.0008138329721987247,3.891700180247426e-05,0.0004744160105474293,2.058397512882948e-05,0.0013477499596774578,0.0013606250286102295,-1.2875068932771683e-05
96030,14,17,0,0,0.0009005420142784715,3.2957992516458035e-05,0.0008642919710837305,2.1625019144266844e-05,0.0018194169970229268,0.0018261250224895775,-6.708025466650724e-06
96030,15,18,1,1,0.0008982500294223428,2.8959009796380997e-05,0.0006284579867497087,2.19999928958714e-05,0.0015776670188643038,0.0015446670004166663,3.300001844763756e-05
96030,16,18,3,3,0.0009119160240516067,3.38749960064888e-05,0.0005063749849796295,2.500001573935151e-05,0.0014771660207770765,0.0015034580137580633,-2.6291992980986834e-05
96030,17,15,1,1,0.0008570000063627958,3.066594945266843e-05,0.0011975840316154063,2.279097680002451e-05,0.002108040964230895,0.0013957920018583536,0.0007122489623725414
96030,18,14,1,1,0.0007991250022314489,3.1791976653039455e-05,0.0010156669886782765,2.1665997337549925e-05,0.0018682499649003148,0.0022536669857800007,-0.0003854170208796859
96030,19,14,1,1,0.0008247499936260283,3.21249826811254e-05,0.0007281670114025474,2.2541964426636696e-05,0.0016075839521363378,0.0013385420315898955,0.00026904192054644227
96030,20,13,2,2,0.0007750829681754112,2.9999995604157448e-05,0.00042462500277906656,2.095801755785942e-05,0.0012506659841164947,0.0012527910294011235,-2.125045284628868e-06
96030,21,11,1,1,0.000725042016711086,2.9166985768824816e-05,0.0006491660024039447,2.216699067503214e-05,0.0014255419955588877,0.001968165975995362,-0.0005426239804364741
96030,22,10,0,0,0.0007080839714035392,2.8708018362522125e-05,0.0013746250187978148,1.9791943486779928e-05,0.002131208952050656,0.0015462079900316894,0.0005850009620189667
96030,23,10,0,0,0.0007550000445917249,3.154197474941611e-05,0.0006562080234289169,1.9916973542422056e-05,0.00146266701631248,0.001165917026810348,0.00029674998950213194
96030,24,10,0,0,0.0007367499638348818,2.9875023756176233e-05,0.0009364589932374656,2.0332983694970608e-05,0.0017234169645234942,0.0018699169741012156,-0.00014650000957772136
96030,25,10,0,0,0.0007730419747531414,3.408303018659353e-05,0.0004303749883547425,2.1875021047890186e-05,0.0012593750143423676,0.0012223750236444175,3.6999990697950125e-05
96030,26,10,0,0,0.0007615829817950726,3.0125025659799576e-05,0.00042999995639547706,1.895800232887268e-05,0.0012406659661792219,0.0012184579973109066,2.220796886831522e-05
96030,27,10,0,0,0.0007588340085931122,3.0082999728620052e-05,0.0004282919690012932,1.950003206729889e-05,0.0012367090093903244,0.0012221250217407942,1.4583987649530172e-05
96030,28,10,0,0,0.00075720896711573,2.9749993700534105e-05,0.0004897909821011126,1.912500010803342e-05,0.0012958749430254102,0.0017649589572101831,-0.00046908401418477297
96030,29,10,0,0,0.0007588749867863953,3.2167008612304926e-05,0.0004045829991810024,1.9832979887723923e-05,0.0012154579744674265,0.0012745839776471257,-5.912600317969918e-05
96030,30,10,0,0,0.000726833997759968,2.862501423805952e-05,0.0004503329982981086,1.95419997908175e-05,0.0012253340100869536,0.0011999590205959976,2.5374989490956068e-05
96030,31,10,1,1,0.0007298749987967312,2.9542017728090286e-05,0.0014673330006189644,1.958297798410058e-05,0.0022463329951278865,0.0011975829838775098,0.0010487500112503767
96030,32,9,2,2,0.0007062089862301946,2.9041024390608072e-05,0.00041495898040011525,2.054101787507534e-05,0.0011707500088959932,0.001178584003355354,-7.833994459360838e-06
96030,33,7,4,4,0.0006602919893339276,2.8749986086040735e-05,0.0004146249848417938,2.1458021365106106e-05,0.0011251249816268682,0.001120958011597395,4.166970029473305e-06
96030,34,3,2,2,0.0005694580031558871,2.8916983865201473e-05,0.0008275409927591681,2.2499996703118086e-05,0.0014484159764833748,0.0010108749847859144,0.0004375409916974604
96030,35,1,1,1,0.0005315410089679062,2.9499991796910763e-05,0.0006590000120922923,2.3333996068686247e-05,0.0012433750089257956,0.0009857919649221003,0.00025758304400369525
96030,36,0,0,0,0.000510666985064745,2.8708018362522125e-05,0.0011051250039599836,1.979200169444084e-05,0.0016642920090816915,0.001888750004582107,-0.00022445799550041556
96030,37,0,0,0,0.0005094170337542892,2.8207956347614527e-05,0.0007654590299353004,1.899997005239129e-05,0.0013220839900895953,0.001473542011808604,-0.00015145802171900868
96030,38,0,0,0,0.0005059579852968454,2.9333983547985554e-05,0.00041683303425088525,1.9041995983570814e-05,0.000971166999079287,0.0014970420161262155,-0.0005258750170469284
96030,39,0,0,0,0.0005155419930815697,3.062497125938535e-05,0.0005391670274548233,2.0665989723056555e-05,0.0011059999815188348,0.002275209000799805,-0.00116920901928097
96030,40,0,0,0,0.0005092500359751284,3.0166993383318186e-05,0.0008534169755876064,1.9791012164205313e-05,0.0014126250171102583,0.0009458750137127936,0.00046675000339746475
96030,41,0,2,0,0.0005247910157777369,3.266701241955161e-05,0.00039237499004229903,2.0875013433396816e-05,0.0009707080316729844,0.0011915419599972665,-0.00022083392832428217
96030,42,0,3,0,0.0004941250081174076,2.7999980375170708e-05,0.0012616669991984963,2.237502485513687e-05,0.0018061670125462115,0.0009260829538106918,0.0008800840587355196
96030,43,0,4,0,0.00048808299470692873,2.8917042072862387e-05,0.0005002079997211695,2.1291954908519983e-05,0.0010384999914094806,0.0013879999751225114,-0.0003494999837130308
96030,44,0,7,0,0.0005181659944355488,2.9542017728090286e-05,0.0006914580008015037,1.9208993762731552e-05,0.0012583750067278743,0.0012940410524606705,-3.566604573279619e-05
96030,45,0,9,0,0.0005341659998521209,3.087497316300869e-05,0.000584541994612664,1.933303428813815e-05,0.0011689160019159317,0.001549209002405405,-0.00038029300048947334
96031,0,0,10,0,0.0004987500142306089,2.9333983547985554e-05,0.0006256659980863333,2.0000035874545574e-05,0.0011737500317394733,0.001153874967712909,1.987506402656436e-05
96031,1,0,10,0,0.000488292018417269,2.824998227879405e-05,0.0008614999824203551,2.395804040133953e-05,0.0014020000235177577,0.001945583033375442,-0.0005435830098576844
96031,2,1,10,0,0.0005198330036364496,2.8499984182417393e-05,0.00038158398820087314,1.895800232887268e-05,0.0009488749783486128,0.0012655839673243463,-0.0003167089889757335
96031,3,3,10,0,0.0005557920085266232,2.7917034458369017e-05,0.0009022500016726553,2.0124949514865875e-05,0.0015060839941725135,0.0013417089940048754,0.00016437500016763806
96031,4,5,10,0,0.0006170420092530549,3.329198807477951e-05,0.0009449160424992442,1.958396751433611e-05,0.0016148340073414147,0.0014219590229913592,0.00019287498435005546
96031,5,8,10,0,0.0007130420417524874,3.4541008062660694e-05,0.0006386250024661422,2.1916988771408796e-05,0.001408125041052699,0.0011629160144366324,0.0002452090266160667
96031,6,10,10,0,0.0007516659679822624,3.0292023438960314e-05,0.0006899579893797636,2.0292005501687527e-05,0.0014922079863026738,0.0017291660187765956,-0.00023695803247392178
96031,7,13,10,7,0.000883833970874548,7.262500002980232e-05,0.001383416005410254,4.33750101365149e-05,0.002383249986451119,0.0012566250516101718,0.0011266249348409474
96031,8,10,3,3,0.0007303750026039779,2.9082992114126682e-05,0.0003968750243075192,2.1124957129359245e-05,0.001177457976154983,0.0012589999823831022,-8.154200622811913e-05
96031,9,9,0,0,0.0007117919740267098,2.8875016141682863e-05,0.0007270409842021763,1.9875005818903446e-05,0.0014875829801894724,0.0011660830350592732,0.0003214999451301992
96031,10,13,0,0,0.0008133749943226576,2.9082992114126682e-05,0.0005682500195689499,1.962494570761919e-05,0.0014303329517133534,0.0012645829701796174,0.000165749981533736
96031,11,13,0,0,0.0007978749927133322,2.8749986086040735e-05,0.001053249987307936,2.008303999900818e-05,0.001899958006106317,0.0016363339964300394,0.00026362400967627764
96031,12,14,1,1,0.0014388749841600657,4.02920413762331e-05,0.0004434579750522971,2.5500019546598196e-05,0.001948125020135194,0.0024624999496154487,-0.0005143749294802547
96031,13,17,0,0,0.0008984589949250221,3.358302637934685e-05,0.001044916978571564,2.0332983694970608e-05,0.0019972919835709035,0.001501416030805558,0.0004958759527653456
96031,14,17,0,0,0.0008764590020291507,2.8666050639003515e-05,0.000399916956666857,1.9167026039212942e-05,0.0013242090353742242,0.0017209170036949217,-0.00039670796832069755
96031,15,18,0,0,0.0009062499739229679,2.7709000278264284e-05,0.0015162080526351929,9.024998871609569e-05,0.0025404170155525208,0.0013605839922092855,0.0011798330233432353
96031,16,19,2,2,0.0009554580319672823,3.6999990697950125e-05,0.0015773330233059824,0.00011366698890924454,0.0026834580348804593,0.001964666007552296,0.0007187920273281634
96031,17,17,1,1,0.0008584590395912528,2.883299021050334e-05,0.0007491669966839254,2.3290980607271194e-05,0.0016597500070929527,0.001491333998274058,0.00016841600881889462
96031,18,16,1,1,0.0008763750083744526,2.97910301014781e-05,0.000519416993483901,2.0749983377754688e-05,0.0014463330153375864,0.0013737919507548213,7.25410645827651e-05
96031,19,15,3,3,0.0008517090464010835,2.945796586573124e-05,0.0005445419810712337,2.0416046027094126e-05,0.0014461250393651426,0.001547291991300881,-0.00010116695193573833
96031,20,12,2,2,0.0007752919918857515,2.8707960154861212e-05,0.00042787502752617,2.01669754460454e-05,0.0012520419550128281,0.0012835420202463865,-3.1500065233558416e-05
96031,21,10,0,0,0.0007316250121220946,3.024999750778079e-05,0.0003963339840993285,1.912500010803342e-05,0.0011773339938372374,0.001242291007656604,-6.49570138193667e-05
96031,22,10,0,0,0.0007481249631382525,3.0916009563952684e-05,0.0008142500300891697,2.1916988771408796e-05,0.0016152079915627837,0.00165350001771003,-3.829202614724636e-05
96031,23,10,0,0,0.0007220419938676059,2.762500662356615e-05,0.0012133329873904586,1.9458006136119366e-05,0.00198245799401775,0.0019162920070812106,6.616598693653941e-05
96031,24,10,1,1,0.0007308329804800451,2.779200440272689e-05,0.0003875829861499369,1.9291997887194157e-05,0.001165499968919903,0.0011982499854639173,-3.2750016544014215e-05
96031,25,9,0,0,0.0006984579958952963,2.7125002816319466e-05,0.000378625001758337,1.89170241355896e-05,0.0011231250246055424,0.0011694999993778765,-4.63749747723341e-05
96031,26,9,1,1,0.0007135419873520732,3.0082999728620052e-05,0.0004842919879592955,2.1250045392662287e-05,0.001249167020432651,0.002458499977365136,-0.001209332956932485
96031,27,8,0,0,0.0009854170493781567,3.162497887387872e-05,0.0004224160220474005,2.258399035781622e-05,0.001462042040657252,0.0021695829927921295,-0.0007075409521348774
96031,28,8,0,0,0.0006735000060871243,2.762500662356615e-05,0.00037754199001938105,3.6874960642308e-05,0.0011155419633723795,0.0011777080362662673,-6.216607289388776e-05
96031,29,8,2,2,0.0006694160401821136,2.7959002181887627e-05,0.0007407499942928553,2.279097680002451e-05,0.001460916013456881,0.0016930830315686762,-0.0002321670181117952
96031,30,6,0,0,0.0006676249904558063,2.9999995604157448e-05,0.0007323329919017851,2.0042003598064184e-05,0.001449999981559813,0.001504667045082897,-5.4667063523083925e-05
96031,31,6,2,2,0.0006569999968633056,2.9375019948929548e-05,0.00041333294939249754,2.0000035874545574e-05,0.0011197080020792782,0.0011302079656161368,-1.0499963536858559e-05
96031,32,4,2,2,0.000596500001847744,2.9374961741268635e-05,0.0003830420318990946,2.0916981156915426e-05,0.0010298339766450226,0.0010675410158000886,-3.770703915506601e-05
96031,33,2,2,2,0.0005687920493073761,2.9749993700534105e-05,0.0016796249547041953,4.291604273021221e-05,0.0023210830404423177,0.0010149170411750674,0.0013061659992672503
96031,34,0,0,0,0.0005237499717622995,2.824998227879405e-05,0.000546958006452769,2.395804040133953e-05,0.0011229160008952022,0.0010670000337995589,5.591596709564328e-05
96031,35,0,2,0,0.0005079170223325491,3.370799822732806e-05,0.0008880840032361448,2.216600114479661e-05,0.0014518750249408185,0.0018704170361161232,-0.00041854201117530465
96031,36,0,2,0,0.0004915000172331929,2.8416980057954788e-05,0.0014643750037066638,2.0791019778698683e-05,0.0020050830207765102,0.0014235840062610805,0.0005814990145154297
96031,37,0,4,0,0.000512917002197355,3.487500362098217e-05,0.0005246250075288117,2.116599353030324e-05,0.0010935830068774521,0.0016372500103898346,-0.0005436670035123825
96031,38,0,4,0,0.0005206250352784991,2.920901170000434e-05,0.00038412498543038964,2.0708015654236078e-05,0.0009546670480631292,0.0013539160136133432,-0.00039924896555021405
96031,39,0,4,0,0.0005232080002315342,2.9459013603627682e-05,0.0004003749927505851,1.9291008356958628e-05,0.0009723330149427056,0.0009987920057028532,-2.645899076014757e-05
96031,40,0,6,0,0.0005231249961070716,2.8958020266145468e-05,0.0010441250051371753,2.1708954591304064e-05,0.0016179169761016965,0.001377624983433634,0.00024029199266806245
96032,0,0,10,0,0.0004892500001005828,2.8292008209973574e-05,0.0005720420158468187,1.9708008039742708e-05,0.0011092920321971178,0.000979792035650462,0.0001294999965466559
96032,1,0,10,0,0.0004889999981969595,2.741703065112233e-05,0.0008187919738702476,1.9458006136119366e-05,0.0013546670088544488,0.0010110829607583582,0.00034358404809609056
96032,2,2,10,0,0.0005487080197781324,3.15000070258975e-05,0.0004911669529974461,2.1042011212557554e-05,0.0010924169910140336,0.0015220409841276705,-0.00042962399311363697
96032,3,3,10,0,0.0005555830430239439,2.7999980375170708e-05,0.0012768749729730189,8.66670161485672e-05,0.0019471250125207007,0.0011414579930715263,0.0008056670194491744
96032,4,3,10,0,0.0005734590231440961,2.7582980692386627e-05,0.0008502919808961451,2.0750041585415602e-05,0.0014720840263180435,0.0016058749752119184,-0.00013379094889387488
96032,5,3,10,1,0.0005805420223623514,2.9582995921373367e-05,0.0004009589902125299,2.0041014067828655e-05,0.0010311250225640833,0.0010190419852733612,1.2083037290722132e-05
96032,6,4,9,4,0.0005894580390304327,2.7583970222622156e-05,0.0008117500110529363,2.1082989405840635e-05,0.0014498750097118318,0.0010573749896138906,0.00039250002009794116
96032,7,3,5,3,0.0005630409577861428,2.90420139208436e-05,0.0015458749840036035,2.3625034373253584e-05,0.0021615829900838435,0.001716458995360881,0.0004451239947229624
96032,8,4,2,2,0.0006385839660651982,4.4791027903556824e-05,0.0013009170070290565,3.666698466986418e-05,0.0020209589856676757,0.0015000830171629786,0.0005208759685046971
96032,9,3,0,0,0.0006007080082781613,3.649998689070344e-05,0.001727334049064666,3.0415947549045086e-05,0.002394957991782576,0.0017527500167489052,0.0006422079750336707
96032,10,5,0,0,0.000643499952275306,3.066699719056487e-05,0.0015780830290168524,0.00010116701014339924,0.0023534169886261225,0.001629167003557086,0.0007242499850690365
96032,11,9,0,0,0.0007077500340528786,3.249995643272996e-05,0.0012219170457683504,2.5332963559776545e-05,0.0019874999998137355,0.0026453330065123737,-0.0006578330066986382
96032,12,13,0,0,0.0007842500344850123,2.945796586573124e-05,0.0010665000299923122,2.116698306053877e-05,0.0019013750134035945,0.0016325420001521707,0.00026883301325142384
96032,13,15,0,0,0.0008439169614575803,3.145803930237889e-05,0.0015134999994188547,3.154197474941611e-05,0.00242041697492823,0.002466333971824497,-4.591699689626694e-05
96032,14,17,1,1,0.0008878330118022859,2.9999995604157448e-05,0.0009294170304201543,3.4582975786179304e-05,0.001881833013612777,0.0015100419986993074,0.00037179101491346955
96032,15,17,0,0,0.0014024590491317213,4.0082959458231926e-05,0.0005873750196769834,2.4917011614888906e-05,0.0020548340398818254,0.002423709025606513,-0.0003688749857246876
96032,16,18,2,2,0.0008980829734355211,2.9416987672448158e-05,0.002224041032604873,2.458400558680296e-05,0.0031761249992996454,0.0015094169648364186,0.0016667080344632268
96032,17,17,0,0,0.0009361670236103237,3.991596167907119e-05,0.0009169999975711107,3.341701813042164e-05,0.0019265000009909272,0.0014109999756328762,0.0005155000253580511
96032,18,17,1,1,0.0008957089739851654,2.9957969672977924e-05,0.00045183300971984863,2.0709005184471607e-05,0.0013982089585624635,0.0014184999745339155,-2.0291015971451998e-05
96032,19,16,2,2,0.0008482079720124602,2.9082992114126682e-05,0.0008815840119495988,2.0750041585415602e-05,0.0017796250176616013,0.001337458030320704,0.0004421669873408973
96032,20,14,1,1,0.0008065830334089696,2.8332986403256655e-05,0.00039533397648483515,1.9875005818903446e-05,0.0012501250021159649,0.0014925000141374767,-0.0002423750120215118
96032,21,13,1,1,0.0007762500317767262,2.8333975933492184e-05,0.00038400001358240843,1.995800994336605e-05,0.001208542031235993,0.0012395000085234642,-3.0957977287471294e-05
96032,22,12,1,1,0.0007550420123152435,2.8540962375700474e-05,0.00040600000647827983,2.0834035240113735e-05,0.0012104170164093375,0.001264000020455569,-5.358300404623151e-05
96032,23,11,0,0,0.0007437500171363354,3.02919652312994e-05,0.0012819170369766653,2.120796125382185e-05,0.002077166980598122,0.0019170420127920806,0.00016012496780604124
96032,24,11,1,1,0.0007367919897660613,2.8875016141682863e-05,0.0006967919762246311,2.416601637378335e-05,0.0014866249985061586,0.0012682080268859863,0.00021841697162017226
96032,25,10,0,0,0.0007149999728426337,2.920802216976881e-05,0.0003915419802069664,1.958297798410058e-05,0.0011553329532034695,0.0018111250246874988,-0.0006557920714840293
96032,26,10,0,0,0.000710874970536679,2.841599052771926e-05,0.0006999170291237533,2.274999860674143e-05,0.001461957988794893,0.001459833001717925,2.1249870769679546e-06
96032,27,10,0,0,0.0007415000000037253,2.9749993700534105e-05,0.000832541030831635,2.2874970454722643e-05,0.001626665994990617,0.0011778749758377671,0.0004487910191528499
96032,28,10,0,0,0.000740540970582515,3.0583993066102266e-05,0.000806833035312593,2.4374981876462698e-05,0.001602332980837673,0.0012208750122226775,0.0003814579686149955
96032,29,10,0,0,0.0007664160220883787,3.262498648837209e-05,0.0006752500194124877,2.0916981156915426e-05,0.001495208009146154,0.001302958989981562,0.00019224901916459203
96032,30,10,0,0,0.0007128330180421472,2.8582988306879997e-05,0.000862542015966028,2.2332998923957348e-05,0.0016262910212390125,0.001953417027834803,-0.0003271260065957904
96032,31,10,0,0,0.0007151250028982759,3.5917037166655064e-05,0.0007899579941295087,2.0332983694970608e-05,0.0015613330178894103,0.0014593329979106784,0.00010200001997873187
96032,32,10,0,0,0.0007275830139406025,3.308302257210016e-05,0.0016537499614059925,0.00011125003220513463,0.00252566603012383,0.0016056669992394745,0.0009199990308843553
96032,33,10,0,0,0.0007155830389820039,2.866698196157813e-05,0.0004182080156169832,2.0124949514865875e-05,0.0011825829860754311,0.0011999589623883367,-1.737597631290555e-05
96032,34,10,0,0,0.0007226250017993152,2.8917042072862387e-05,0.0004369579837657511,1.9666971638798714e-05,0.0012081669992767274,0.0016546249971725047,-0.0004464579978957772
96032,35,10,1,1,0.0007102079689502716,2.8500042390078306e-05,0.000541458954103291,2.0875013433396816e-05,0.0013010419788770378,0.001226582971867174,7.445900700986385e-05
96032,36,9,1,1,0.0006921250023879111,2.8416980057954788e-05,0.0020032500033266842,0.00011691596591845155,0.0028407079516910017,0.0022374580148607492,0.0006032499368302524
96032,37,8,1,1,0.0006605410017073154,2.8416980057954788e-05,0.0007866250234656036,2.1292013116180897e-05,0.0014968750183470547,0.002585874986834824,-0.0010889999684877694
96032,38,7,2,2,0.0007056669564917684,3.749999450519681e-05,0.001027583028189838,2.4291977752000093e-05,0.0017950419569388032,0.0011984159937128425,0.0005966259632259607
96032,39,5,1,1,0.0006233750027604401,3.024999750778079e-05,0.0011100000119768083,2.141698496416211e-05,0.0017850419972091913,0.0011342919897288084,0.0006507500074803829
96032,40,4,2,2,0.0005932080093771219,3.008398925885558e-05,0.0005063330172561109,2.1042011212557554e-05,0.001150667027104646,0.0013995830086059868,-0.00024891598150134087
96032,41,2,1,1,0.0005520830163732171,2.8708018362522125e-05,0.0005071669584140182,2.0042003598064184e-05,0.0011079999967478216,0.001158582977950573,-5.05829812027514e-05
96032,42,1,1,1,0.0005408749566413462,2.9916001949459314e-05,0.0010038750478997827,1.979200169444084e-05,0.001594458008185029,0.000975875009316951,0.000618582998868078
96032,43,0,0,0,0.0005037499940954149,2.908398164436221e-05,0.00037241599056869745,1.8874998204410076e-05,0.0009241249645128846,0.0010534159955568612,-0.00012929103104397655
96032,44,0,0,0,0.0005123339942656457,2.875004429370165e-05,0.00036004098365083337,1.879199407994747e-05,0.0009199170162901282,0.0009360840194858611,-1.6167003195732832e-05
96032,45,0,0,0,0.0005120410351082683,2.879201201722026e-05,0.000851249962579459,1.9667029846459627e-05,0.001411750039551407,0.0010170830064453185,0.00039466703310608864
96032,46,0,2,0,0.0005057909875176847,2.862501423805952e-05,0.0004665000014938414,1.958396751433611e-05,0.0010204999707639217,0.000940333993639797,8.016597712412477e-05
96032,47,0,3,0,0.0005112499929964542,2.9499991796910763e-05,0.0006320420070551336,1.8874998204410076e-05,0.0011916669900529087,0.0014385419781319797,-0.00024687498807907104
96032,48,0,3,0,0.0005139170098118484,2.8582988306879997e-05,0.0003980830078944564,1.8874998204410076e-05,0.0009594580042175949,0.0015395419904962182,-0.0005800839862786233
96032,49,0,5,0,0.0004939170321449637,3.024999750778079e-05,0.00040487502701580524,1.958297798410058e-05,0.0009486250346526504,0.0016032920102588832,-0.0006546669756062329
96032,50,0,6,0,0.0004956669872626662,2.816604683175683e-05,0.001145874965004623,2.337503246963024e-05,0.0016930830315686762,0.0009596660383976996,0.0007334169931709766
96032,51,0,8,0,0.000513250008225441,2.979201963171363e-05,0.0004962499951943755,2.1042011212557554e-05,0.0010603340342640877,0.0012985420180484653,-0.00023820798378437757
96032,52,0,8,0,0.0005251250113360584,3.0540977604687214e-05,0.0003956250147894025,2.058397512882948e-05,0.0009718749788589776,0.0014192499802447855,-0.000447375001385808
96033,0,0,10,0,0.0004996670177206397,3.2790994737297297e-05,0.00042749999556690454,1.941696973517537e-05,0.000979374977760017,0.001537584001198411,-0.0005582090234383941
96033,1,0,10,0,0.0004977500066161156,2.8084032237529755e-05,0.0005015410133637488,1.995899947360158e-05,0.0010473340516909957,0.0010210840264335275,2.6250025257468224e-05
96033,2,2,10,0,0.0005538330296985805,3.1584000680595636e-05,0.00041574996430426836,2.1832995116710663e-05,0.0010229999898001552,0.0015742499963380396,-0.0005512500065378845
96033,3,4,10,0,0.0005852080066688359,2.9416987672448158e-05,0.00043166702380403876,1.9957951735705137e-05,0.001066249969881028,0.0016059580375440419,-0.0005397080676630139
96033,4,5,10,0,0.0005923329736106098,2.879201201722026e-05,0.0007808330119587481,2.0292005501687527e-05,0.0014222500030882657,0.0012274159817025065,0.00019483402138575912
96033,5,6,10,0,0.0006276670028455555,2.779200440272689e-05,0.0010609579621814191,2.0458013750612736e-05,0.0017368749831803143,0.0010986250126734376,0.0006382499705068767
96033,6,8,10,1,0.0006764999707229435,3.066699719056487e-05,0.001032250002026558,2.1166051737964153e-05,0.0017605830216780305,0.0012208339758217335,0.000539749045856297
96033,7,10,9,9,0.0007266669999808073,2.9957969672977924e-05,0.0008038750384002924,2.5166955310851336e-05,0.001585666963364929,0.0013980419607833028,0.00018762500258162618
96033,8,3,0,0,0.0005722919595427811,2.9417045880109072e-05,0.0007662909920327365,1.941696973517537e-05,0.001387416967190802,0.001410583034157753,-2.3166066966950893e-05
96033,9,4,0,0,0.0005870420136488974,2.824998227879405e-05,0.0005774160381406546,1.958396751433611e-05,0.0012122920015826821,0.0014706249930895865,-0.00025833299150690436
96033,10,7,0,0,0.0006926669739186764,3.066600766032934e-05,0.0004241669666953385,1.9875005818903446e-05,0.0011673749540932477,0.0018949999939650297,-0.0007276250398717821
96033,11,13,0,0,0.0008307920070365071,2.9999995604157448e-05,0.00045599997974932194,1.995800994336605e-05,0.0013367499923333526,0.0013045420055277646,3.220798680558801e-05
96033,12,15,0,0,0.0008592919912189245,3.21249826811254e-05,0.0011631250381469727,2.220796886831522e-05,0.002076749980915338,0.0020372080034576356,3.954197745770216e-05
96033,13,15,0,0,0.0008270840044133365,2.8083042707294226e-05,0.0018583749770186841,0.00010479200864210725,0.002818334032781422,0.0013039589975960553,0.0015143750351853669
96033,14,17,1,1,0.0008762090001255274,3.0207971576601267e-05,0.0005909579922445118,2.133403904736042e-05,0.001518709002994001,0.001708167023025453,-0.00018945802003145218
96033,15,17,1,1,0.0019297919934615493,3.283302066847682e-05,0.0012666250113397837,8.241698378697038e-05,0.00331166700925678,0.0019539580098353326,0.0013577089994214475
96033,16,16,1,1,0.0008764580124989152,3.783300053328276e-05,0.0006967089721001685,2.012500772252679e-05,0.0016311249928548932,0.001958834007382393,-0.0003277090145274997
96033,17,15,2,2,0.0008153750095516443,2.883299021050334e-05,0.0004010829725302756,2.054200740531087e-05,0.0012658329796977341,0.0024930000072345138,-0.0012271670275367796
96033,18,15,2,2,0.0008465830469503999,3.520800964906812e-05,0.0005114999949000776,2.2541964426636696e-05,0.0014158330159261823,0.0013122499804012477,0.00010358303552493453
96033,19,13,0,0,0.0007744170143269002,2.866698196157813e-05,0.0003905409830622375,1.933402381837368e-05,0.0012129590031690896,0.0015120420139282942,-0.0002990830107592046
96033,20,13,1,1,0.0007735000108368695,2.7749978471547365e-05,0.0009235420147888362,1.9665982108563185e-05,0.0017444579862058163,0.0014702079934068024,0.00027424999279901385
96033,21,12,1,1,0.0007488750270567834,2.7708010748028755e-05,0.001278374984394759,2.983299782499671e-05,0.002084791020024568,0.00165816699154675,0.0004266240284778178
96033,22,11,1,1,0.0007397499866783619,2.8999987989664078e-05,0.0012931670062243938,2.0916981156915426e-05,0.0020828339620493352,0.0020513340132310987,3.149994881823659e-05
96033,23,10,0,0,0.0007601670222356915,3.045797348022461e-05,0.0009496670099906623,1.995800994336605e-05,0.0017602500156499445,0.001806874992325902,-4.662497667595744e-05
96033,24,10,0,0,0.0007502500084228814,2.9749993700534105e-05,0.0008479579701088369,1.9833038095384836e-05,0.0016477910103276372,0.0016544169629924,-6.625952664762735e-06
96033,25,10,0,0,0.0007385000353679061,2.9499991796910763e-05,0.0006647499976679683,1.89170241355896e-05,0.0014516670489683747,0.001839541015215218,-0.00038787396624684334
96033,26,10,0,0,0.000708709005266428,2.8207956347614527e-05,0.001653083018027246,2.5084009394049644e-05,0.002415083989035338,0.0023460829979740083,6.900099106132984e-05
96033,27,10,1,1,0.0007173329940997064,2.8500042390078306e-05,0.000810083991382271,0.00010445795487612486,0.0016603749827481806,0.00122637499589473,0.00043399998685345054
96033,28,9,2,2,0.0006981660262681544,2.8791953809559345e-05,0.0010702080326154828,2.475001383572817e-05,0.0018219160265289247,0.001330917002633214,0.0004909990238957107
96033,29,7,1,1,0.0006834999658167362,3.095803549513221e-05,0.0003950419486500323,2.2208027075976133e-05,0.0011317079770378768,0.0011637500138022006,-3.204203676432371e-05
96033,30,6,2,2,0.0006614579469896853,2.9709015507251024e-05,0.00039483298314735293,2.133304951712489e-05,0.0011073329951614141,0.0014984169974923134,-0.00039108400233089924
96033,31,4,2,2,0.0005985419848002493,2.92909680865705e-05,0.0004038750194013119,1.979200169444084e-05,0.0010514999739825726,0.0010757920099422336,-2.4292035959661007e-05
96033,32,2,0,0,0.0005322500364854932,2.78339721262455e-05,0.0003951659891754389,1.9875005818903446e-05,0.000975125003606081,0.0009964999626390636,-2.1374959032982588e-05
96033,33,2,1,1,0.0005439580418169498,2.9207963962107897e-05,0.0004017089959233999,2.012500772252679e-05,0.0009950000094249845,0.0013324169558472931,-0.0003374169464223087
96033,34,1,0,0,0.0005208330112509429,4.32920060120523e-05,0.0005774999735876918,2.033304190263152e-05,0.0011619580327533185,0.0009534580167382956,0.000208500016015023
96033,35,1,1,1,0.0005173330428078771,2.8958951588720083e-05,0.000573708035517484,1.9832979887723923e-05,0.001139833009801805,0.0009430000209249556,0.0001968329888768494
96033,36,0,0,0,0.0009737500222399831,2.9459013603627682e-05,0.00048129097558557987,2.01669754460454e-05,0.001504666986875236,0.001990791002754122,-0.000486124015878886
96033,37,0,0,0,0.0005017919465899467,2.7917034458369017e-05,0.0003779159742407501,2.033403143286705e-05,0.0009279589867219329,0.0017667909851297736,-0.0008388319984078407
96033,38,0,2,0,0.0004963339888490736,2.8416048735380173e-05,0.0013224169961176813,2.2124964743852615e-05,0.0018692919984459877,0.0009805409936234355,0.0008887510048225522
96033,39,0,5,0,0.0005393750034272671,3.287498839199543e-05,0.00046200002543628216,2.1874962840229273e-05,0.001056124980095774,0.001397542015183717,-0.0003414170350879431
96033,40,0,8,0,0.0005004580016247928,2.8125010430812836e-05,0.0015253750025294721,2.095801755785942e-05,0.002074916032142937,0.0012189159751869738,0.0008560000569559634
96033,41,0,9,0,0.0005110829952172935,2.9292015824466944e-05,0.000384374987334013,2.008303999900818e-05,0.0009448330383747816,0.0011961660347878933,-0.0002513329964131117
96033,42,0,9,0,0.0004957080236636102,2.987496554851532e-05,0.000405792030505836,1.8832972273230553e-05,0.0009502079919911921,0.001504582993220538,-0.0005543750012293458
96034,0,0,10,0,0.0005116250249557197,2.8915994334965944e-05,0.0011802089866250753,0.00012362503912299871,0.0018443750450387597,0.0014013750478625298,0.00044299999717622995
96034,1,0,10,0,0.0005300409975461662,3.037502756342292e-05,0.000616749981418252,2.2291962523013353e-05,0.0011994579690508544,0.0016246670274995267,-0.0004252090584486723
96034,2,1,10,0,0.0005196250276640058,2.7999980375170708e-05,0.0004292079829610884,1.9833038095384836e-05,0.0009966660290956497,0.0009745840216055512,2.2082007490098476e-05
96034,3,3,10,0,0.0005651669926010072,2.8125010430812836e-05,0.00040625000838190317,1.912500010803342e-05,0.0010186670115217566,0.0014812920126132667,-0.00046262500109151006
96034,4,4,10,0,0.0005855840281583369,2.741598291322589e-05,0.0006246250122785568,1.9041995983570814e-05,0.0012566670193336904,0.0010347500210627913,0.00022191699827089906
96034,5,8,10,1,0.0006626669783145189,2.8083042707294226e-05,0.00039070897037163377,2.0208011846989393e-05,0.0011016670032404363,0.0015908750356175005,-0.0004892080323770642
96034,6,8,9,8,0.0006632079603150487,2.745899837464094e-05,0.0010032500140368938,2.7375004719942808e-05,0.0017212919774465263,0.0011330829584039748,0.0005882090190425515
96034,7,3,1,1,0.0005884580314159393,2.9749993700534105e-05,0.00046499999007210135,1.999997766688466e-05,0.0011032079928554595,0.00102862500352785,7.458298932760954e-05
96034,8,3,0,0,0.0005628339713439345,2.820801455527544e-05,0.0014000420342199504,2.4957989808171988e-05,0.0020160420099273324,0.0011127920006401837,0.0009032500092871487
96034,9,4,0,0,0.0005727090174332261,2.7708010748028755e-05,0.0003720829845406115,1.9458995666354895e-05,0.0009919590083882213,0.0014391669537872076,-0.00044720794539898634
96034,10,6,0,0,0.0006308750016614795,2.8665992431342602e-05,0.0008824170217849314,2.279196633026004e-05,0.0015647499822080135,0.001518417033366859,4.6332948841154575e-05
96034,11,9,0,0,0.0007315829861909151,4.2249972466379404e-05,0.0009240000508725643,2.1541956812143326e-05,0.0017193749663420022,0.0020166669855825603,-0.00029729201924055815
96034,12,13,0,0,0.0007875410374253988,2.929195761680603e-05,0.0006482080207206309,1.9084021914750338e-05,0.001484125037677586,0.0016957910265773535,-0.0002116659888997674
96034,13,13,0,0,0.0007879170007072389,2.9125018045306206e-05,0.0004004579968750477,1.8666964024305344e-05,0.0012361669796518981,0.00131312501616776,-7.695803651586175e-05
96034,14,13,0,0,0.000786874967161566,2.8333044610917568e-05,0.00039554195245727897,1.89170241355896e-05,0.0012296669883653522,0.0012313330080360174,-1.6660196706652641e-06
96034,15,15,0,0,0.0008230829844251275,2.8125010430812836e-05,0.0006650420255027711,2.3500004317611456e-05,0.001539750024676323,0.00165200000628829,-0.00011224998161196709
96034,16,18,2,2,0.0009175000013783574,2.7999980375170708e-05,0.0005347499973140657,2.0832987502217293e-05,0.001501082966569811,0.001380167028401047,0.00012091593816876411
96034,17,18,3,3,0.000874167017173022,2.766697434708476e-05,0.00121479103108868,2.54589831456542e-05,0.002142084005754441,0.0013770840014331043,0.0007650000043213367
96034,18,15,0,0,0.0008496249793097377,3.0499999411404133e-05,0.000896250014193356,2.0874955225735903e-05,0.0017972499481402338,0.0016135830082930624,0.0001836669398471713
96034,19,15,2,2,0.0008399999933317304,2.9207963962107897e-05,0.0006548750097863376,2.0832987502217293e-05,0.0015449159545823932,0.0016760000144131482,-0.000131084059830755
96034,20,13,1,1,0.0008253339910879731,3.0166003853082657e-05,0.00043179199565202,2.012500772252679e-05,0.0013074169983156025,0.0012600829941220582,4.733400419354439e-05
96034,21,12,0,0,0.0007975000189617276,3.0792027246207e-05,0.0015577919548377395,2.395804040133953e-05,0.0024100420414470136,0.0012597500463016331,0.0011502919951453805
96034,22,12,2,2,0.0007780829910188913,2.924998989328742e-05,0.0010802089818753302,2.516602398827672e-05,0.0019127079867757857,0.002401457983069122,-0.0004887499962933362
96034,23,10,0,0,0.0007265840540640056,2.9332994017750025e-05,0.0003898749710060656,3.670802107080817e-05,0.0011825000401586294,0.0017030000453814864,-0.000520500005222857
96034,24,10,0,0,0.0007569169974885881,3.066699719056487e-05,0.0006531659746542573,1.9625003915280104e-05,0.0014603749732486904,0.0016585830016992986,-0.00019820802845060825
96034,25,10,0,0,0.0007190830074250698,2.8709007892757654e-05,0.00038316595600917935,1.95419997908175e-05,0.0011504999711178243,0.0012167079839855433,-6.620801286771894e-05
96034,26,10,0,0,0.0007421660120598972,2.8959009796380997e-05,0.0003873750101774931,1.9957951735705137e-05,0.0011784579837694764,0.0011652919929474592,1.3165990822017193e-05
96034,27,10,1,1,0.0007613339694216847,3.066600766032934e-05,0.0012300420203246176,1.9832979887723923e-05,0.0020418749772943556,0.0020872500026598573,-4.537502536550164e-05
96034,28,9,0,0,0.0007194579811766744,5.604198668152094e-05,0.0005688749952241778,2.2666004952043295e-05,0.0013670409680344164,0.0016327080084010959,-0.00026566704036667943
96034,29,9,1,1,0.0007669999613426626,3.3791002351790667e-05,0.0013285420136526227,2.3917004000395536e-05,0.0021532499813474715,0.0012131250114180148,0.0009401249699294567
96034,30,8,1,1,0.0007391249528154731,3.2957992516458035e-05,0.0013401670148596168,7.666600868105888e-05,0.0021889159688726068,0.0017335420125164092,0.0004553739563561976
96034,31,7,0,0,0.0006919580046087503,3.045797348022461e-05,0.0005607919883914292,1.9417027942836285e-05,0.0013026249944232404,0.0020752910058945417,-0.0007726660114713013
96034,32,7,0,0,0.0011506660375744104,4.504196112975478e-05,0.0004704170278273523,3.066600766032934e-05,0.0016967910341918468,0.0021382500417530537,-0.0004414590075612068
96034,33,7,0,0,0.0006651249714195728,3.100000321865082e-05,0.0008672080002725124,2.037500962615013e-05,0.0015837079845368862,0.0014716669684275985,0.00011204101610928774
96034,34,7,2,2,0.0006882500019855797,2.9542017728090286e-05,0.0003957079607062042,2.033304190263152e-05,0.0011338330223225057,0.0013082920340821147,-0.00017445901175960898
96034,35,5,2,2,0.0006322499830275774,2.9541028197854757e-05,0.0008015839848667383,2.0708015654236078e-05,0.0014840830117464066,0.0012511669774539769,0.00023291603429242969
96034,36,3,1,1,0.0005859999801032245,2.9125018045306206e-05,0.0003801250131800771,2.012500772252679e-05,0.0010153750190511346,0.0010472499998286366,-3.187498077750206e-05
96034,37,2,3,2,0.0005663329502567649,2.9333052225410938e-05,0.0007571249734610319,2.1209008991718292e-05,0.001373999984934926,0.0013506669783964753,2.3333006538450718e-05
96034,38,0,2,0,0.0004927499685436487,2.879102248698473e-05,0.0004421669873408973,1.9875005818903446e-05,0.0009835829841904342,0.001092082995455712,-0.00010850001126527786
96034,39,0,2,0,0.0004941250081174076,2.8125010430812836e-05,0.00037341698771342635,1.9291008356958628e-05,0.0009149580146186054,0.0013133339816704392,-0.00039837596705183387
96034,40,0,2,0,0.0005178339779376984,2.9499991796910763e-05,0.0006143749924376607,2.783298259600997e-05,0.0011895419447682798,0.0009438749984838068,0.00024566694628447294
96034,41,0,2,0,0.0005231670220382512,2.9707967769354582e-05,0.0019004589994437993,2.800003858283162e-05,0.0024813340278342366,0.0014729590038768947,0.001008375023957342
96034,42,0,4,0,0.0004932080046273768,2.7917034458369017e-05,0.0003714999766089022,1.8832972273230553e-05,0.0009114579879678786,0.0010139999794773757,-0.00010254199150949717
96034,43,0,4,0,0.000497375032864511,2.7916976250708103e-05,0.00037229200825095177,1.8832972273230553e-05,0.0009164169896394014,0.0009238339844159782,-7.4169947765767574e-06
96034,44,0,6,0,0.0004849170218221843,2.8875016141682863e-05,0.000974374997895211,2.6915979105979204e-05,0.0015150830149650574,0.0009450840298086405,0.0005699989851564169
96034,45,0,7,0,0.0005486670415848494,4.4666987378150225e-05,0.001652040984481573,0.00011566700413823128,0.002361042017582804,0.0016281669959425926,0.0007328750216402113
96034,46,0,8,0,0.0005067499587312341,2.883299021050334e-05,0.0009170830016955733,3.462500171735883e-05,0.0014872909523546696,0.0013595420168712735,0.00012774893548339605
96034,47,0,8,0,0.000494415988214314,3.5375007428228855e-05,0.0013223339919932187,2.19999928958714e-05,0.001874124980531633,0.0010797909926623106,0.0007943339878693223
96034,48,0,9,0,0.0005175840342417359,3.57080134563148e-05,0.0011113749933429062,2.3250002413988113e-05,0.001687917043454945,0.0019397500436753035,-0.00025183300022035837
96035,0,0,10,0,0.0005243750056251884,3.350002225488424e-05,0.000675791990943253,2.404197584837675e-05,0.0012577089946717024,0.0010307079646736383,0.00022700102999806404
96035,1,0,10,0,0.0004939580103382468,3.129197284579277e-05,0.0004047079710289836,2.0625011529773474e-05,0.0009505829657427967,0.001014124951325357,-6.35419855825603e-05
96035,2,1,10,0,0.0005178750143386424,3.104202914983034e-05,0.00041979196248576045,1.975003397092223e-05,0.0009884590399451554,0.0017009999719448388,-0.0007125409319996834
96035,3,3,10,0,0.0005822500097565353,2.9624963644891977e-05,0.0011932920315302908,2.054101787507534e-05,0.0018257080228067935,0.0011458750232122838,0.0006798329995945096
96035,4,4,10,0,0.000578042003326118,2.9749993700534105e-05,0.0010252500069327652,1.9415980204939842e-05,0.0016524579841643572,0.0021136669674888253,-0.00046120898332446814
96035,5,6,10,0,0.0006300000241026282,3.112497506663203e-05,0.00039354199543595314,2.0708015654236078e-05,0.0010753750102594495,0.001538667012937367,-0.0004632920026779175
96035,6,6,10,0,0.0006542920018546283,3.162503708153963e-05,0.0019977499614469707,2.4833017960190773e-05,0.0027085000183433294,0.001392750011291355,0.0013157500070519745
96035,7,10,10,5,0.0012673749588429928,0.0001865000231191516,0.0012467500055208802,2.6124995201826096e-05,0.0027267499826848507,0.0013861249899491668,0.001340624992735684
96035,8,7,5,5,0.000673541973810643,3.066699719056487e-05,0.0004004579968750477,2.3875036276876926e-05,0.0011285420041531324,0.0011627079802565277,-3.4165976103395224e-05
96035,9,3,0,0,0.0005819579819217324,3.125000512227416e-05,0.0004206669982522726,1.995800994336605e-05,0.0010538329952396452,0.0014835000038146973,-0.000429667008575052
96035,10,4,0,0,0.0006074170232750475,2.9292015824466944e-05,0.0004272079677321017,1.9458006136119366e-05,0.0010833750129677355,0.001391375029925257,-0.00030800001695752144
96035,11,10,0,0,0.0007280829595401883,2.9084039852023125e-05,0.0007471659919247031,1.979200169444084e-05,0.0015241249930113554,0.001736624981276691,-0.00021249998826533556
96035,12,13,0,0,0.0008027919684536755,3.0916009563952684e-05,0.0004145840066485107,1.937500201165676e-05,0.0012676669866777956,0.0013842499465681612,-0.0001165829598903656
96035,13,15,1,1,0.000846249982714653,2.883299021050334e-05,0.00041787500958889723,2.1458021365106106e-05,0.0013144160038791597,0.0017397080082446337,-0.000425292004365474
96035,14,14,1,1,0.0007933750166557729,2.9707967769354582e-05,0.0008934999932534993,2.3792032152414322e-05,0.001740375009831041,0.002036167017649859,-0.0002957920078188181
96035,15,16,0,0,0.0008461659890599549,3.0374969355762005e-05,0.0005593750393018126,1.9666971638798714e-05,0.0014555829693563282,0.0015109580126591027,-5.537504330277443e-05
96035,16,16,1,1,0.0008393339812755585,2.8999987989664078e-05,0.0006322910194285214,2.0249979570508003e-05,0.001520874968264252,0.001439542043954134,8.133292431011796e-05
96035,17,16,0,0,0.0008759579504840076,2.9375019948929548e-05,0.0005579169956035912,2.0499981474131346e-05,0.0014837499475106597,0.0013150830054655671,0.00016866694204509258
96035,18,17,2,2,0.0009056669659912586,3.000005381181836e-05,0.00042274995939806104,2.174999099224806e-05,0.001380166970193386,0.0016595409833826125,-0.0002793740131892264
96035,19,15,2,2,0.0008121250430122018,3.170798299834132e-05,0.001150958996731788,2.2499996703118086e-05,0.002017292019445449,0.0016680830158293247,0.0003492090036161244
96035,20,13,1,1,0.0007807919755578041,2.924998989328742e-05,0.0004670830094255507,1.9291997887194157e-05,0.0012964169727638364,0.0012872919905930758,9.124982170760632e-06
96035,21,12,0,0,0.0007562919636256993,2.816604683175683e-05,0.00040204194374382496,1.875002635642886e-05,0.00120524998055771,0.0012737499782815576,-6.849999772384763e-05
96035,22,12,0,0,0.0007497500046156347,2.7667032554745674e-05,0.0011117079993709922,1.8666964024305344e-05,0.0019077920005656779,0.0012828329927287996,0.0006249590078368783
96035,23,12,0,0,0.0007528329733759165,2.7458008844405413e-05,0.0004047499969601631,1.8584018107503653e-05,0.0012036249972879887,0.0011983750155195594,5.249981768429279e-06
96035,24,12,0,0,0.0007788750226609409,2.962502185255289e-05,0.0004956669872626662,2.1458021365106106e-05,0.001325625053141266,0.00195087498286739,-0.0006252499297261238
96035,25,12,1,1,0.0007592089823447168,3.2333016861230135e-05,0.0010859169997274876,2.1499989088624716e-05,0.0018989589880220592,0.0015597500023432076,0.0003392089856788516
96035,26,11,1,1,0.0007616250077262521,2.8749986086040735e-05,0.0003849589847959578,1.9875005818903446e-05,0.001195208984427154,0.0017108749598264694,-0.0005156659753993154
96035,27,10,0,0,0.0007108750287443399,3.054196713492274e-05,0.00042745802784338593,2.0082981791347265e-05,0.0011889580055139959,0.0015899999998509884,-0.0004010419943369925
96035,28,10,0,0,0.0007534169708378613,3.062502946704626e-05,0.00038824998773634434,2.0208011846989393e-05,0.0011924999998882413,0.0017325839726254344,-0.0005400839727371931
96035,29,10,0,0,0.000791874947026372,3.225001273676753e-05,0.0011142080184072256,7.850001566112041e-05,0.0020168329938314855,0.0027792079490609467,-0.0007623749552294612
96035,30,10,0,0,0.0007144580013118684,2.9959017410874367e-05,0.0003820830024778843,1.9291997887194157e-05,0.0011457920190878212,0.0017876249621622264,-0.0006418329430744052
96035,31,10,1,1,0.0007023749640211463,2.9333052225410938e-05,0.001167207956314087,2.1167041268199682e-05,0.0019200830138288438,0.0012651249999180436,0.0006549580139108002
96035,32,9,3,3,0.000985999999102205,3.162503708153963e-05,0.0010881659691222012,2.662499900907278e-05,0.0021324160043150187,0.002052915981039405,7.950002327561378e-05
96035,33,6,2,2,0.0006220409995876253,2.9499991796910763e-05,0.00038887496339157224,2.0459003280848265e-05,0.0010608749580569565,0.0011030000168830156,-4.21250588260591e-05
96035,34,4,2,2,0.0005725419614464045,2.858304651454091e-05,0.00038824998773634434,2.0042003598064184e-05,0.0010094169992953539,0.0014867909485474229,-0.000477373949252069
96035,35,2,1,1,0.0005960409762337804,3.32500203512609e-05,0.001232834008987993,3.200001083314419e-05,0.0018941250164061785,0.0014817910268902779,0.0004123339895159006
96035,36,1,3,1,0.0005152499652467668,3.0750001315027475e-05,0.0007652079802937806,2.2209016606211662e-05,0.0013334169634617865,0.0019052090356126428,-0.0005717920721508563
96035,37,0,2,0,0.0004936250043101609,3.100000321865082e-05,0.00059254199732095,2.2290972992777824e-05,0.0011394579778425395,0.0015000840066932142,-0.00036062602885067463
96035,38,0,3,0,0.0004982080426998436,3.216695040464401e-05,0.0005659169983118773,2.1166051737964153e-05,0.001117458043154329,0.0018100830493494868,-0.0006926250061951578
96035,39,0,5,0,0.0005131250363774598,3.024999750778079e-05,0.0004136249772273004,2.0415987819433212e-05,0.0009774159989319742,0.000986333005130291,-8.917006198316813e-06
96035,40,0,7,0,0.0010310420184396207,3.258301876485348e-05,0.00041274999966844916,2.320896601304412e-05,0.0014995840028859675,0.0021398329990915954,-0.0006402489962056279
96035,41,0,8,0,0.0005069170147180557,2.9957969672977924e-05,0.0006049590301699936,1.9708008039742708e-05,0.00116154202260077,0.001689917000476271,-0.0005283749778755009
96036,0,0,10,0,0.0005134579841978848,3.208301495760679e-05,0.0007162090041674674,2.2040971089154482e-05,0.0012837909744121134,0.0017210000078193843,-0.0004372090334072709
96036,1,2,10,0,0.0005559580167755485,3.0082999728620052e-05,0.0003860840224660933,1.9625003915280104e-05,0.000991750042885542,0.0010169580345973372,-2.520799171179533e-05
96036,2,3,10,0,0.0005756249884143472,2.9375019948929548e-05,0.00039316696347668767,1.9166036508977413e-05,0.0010173330083489418,0.0010816669673658907,-6.433395901694894e-05
96036,3,5,10,0,0.0006202500080689788,2.8582988306879997e-05,0.0007047500112093985,2.0209001377224922e-05,0.0013737920089624822,0.0011191670200787485,0.00025462498888373375
96036,4,8,10,0,0.0006897500134073198,2.9082992114126682e-05,0.0004039580235257745,1.9083963707089424e-05,0.0011418749927543104,0.001587499980814755,-0.0004456249880604446
96036,5,8,10,0,0.0006876660045236349,2.9166985768824816e-05,0.00047033297596499324,2.241699257865548e-05,0.0012095829588361084,0.0012297919602133334,-2.0209001377224922e-05
96036,6,11,10,0,0.0007324159960262477,2.900004619732499e-05,0.0009511669632047415,2.0667037460952997e-05,0.0017332500428892672,0.001909709011670202,-0.0001764589687809348
96036,7,13,10,8,0.0007746249902993441,2.8458016458898783e-05,0.000787207973189652,2.2916996385902166e-05,0.001613207976333797,0.001969875011127442,-0.00035666703479364514
96036,8,7,2,2,0.0006712909671477973,3.825000021606684e-05,0.00042020902037620544,2.3666012566536665e-05,0.0011534160003066063,0.002395207993686199,-0.001241791993379593
96036,9,7,0,0,0.0006661660154350102,2.9542017728090286e-05,0.0010617919615469873,0.00010866601951420307,0.0018661660142242908,0.0014171249931678176,0.00044904102105647326
96036,10,9,0,0,0.0007194160134531558,2.924998989328742e-05,0.0004954590112902224,2.0707957446575165e-05,0.0012648329720832407,0.0020229999790899456,-0.0007581670070067048
96036,11,10,0,0,0.0007037500035949051,2.8416980057954788e-05,0.00046387501060962677,1.9291997887194157e-05,0.0012153339921496809,0.0011677499860525131,4.758400609716773e-05
96036,12,11,0,0,0.0016343750176019967,3.604200901463628e-05,0.00043583300430327654,2.2333988454192877e-05,0.0021285840193741024,0.0018334579654037952,0.0002951260539703071
96036,13,13,1,1,0.0007635409710928798,3.0166993383318186e-05,0.0009525830391794443,2.6291992980986834e-05,0.001772582996636629,0.0021105000050738454,-0.0003379170084372163
96036,14,14,1,1,0.0008203749894164503,3.2333016861230135e-05,0.0004892089636996388,2.1499989088624716e-05,0.001363416959065944,0.002386458043474704,-0.00102304108440876
96036,15,14,1,1,0.0008274579886347055,2.9125018045306206e-05,0.0019000839674845338,2.1332991309463978e-05,0.0027779999654740095,0.001305249985307455,0.0014727499801665545
96036,16,15,4,4,0.0008113749790936708,2.9333983547985554e-05,0.00041266600601375103,2.1875021047890186e-05,0.0012752499897032976,0.0021631669951602817,-0.000887917005456984
96036,17,12,1,1,0.0007680830312892795,3.391696373000741e-05,0.0007255829987116158,2.300000051036477e-05,0.0015505829942412674,0.0012261249939911067,0.0003244580002501607
96036,18,12,1,1,0.000753625005017966,2.7875008527189493e-05,0.001008416002150625,2.2042018827050924e-05,0.0018119580345228314,0.0012482089805416763,0.0005637490539811552
96036,19,11,0,0,0.0007606250001117587,3.841705620288849e-05,0.0004754999536089599,2.0665989723056555e-05,0.0012952079996466637,0.0017647920176386833,-0.00046958401799201965
96036,20,11,2,2,0.0007522499654442072,2.983299782499671e-05,0.0006180000491440296,2.2374966647475958e-05,0.0014224579790607095,0.001281999982893467,0.00014045799616724253
96036,21,9,0,0,0.0007127909921109676,2.8667040169239044e-05,0.0003856669645756483,1.9875005818903446e-05,0.0011470000026747584,0.0012112500262446702,-6.425002356991172e-05
96036,22,9,1,1,0.0007082500378601253,2.90420139208436e-05,0.0013209999888204038,2.037500962615013e-05,0.002078667050227523,0.0013463750365190208,0.0007322920137085021
96036,23,8,2,2,0.0006613750010728836,2.9542017728090286e-05,0.00044833298306912184,2.0709005184471607e-05,0.0011599590070545673,0.0014949580072425306,-0.00033499900018796325
96036,24,6,1,1,0.0006129170069471002,2.800003858283162e-05,0.00039549998473376036,2.0499981474131346e-05,0.0010569170117378235,0.00106412498280406,-7.207971066236496e-06
96036,25,5,3,3,0.0005917499656789005,2.8125010430812836e-05,0.0006536670261994004,2.1957966964691877e-05,0.0012954999692738056,0.0015950830420479178,-0.0002995830727741122
96036,26,2,1,1,0.0005393750034272671,2.8915994334965944e-05,0.0008178340503945947,1.9332976080477238e-05,0.001405458024237305,0.001820292032789439,-0.00041483400855213404
96036,27,1,0,0,0.000544666952919215,3.0792027246207e-05,0.00044079101644456387,1.941696973517537e-05,0.0010356669663451612,0.0021212080027908087,-0.0010855410364456475
96036,28,1,0,0,0.0005189170478843153,3.3791002351790667e-05,0.00038891698932275176,2.0916981156915426e-05,0.0009625420207157731,0.0010641670087352395,-0.0001016249880194664
96036,29,1,0,0,0.0005452500190585852,3.091699909418821e-05,0.0005712499842047691,1.9875005818903446e-05,0.001167292008176446,0.0018417080282233655,-0.0006744160200469196
96036,30,1,2,1,0.0005401669768616557,3.5750039387494326e-05,0.0009136669686995447,2.1208019461482763e-05,0.0015107920044101775,0.001688125019427389,-0.00017733301501721144
96036,31,0,2,0,0.0005224579945206642,3.0166993383318186e-05,0.0008494579815305769,2.1583051420748234e-05,0.0014236660208553076,0.0014119999832473695,1.1666037607938051e-05
96036,32,0,6,0,0.0005144579918123782,2.983398735523224e-05,0.0006846250034868717,1.9458006136119366e-05,0.0012483749887906015,0.0010673330398276448,0.00018104194896295667
96036,33,0,9,0,0.000511416990775615,2.96669895760715e-05,0.0004142080433666706,1.9625003915280104e-05,0.0009749170276336372,0.0013405840145424008,-0.00036566698690876365
96036,34,0,9,0,0.0005098329856991768,2.8542010113596916e-05,0.00045804103137925267,1.9041995983570814e-05,0.0010154580231755972,0.0011056250077672303,-9.016698459163308e-05
96037,0,0,10,0,0.0005193339893594384,2.9458024073392153e-05,0.00045133300591260195,1.9458995666354895e-05,0.0010195840150117874,0.000969333981629461,5.0250033382326365e-05
96037,1,0,10,0,0.0005215420387685299,3.0207971576601267e-05,0.0004870420088991523,2.458301605656743e-05,0.0010633750353008509,0.0009734579944051802,8.991704089567065e-05
96037,2,1,10,0,0.000531375000718981,3.0374969355762005e-05,0.0013755830004811287,2.054200740531087e-05,0.0019578749779611826,0.0012537079746834934,0.0007041670032776892
96037,3,2,10,0,0.0005811669980175793,2.987496554851532e-05,0.0004207080346532166,1.9249971956014633e-05,0.0010509999701753259,0.0010064159869216383,4.458398325368762e-05
96037,4,7,10,0,0.0006413750234059989,2.8999987989664078e-05,0.0012287910212762654,2.4166947696357965e-05,0.0019233329803682864,0.0018205000087618828,0.00010283297160640359
96037,5,8,10,0,0.0006775000365450978,2.970895729959011e-05,0.0004295410471968353,2.062495332211256e-05,0.0011573749943636358,0.0011622500023804605,-4.875008016824722e-06
96037,6,12,10,6,0.0007537080091424286,2.8416980057954788e-05,0.0006763330311514437,2.2499996703118086e-05,0.0014809580170549452,0.001380167028401047,0.00010079098865389824
96037,7,10,4,4,0.0007581670070067048,3.02919652312994e-05,0.0004175830399617553,2.420798409730196e-05,0.0012302499962970614,0.0011989579652436078,3.1292031053453684e-05
96037,8,12,0,0,0.0007809170056134462,2.929195761680603e-05,0.0011254580458626151,0.00010599999222904444,0.002041667001321912,0.001272958004847169,0.0007687089964747429
96037,9,15,0,0,0.000811500009149313,3.08750313706696e-05,0.0004128749715164304,2.0749983377754688e-05,0.0012759999954141676,0.0025513750151731074,-0.0012753750197589397
96037,10,16,0,0,0.0008316250168718398,2.7749978471547365e-05,0.0003923330223187804,1.9249971956014633e-05,0.0012709579896181822,0.001288499974180013,-1.754198456183076e-05
96037,11,16,1,1,0.0008425829582847655,2.900004619732499e-05,0.0004005419905297458,2.0499981474131346e-05,0.0012926249764859676,0.001502084021922201,-0.00020945904543623328
96037,12,16,0,0,0.0008232919499278069,2.8250040486454964e-05,0.0004271249636076391,2.012500772252679e-05,0.0012987919617444277,0.0017995840171352029,-0.0005007920553907752
96037,13,17,0,0,0.0008673749980516732,2.8125010430812836e-05,0.0009336249786429107,1.9208993762731552e-05,0.0018483339808881283,0.0016658750246278942,0.00018245895626023412
96037,14,17,2,2,0.0008972079958766699,2.783298259600997e-05,0.0005287500098347664,1.950003206729889e-05,0.0014732910203747451,0.0014021670212969184,7.112399907782674e-05
96037,15,15,1,1,0.0008405420230701566,2.8957962058484554e-05,0.0010547920246608555,2.0082981791347265e-05,0.001944374991580844,0.0021757499780505896,-0.00023137498646974564
96037,16,15,1,1,0.00086116703459993,3.0124967452138662e-05,0.00044545799028128386,2.0667037460952997e-05,0.0013574170297943056,0.0014708339585922658,-0.00011341692879796028
96037,17,14,0,0,0.0008277500164695084,3.125000512227416e-05,0.0006869169883430004,2.2291031200438738e-05,0.0015682080411352217,0.0017619580030441284,-0.0001937499619089067
96037,18,15,1,1,0.0008730840054340661,3.0165945645421743e-05,0.0007795840501785278,2.079096157103777e-05,0.0017036249628290534,0.0017195420223288238,-1.5917059499770403e-05
96037,19,14,3,3,0.0008207500213757157,2.9542017728090286e-05,0.00044999999227002263,2.0875013433396816e-05,0.0013211670448072255,0.0013119170325808227,9.25001222640276e-06
96037,20,11,1,1,0.0007699999841861427,2.9499991796910763e-05,0.0007852090056985617,2.0208011846989393e-05,0.0016049169935286045,0.001430416014045477,0.0001745009794831276
96037,21,10,0,0,0.0007347079808823764,2.8875016141682863e-05,0.0009379590046592057,1.875002635642886e-05,0.0017202920280396938,0.0017881670501083136,-6.787502206861973e-05
96037,22,10,0,0,0.000704666948877275,2.779101487249136e-05,0.0010566670098342001,2.0708015654236078e-05,0.0018098329892382026,0.001266875013243407,0.0005429579759947956
96037,23,10,0,0,0.0007110830047167838,2.924998989328742e-05,0.0014155840035527945,2.099998528137803e-05,0.0021769169834442437,0.001640333968680352,0.0005365830147638917
96037,24,10,2,2,0.0007343749748542905,2.7708010748028755e-05,0.0012047499767504632,2.154201501980424e-05,0.0019883749773725867,0.0019228329765610397,6.554200081154704e-05
96037,25,8,1,1,0.0006949170492589474,3.129197284579277e-05,0.0004800410242751241,2.0083971321582794e-05,0.001226334017701447,0.0019784580217674375,-0.0007521240040659904
96037,26,7,0,0,0.0006717500509694219,2.9333983547985554e-05,0.0007377499714493752,1.9041006453335285e-05,0.0014578750124201179,0.0015385840088129044,-8.07089963927865e-05
96037,27,7,0,0,0.0006487919599749148,3.0291033908724785e-05,0.0009965839562937617,2.0750041585415602e-05,0.001696416991762817,0.0018425000016577542,-0.00014608300989493728
96037,28,7,1,1,0.0006712079630233347,2.9500050004571676e-05,0.0008251669933088124,2.174999099224806e-05,0.0015476249973289669,0.0013064169907011092,0.00024120800662785769
96037,29,6,1,1,0.0006658749771304429,3.100000321865082e-05,0.000821666035335511,2.0083971321582794e-05,0.0015386249870061874,0.0016468330286443233,-0.00010820804163813591
96037,30,5,0,0,0.0006219999631866813,2.8541020583361387e-05,0.0008618750143796206,1.8624996300786734e-05,0.00153104099445045,0.0015815000515431166,-5.0459057092666626e-05
96037,31,5,0,0,0.0006280000088736415,2.8999987989664078e-05,0.001752333017066121,0.00011854199692606926,0.002527875010855496,0.0014428750146180391,0.0010849999962374568
96037,32,5,5,5,0.0009034999529831111,4.5584049075841904e-05,0.0019908329704776406,3.404199378564954e-05,0.002973958966322243,0.0035847920225933194,-0.0006108330562710762
96037,33,0,2,0,0.000668874999973923,6.458297139033675e-05,0.001089832978323102,3.3709045965224504e-05,0.0018569999956525862,0.0027864999719895422,-0.000929499976336956
96037,34,0,4,0,0.0004899170016869903,2.8332986403256655e-05,0.0008584580500610173,1.9708997569978237e-05,0.0013964170357212424,0.0016767089837230742,-0.00028029194800183177
96037,35,0,5,0,0.00048824999248608947,2.7499976567924023e-05,0.00042345799738541245,1.950003206729889e-05,0.0009587079985067248,0.001360124966595322,-0.00040141696808859706
96037,36,0,6,0,0.0004866250092163682,2.7875008527189493e-05,0.0006510000093840063,1.9916973542422056e-05,0.001185417000669986,0.0009175420273095369,0.0002678749733604491
96037,37,0,9,0,0.0005112080252729356,2.8957962058484554e-05,0.0003862089943140745,1.9625003915280104e-05,0.0009459999855607748,0.0009691659943200648,-2.316600875928998e-05
96038,0,0,10,0,0.0005182920140214264,3.329198807477951e-05,0.0015847500180825591,6.558297900483012e-05,0.002201916999183595,0.0021086250199005008,9.32919792830944e-05
96038,1,0,10,0,0.0005077079986222088,3.0166993383318186e-05,0.0005829170113429427,2.4540990125387907e-05,0.0011453329934738576,0.001750499999616295,-0.0006051670061424375
96038,2,0,10,0,0.0005275000003166497,3.2167008612304926e-05,0.0006423330050893128,2.012500772252679e-05,0.0012221250217407942,0.0010244169970974326,0.00019770802464336157
96038,3,3,10,0,0.0005982500151731074,3.15000070258975e-05,0.0004105420084670186,1.9708008039742708e-05,0.0010600000387057662,0.001087334007024765,-2.7333968318998814e-05
96038,4,4,10,0,0.0006122909835539758,3.091699909418821e-05,0.0008422500104643404,2.2625026758760214e-05,0.0015080830198712647,0.0011913750204257667,0.000316707999445498
96038,5,6,10,0,0.0006342920241877437,2.824998227879405e-05,0.00044354202691465616,1.912500010803342e-05,0.0011252090334892273,0.0010969159775413573,2.8293055947870016e-05
96038,6,8,10,0,0.0007069999701343477,3.062502946704626e-05,0.00042799999937415123,2.0082981791347265e-05,0.0011857079807668924,0.0015683340025134385,-0.00038262602174654603
96038,7,8,10,0,0.0006994589930400252,2.9082992114126682e-05,0.00041500001680105925,2.0541949197649956e-05,0.0011640839511528611,0.0011932079796679318,-2.9124028515070677e-05
96038,8,11,10,8,0.0007743749883957207,3.266701241955161e-05,0.0009248749702237546,2.5833025574684143e-05,0.0017577499966137111,0.0032619580160826445,-0.0015042080194689333
96038,9,7,2,2,0.0006839999696239829,3.020901931449771e-05,0.00043583300430327654,2.0249979570508003e-05,0.0011702919728122652,0.0011576670221984386,1.2624950613826513e-05
96038,10,6,0,0,0.0006604579975828528,3.120902692899108e-05,0.0003935410059057176,1.941696973517537e-05,0.001104625000152737,0.0014156250399537385,-0.00031100003980100155
96038,11,9,0,0,0.0007280420395545661,3.0499999411404133e-05,0.001324749959167093,2.1458021365106106e-05,0.0021047500194981694,0.0015445409808307886,0.0005602090386673808
96038,12,11,0,0,0.000763709016609937,3.0416005756706e-05,0.00040900002932175994,2.4166947696357965e-05,0.0012272919993847609,0.001781958038918674,-0.0005546660395339131
96038,13,11,2,2,0.000761958013754338,3.2374984584748745e-05,0.00045708398101851344,2.2332998923957348e-05,0.0012737499782815576,0.0017969589680433273,-0.0005232089897617698
96038,14,10,1,1,0.000747458019759506,2.920802216976881e-05,0.0009071250096894801,2.0374951418489218e-05,0.001704166003037244,0.0012847079779021442,0.0004194580251350999
96038,15,12,0,0,0.000798167020548135,3.8832949940115213e-05,0.00047420902410522103,2.1875021047890186e-05,0.0013330840156413615,0.0016387079958803952,-0.0003056239802390337
96038,16,14,1,1,0.0008490839973092079,3.004097379744053e-05,0.00040200003422796726,2.012500772252679e-05,0.0013012500130571425,0.0013923330116085708,-9.108299855142832e-05
96038,17,13,1,1,0.0007762919995002449,2.84170382656157e-05,0.0005003749975003302,2.0499981474131346e-05,0.0013255840167403221,0.0018663340015336871,-0.000540749984793365
96038,18,15,1,1,0.000846667040605098,3.045797348022461e-05,0.0014536670059897006,1.9291008356958628e-05,0.002350083028431982,0.0018245420069433749,0.0005255410214886069
96038,19,14,0,0,0.0008003750117495656,2.820900408551097e-05,0.00038949999725446105,1.9041006453335285e-05,0.001237125019542873,0.0015986250364221632,-0.00036150001687929034
96038,20,14,1,1,0.0007934999885037541,2.7542002499103546e-05,0.001528583001345396,2.13750172406435e-05,0.0023710000095888972,0.0013366250204853714,0.0010343749891035259
96038,21,13,1,1,0.0008171669906005263,3.095803549513221e-05,0.0004152499604970217,2.0458013750612736e-05,0.001283833000343293,0.0013461249764077365,-6.229197606444359e-05
96038,22,12,0,0,0.000841124972794205,3.2374984584748745e-05,0.0005232500261627138,2.1458021365106106e-05,0.0014182080049067736,0.002378291974309832,-0.0009600839694030583
96038,23,12,0,0,0.0007874169968999922,2.9582995921373367e-05,0.0012852500076405704,2.304196823388338e-05,0.0021252919686958194,0.0025144999963231385,-0.0003892080276273191
96038,24,12,0,0,0.0007912499713711441,3.0542025342583656e-05,0.0015662920195609331,2.058298559859395e-05,0.0024086670018732548,0.0018505420302972198,0.000558124971576035
96038,25,12,1,1,0.0007454580045305192,2.8416980057954788e-05,0.001102500013075769,2.220796886831522e-05,0.0018985829665325582,0.001280291995499283,0.0006182909710332751
96038,26,11,0,0,0.0007886249804869294,4.308304050937295e-05,0.0006690419977530837,2.0458013750612736e-05,0.0015212080324999988,0.0028344159945845604,-0.0013132079620845616
96038,27,11,0,0,0.0007718750275671482,3.483297768980265e-05,0.0008071250049397349,2.2499996703118086e-05,0.0016363330068998039,0.001835125032812357,-0.00019879202591255307
96038,28,11,0,0,0.0007754589896649122,3.2374984584748745e-05,0.0009957910515367985,2.1708954591304064e-05,0.0018253339803777635,0.0016650419565849006,0.0001602920237928629
96038,29,11,2,2,0.000738041999284178,2.8541020583361387e-05,0.0005762919900007546,2.395804040133953e-05,0.0013668330502696335,0.001356916967779398,9.916082490235567e-06
96038,30,9,1,1,0.000731875014025718,3.2917014323174953e-05,0.000427457969635725,2.141698496416211e-05,0.00121366698294878,0.0011883749975822866,2.5291985366493464e-05
96038,31,8,1,1,0.0008997499826364219,3.258301876485348e-05,0.0013842089683748782,2.2291031200438738e-05,0.0023388330009765923,0.002164415956940502,0.00017441704403609037
96038,32,7,1,1,0.0006763749988749623,3.1167000997811556e-05,0.0009811249910853803,2.1625019144266844e-05,0.001710292010102421,0.0014577920082956553,0.0002525000018067658
96038,33,6,1,1,0.0006583330105058849,3.1208968721330166e-05,0.0003911660169251263,2.0833977032452822e-05,0.0011015419731847942,0.001395000028423965,-0.0002934580552391708
96038,34,5,1,1,0.0006312500336207449,2.9124959837645292e-05,0.0003988330136053264,2.1208019461482763e-05,0.0010804160265251994,0.0010982920066453516,-1.7875980120152235e-05
96038,35,4,1,1,0.0006051670061424375,2.945796586573124e-05,0.0008308750111609697,2.0499981474131346e-05,0.0014859999646432698,0.0014132080250419676,7.279193960130215e-05
96038,36,3,0,0,0.0005653330008499324,2.804200630635023e-05,0.0011251249816268682,1.979200169444084e-05,0.0017382919904775918,0.0010350000229664147,0.0007032919675111771
96038,37,3,1,1,0.0005858329823240638,2.9749993700534105e-05,0.00039170903619378805,1.9915984012186527e-05,0.0010272079962305725,0.0010281669674441218,-9.589712135493755e-07
96038,38,2,4,2,0.0005581669975072145,2.975005190819502e-05,0.0011175829567946494,2.0833045709878206e-05,0.0017263330519199371,0.0017374170129187405,-1.1083960998803377e-05
96038,39,0,4,0,0.0004918330232612789,2.7959002181887627e-05,0.000869415991473943,0.00011812499724328518,0.0015073330141603947,0.0016329999780282378,-0.00012566696386784315
96038,40,0,5,0,0.0005092089995741844,3.0125025659799576e-05,0.0007112500024959445,2.0791019778698683e-05,0.0012713750475086272,0.0018478750134818256,-0.0005764999659731984
96038,41,0,7,0,0.0005234170239418745,3.0166993383318186e-05,0.0004047909751534462,2.099998528137803e-05,0.000979374977760017,0.0009529160452075303,2.6458932552486658e-05
96038,42,0,9,0,0.000526708026882261,3.054196713492274e-05,0.0008985000313259661,2.0957959350198507e-05,0.0014767079846933484,0.0014301249757409096,4.658300895243883e-05
96039,0,0,10,0,0.0005265829968266189,3.166700480505824e-05,0.0004089580033905804,2.1499989088624716e-05,0.0009887079941108823,0.0010083340457640588,-1.9626051653176546e-05
96039,1,0,10,0,0.0005194579716771841,3.0750001315027475e-05,0.0007409999961964786,2.158299321308732e-05,0.0013127909624017775,0.0017097920062951744,-0.00039700104389339685
96039,2,1,10,0,0.0005544169689528644,3.4582975786179304e-05,0.0010194170172326267,2.2458028979599476e-05,0.0016308749909512699,0.0010627920273691416,0.0005680829635821283
96039,3,3,10,0,0.0005818330100737512,3.504200140014291e-05,0.00044166698353365064,2.037500962615013e-05,0.0010789170046336949,0.0017806660034693778,-0.0007017489988356829
96039,4,6,10,0,0.000626874971203506,2.9416987672448158e-05,0.000400375050958246,1.9457947928458452e-05,0.0010761249577626586,0.0012517499853856862,-0.00017562502762302756
96039,5,11,10,1,0.0007337499991990626,2.8165988624095917e-05,0.0004831250407733023,2.0333973225206137e-05,0.001265375001821667,0.001259208016563207,6.166985258460045e-06
96039,6,14,9,9,0.0012145840446464717,3.229099093005061e-05,0.0008253339910879731,2.987496554851532e-05,0.002102083992213011,0.00234791700495407,-0.00024583301274105906
96039,7,5,0,0,0.0006004999740980566,3.104202914983034e-05,0.00044841697672381997,2.054101787507534e-05,0.0011004999978467822,0.002145125006791204,-0.001044625008944422
96039,8,6,0,0,0.0006529999664053321,3.066699719056487e-05,0.0009393750224262476,2.5666027795523405e-05,0.001648708013817668,0.0011166249751113355,0.0005320830387063324
96039,9,7,0,0,0.0008849580190144479,2.9499991796910763e-05,0.0009361670236103237,2.358300844207406e-05,0.0018742080428637564,0.0017492499900981784,0.00012495805276557803
96039,10,8,0,0,0.0007157090003602207,3.233295865356922e-05,0.0006162920035421848,2.5416025891900063e-05,0.0013897499884478748,0.0012050829827785492,0.0001846670056693256
96039,11,8,0,0,0.0006638329941779375,2.800003858283162e-05,0.0004034999874420464,1.8832972273230553e-05,0.001114165992476046,0.0011720829643309116,-5.791697185486555e-05
96039,12,10,0,0,0.0007432500133290887,3.024999750778079e-05,0.00038649997441098094,1.9625003915280104e-05,0.0011796249891631305,0.0012602079659700394,-8.058297680690885e-05
96039,13,14,0,0,0.0016388329677283764,3.0333001632243395e-05,0.0007627920131199062,2.112501533702016e-05,0.002453082997817546,0.0026940000243484974,-0.00024091702653095126
96039,14,15,1,1,0.0008808330167084932,3.63329891115427e-05,0.000521250010933727,2.241699257865548e-05,0.0014608330093324184,0.0017924580024555326,-0.0003316249931231141
96039,15,17,1,1,0.0009039589785970747,3.020802978426218e-05,0.0004298329586163163,2.0875013433396816e-05,0.00138487498043105,0.0014042080147191882,-1.933303428813815e-05
96039,16,16,2,2,0.0008859169902279973,3.087497316300869e-05,0.0004367909859865904,2.0667037460952997e-05,0.0013742499868385494,0.0018627080135047436,-0.0004884580266661942
96039,17,15,1,1,0.0008749170228838921,3.258301876485348e-05,0.0008688329835422337,2.1666986867785454e-05,0.0017980000120587647,0.0013637079973705113,0.0004342920146882534
96039,18,15,2,2,0.0008167500491254032,2.8374954126775265e-05,0.0009696670458652079,2.1957966964691877e-05,0.0018367500160820782,0.0023410000139847398,-0.0005042499979026616
96039,19,13,2,2,0.0007925420068204403,2.9499991796910763e-05,0.0012853750376962125,2.5124987587332726e-05,0.0021325420239008963,0.001285750011447817,0.0008467920124530792
96039,20,11,1,1,0.0007618340314365923,3.0207971576601267e-05,0.00045004201820120215,2.0415987819433212e-05,0.001262500009033829,0.0012816250091418624,-1.912500010803342e-05
96039,21,10,0,0,0.0007397920126095414,2.929195761680603e-05,0.0013452499988488853,2.4625041987746954e-05,0.0021389590110629797,0.001309167011640966,0.0008297919994220138
96039,22,10,0,0,0.0007319580181501806,2.9416987672448158e-05,0.00040024996269494295,2.0041014067828655e-05,0.0011816659825854003,0.001302375050727278,-0.00012070906814187765
96039,23,10,0,0,0.00072900002123788,2.9082992114126682e-05,0.0006774580106139183,1.8749968148767948e-05,0.001454290992114693,0.0013150830054655671,0.00013920798664912581
96039,24,10,0,0,0.0007323339814320207,2.824998227879405e-05,0.00048508303007110953,1.8874998204410076e-05,0.0012645419919863343,0.0015748339937999845,-0.00031029200181365013
96039,25,10,0,0,0.0007258749683387578,2.8499984182417393e-05,0.00045079103438183665,4.958396311849356e-05,0.0012547499500215054,0.0020343330106697977,-0.0007795830606482923
96039,26,10,0,0,0.0007546250126324594,3.2582960557192564e-05,0.0007077089976519346,2.133304951712489e-05,0.0015162500203587115,0.0017473330372013152,-0.00023108301684260368
96039,27,10,0,0,0.0007482909713871777,3.0333991162478924e-05,0.0007671249913983047,2.0416046027094126e-05,0.0015661659999750555,0.0012554160202853382,0.0003107499796897173
96039,28,10,0,0,0.0007371660321950912,2.9499991796910763e-05,0.0009064170299097896,2.162496093660593e-05,0.0016947080148383975,0.0021636250312440097,-0.00046891701640561223
96039,29,10,0,0,0.0007350830128416419,3.083399496972561e-05,0.0005706659867428243,2.0209001377224922e-05,0.0013567919959314167,0.0011947080492973328,0.00016208394663408399
96039,30,10,1,1,0.0007661249837838113,3.2333016861230135e-05,0.0004457500181160867,2.112501533702016e-05,0.0012653330340981483,0.0016788329812698066,-0.0004134999471716583
96039,31,9,3,3,0.000715250032953918,3.408297197893262e-05,0.0010991669842042029,2.1832995116710663e-05,0.0018703329842537642,0.0017525419825688004,0.0001177910016849637
96039,32,6,1,1,0.0006482499884441495,2.9082992114126682e-05,0.0003855419927276671,2.033304190263152e-05,0.0010832080151885748,0.0011446659918874502,-6.145797669887543e-05
96039,33,5,2,2,0.0006038749706931412,2.862501423805952e-05,0.0007417090237140656,2.179096918553114e-05,0.0013959999778307974,0.0016130409785546362,-0.0002170410007238388
96039,34,3,2,2,0.0005803339881822467,3.0166003853082657e-05,0.00037933397106826305,2.1000043489038944e-05,0.0010108340065926313,0.001053375017363578,-4.254101077094674e-05
96039,35,1,0,0,0.0005305829690769315,2.9082992114126682e-05,0.0003821669961325824,1.975003397092223e-05,0.0009615829912945628,0.0017663330072537065,-0.0008047500159591436
96039,36,1,0,0,0.0005589170032180846,3.0792027246207e-05,0.0003731659962795675,1.9916973542422056e-05,0.0009827920002862811,0.0012197920004837215,-0.00023700000019744039
96039,37,1,1,1,0.0005312500288709998,2.9332994017750025e-05,0.00038845802191644907,2.0249979570508003e-05,0.0009692910243757069,0.000997208000626415,-2.7916976250708103e-05
96039,38,0,0,0,0.0006003340240567923,2.9375019948929548e-05,0.00037537497701123357,2.095801755785942e-05,0.0010260420385748148,0.0019762080046348274,-0.0009501659660600126
96039,39,0,0,0,0.0005215000128373504,3.0166003853082657e-05,0.0010268749902024865,3.308401210233569e-05,0.0016116250189952552,0.0012059590080752969,0.00040566601091995835
96039,40,0,0,0,0.0005084580043330789,2.8875016141682863e-05,0.0017431669984944165,0.00011874997289851308,0.0023992499918676913,0.0019418330048210919,0.0004574169870465994
96039,41,0,0,0,0.0004967080312781036,2.783298259600997e-05,0.000357583980076015,1.8833030480891466e-05,0.00090095802443102,0.0011226669885218143,-0.00022170896409079432
96039,42,0,0,0,0.0004939159844070673,2.7749978471547365e-05,0.0012140420149080455,1.991703175008297e-05,0.0017556250095367432,0.0009423330193385482,0.000813291990198195
96039,43,0,3,0,0.0005221249884925783,2.9749993700534105e-05,0.0003777919919230044,1.9415980204939842e-05,0.0009490829543210566,0.0009857920231297612,-3.6709068808704615e-05
96039,44,0,4,0,0.0005198750295676291,2.9416987672448158e-05,0.0003935829736292362,1.950003206729889e-05,0.0009623750229366124,0.0014646250056102872,-0.0005022499826736748
96039,45,0,6,0,0.0005180829903110862,3.125000512227416e-05,0.0003790840273723006,1.9332976080477238e-05,0.0009477499988861382,0.0009842920117080212,-3.654201282188296e-05
96039,46,0,8,0,0.000499500019941479,4.900002386420965e-05,0.0007297499687410891,2.037500962615013e-05,0.0012986250221729279,0.0010191670153290033,0.0002794580068439245
96039,47,0,9,0,0.00048641697503626347,2.7500034775584936e-05,0.0004164580022916198,1.9249971956014633e-05,0.0009496249840594828,0.0013295829994603992,-0.00037995801540091634
96040,0,1,10,0,0.0005073330248706043,2.7749978471547365e-05,0.00037579203490167856,2.0332983694970608e-05,0.0009312080219388008,0.0011115410015918314,-0.00018033297965303063
96040,1,2,10,0,0.0005276660085655749,2.72089964710176e-05,0.0004622499691322446,2.158299321308732e-05,0.0010387079673819244,0.0009803749853745103,5.83329820074141e-05
96040,2,2,10,0,0.0005628339713439345,3.0166003853082657e-05,0.000417709001339972,2.0415987819433212e-05,0.0010311249643564224,0.0010980829829350114,-6.695801857858896e-05
96040,3,2,10,0,0.0005564999883063138,2.9125018045306206e-05,0.0018695829785428941,1.950003206729889e-05,0.002474708016961813,0.0012921669986099005,0.0011825410183519125
96040,4,3,10,0,0.0005634580156765878,2.762500662356615e-05,0.00041408295510336757,1.875002635642886e-05,0.0010239160037599504,0.0010248330072499812,-9.170034900307655e-07
96040,5,5,10,0,0.0006027090130373836,2.7665984816849232e-05,0.0007784169865772128,1.9041995983570814e-05,0.0014278339804150164,0.00120358302956447,0.00022425095085054636
96040,6,6,10,0,0.0006231250008568168,2.7708010748028755e-05,0.0003914999542757869,1.895800232887268e-05,0.001061290968209505,0.0011166249751113355,-5.5334006901830435e-05
96040,7,9,10,1,0.0007127919816412032,2.9292015824466944e-05,0.0004077079938724637,2.012500772252679e-05,0.0011699169990606606,0.0017205410404130816,-0.000550624041352421
96040,8,11,9,9,0.0007612909539602697,3.1125033274292946e-05,0.000576208985876292,2.458301605656743e-05,0.001393207989167422,0.0013418340240605175,5.137396510690451e-05
96040,9,3,0,0,0.0005979999550618231,2.9999995604157448e-05,0.00038108404260128736,1.995800994336605e-05,0.001029042003210634,0.00107683299575001,-4.779099253937602e-05
96040,10,5,0,0,0.0006465829792432487,3.01670515909791e-05,0.0009314579656347632,2.6708003133535385e-05,0.0016349159996025264,0.001258875010535121,0.00037604098906740546
96040,11,12,0,0,0.0007431670092046261,2.820801455527544e-05,0.00039833300979807973,1.916696783155203e-05,0.0011888750013895333,0.0018772909534163773,-0.000688415952026844
96040,12,13,0,0,0.0008222089963965118,3.487500362098217e-05,0.0013952909503132105,2.6500027161091566e-05,0.002278874977491796,0.0013488749973475933,0.0009299999801442027
96040,13,14,0,0,0.0008338749757967889,3.0499999411404133e-05,0.0008416250348091125,2.1249987185001373e-05,0.001727249997202307,0.0013104589888826013,0.0004167910083197057
96040,14,15,1,1,0.0008340409840457141,3.195903263986111e-05,0.00043229100992903113,2.1249987185001373e-05,0.0013195410137996078,0.0017568329931236804,-0.0004372919793240726
96040,15,16,1,1,0.0008781659998930991,3.1416944693773985e-05,0.0008334170561283827,2.2290972992777824e-05,0.0017652909737080336,0.0022689580218866467,-0.0005036670481786132
96040,16,17,0,0,0.0008852080209180713,2.9333983547985554e-05,0.0014214160037226975,2.0083971321582794e-05,0.002356041979510337,0.0020464170374907553,0.0003096249420195818
96040,17,18,2,2,0.0009295420022681355,3.300001844763756e-05,0.00045983295422047377,2.2458028979599476e-05,0.0014448330039158463,0.002383209008257836,-0.0009383760043419898
96040,18,16,3,3,0.0008724579820409417,2.9542017728090286e-05,0.0009119579917751253,2.7582980692386627e-05,0.001841540972236544,0.0017125830054283142,0.00012895796680822968
96040,19,13,0,0,0.0008156250114552677,3.1208968721330166e-05,0.00042325002141296864,2.2499996703118086e-05,0.0012925839982926846,0.002566875016782433,-0.0012742910184897482
96040,20,13,1,1,0.0008276249864138663,3.341701813042164e-05,0.0005039999959990382,2.341700019314885e-05,0.001388459000736475,0.0012927919742651284,9.566702647134662e-05
96040,21,12,1,1,0.000765541975852102,2.9999995604157448e-05,0.0004094159812666476,2.0792009308934212e-05,0.0012257499620318413,0.0012883750023320317,-6.262504030019045e-05
96040,22,11,0,0,0.0007433329592458904,2.975005190819502e-05,0.0012894589453935623,2.1665997337549925e-05,0.0020842079538851976,0.001424624992068857,0.0006595829618163407
96040,23,11,1,1,0.0007236670353449881,2.8999987989664078e-05,0.00041312503162771463,1.9874947611242533e-05,0.0011856670025736094,0.0012761250254698098,-9.045802289620042e-05
96040,24,10,0,0,0.0007183750276453793,2.7999980375170708e-05,0.00038533302722498775,1.9291997887194157e-05,0.001151000033132732,0.0012347499723546207,-8.374993922188878e-05
96040,25,10,1,1,0.0007062090444378555,2.8957962058484554e-05,0.0008140000281855464,2.158299321308732e-05,0.0015707500278949738,0.0016405829810537398,-6.983295315876603e-05
96040,26,9,1,1,0.000680500001180917,2.7458008844405413e-05,0.0007649580365978181,2.0124949514865875e-05,0.0014930409961380064,0.001620040973648429,-0.00012699997751042247
96040,27,8,1,1,0.0006628329865634441,2.7916976250708103e-05,0.0003700830275192857,2.01669754460454e-05,0.0010809999657794833,0.001620125025510788,-0.0005391250597313046
96040,28,7,3,3,0.0006365000153891742,2.775003667920828e-05,0.0003821669961325824,2.0874955225735903e-05,0.0010672920034267008,0.0012366669834591448,-0.000169374980032444
96040,29,4,3,3,0.0005892919725738466,2.8999987989664078e-05,0.0007794170523993671,2.0957959350198507e-05,0.0014186669723130763,0.0015523749752901495,-0.0001337080029770732
96040,30,1,3,1,0.0005440419772639871,3.0082999728620052e-05,0.00040312501369044185,2.012500772252679e-05,0.0009973749984055758,0.00116004201117903,-0.0001626670127734542
96040,31,0,3,0,0.0005078749964013696,2.9375019948929548e-05,0.00041508302092552185,2.0249979570508003e-05,0.000972583016846329,0.0015609170077368617,-0.0005883339908905327
96040,32,0,5,0,0.0005133329541422427,3.120803739875555e-05,0.0003920419840142131,1.9832979887723923e-05,0.0009564159554429352,0.001337458030320704,-0.00038104207487776875
96040,33,0,5,0,0.0005075410008430481,2.862501423805952e-05,0.0003850419889204204,1.9291997887194157e-05,0.0009405000018887222,0.0009610409615561366,-2.0540959667414427e-05
96040,34,0,5,0,0.0005168340285308659,2.8624956030398607e-05,0.0005151660297997296,2.1833984646946192e-05,0.0010824589990079403,0.001207916997373104,-0.0001254579983651638
96040,35,0,5,0,0.0005137919797562063,2.9999995604157448e-05,0.0003933749976567924,1.995800994336605e-05,0.0009571249829605222,0.0009675410110503435,-1.0416028089821339e-05
96040,36,0,5,0,0.0005228330264799297,2.945796586573124e-05,0.0015836670063436031,2.4124979972839355e-05,0.0021600829786621034,0.0009422500152140856,0.0012178329634480178
96040,37,0,7,0,0.0004950839793309569,2.8041016776114702e-05,0.0007282919832505286,1.9000028260052204e-05,0.0012704170076176524,0.0010057089966721833,0.00026470801094546914
96040,38,0,7,0,0.0005102499853819609,3.045797348022461e-05,0.00048754201270639896,2.1082989405840635e-05,0.001049332960974425,0.0019033750286325812,-0.0008540420676581562
96040,39,0,8,0,0.000500208989251405,2.9999995604157448e-05,0.0005259999888949096,2.016598591580987e-05,0.001076374959666282,0.000994291971437633,8.20829882286489e-05
96040,40,0,9,0,0.0005107500473968685,2.8624956030398607e-05,0.0008257500012405217,1.9291997887194157e-05,0.001384417002554983,0.0013540000072680414,3.041699528694153e-05
96041,0,0,10,0,0.0005063749849796295,2.9165996238589287e-05,0.0004569169832393527,1.975003397092223e-05,0.0010122079984284937,0.0011400000075809658,-0.00012779200915247202
96041,1,0,10,0,0.000510666985064745,2.8499984182417393e-05,0.0003891250235028565,1.91659783013165e-05,0.0009474579710513353,0.0013237500097602606,-0.00037629203870892525
96041,2,1,10,0,0.0005458749947138131,3.1957984901964664e-05,0.0005270420224405825,1.9916973542422056e-05,0.0011247919755987823,0.0016227919841185212,-0.0004980000085197389
96041,3,3,10,0,0.0005844580009579659,2.9958959203213453e-05,0.0011364160454832017,1.9666971638798714e-05,0.0017704999772831798,0.0010599170345813036,0.0007105829427018762
96041,4,5,10,0,0.0006492080283351243,3.112497506663203e-05,0.0012445420143194497,2.604199107736349e-05,0.0019509170087985694,0.0011142499861307442,0.0008366670226678252
96041,5,7,10,0,0.0006505000055767596,2.962502185255289e-05,0.00039783300599083304,1.8916965927928686e-05,0.0010968749993480742,0.0014214999973773956,-0.00032462499802932143
96041,6,10,10,2,0.0007115420303307474,2.979201963171363e-05,0.0011452079634182155,2.4500011932104826e-05,0.0019110420253127813,0.0016132909804582596,0.00029775104485452175
96041,7,9,8,8,0.0007210000185295939,3.712496254593134e-05,0.0014257089933380485,3.054103581234813e-05,0.002214375010225922,0.00182712497189641,0.0003872500383295119
96041,8,3,0,0,0.0005784999812021852,3.0207971576601267e-05,0.0011178340064361691,2.1665997337549925e-05,0.0017482079565525055,0.0010481670033186674,0.0007000409532338381
96041,9,5,0,0,0.0006244579562917352,2.9332994017750025e-05,0.0013427920057438314,2.5457993615418673e-05,0.0020220409496687353,0.0015862499712966383,0.000435790978372097
96041,10,9,0,0,0.0006988329696469009,2.8582988306879997e-05,0.0007420839974656701,2.050003968179226e-05,0.0014899999951012433,0.0012279170332476497,0.0002620829618535936
96041,11,11,0,0,0.0007335830014199018,2.9166985768824816e-05,0.00037183298263698816,1.9291997887194157e-05,0.001153874967712909,0.0015186249511316419,-0.0003647499834187329
96041,12,14,1,1,0.0008366249967366457,4.8166955821216106e-05,0.0005320410127751529,2.704199869185686e-05,0.0014438749640248716,0.001287124992813915,0.00015674997121095657
96041,13,14,1,1,0.000799542001914233,2.9125018045306206e-05,0.0008140410063788295,2.1833984646946192e-05,0.0016645420109853148,0.0016469999682158232,1.7542042769491673e-05
96041,14,13,0,0,0.0008004580158740282,3.02919652312994e-05,0.0005271660047583282,2.054200740531087e-05,0.0013784579932689667,0.0016945000388659537,-0.000316042045596987
96041,15,15,0,0,0.0008447080035693944,3.416696563363075e-05,0.0009306669817306101,1.9833038095384836e-05,0.00182937498902902,0.0015020000282675028,0.0003273749607615173
96041,16,17,0,0,0.0008848329889588058,2.908398164436221e-05,0.0011142910225316882,2.2916996385902166e-05,0.0020511249895207584,0.001351166982203722,0.0006999580073170364
96041,17,17,1,1,0.0008930829935707152,2.962502185255289e-05,0.000902708969078958,2.054101787507534e-05,0.0018459580023773015,0.0019496249733492732,-0.00010366697097197175
96041,18,17,0,0,0.0008997500408440828,2.9707967769354582e-05,0.00041066703852266073,2.0042003598064184e-05,0.0013601670507341623,0.0018529590452089906,-0.0004927919944748282
96041,19,17,2,2,0.0009050419903360307,2.8875016141682863e-05,0.0010841659968718886,2.091703936457634e-05,0.0020390000427141786,0.0020234579569660127,1.5542085748165846e-05
96041,20,15,2,2,0.000847332994453609,2.9292015824466944e-05,0.0008342079818248749,3.1791976653039455e-05,0.0017426249687559903,0.0019083749502897263,-0.000165749981533736
96041,21,13,2,2,0.000795917003415525,2.941599814221263e-05,0.0004041249630972743,2.0792009308934212e-05,0.001250249973963946,0.0015263339737430215,-0.0002760839997790754
96041,22,11,0,0,0.0007505419780500233,2.8875016141682863e-05,0.0007414579740725458,2.3042026441544294e-05,0.0015439169947057962,0.0012456250260584056,0.0002982919686473906
96041,23,11,1,1,0.0014088340103626251,3.412499791011214e-05,0.0006812909850850701,2.2625026758760214e-05,0.0021468750201165676,0.0023717500152997673,-0.00022487499518319964
96041,24,10,0,0,0.000725375022739172,2.9499991796910763e-05,0.00041137501830235124,1.9040948245674372e-05,0.0011852909810841084,0.0021346249850466847,-0.0009493340039625764
96041,25,10,0,0,0.0007487919647246599,2.8958020266145468e-05,0.000775666965637356,2.2208027075976133e-05,0.0015756249777041376,0.0016768329660408199,-0.00010120798833668232
96041,26,10,0,0,0.0007271249778568745,2.875004429370165e-05,0.0010670829797163606,5.5334006901830435e-05,0.0018782920087687671,0.0019072499708272517,-2.8957962058484554e-05
96041,27,10,0,0,0.0007508749840781093,3.3791991882026196e-05,0.00046504102647304535,2.1042011212557554e-05,0.0012707500136457384,0.0011986670433543622,7.208297029137611e-05
96041,28,10,1,1,0.0007277919794432819,2.8875016141682863e-05,0.00044295797124505043,2.008303999900818e-05,0.0012197080068290234,0.0013953339657746255,-0.00017562595894560218
96041,29,9,1,1,0.0007006670348346233,2.90420139208436e-05,0.0003874579560942948,1.908303238451481e-05,0.0011362500372342765,0.0014853340107947588,-0.00034908397356048226
96041,30,8,0,0,0.0006858330452814698,2.8166978154331446e-05,0.0011037919903174043,2.237502485513687e-05,0.0018401670386083424,0.001157958002295345,0.0006822090363129973
96041,31,8,1,1,0.0006898340070620179,2.9790971893817186e-05,0.00040900002932175994,2.120895078405738e-05,0.0011498339590616524,0.0022325419704429805,-0.001082708011381328
96041,32,7,0,0,0.00065045797964558,3.095803549513221e-05,0.00040954200085252523,1.9708008039742708e-05,0.0011106660240329802,0.0016413329867646098,-0.0005306669627316296
96041,33,7,1,1,0.0006535830325447023,3.1374976970255375e-05,0.00046616699546575546,2.1000043489038944e-05,0.001172125048469752,0.001679459004662931,-0.0005073339561931789
96041,34,6,0,0,0.0006554169813171029,2.9582995921373367e-05,0.0006873750244267285,2.1499989088624716e-05,0.0013938749907538295,0.0018855839734897017,-0.0004917089827358723
96041,35,6,3,3,0.0006280419765971601,2.8665992431342602e-05,0.0009323339909315109,2.420798409730196e-05,0.0016132499440573156,0.001123166992329061,0.0004900829517282546
96041,36,3,1,1,0.0005492090131156147,2.824998227879405e-05,0.0005779159837402403,2.0499981474131346e-05,0.0011758749606087804,0.001206790970172733,-3.0916009563952684e-05
96041,37,2,0,0,0.0005279579781927168,2.862501423805952e-05,0.0005734169972129166,1.9041006453335285e-05,0.0011490409960970283,0.0009514589910395443,0.0001975820050574839
96041,38,2,2,2,0.0005304170190356672,2.787495031952858e-05,0.0003790830378420651,2.0709005184471607e-05,0.0009580840123817325,0.0009640839998610318,-5.999987479299307e-06
96041,39,0,1,0,0.0004853340215049684,2.7499976567924023e-05,0.0010354580008424819,2.1750049199908972e-05,0.0015700420481152833,0.0009139159810729325,0.0006561260670423508
96041,40,0,1,0,0.0004977089702151716,2.9165996238589287e-05,0.0003719170344993472,1.95419997908175e-05,0.0009183340007439256,0.0014161670114845037,-0.0004978330107405782
96041,41,0,1,0,0.0005037499940954149,2.8875016141682863e-05,0.0008219999726861715,1.9625003915280104e-05,0.0013742499868385494,0.0014291660045273602,-5.4916017688810825e-05
96041,42,0,4,0,0.0005206670030020177,3.120803739875555e-05,0.0003901669988408685,1.9499973859637976e-05,0.0009615420131012797,0.0011389999999664724,-0.00017745798686519265
96041,43,0,6,0,0.0004954169853590429,2.8542010113596916e-05,0.0011941659613512456,2.0000035874545574e-05,0.001738124992698431,0.001904624979943037,-0.00016649998724460602
96041,44,0,8,0,0.0010964999673888087,3.3750024158507586e-05,0.0008663749904371798,2.1499989088624716e-05,0.002018124971073121,0.002015459001995623,2.6659690774977207e-06
96041,45,0,9,0,0.0005292500136420131,3.1957984901964664e-05,0.0009547500521875918,1.941696973517537e-05,0.001535375020466745,0.0009828750044107437,0.0005525000160560012
96042,0,0,10,0,0.0005213749827817082,7.008301327005029e-05,0.0009150829864665866,2.9459013603627682e-05,0.0015359999961219728,0.0018215840100310743,-0.0002855840139091015
96042,1,0,10,0,0.0005082919960841537,2.929195761680603e-05,0.0006173750152811408,2.016598591580987e-05,0.0011751249548979104,0.001274458016268909,-9.933306137099862e-05
96042,2,0,10,0,0.0007382920011878014,4.079198697581887e-05,0.0005862080142833292,2.4707987904548645e-05,0.0013899999903514981,0.0011625419720076025,0.00022745801834389567
96042,3,2,10,0,0.0005660000024363399,3.0082999728620052e-05,0.000869042007252574,2.0332983694970608e-05,0.0014854579931125045,0.0010877499589696527,0.00039770803414285183
96042,4,5,10,0,0.0006231250008568168,3.0458031687885523e-05,0.0004240419948473573,2.0458013750612736e-05,0.0010980830411426723,0.0018029999919235706,-0.0007049169507808983
96042,5,9,10,0,0.0007502920343540609,7.016595918685198e-05,0.0011515840305946767,2.8958020266145468e-05,0.002001000044401735,0.001293957990128547,0.0007070420542731881
96042,6,10,10,3,0.0007129589794203639,3.4958007745444775e-05,0.000918291974812746,3.487500362098217e-05,0.001701083965599537,0.0016157919890247285,8.529197657480836e-05
96042,7,8,7,7,0.0006850830395705998,3.254198236390948e-05,0.0007812079857103527,2.9459013603627682e-05,0.0015282920212484896,0.0016542079974897206,-0.00012591597624123096
96042,8,4,0,0,0.0006246250122785568,3.975001163780689e-05,0.0007926669786684215,2.4250010028481483e-05,0.0014812920126132667,0.0012860840070061386,0.00019520800560712814
96042,9,7,0,0,0.0006565420189872384,3.070797538384795e-05,0.0010002499911934137,2.0709005184471607e-05,0.0017082089907489717,0.0015577090089209378,0.00015049998182803392
96042,10,10,0,0,0.0007487920229323208,3.991596167907119e-05,0.000695709022693336,2.212502295151353e-05,0.0015065420302562416,0.001215041964314878,0.0002915000659413636
96042,11,10,0,0,0.0007377500296570361,2.845900598913431e-05,0.00039383297553285956,1.991703175008297e-05,0.001179959042929113,0.0012058750144205987,-2.5915971491485834e-05
96042,12,10,0,0,0.0007355419802479446,2.8125010430812836e-05,0.0006142909987829626,2.0292005501687527e-05,0.0013982499949634075,0.0014564580051228404,-5.820801015943289e-05
96042,13,11,0,0,0.0007345419726334512,2.7292000595480204e-05,0.0007687500328756869,1.9291008356958628e-05,0.001549875014461577,0.0012187919928692281,0.0003310830215923488
96042,14,12,0,0,0.0007459170301444829,2.7375004719942808e-05,0.00043770798947662115,1.8749968148767948e-05,0.0012297499924898148,0.001507542037870735,-0.00027779204538092017
96042,15,15,0,0,0.0008276249864138663,3.066699719056487e-05,0.00042158301221206784,2.116698306053877e-05,0.0013010419788770378,0.0016517079784534872,-0.0003506659995764494
96042,16,18,4,4,0.0009156670421361923,3.2582960557192564e-05,0.0008092920179478824,2.3957982193678617e-05,0.001781500002834946,0.0015666670515201986,0.00021483295131474733
96042,17,15,2,2,0.0008808750426396728,3.291695611551404e-05,0.0008977910038083792,2.3209024220705032e-05,0.001834792026784271,0.0016517079784534872,0.00018308404833078384
96042,18,14,2,2,0.0008115419768728316,3.15000070258975e-05,0.0005137500120326877,2.2457970771938562e-05,0.0013792499667033553,0.0021189170074649155,-0.0007396670407615602
96042,19,12,1,1,0.0007687500328756869,2.941599814221263e-05,0.000732583983335644,2.0791019778698683e-05,0.0015515410341322422,0.0019232920021750033,-0.0003717509680427611
96042,20,11,1,1,0.0007807500078342855,3.266701241955161e-05,0.0007443330250680447,2.345896791666746e-05,0.0015812090132385492,0.0014442920219153166,0.00013691699132323265
96042,21,10,0,0,0.0007576249772682786,3.5167031455785036e-05,0.000645332969725132,2.400000812485814e-05,0.0014621249865740538,0.0011735839652828872,0.00028854102129116654
96042,22,10,0,0,0.0007609170279465616,3.087497316300869e-05,0.0004272500518709421,2.0332983694970608e-05,0.001239375036675483,0.0012459999998100102,-6.624963134527206e-06
96042,23,10,0,0,0.0007457920000888407,3.4374999813735485e-05,0.0008410409791395068,2.3083994165062904e-05,0.001644291973207146,0.002262916008476168,-0.000618624035269022
96042,24,10,0,0,0.0007283749873749912,3.145798109471798e-05,0.0007931670406833291,2.1499989088624716e-05,0.001574499998241663,0.001453624980058521,0.00012087501818314195
96042,25,10,0,0,0.0007371249957941473,3.145798109471798e-05,0.00040670804446563125,1.999997766688466e-05,0.0011952909990213811,0.0017452089814469218,-0.0005499179824255407
96042,26,10,0,0,0.0007415830041281879,3.0041963327676058e-05,0.00043700000969693065,1.9665982108563185e-05,0.0012282909592613578,0.0012025840114802122,2.5706947781145573e-05
96042,27,10,0,0,0.0007254169904626906,2.9375019948929548e-05,0.00038370798574760556,1.995899947360158e-05,0.0011584589956328273,0.0015707089914940298,-0.0004122499958612025
96042,28,10,1,1,0.0007535420008935034,3.112497506663203e-05,0.0014223750331439078,2.0124949514865875e-05,0.002227166958618909,0.0013517499901354313,0.0008754169684834778
96042,29,9,1,1,0.0007265839958563447,3.0041032005101442e-05,0.00040366698522120714,1.9666971638798714e-05,0.001179958984721452,0.001252459012903273,-7.250002818182111e-05
96042,30,8,3,3,0.0006927079521119595,3.183400258421898e-05,0.000621916027739644,2.0916981156915426e-05,0.001367374963592738,0.002027291979175061,-0.0006599170155823231
96042,31,5,1,1,0.0006072500254958868,2.9041955713182688e-05,0.00044050003634765744,2.0665989723056555e-05,0.0010974580072797835,0.0011838750215247273,-8.641701424494386e-05
96042,32,4,2,2,0.0005799999926239252,2.8582988306879997e-05,0.000499917019624263,2.2374966647475958e-05,0.0011308749672025442,0.0010195419890806079,0.00011133297812193632
96042,33,2,1,1,0.0005683749914169312,3.0499999411404133e-05,0.0003856249968521297,2.1332991309463978e-05,0.001005832978989929,0.0014142500003799796,-0.00040841702139005065
96042,34,1,1,1,0.0005302909994497895,2.979201963171363e-05,0.0008562919683754444,2.0250037778168917e-05,0.0014366250252351165,0.0013394579873420298,9.716703789308667e-05
96042,35,0,0,0,0.0005200830055400729,3.0082999728620052e-05,0.0003755419747903943,1.975003397092223e-05,0.0009454580140300095,0.0009554160060361028,-9.957992006093264e-06
96042,36,0,3,0,0.000497667002491653,3.583298530429602e-05,0.000398874981328845,1.975003397092223e-05,0.0009521250030957162,0.0019079999765381217,-0.0009558749734424055
96042,37,0,3,0,0.0005098750116303563,3.658398054540157e-05,0.00039841601392254233,2.1459010895341635e-05,0.0009663340169936419,0.0011295410222373903,-0.00016320700524374843
96042,38,0,5,0,0.0004915830213576555,2.9374961741268635e-05,0.0007515420438721776,2.68329749815166e-05,0.0012993330019526184,0.0014034580090083182,-0.00010412500705569983
96042,39,0,9,0,0.0005062909913249314,2.920901170000434e-05,0.0011912499903701246,0.0001027500256896019,0.0018295000190846622,0.0010812500258907676,0.0007482499931938946
96043,0,0,10,0,0.0004989170120097697,2.9082992114126682e-05,0.0003927919897250831,1.9625003915280104e-05,0.0009404169977642596,0.0010337079875171185,-9.329098975285888e-05
96043,1,0,10,0,0.0005137919797562063,3.250001464039087e-05,0.0006310419994406402,2.099998528137803e-05,0.0011983339791186154,0.0012202079524286091,-2.1873973309993744e-05
96043,2,1,10,0,0.0005599589785560966,3.350002225488424e-05,0.0015031659859232605,0.00012087501818314195,0.002217500004917383,0.0011009169975295663,0.001116583007387817
96043,3,1,10,0,0.0005258750170469284,2.92909680865705e-05,0.0007325420156121254,2.0292005501687527e-05,0.0013080000062473118,0.0019982499652542174,-0.0006902499590069056
96043,4,2,10,0,0.0005360420327633619,2.8499984182417393e-05,0.0009344579884782434,1.9708008039742708e-05,0.0015187080134637654,0.0009896670235320926,0.0005290409899316728
96043,5,4,10,0,0.0006067909998819232,3.083399496972561e-05,0.0007998750079423189,2.0332983694970608e-05,0.0014578329864889383,0.0016494590090587735,-0.00019162602256983519
96043,6,6,10,0,0.0006465829792432487,3.08750313706696e-05,0.0004812920233234763,2.220796886831522e-05,0.0011809580028057098,0.0012279170332476497,-4.695903044193983e-05
96043,7,6,10,0,0.0006905840127728879,3.3958000130951405e-05,0.0005657500005327165,2.2457970771938562e-05,0.0013127499842084944,0.001330625033006072,-1.787504879757762e-05
96043,8,11,10,1,0.0007493330049328506,2.96669895760715e-05,0.001091750047635287,2.2416003048419952e-05,0.001893166045192629,0.0013227090239524841,0.000570457021240145
96043,9,11,9,9,0.0007439160253852606,2.924998989328742e-05,0.00042508397018536925,2.3500004317611456e-05,0.0012217499897815287,0.0019369579968042672,-0.0007152080070227385
96043,10,4,0,0,0.0005892079789191484,2.8958020266145468e-05,0.000377874996047467,2.0249979570508003e-05,0.001016290974803269,0.0010535420151427388,-3.725104033946991e-05
96043,11,9,0,0,0.0007117919740267098,2.920802216976881e-05,0.00039241701597347856,1.937500201165676e-05,0.001152792014181614,0.001142042048741132,1.0749965440481901e-05
96043,12,12,1,1,0.001211124996189028,3.024999750778079e-05,0.0010242920252494514,2.0249979570508003e-05,0.0022859169985167682,0.0018124160123988986,0.0004735009861178696
96043,13,13,0,0,0.000788375036790967,2.8374954126775265e-05,0.00045066699385643005,1.9875005818903446e-05,0.0012872919905930758,0.00132079201284796,-3.350002225488424e-05
96043,14,15,0,0,0.0008099999977275729,2.9166985768824816e-05,0.0009674169705249369,2.0875013433396816e-05,0.0018274589674547315,0.0018980000168085098,-7.054104935377836e-05
96043,15,16,0,0,0.0008370000286959112,2.7999980375170708e-05,0.0007363340118899941,2.0832987502217293e-05,0.0016221670084632933,0.0014553749933838844,0.00016679201507940888
96043,16,16,2,2,0.0009112500119954348,3.308296436443925e-05,0.0005922500276938081,2.3457978386431932e-05,0.001560040982440114,0.0013753329985775054,0.00018470798386260867
96043,17,15,0,0,0.0008557909750379622,2.9709015507251024e-05,0.0006112080300226808,2.020795363932848e-05,0.0015169159742072225,0.0013314999523572624,0.0001854160218499601
96043,18,17,3,3,0.0009292080067098141,3.087497316300869e-05,0.0005005420534871519,2.0249979570508003e-05,0.0014808750129304826,0.0016290000057779253,-0.00014812499284744263
96043,19,14,1,1,0.0008228750084526837,2.9499991796910763e-05,0.0003944170312024653,2.0332983694970608e-05,0.0012671250151470304,0.0018995419959537685,-0.0006324169808067381
96043,20,13,2,2,0.0008050419855862856,2.9666000045835972e-05,0.00040179200004786253,2.0625011529773474e-05,0.0012571249972097576,0.001286791986785829,-2.96669895760715e-05
96043,21,11,1,1,0.0007702090078964829,3.0082999728620052e-05,0.00042504200246185064,1.9832979887723923e-05,0.0012451669899746776,0.0012315830099396408,1.3583980035036802e-05
96043,22,10,0,0,0.0007425830117426813,3.0292023438960314e-05,0.0009989579557441175,1.9667029846459627e-05,0.0017915000207722187,0.001382583985105157,0.0004089160356670618
96043,23,10,1,1,0.0007213330245576799,2.8999987989664078e-05,0.0011573339579626918,2.054101787507534e-05,0.001928207988385111,0.0013080000062473118,0.0006202079821377993
96043,24,9,0,0,0.000710874970536679,2.824998227879405e-05,0.00042625004425644875,1.9249971956014633e-05,0.0011846249690279365,0.001283166988287121,-9.85420192591846e-05
96043,25,9,0,0,0.0006920000305399299,2.879201201722026e-05,0.0008210829691961408,2.0666979253292084e-05,0.001562541991006583,0.0018356250366196036,-0.00027308304561302066
96043,26,9,0,0,0.0006831669597886503,2.779101487249136e-05,0.00038766697980463505,1.9167026039212942e-05,0.0011177919805049896,0.0014412089949473739,-0.00032341701444238424
96043,27,9,1,1,0.0006807090248912573,2.783298259600997e-05,0.0003996670129708946,1.9665982108563185e-05,0.001127875002566725,0.0011420000228099525,-1.4125020243227482e-05
96043,28,8,1,1,0.0006968749803490937,3.1750008929520845e-05,0.00040729198371991515,2.0458013750612736e-05,0.0011563749867491424,0.0013387909857556224,-0.00018241599900647998
96043,29,7,1,1,0.0006796249654144049,2.979201963171363e-05,0.0008709169924259186,2.5707995519042015e-05,0.001606041972991079,0.0015987089718692005,7.333001121878624e-06
96043,30,6,3,3,0.0006317500374279916,3.024999750778079e-05,0.0004296669503673911,2.2042018827050924e-05,0.0011137090041302145,0.001149957999587059,-3.624899545684457e-05
96043,31,3,2,2,0.0005907920422032475,3.220798680558801e-05,0.00041191698983311653,2.337503246963024e-05,0.0010582920513115823,0.0010255830129608512,3.2709038350731134e-05
96043,32,1,0,0,0.0005200000014156103,2.987496554851532e-05,0.0007677090470679104,2.0915991626679897e-05,0.001338500005658716,0.0009614590089768171,0.00037704099668189883
96043,33,1,0,0,0.000539999979082495,2.9500050004571676e-05,0.000941083999350667,1.920794602483511e-05,0.0015297919744625688,0.0011187499621883035,0.0004110420122742653
96043,34,1,2,1,0.0005196250276640058,2.8582988306879997e-05,0.00036791700404137373,1.991703175008297e-05,0.0009360420517623425,0.0009899590513668954,-5.3916999604552984e-05
96043,35,0,3,0,0.00048745801905170083,2.808397402986884e-05,0.0004826249787583947,1.9416038412600756e-05,0.0010175830102525651,0.001309624989517033,-0.00029204197926446795
96043,36,0,3,0,0.0005180829903110862,3.491697134450078e-05,0.0008154159877449274,2.212502295151353e-05,0.001390540972352028,0.0016391669632866979,-0.00024862599093466997
96043,37,0,4,0,0.0005872920155525208,3.162503708153963e-05,0.0013270420022308826,3.854098031297326e-05,0.0019845000351779163,0.0015381670091301203,0.000446333026047796
96043,38,0,5,0,0.000500541995279491,3.0916009563952684e-05,0.0010911249555647373,2.2709020413458347e-05,0.0016452919808216393,0.0016332499799318612,1.2042000889778137e-05
96043,39,0,5,0,0.0005090000340715051,2.9499991796910763e-05,0.0009667080012150109,2.0249979570508003e-05,0.0015254580066539347,0.0013108329731039703,0.00021462503354996443
96043,40,0,7,0,0.0005001249955967069,2.9125018045306206e-05,0.000809333985671401,2.0791019778698683e-05,0.0013593750190921128,0.001125666021835059,0.00023370899725705385
96043,41,0,7,0,0.0005090409540571272,2.9125018045306206e-05,0.000458249996881932,2.6250025257468224e-05,0.0010226659942418337,0.0012632919824682176,-0.00024062598822638392
96043,42,0,8,0,0.0004953329917043447,2.8458016458898783e-05,0.0004296249826438725,1.9042054191231728e-05,0.0009724580449983478,0.0017589579802006483,-0.0007864999352023005
96044,0,0,10,0,0.0004984999541193247,2.8833048418164253e-05,0.0010677920072339475,2.058298559859395e-05,0.0016157079953700304,0.0009690419537946582,0.0006466660415753722
96044,1,0,10,0,0.0005114160012453794,3.1750008929520845e-05,0.0007228750037029386,1.9875005818903446e-05,0.0012859160196967423,0.0018699580105021596,-0.0005840419908054173
96044,2,2,10,0,0.0017920000245794654,0.00010770896915346384,0.0008772500441409647,2.0415987819433212e-05,0.002797375025693327,0.0019091250142082572,0.00088825001148507
96044,3,4,10,0,0.0005906249862164259,2.858403604477644e-05,0.0005519160185940564,1.916696783155203e-05,0.0011902920086868107,0.0012532499968074262,-6.295798812061548e-05
96044,4,6,10,0,0.0006417499971576035,3.0583993066102266e-05,0.001441375003196299,0.00010687496978789568,0.0022205839632079005,0.0014929169556125998,0.0007276670075953007
96044,5,8,10,0,0.00070116703864187,3.029097570106387e-05,0.0009226250112988055,1.9499973859637976e-05,0.0016735829995013773,0.0018587499507702887,-0.00018516695126891136
96044,6,10,10,3,0.000731165986508131,3.0583993066102266e-05,0.0008001250098459423,2.174999099224806e-05,0.0015836249804124236,0.00162958400323987,-4.595902282744646e-05
96044,7,8,7,7,0.0006837500259280205,2.8915994334965944e-05,0.000892625015694648,2.5333953090012074e-05,0.0016306249890476465,0.0018521249876357615,-0.00022149999858811498
96044,8,5,0,0,0.0006337499944493175,4.837499000132084e-05,0.00045600003795698285,2.1874962840229273e-05,0.0011599999852478504,0.0013803750043734908,-0.0002203750191256404
96044,9,7,0,0,0.0006607079994864762,3.595894668251276e-05,0.0006925410125404596,2.2292020730674267e-05,0.0014114999794401228,0.0015599579783156514,-0.00014845799887552857
96044,10,9,0,0,0.0007114589679986238,3.225001273676753e-05,0.0008529999759048223,2.050003968179226e-05,0.001617208996322006,0.0013140829978510737,0.00030312599847093225
96044,11,13,1,1,0.0007823330233804882,4.7707988414913416e-05,0.002886208996642381,4.616600926965475e-05,0.0037624160177074373,0.013384749996475875,-0.009622333978768438
96044,12,15,1,1,0.0008330839918926358,3.462500171735883e-05,0.0004277499974705279,2.0832987502217293e-05,0.0013162919785827398,0.0019435409922152758,-0.0006272490136325359
96044,13,15,0,0,0.0008570409845560789,3.3584015909582376e-05,0.00041279097786173224,2.150004729628563e-05,0.0013249160256236792,0.001386999967508018,-6.208394188433886e-05
96044,14,16,1,1,0.0008876670035533607,3.070797538384795e-05,0.0005083330324850976,2.4958979338407516e-05,0.0014516669907607138,0.0013813750119879842,7.029197877272964e-05
96044,15,17,0,0,0.0008967500180006027,3.350002225488424e-05,0.0009259579819627106,2.0792009308934212e-05,0.0018770000315271318,0.0017596249817870557,0.00011737504974007607
96044,16,17,3,3,0.0008867500000633299,2.979201963171363e-05,0.0006382919964380562,4.058296326547861e-05,0.0015954169793985784,0.001433375000488013,0.00016204197891056538
96044,17,14,1,1,0.0008219580049626529,3.15000070258975e-05,0.00043095898581668735,2.2457970771938562e-05,0.0013068749685771763,0.0014120840351097286,-0.00010520906653255224
96044,18,13,3,3,0.0008026669966056943,3.037502756342292e-05,0.0005072079948149621,2.0749983377754688e-05,0.001361000002361834,0.0012843339936807752,7.666600868105888e-05
96044,19,10,0,0,0.0007258330006152391,2.9416987672448158e-05,0.0004069170099683106,2.0458013750612736e-05,0.0011826250120066106,0.0014717080048285425,-0.00028908299282193184
96044,20,10,0,0,0.0007521670195274055,3.354094224050641e-05,0.0004321250016801059,2.3459026124328375e-05,0.0012412919895723462,0.0011965000303462148,4.479195922613144e-05
96044,21,10,0,0,0.0008588330238126218,2.9542017728090286e-05,0.0006650419672951102,2.1041021682322025e-05,0.0015744580305181444,0.0017208750359714031,-0.00014641700545325875
96044,22,10,0,0,0.0007211249903775752,3.0124967452138662e-05,0.0005088750040158629,3.6334036849439144e-05,0.001296458998695016,0.0016765829641371965,-0.00038012396544218063
96044,23,10,0,0,0.0007082080119289458,3.0542025342583656e-05,0.0006692910101264715,2.062495332211256e-05,0.0014286660007201135,0.0015524589689448476,-0.00012379296822473407
96044,24,10,0,0,0.0007420419715344906,3.770802868530154e-05,0.0005319169722497463,2.5457993615418673e-05,0.0013371249660849571,0.0016199999954551458,-0.0002828750293701887
96044,25,10,0,0,0.0007146659772843122,2.9292015824466944e-05,0.0004609999596141279,2.095801755785942e-05,0.0012259159702807665,0.001241207995917648,-1.529202563688159e-05
96044,26,10,1,1,0.0007444590446539223,2.9790971893817186e-05,0.0003927500220015645,2.145895268768072e-05,0.0011884589912369847,0.0013520420179702342,-0.00016358302673324943
96044,27,9,1,1,0.0007336669950746,3.045797348022461e-05,0.0006297500221990049,2.1249987185001373e-05,0.0014151249779388309,0.0012891669757664204,0.0001259580021724105
96044,28,8,0,0,0.0006976249860599637,2.8542010113596916e-05,0.00120208301814273,3.6582991015166044e-05,0.0019648330053314567,0.0015910409856587648,0.0003737920196726918
96044,29,8,1,1,0.0006846250034868717,3.066600766032934e-05,0.0009584169602021575,0.00010229198960587382,0.0017759999609552324,0.0015924170147627592,0.00018358294619247317
96044,30,7,1,1,0.0006735410424880683,3.1333998776972294e-05,0.00042054097866639495,2.1792016923427582e-05,0.0011472080368548632,0.0011655830312520266,-1.837499439716339e-05
96044,31,6,1,1,0.0006697910139337182,3.083399496972561e-05,0.00041220796993002295,2.150004729628563e-05,0.0011343330261297524,0.001462999964132905,-0.0003286669380031526
96044,32,5,3,3,0.0006181250209920108,3.0207971576601267e-05,0.0006064170156605542,2.1249987185001373e-05,0.0012759999954141676,0.0010940000065602362,0.00018199998885393143
96044,33,2,1,1,0.0005893330089747906,3.0166993383318186e-05,0.0007046670070849359,2.1082989405840635e-05,0.0013452499988488853,0.0018724999972619116,-0.0005272499984130263
96044,34,1,2,1,0.0005479579558596015,3.15000070258975e-05,0.0003937089932151139,2.1041021682322025e-05,0.000994207977782935,0.0013577500358223915,-0.0003635420580394566
96044,35,0,2,0,0.0005004170234315097,3.0207971576601267e-05,0.0005976670072413981,2.033304190263152e-05,0.0011486250441521406,0.0014693329576402903,-0.00032070791348814964
96044,36,0,5,0,0.0005033329944126308,2.9582995921373367e-05,0.000902709027286619,2.2290972992777824e-05,0.001457915990613401,0.0009432919905520976,0.0005146240000613034
96044,37,0,8,0,0.0005390829755924642,3.145902883261442e-05,0.000585665984544903,2.095900708809495e-05,0.0011771669960580766,0.0009927910286933184,0.00018437596736475825
96044,38,0,9,0,0.0005078749964013696,5.5957993026822805e-05,0.0005437919753603637,2.575002145022154e-05,0.0011333749862387776,0.0009680000366643071,0.00016537494957447052
96044,39,0,9,0,0.000536083010956645,3.3416959922760725e-05,0.0004425420193001628,2.216600114479661e-05,0.0010342079913243651,0.001042333955410868,-8.12596408650279e-06
96045,0,0,10,0,0.0005001249955967069,2.8749986086040735e-05,0.000459333008620888,2.0792009308934212e-05,0.0010089999996125698,0.0010625420254655182,-5.354202585294843e-05
96045,1,0,10,0,0.0005094580119475722,2.9333983547985554e-05,0.0004730409709736705,2.0084029529243708e-05,0.001031916995998472,0.0011935419752262533,-0.0001616249792277813
96045,2,2,10,0,0.0005601670127362013,2.9790971893817186e-05,0.00043920899042859674,2.0166044123470783e-05,0.001049333019182086,0.0019364579929970205,-0.0008871249738149345
96045,3,4,10,0,0.0005960830021649599,2.8834037948399782e-05,0.0007846249500289559,0.00011575000826269388,0.0015252919984050095,0.001058374997228384,0.0004669170011766255
96045,4,6,10,0,0.0006565829971805215,3.0499999411404133e-05,0.0007879170007072389,2.1457963157445192e-05,0.0014964579604566097,0.002420333039481193,-0.0009238750790245831
96045,5,6,10,0,0.0006409159977920353,2.879201201722026e-05,0.0010352919925935566,2.0750041585415602e-05,0.0017257500439882278,0.0011692499974742532,0.0005565000465139747
96045,6,7,10,0,0.0006536250002682209,3.120803739875555e-05,0.0007460420019924641,2.216600114479661e-05,0.0014530410408042371,0.0015710419975221157,-0.00011800095671787858
96045,7,10,10,4,0.0007586669526062906,3.7165998946875334e-05,0.001296917034778744,2.6999972760677338e-05,0.0021197499590925872,0.0013956670300103724,0.0007240829290822148
96045,8,6,6,6,0.0006143749924376607,2.816703636199236e-05,0.000607708003371954,2.1833984646946192e-05,0.0012720840168185532,0.001520999998319894,-0.00024891598150134087
96045,9,3,0,0,0.0005513750365935266,2.7708010748028755e-05,0.00037766696186736226,1.975003397092223e-05,0.0009765000431798398,0.000977249990683049,-7.499475032091141e-07
96045,10,8,0,0,0.0006809589685872197,3.0291033908724785e-05,0.0004921670188196003,2.0916981156915426e-05,0.0012243340024724603,0.0013559170183725655,-0.00013158301590010524
96045,11,12,0,0,0.0007731670048087835,2.9165996238589287e-05,0.0008110839989967644,1.9665982108563185e-05,0.0016330829821527004,0.001489084039349109,0.0001439989428035915
96045,12,15,0,0,0.0008230420062318444,2.8375012334436178e-05,0.0008357079932466149,2.058298559859395e-05,0.0017077079974114895,0.0013714160304516554,0.0003362919669598341
96045,13,16,0,0,0.0008574590319767594,2.8749986086040735e-05,0.00040962500497698784,2.274999860674143e-05,0.0013185840216465294,0.001411333039868623,-9.274901822209358e-05
96045,14,16,0,0,0.0008798749768175185,3.158301115036011e-05,0.0012113749980926514,1.9000028260052204e-05,0.002141833014320582,0.0013735410175286233,0.0007682919967919588
96045,15,19,1,1,0.0009083749609999359,2.7959002181887627e-05,0.001434458012226969,0.00010445801308378577,0.0024752499884925783,0.001386582967825234,0.0010886670206673443
96045,16,18,0,0,0.0008951670024544001,2.9500050004571676e-05,0.0007730829529464245,1.95419997908175e-05,0.0017172920051962137,0.001805416017305106,-8.81240121088922e-05
96045,17,19,0,0,0.000923417042940855,2.9790971893817186e-05,0.0006004589959047735,2.0208011846989393e-05,0.001573875022586435,0.0015261249500326812,4.775007255375385e-05
96045,18,19,3,3,0.0009449169738218188,3.170798299834132e-05,0.0006555000436492264,3.345898585394025e-05,0.0016655839863233268,0.002570000011473894,-0.0009044160251505673
96045,19,16,1,1,0.0008449580054730177,3.020802978426218e-05,0.0003994169528596103,2.054200740531087e-05,0.001295124995522201,0.001381542009767145,-8.641701424494386e-05
96045,20,15,1,1,0.0008335829479619861,3.0459021218121052e-05,0.0004861250054091215,2.116599353030324e-05,0.0013713329681195319,0.0016306249890476465,-0.00025929202092811465
96045,21,14,3,3,0.0008384169777855277,3.1333009246736765e-05,0.0006627080147154629,2.1833984646946192e-05,0.0015542919863946736,0.0013468749821186066,0.00020741700427606702
96045,22,11,0,0,0.0007389169768430293,2.879102248698473e-05,0.0006441249861381948,2.2292020730674267e-05,0.001434125006198883,0.0013021670165471733,0.0001319579896517098
96045,23,11,1,1,0.0007565830019302666,3.1875038985162973e-05,0.00045729195699095726,2.0167033653706312e-05,0.0012659170315600932,0.0014237919822335243,-0.00015787495067343116
96045,24,10,0,0,0.000731125008314848,3.612501313909888e-05,0.0009558330057188869,2.8542010113596916e-05,0.0017516250372864306,0.0023397080367431045,-0.0005880829994566739
96045,25,10,0,0,0.0007089159917086363,3.1333998776972294e-05,0.0004968330031260848,3.925000783056021e-05,0.0012763330014422536,0.0018989579984918237,-0.0006226249970495701
96045,26,10,0,0,0.0007231669733300805,3.1542032957077026e-05,0.0004208329482935369,2.1417043171823025e-05,0.0011969589977525175,0.0014193339738994837,-0.00022237497614696622
96045,27,10,0,0,0.0007275830139406025,3.358302637934685e-05,0.000488624966237694,2.2249994799494743e-05,0.0012720410013571382,0.0021054590470157564,-0.0008334180456586182
96045,28,10,0,0,0.0007127080461941659,2.9999995604157448e-05,0.000675041985232383,1.979200169444084e-05,0.0014375420287251472,0.0013518340419977903,8.570798672735691e-05
96045,29,10,0,0,0.0007265839958563447,2.9458024073392153e-05,0.0008367080008611083,3.524997737258673e-05,0.0016279999981634319,0.0015782500267960131,4.9749971367418766e-05
96045,30,10,0,0,0.0007361250463873148,3.287498839199543e-05,0.0006613329751417041,2.0167033653706312e-05,0.0014505000435747206,0.0021725419792346656,-0.000722041935659945
96045,31,10,0,0,0.0007583750411868095,3.129098331555724e-05,0.00039912498323246837,1.991703175008297e-05,0.0012087080394849181,0.0012989580282010138,-9.024998871609569e-05
96045,32,10,1,1,0.0007650830084457994,3.008398925885558e-05,0.00039729103446006775,2.0459003280848265e-05,0.001212917035445571,0.001641790964640677,-0.00042887392919510603
96045,33,9,0,0,0.0007014580187387764,3.312499029561877e-05,0.0011768330004997551,2.254202263429761e-05,0.001933958032168448,0.001601582975126803,0.00033237505704164505
96045,34,9,2,2,0.0007310830405913293,3.8458965718746185e-05,0.00047320802696049213,3.416696563363075e-05,0.0012769169989041984,0.0013438329915516078,-6.691599264740944e-05
96045,35,7,3,3,0.0006587079842574894,3.3917021937668324e-05,0.0008767080144025385,2.358399797230959e-05,0.001592917018570006,0.0015177919995039701,7.512501906603575e-05
96045,36,4,1,1,0.0006467089988291264,3.4916040021926165e-05,0.0008224999764934182,2.37500062212348e-05,0.0015278750215657055,0.001727291033603251,-0.00019941601203754544
96045,37,3,0,0,0.0005822919774800539,3.020802978426218e-05,0.0004330419469624758,2.1875021047890186e-05,0.001067416975274682,0.001143791014328599,-7.637403905391693e-05
96045,38,3,0,0,0.0005711670382879674,3.208295674994588e-05,0.0009738340158946812,2.2875028662383556e-05,0.001599959039594978,0.0015214169980026782,7.854204159229994e-05
96045,39,3,1,1,0.0006083750049583614,3.5375007428228855e-05,0.0008902080007828772,2.2541964426636696e-05,0.0015564999775961041,0.0013017909950576723,0.0002547089825384319
96045,40,2,0,0,0.0005445830174721777,3.024999750778079e-05,0.0007563330000266433,2.441700780764222e-05,0.001355583022814244,0.0015065830084495246,-0.0001509999856352806
96045,41,2,1,1,0.0005366670084185898,2.987496554851532e-05,0.0006907909992150962,2.13750172406435e-05,0.0012787079904228449,0.0013757089618593454,-9.700097143650055e-05
96045,42,1,0,0,0.0005273749702610075,3.054103581234813e-05,0.0006047500064596534,2.1042011212557554e-05,0.0011837080237455666,0.0015588749665766954,-0.00037516694283112884
96045,43,1,0,0,0.0005499169928953052,3.1125033274292946e-05,0.000777791952714324,2.037500962615013e-05,0.0013792089885100722,0.001262625039089471,0.00011658394942060113
96045,44,1,0,0,0.0005416669882833958,3.062502946704626e-05,0.0010052910074591637,2.0292005501687527e-05,0.0015978750307112932,0.0013837080332450569,0.00021416699746623635
96045,45,1,1,1,0.000563542009331286,6.500002928078175e-05,0.000718749943189323,2.1291023585945368e-05,0.001368583005387336,0.0012717500212602317,9.683298412710428e-05
96045,46,0,0,0,0.0005225840141065419,4.6250002924352884e-05,0.0008082080166786909,2.341700019314885e-05,0.0014004590339027345,0.0018165409564971924,-0.00041608192259445786
96045,47,0,0,0,0.0007593330228701234,3.512500552460551e-05,0.0004674589727073908,2.820801455527544e-05,0.0012901250156573951,0.002063249994534999,-0.000773124978877604
96045,48,0,0,0,0.000503166054841131,2.96669895760715e-05,0.00039908295730128884,2.050003968179226e-05,0.0009524160414002836,0.0009681669762358069,-1.5750934835523367e-05
96045,49,0,0,0,0.0004979579825885594,2.9417045880109072e-05,0.0004486659890972078,2.2124964743852615e-05,0.0009981659823097289,0.0009715420310385525,2.6623951271176338e-05
96045,50,0,2,0,0.0005024999845772982,2.9125018045306206e-05,0.0006083750049583614,2.2040971089154482e-05,0.0011620409786701202,0.0016153749893419445,-0.0004533340106718242
96045,51,0,3,0,0.0005301250494085252,3.5999983083456755e-05,0.0007491660071536899,2.0666979253292084e-05,0.001335958018898964,0.0015022089937701821,-0.0001662509748712182
96045,52,0,5,0,0.0005153749953024089,3.0082999728620052e-05,0.0007150000310502946,2.4291977752000093e-05,0.0012847500038333237,0.0014652909594587982,-0.00018054095562547445
96045,53,0,6,0,0.0005007919971831143,2.8708018362522125e-05,0.0006397920078597963,0.0001377919688820839,0.0013070839922875166,0.0015587079687975347,-0.0002516239765100181
96045,54,0,8,0,0.0007338330033235252,3.308296436443925e-05,0.00039820902748033404,2.3333006538450718e-05,0.0011884580017067492,0.0029900000081397593,-0.00180154200643301
96045,55,0,9,0,0.0005148329655639827,2.9583985451608896e-05,0.0004207080346532166,2.0332983694970608e-05,0.0009854579693637788,0.0011671250103972852,-0.0001816670410335064
96046,0,0,10,0,0.0005198330036364496,3.0750001315027475e-05,0.00041612499626353383,2.0709005184471607e-05,0.0009874170063994825,0.001027667021844536,-4.025001544505358e-05
96046,1,1,10,0,0.0005294579896144569,2.8292008209973574e-05,0.000752874999307096,2.0750041585415602e-05,0.001331375038716942,0.0009967500227503479,0.0003346250159665942
96046,2,1,10,0,0.0005249999812804163,3.108399687334895e-05,0.0004457500181160867,1.975003397092223e-05,0.0010215840302407742,0.0012647919938899577,-0.0002432079636491835
96046,3,1,10,0,0.0005234159762039781,2.9999995604157448e-05,0.00046250002924352884,2.0625011529773474e-05,0.0010365410125814378,0.0010404579807072878,-3.916968125849962e-06
96046,4,2,10,0,0.0005471250042319298,2.8416980057954788e-05,0.0013042500359006226,2.9374961741268635e-05,0.0019091669819317758,0.0010653329663909972,0.0008438340155407786
96046,5,3,10,0,0.0005750000127591193,3.0207971576601267e-05,0.0007247920148074627,2.2040971089154482e-05,0.0013520409702323377,0.0014732499839738011,-0.00012120901374146342
96046,6,3,10,0,0.0005672499537467957,2.9375019948929548e-05,0.0004267499898560345,2.0084029529243708e-05,0.0010434589930810034,0.0014963749563321471,-0.0004529159632511437
96046,7,4,10,0,0.0006316249491646886,3.470800584182143e-05,0.0008601670269854367,2.2707972675561905e-05,0.0015492079546675086,0.002124625025317073,-0.0005754170706495643
96046,8,8,10,1,0.0006855420069769025,2.9499991796910763e-05,0.001094292034395039,3.6582991015166044e-05,0.0018459170241840184,0.0022720000124536455,-0.0004260829882696271
96046,9,10,9,9,0.000736165966372937,3.2374984584748745e-05,0.0011574170202948153,2.7708010748028755e-05,0.0019536659820005298,0.001804750005248934,0.00014891597675159574
96046,10,1,0,0,0.000542959023732692,2.9790971893817186e-05,0.000511875026859343,1.9916973542422056e-05,0.0011045419960282743,0.0009922919562086463,0.000112250039819628
96046,11,5,0,0,0.0006108329980634153,2.9916991479694843e-05,0.0005163329769857228,2.3209024220705032e-05,0.001180291990749538,0.0018207909888587892,-0.0006404989981092513
96046,12,8,0,0,0.0006622910150326788,2.9749993700534105e-05,0.0008116670069284737,2.1332991309463978e-05,0.0015250410069711506,0.0014754169969819486,4.962400998920202e-05
96046,13,14,0,0,0.0008347920374944806,3.070797538384795e-05,0.0009494589758105576,2.370803849771619e-05,0.0018386670271866024,0.001325541001278907,0.0005131260259076953
96046,14,15,0,0,0.0008285840158350766,2.883299021050334e-05,0.00041079201037064195,2.0082981791347265e-05,0.0012882919982075691,0.0019132079905830324,-0.0006249159923754632
96046,15,18,0,0,0.0008804170065559447,2.8791953809559345e-05,0.0004945410182699561,2.0084029529243708e-05,0.0014238340081647038,0.0017547919997014105,-0.0003309579915367067
96046,16,20,1,1,0.000995041977148503,3.100000321865082e-05,0.0007019159966148436,2.0625011529773474e-05,0.001748582988511771,0.0014522079727612436,0.0002963750157505274
96046,17,19,3,3,0.0009660840150900185,3.0832947231829166e-05,0.0007678749971091747,2.2332998923957348e-05,0.0017871249583549798,0.0014998340047895908,0.0002872909535653889
96046,18,16,2,2,0.0008413749746978283,2.8500042390078306e-05,0.0007191670010797679,2.058298559859395e-05,0.0016096250037662685,0.0018210000125691295,-0.00021137500880286098
96046,19,14,1,1,0.0008054170175455511,2.8165988624095917e-05,0.00042749999556690454,2.0916981156915426e-05,0.001281999982893467,0.0012750420137308538,6.9579691626131535e-06
96046,20,13,0,0,0.0008228329825215042,3.183301305398345e-05,0.0014408749993890524,0.00011000002268701792,0.002405541017651558,0.0012894590036012232,0.0011160820140503347
96046,21,13,0,0,0.0007993750041350722,3.0791969038546085e-05,0.001022125012241304,2.258300082758069e-05,0.001874874986242503,0.0019521669601090252,-7.729197386652231e-05
96046,22,13,0,0,0.0008148750057443976,2.9582995921373367e-05,0.0005002919933758676,2.170802326872945e-05,0.001366458018310368,0.0013317089760676026,3.474904224276543e-05
96046,23,13,3,3,0.0008292500278912485,3.737496444955468e-05,0.0005316250026226044,2.6458001229912043e-05,0.0014247079961933196,0.0012838749680668116,0.000140833028126508
96046,24,10,0,0,0.0007402499904856086,3.170798299834132e-05,0.0007367089856415987,2.2458028979599476e-05,0.001531124988105148,0.001232749957125634,0.0002983750309795141
96046,25,10,0,0,0.0007755829719826579,3.345799632370472e-05,0.0005676249857060611,2.0000035874545574e-05,0.0013966659898869693,0.001235417032148689,0.0001612489577382803
96046,26,10,1,1,0.00074487499659881,3.533298149704933e-05,0.0005670840037055314,2.1291023585945368e-05,0.001368583005387336,0.0017282090266235173,-0.00035962602123618126
96046,27,9,0,0,0.0007056249887682498,2.9624963644891977e-05,0.0006102080224081874,1.9875005818903446e-05,0.0013653329806402326,0.0016192920156754553,-0.00025395903503522277
96046,28,9,1,1,0.0007137079956009984,3.066699719056487e-05,0.0006655410397797823,2.204196061939001e-05,0.0014319579931907356,0.0017003749962896109,-0.0002684170030988753
96046,29,8,2,2,0.0006765410071238875,2.8499984182417393e-05,0.00039695901796221733,2.0332983694970608e-05,0.0011223329929634929,0.0013949170242995024,-0.0002725840313360095
96046,30,6,0,0,0.0006242499803192914,2.8709007892757654e-05,0.00039845803985372186,2.01669754460454e-05,0.0010715840035118163,0.0011374999885447323,-6.591598503291607e-05
96046,31,6,0,0,0.0006242499803192914,2.8125010430812836e-05,0.0006085420027375221,2.1832995116710663e-05,0.001282749988604337,0.0011001669918186963,0.00018258299678564072
96046,32,6,1,1,0.0006502919713966548,2.9582995921373367e-05,0.00039495801320299506,1.9666971638798714e-05,0.001094499952159822,0.0013635000213980675,-0.0002690000692382455
96046,33,5,1,1,0.0006237080087885261,3.041699528694153e-05,0.0005501250270754099,2.3957982193678617e-05,0.001228208013344556,0.001423958980012685,-0.00019575096666812897
96046,34,4,1,1,0.0006027920171618462,3.0416005756706e-05,0.0008128340123221278,2.3457978386431932e-05,0.001469500013627112,0.0010803330224007368,0.0003891669912263751
96046,35,3,2,2,0.0005760840140283108,2.8708018362522125e-05,0.0005195419653318822,2.0791019778698683e-05,0.0011451250175014138,0.0010781250311993062,6.699998630210757e-05
96046,36,1,1,1,0.0005552080110646784,3.14170029014349e-05,0.0003777919919230044,1.9875005818903446e-05,0.0009842920117080212,0.0013224169961176813,-0.0003381249844096601
96046,37,0,1,0,0.000512166996486485,3.237504279240966e-05,0.0004396669683046639,2.095801755785942e-05,0.001005167025141418,0.0010079169878736138,-2.749962732195854e-06
96046,38,0,2,0,0.0005354589666239917,3.0500057619065046e-05,0.0003696249914355576,2.0499981474131346e-05,0.0009560839971527457,0.0009525829809717834,3.501016180962324e-06
96046,39,0,3,0,0.0005079999682493508,3.204203676432371e-05,0.0004494579625315964,1.9625003915280104e-05,0.001009124971460551,0.0009536250145174563,5.549995694309473e-05
96046,40,0,6,0,0.0005003749975003302,2.9582995921373367e-05,0.0008055839571170509,2.112501533702016e-05,0.0013566669658757746,0.0011284159845672548,0.00022825098130851984
96046,41,0,8,0,0.0005312919965945184,3.162503708153963e-05,0.0004189159953966737,2.0709005184471607e-05,0.0010025420342572033,0.0012112919939681888,-0.00020874995971098542
96046,42,0,8,0,0.0005098750116303563,3.187498077750206e-05,0.00045708403922617435,2.016598591580987e-05,0.0010190000175498426,0.0010899589979089797,-7.095898035913706e-05
96047,0,0,10,0,0.0004994590417481959,3.2790994737297297e-05,0.0007822089828550816,2.1458021365106106e-05,0.0013359170407056808,0.0012274999753572047,0.00010841706534847617
96047,1,0,10,0,0.0005039160023443401,2.9333983547985554e-05,0.00038958300137892365,2.037500962615013e-05,0.0009432079968973994,0.0010666250018402934,-0.00012341700494289398
96047,2,0,10,0,0.0004917500191368163,3.0374969355762005e-05,0.0007005410152487457,2.1875021047890186e-05,0.0012445410247892141,0.0013194580096751451,-7.491698488593102e-05
96047,3,2,10,0,0.0005559999844990671,3.3582968171685934e-05,0.0005293750436976552,2.2957974579185247e-05,0.0011419159709475935,0.0018562910263426602,-0.0007143750553950667
96047,4,4,10,0,0.00058320804964751,2.887495793402195e-05,0.0017162500298582017,4.775001434609294e-05,0.0023760830517858267,0.001388917036820203,0.0009871660149656236
96047,5,5,10,0,0.0006507089710794389,3.3333024475723505e-05,0.001684917020611465,9.175000013783574e-05,0.002460709016304463,0.001612124964594841,0.0008485840517096221
96047,6,6,10,0,0.0006495419656857848,4.170800093561411e-05,0.0005207500071264803,2.4958979338407516e-05,0.0012369589530862868,0.0025037499726749957,-0.0012667910195887089
96047,7,6,10,0,0.0006584160146303475,4.6083994675427675e-05,0.0007442909991368651,2.5541987270116806e-05,0.0014743329957127571,0.0012193330330774188,0.0002549999626353383
96047,8,10,10,5,0.0007339160074479878,3.3791991882026196e-05,0.0011545000015757978,3.85420280508697e-05,0.0019607500289566815,0.0021073329844512045,-0.00014658295549452305
96047,9,7,5,5,0.0006901660235598683,4.395900759845972e-05,0.0006540409522131085,4.287500632926822e-05,0.0014310409897007048,0.0015229160198941827,-9.187503019347787e-05
96047,10,4,0,0,0.0005984999588690698,3.0458031687885523e-05,0.0010503329685889184,2.19999928958714e-05,0.0017012909520417452,0.0016545829712413251,4.6707980800420046e-05
96047,11,6,0,0,0.0006329999887384474,2.920802216976881e-05,0.0003724999842233956,2.0042003598064184e-05,0.001054749998729676,0.0011947500170208514,-0.00014000001829117537
96047,12,12,0,0,0.000833250000141561,6.0582999140024185e-05,0.0005270420224405825,5.345797399058938e-05,0.0014743329957127571,0.0020794160082004964,-0.0006050830124877393
96047,13,17,0,0,0.0008970420458354056,3.3958000130951405e-05,0.000676083960570395,2.008303999900818e-05,0.0016271670465357602,0.0015145830111578107,0.00011258403537794948
96047,14,18,0,0,0.0009107919759117067,3.0166003853082657e-05,0.0008955840021371841,1.9082974176853895e-05,0.0018556249560788274,0.0018652500002644956,-9.62504418566823e-06
96047,15,18,0,0,0.0009316669893451035,3.066600766032934e-05,0.0011920419638045132,1.9041995983570814e-05,0.002173416956793517,0.0021499170106835663,2.3499946109950542e-05
96047,16,19,2,2,0.004898708022665232,0.0001349169760942459,0.0019707500468939543,5.5582961067557335e-05,0.00705995800672099,0.0019179590162821114,0.0051419989904388785
96047,17,18,3,3,0.0009242080268450081,3.4999975468963385e-05,0.0009278330253437161,2.9791961424052715e-05,0.0019168329890817404,0.0021434579975903034,-0.00022662500850856304
96047,18,15,1,1,0.0008481669938191772,4.537502536550164e-05,0.00043708295561373234,2.5084009394049644e-05,0.0013557089841924608,0.0016914160223677754,-0.00033570703817531466
96047,19,14,2,2,0.0008323750225827098,3.304198617115617e-05,0.000638832978438586,2.516701351851225e-05,0.0015294170007109642,0.0016520839999429882,-0.00012266699923202395
96047,20,12,2,2,0.000780042028054595,3.125000512227416e-05,0.0008458750089630485,2.3500004317611456e-05,0.001680667046457529,0.0012714160257019103,0.0004092510207556188
96047,21,10,0,0,0.0007580420351587236,3.187498077750206e-05,0.00040079100290313363,2.54589831456542e-05,0.0012161670019850135,0.0013090839493088424,-9.291694732382894e-05
96047,22,10,0,0,0.0007556669879704714,3.112497506663203e-05,0.0004241670249029994,2.0791019778698683e-05,0.0012317500077188015,0.0014400419895537198,-0.00020829198183491826
96047,23,10,0,0,0.0007633749628439546,4.700000863522291e-05,0.0006459160358645022,2.458400558680296e-05,0.0014808750129304826,0.0014615830150432885,1.9291997887194157e-05
96047,24,10,0,0,0.0007264160085469484,2.8916983865201473e-05,0.000559957989025861,2.0750041585415602e-05,0.0013360410230234265,0.001222041028086096,0.00011399999493733048
96047,25,10,1,1,0.0007427499513141811,3.395904786884785e-05,0.00046395795652642846,2.3625034373253584e-05,0.001264291990082711,0.0020780409686267376,-0.0008137489785440266
96047,26,9,1,1,0.0007126660202629864,2.9583985451608896e-05,0.0009157079621218145,2.3792032152414322e-05,0.0016817499999888241,0.001405874965712428,0.00027587503427639604
96047,27,8,3,3,0.0006664159591309726,3.0459021218121052e-05,0.000582040986046195,2.0916981156915426e-05,0.0012998329475522041,0.001235749979969114,6.408296758309007e-05
96047,28,5,2,2,0.000620416016317904,3.195903263986111e-05,0.0003968749660998583,2.2291031200438738e-05,0.0010715410462580621,0.001336707966402173,-0.0002651669201441109
96047,29,3,1,1,0.0005727090174332261,3.38749960064888e-05,0.0010321249719709158,2.4083012249320745e-05,0.0016627919976599514,0.0011107499594800174,0.000552042038179934
96047,30,2,1,1,0.0005353749729692936,3.0125025659799576e-05,0.0009281669626943767,9.1583002358675e-05,0.0015852499636821449,0.0014988749753683805,8.637498831376433e-05
96047,31,1,1,1,0.0005279169999994338,2.8957962058484554e-05,0.0009994590072892606,8.533301297575235e-05,0.0016416669823229313,0.0010095839970745146,0.0006320829852484167
96047,32,0,0,0,0.0005071249906904995,3.0790979508310556e-05,0.0005667920340783894,2.2666994482278824e-05,0.0011273749987594783,0.001290000043809414,-0.00016262504504993558
96047,33,0,0,0,0.0005258339806459844,3.141601337119937e-05,0.0006231250008568168,2.1333980839699507e-05,0.0012017089757137,0.0011458339868113399,5.58749889023602e-05
96047,34,0,3,0,0.000512500002514571,3.333296626806259e-05,0.0004271669895388186,2.0667037460952997e-05,0.0009936669957824051,0.001170666015241295,-0.00017699901945888996
96047,35,0,5,0,0.0005444170092232525,3.21249826811254e-05,0.0007665419834665954,3.662501694634557e-05,0.001379708992317319,0.0010799170122481883,0.00029979198006913066
96047,36,0,6,0,0.0006284589762799442,3.470800584182143e-05,0.0005891670007258654,2.8375012334436178e-05,0.0012807089951820672,0.001494208991061896,-0.00021349999587982893
96048,0,0,10,0,0.0005102500435896218,3.2791984267532825e-05,0.000746708014048636,2.1708954591304064e-05,0.0013114589964970946,0.0013424999779090285,-3.10409814119339e-05
96048,1,1,10,0,0.000528083008248359,3.1832954846322536e-05,0.0009451250080019236,2.6541994884610176e-05,0.0015315829659812152,0.001498791971243918,3.2790994737297297e-05
96048,2,2,10,0,0.0005775840254500508,4.091596929356456e-05,0.0004264170420356095,2.379197394475341e-05,0.0010687090107239783,0.0012886659824289382,-0.00021995697170495987
96048,3,2,10,0,0.0005332079599611461,2.8500042390078306e-05,0.0007592919864691794,2.4541979655623436e-05,0.0013455419684760273,0.000998708012048155,0.0003468339564278722
96048,4,5,10,0,0.0006148329703137279,2.9749993700534105e-05,0.0011177919805049896,2.4833017960190773e-05,0.0017872079624794424,0.0010914580198004842,0.0006957499426789582
96048,5,8,10,0,0.0006807499448768795,3.245804691687226e-05,0.0007143339607864618,2.3083004634827375e-05,0.001450624957215041,0.0015302500105462968,-7.962505333125591e-05
96048,6,13,10,7,0.0007741660228930414,2.8749986086040735e-05,0.0008832499734126031,2.704199869185686e-05,0.0017132079810835421,0.0016517500043846667,6.145797669887543e-05
96048,7,8,3,3,0.0006842919974587858,3.070797538384795e-05,0.0006277920329011977,2.4707987904548645e-05,0.00136749999364838,0.0012100000167265534,0.0001574999769218266
96048,8,6,0,0,0.0006795409717597067,3.204203676432371e-05,0.0005745830130763352,2.1916988771408796e-05,0.0013080830103717744,0.001128541014622897,0.00017954199574887753
96048,9,7,0,0,0.0006586670060642064,2.983299782499671e-05,0.0007650000043213367,2.174999099224806e-05,0.0014752499992027879,0.0017498329980298877,-0.0002745829988270998
96048,10,9,0,0,0.0007238750113174319,3.466597991064191e-05,0.0006311250035651028,2.037500962615013e-05,0.0014100410044193268,0.001174915989395231,0.00023512501502409577
96048,11,11,0,0,0.000757209025323391,3.287498839199543e-05,0.000424250029027462,2.012500772252679e-05,0.0012344590504653752,0.0013074580347165465,-7.299898425117135e-05
96048,12,13,0,0,0.0007917909533716738,2.962502185255289e-05,0.0007142089889384806,1.9291008356958628e-05,0.001554915972519666,0.0015226660179905593,3.224995452910662e-05
96048,13,14,0,0,0.0008101669955067337,3.0124967452138662e-05,0.00040441699093207717,2.0791019778698683e-05,0.0012654999736696482,0.0013680839911103249,-0.00010258401744067669
96048,14,18,1,1,0.0008877500076778233,2.8916983865201473e-05,0.00041862501529976726,2.099998528137803e-05,0.00135629199212417,0.0013954580063000321,-3.9166014175862074e-05
96048,15,17,1,1,0.0008599160355515778,2.779200440272689e-05,0.000726416998077184,2.0749983377754688e-05,0.0016348750214092433,0.0015674589667469263,6.741605466231704e-05
96048,16,17,0,0,0.0008888340089470148,2.845795825123787e-05,0.0006517080473713577,2.0708946976810694e-05,0.001589708961546421,0.001640666974708438,-5.095801316201687e-05
96048,17,18,0,0,0.0008854999905452132,2.9749993700534105e-05,0.00041912501910701394,2.0249979570508003e-05,0.0013546249829232693,0.0021404590224847198,-0.0007858340395614505
96048,18,18,0,0,0.000877375015988946,2.7790956664830446e-05,0.0004527090350165963,1.9875005818903446e-05,0.0013777500134892762,0.0013668750179931521,1.087499549612403e-05
96048,19,18,2,2,0.0008966670138761401,2.9791961424052715e-05,0.0012577910092659295,2.5792047381401062e-05,0.0022100420319475234,0.0017165840254165232,0.0004934580065310001
96048,20,16,2,2,0.0008937919628806412,3.0166993383318186e-05,0.0004409580142237246,2.237502485513687e-05,0.0013872919953428209,0.0015925000188872218,-0.00020520802354440093
96048,21,14,3,3,0.00080970796989277,3.15000070258975e-05,0.0007607089937664568,2.274999860674143e-05,0.0016246669692918658,0.001804750005248934,-0.0001800830359570682
96048,22,11,0,0,0.0007394580170512199,2.8708018362522125e-05,0.0006800839910283685,2.0082981791347265e-05,0.0014683330082334578,0.0014849170111119747,-1.6584002878516912e-05
96048,23,11,0,0,0.0007484590169042349,2.9332994017750025e-05,0.000392707996070385,1.9667029846459627e-05,0.0011901670368388295,0.001210334012284875,-2.01669754460454e-05
96048,24,11,1,1,0.0007612499757669866,3.100000321865082e-05,0.0004069170099683106,2.0249979570508003e-05,0.001219416968524456,0.0014010840095579624,-0.0001816670410335064
96048,25,10,0,0,0.000729708990547806,3.066600766032934e-05,0.0010225839796476066,2.2082997020334005e-05,0.001805041974876076,0.0012346250005066395,0.0005704169743694365
96048,26,10,0,0,0.0007355419802479446,3.125000512227416e-05,0.0009289999725297093,3.024999750778079e-05,0.0017260419554077089,0.0014046250144019723,0.0003214169410057366
96048,27,10,0,0,0.0007049170089885592,2.8749986086040735e-05,0.0008019580272957683,2.01669754460454e-05,0.0015557919978164136,0.0016332920058630407,-7.750000804662704e-05
96048,28,10,0,0,0.0007060830248519778,2.820801455527544e-05,0.0009055419941432774,2.112501533702016e-05,0.0016609580488875508,0.0015645409584976733,9.641709038987756e-05
96048,29,10,1,1,0.000745583965908736,3.141601337119937e-05,0.0009301250101998448,2.2083986550569534e-05,0.0017292089760303497,0.0020305420039221644,-0.0003013330278918147
96048,30,9,1,1,0.0007350840023718774,3.170798299834132e-05,0.0008986670291051269,2.4290988221764565e-05,0.0016897500026971102,0.0015471249935217202,0.00014262500917539
96048,31,8,0,0,0.0006732079782523215,2.8749986086040735e-05,0.0008968340116553009,2.8915994334965944e-05,0.001627707970328629,0.0017147500184364617,-8.704204810783267e-05
96048,32,8,0,0,0.0007010410190559924,3.083399496972561e-05,0.0005460829706862569,2.058298559859395e-05,0.0012985409703105688,0.0016984170069918036,-0.00039987603668123484
96048,33,8,1,1,0.0006860420107841492,3.1708041206002235e-05,0.0008341669454239309,2.3083004634827375e-05,0.0015750000020489097,0.0018321669776923954,-0.0002571669756434858
96048,34,7,2,2,0.0006898750434629619,3.929197555407882e-05,0.0007740830187685788,2.0749983377754688e-05,0.0015240000211633742,0.0017959170509129763,-0.0002719170297496021
96048,35,5,1,1,0.0006082920008338988,2.924998989328742e-05,0.0006832500221207738,2.058298559859395e-05,0.001341374998446554,0.0013430839753709733,-1.708976924419403e-06
96048,36,4,0,0,0.0005805000546388328,3.029097570106387e-05,0.0012723340187221766,2.666597720235586e-05,0.001909791026264429,0.0015941670280881226,0.0003156239981763065
96048,37,4,0,0,0.0005973750376142561,3.366597229614854e-05,0.0007408750243484974,2.1666986867785454e-05,0.0013935830211266875,0.0022384999901987612,-0.0008449169690720737
96048,38,4,4,4,0.0006160829798318446,3.2750016544014215e-05,0.0009842499857768416,2.4709035642445087e-05,0.0016577920177951455,0.0015338330413214862,0.00012395897647365928
96048,39,0,2,0,0.0005116660031490028,3.008398925885558e-05,0.0011624579783529043,4.4832995627075434e-05,0.0017490409663878381,0.001343499985523522,0.0004055409808643162
96048,40,0,2,0,0.0005295000155456364,3.2582960557192564e-05,0.0008569590281695127,2.1540967281907797e-05,0.0014405829715542495,0.0013070409768261015,0.00013354199472814798
96048,41,0,3,0,0.000521915964782238,3.037502756342292e-05,0.0008413339965045452,2.158299321308732e-05,0.0014152079820632935,0.001372540951706469,4.26670303568244e-05
96048,42,0,4,0,0.0005040419637225568,3.0292023438960314e-05,0.0008366659749299288,2.0459003280848265e-05,0.0013914589653722942,0.0014398330240510404,-4.8374058678746223e-05
96048,43,0,5,0,0.0004962910315953195,2.8416980057954788e-05,0.0013429999817162752,2.600002335384488e-05,0.0018937080167233944,0.0014412500313483179,0.00045245798537507653
96048,44,0,6,0,0.0005026669823564589,3.0333001632243395e-05,0.0008922920096665621,2.112501533702016e-05,0.0014464170089922845,0.0014357920153997838,1.0624993592500687e-05
96048,45,0,6,0,0.0004980000085197389,2.8333044610917568e-05,0.0010978749487549067,2.270803088322282e-05,0.001646916032768786,0.001497749995905906,0.00014916603686288
96048,46,0,7,0,0.0005152500234544277,3.324996214359999e-05,0.0008692500414326787,2.1832995116710663e-05,0.001439583022147417,0.0013345410116016865,0.00010504201054573059
96048,47,0,9,0,0.0005100829876028001,2.958404365926981e-05,0.0008837079512886703,1.9833038095384836e-05,0.001443208020646125,0.001396792009472847,4.641601117327809e-05
96049,0,0,10,0,0.0004954159958288074,2.845900598913431e-05,0.0011992909712716937,2.1875021047890186e-05,0.0017450409941375256,0.001021042000502348,0.0007239989936351776
96049,1,0,10,0,0.000494082982186228,2.845900598913431e-05,0.0003993749851360917,1.9833038095384836e-05,0.0009417500114068389,0.0010184159618802369,-7.666595047339797e-05
96049,2,2,10,0,0.000550166005268693,3.0125025659799576e-05,0.0003937089932151139,1.9791012164205313e-05,0.0009937910363078117,0.0010311660007573664,-3.737496444955468e-05
96049,3,2,10,0,0.0005555420066229999,2.8875016141682863e-05,0.0008720000041648746,1.9625003915280104e-05,0.0014760420308448374,0.0011382920201867819,0.00033775001065805554
96049,4,2,10,0,0.0005438750376924872,2.8125010430812836e-05,0.00038066698471084237,1.858297036960721e-05,0.0009712500032037497,0.000992958026472479,-2.170802326872945e-05
96049,5,4,10,0,0.0005835419869981706,2.8542010113596916e-05,0.0006205000099726021,2.0291015971451998e-05,0.0012528750230558217,0.0011021660175174475,0.00015070900553837419
96049,6,4,10,0,0.0006299170199781656,3.383302828297019e-05,0.0005606669583357871,2.1458021365106106e-05,0.001245875027962029,0.0015326659777201712,-0.00028679094975814223
96049,7,5,10,0,0.0006014999817125499,2.7916044928133488e-05,0.0006984169594943523,1.950003206729889e-05,0.0013473330182023346,0.001267292012926191,8.004100527614355e-05
96049,8,8,10,4,0.0006840419955551624,2.9957969672977924e-05,0.0006590420380234718,2.1666986867785454e-05,0.0013947089901193976,0.0011760410270653665,0.00021866796305403113
96049,9,7,6,6,0.0006559999892488122,2.9125018045306206e-05,0.0011889169691130519,2.416601637378335e-05,0.0018982079927809536,0.0011237500002607703,0.0007744579925201833
96049,10,4,0,0,0.0005877920193597674,2.924998989328742e-05,0.0013597499928437173,0.0001045830431394279,0.0020813750452362,0.0010841250186786056,0.0009972500265575945
96049,11,8,0,0,0.0007042079814709723,3.162503708153963e-05,0.0004207079764455557,2.2042018827050924e-05,0.0011785830138251185,0.0021755830384790897,-0.0009970000246539712
96049,12,11,0,0,0.0007722500013187528,3.062497125938535e-05,0.00045016600051894784,2.0709005184471607e-05,0.0012737499782815576,0.0014182499726302922,-0.00014449999434873462
96049,13,12,0,0,0.0007592499605379999,2.96669895760715e-05,0.0005005830316804349,2.0709005184471607e-05,0.001310208986978978,0.002263458038214594,-0.0009532490512356162
96049,14,15,0,0,0.001766333996783942,3.0207971576601267e-05,0.0008286250522360206,2.120796125382185e-05,0.0026463749818503857,0.00267295801313594,-2.658303128555417e-05
96049,15,17,0,0,0.0009113750420510769,3.045797348022461e-05,0.0007706669857725501,2.0750041585415602e-05,0.0017332500428892672,0.0014060419634915888,0.0003272080793976784
96049,16,18,2,2,0.0009749169694259763,3.091699909418821e-05,0.0010348750511184335,2.320797648280859e-05,0.0020639169961214066,0.0014343330403789878,0.0006295839557424188
96049,17,17,0,0,0.0008731249836273491,2.8708018362522125e-05,0.0004432090208865702,1.995800994336605e-05,0.0013650000328198075,0.0019145829719491303,-0.0005495829391293228
96049,18,18,4,4,0.0008871249738149345,2.8041016776114702e-05,0.0008353340090252459,2.0332983694970608e-05,0.0017708329833112657,0.0019185839919373393,-0.0001477510086260736
96049,19,14,2,2,0.0008258750312961638,3.0207971576601267e-05,0.0005478339735418558,2.054101787507534e-05,0.0014244579942896962,0.002215165994130075,-0.0007907079998403788
96049,20,12,0,0,0.00076299998909235,3.362499410286546e-05,0.0008438330260105431,2.1459010895341635e-05,0.0016619170201011002,0.0016401250031776726,2.1792016923427582e-05
96049,21,12,0,0,0.0007978749927133322,2.9666000045835972e-05,0.0006073340191505849,2.300000051036477e-05,0.0014578750124201179,0.0012385000009089708,0.00021937501151114702
96049,22,12,1,1,0.0007805830100551248,3.0125025659799576e-05,0.0013498750049620867,2.358399797230959e-05,0.0021841670386493206,0.0022451659897342324,-6.099895108491182e-05
96049,23,11,1,1,0.0007321250159293413,2.779200440272689e-05,0.0009301669779233634,1.954101026058197e-05,0.0017096250085160136,0.001540792000014335,0.0001688330085016787
96049,24,10,0,0,0.0007541669765487313,3.445800393819809e-05,0.0005365840042941272,2.116599353030324e-05,0.0013463749783113599,0.0013147920253686607,3.1582952942699194e-05
96049,25,10,0,0,0.0007469589472748339,2.9999995604157448e-05,0.0006568330572918057,2.1124957129359245e-05,0.0014549169573001564,0.0016520839999429882,-0.0001971670426428318
96049,26,10,0,0,0.0007864579674787819,3.320799442008138e-05,0.0007819170132279396,2.237502485513687e-05,0.0016239579999819398,0.0016226249863393605,1.333013642579317e-06
96049,27,10,0,0,0.0007225829758681357,2.9333983547985554e-05,0.0007798750302754343,2.037500962615013e-05,0.0015521669993177056,0.0012235829490236938,0.00032858405029401183
96049,28,10,0,0,0.0007335000555031002,2.887495793402195e-05,0.0010972919990308583,2.13750172406435e-05,0.0018810420297086239,0.0015801660483703017,0.00030087598133832216
96049,29,10,0,0,0.0007464170339517295,3.1917006708681583e-05,0.0005202079773880541,2.19999928958714e-05,0.0013205420109443367,0.0015789169701747596,-0.000258374959230423
96049,30,10,2,2,0.0007140000234358013,2.820801455527544e-05,0.00063233298715204,2.0249979570508003e-05,0.0013947910047136247,0.0011790829594247043,0.0002157080452889204
96049,31,8,1,1,0.0007030419656075537,2.9875023756176233e-05,0.0007458329782821238,2.0000035874545574e-05,0.0014987500035203993,0.0017699580057524145,-0.00027120800223201513
96049,32,7,1,1,0.0006844170275144279,3.154197474941611e-05,0.000708332983776927,5.566701292991638e-05,0.0014799589989706874,0.0019941249629482627,-0.0005141659639775753
96049,33,6,1,1,0.0006411659996956587,3.0084047466516495e-05,0.00038729095831513405,2.0667037460952997e-05,0.0010792080429382622,0.0018008749466389418,-0.0007216669037006795
96049,34,5,3,3,0.0006097499863244593,2.9540969990193844e-05,0.0006142090423963964,2.7375004719942808e-05,0.0012808750034309924,0.0010745000327005982,0.00020637497073039412
96049,35,2,1,1,0.0005375419859774411,2.84170382656157e-05,0.0005388749996200204,2.158299321308732e-05,0.0011264170170761645,0.0013059579650871456,-0.00017954094801098108
96049,36,1,1,1,0.0005391250015236437,2.924998989328742e-05,0.0008821249939501286,2.0709005184471607e-05,0.0014712089905515313,0.0009930420201271772,0.0004781669704243541
96049,37,0,0,0,0.0005133749800734222,2.879201201722026e-05,0.00040149997221305966,2.0625011529773474e-05,0.0009642919758334756,0.0011786249815486372,-0.00021433300571516156
96049,38,0,0,0,0.000505290983710438,2.7334026526659727e-05,0.0003625829704105854,1.9332976080477238e-05,0.0009145409567281604,0.0009752089972607791,-6.066804053261876e-05
96049,39,0,3,0,0.0005033749621361494,3.1750008929520845e-05,0.0004486659890972078,1.9708997569978237e-05,0.0010034999577328563,0.002455167006701231,-0.0014516670489683747
96049,40,0,4,0,0.0004985829582437873,2.862501423805952e-05,0.00036562501918524504,1.8874998204410076e-05,0.0009117079898715019,0.000945083040278405,-3.337505040690303e-05
96049,41,0,5,0,0.0005042499979026616,2.8458016458898783e-05,0.0003712920006364584,1.958297798410058e-05,0.0009235829929821193,0.0009320000535808504,-8.417060598731041e-06
96049,42,0,6,0,0.0005087909521535039,2.9125018045306206e-05,0.0009237499907612801,2.2333988454192877e-05,0.001483999949414283,0.0009535829885862768,0.0005304169608280063
96049,43,0,9,0,0.0004980000085197389,2.7999980375170708e-05,0.0004975409829057753,2.4042034056037664e-05,0.0010475830058567226,0.0009712500032037497,7.633300265297294e-05
