seed,decision_index,n_pending,n_available,n_committed,t_features_s,t_graph_build_s,t_gnn_forward_s,t_hungarian_s,t_stages_sum_s,t_total_s,t_discrepancy_s
96100,0,1,30,0,0.001576333015691489,3.716698847711086e-05,0.001169124967418611,6.283301627263427e-05,0.002845457987859845,0.002952458045911044,-0.00010700005805119872
96100,1,5,30,0,0.0016836249851621687,3.779103280976415e-05,0.0012489999644458294,6.604200461879373e-05,0.003036457987036556,0.0029220000142231584,0.00011445797281339765
96100,2,10,30,0,0.0018497920245863497,3.8207974284887314e-05,0.0011333340080454946,6.42079976387322e-05,0.003085542004555464,0.003211541974451393,-0.0001259999698959291
96100,3,14,30,0,0.0019965420360676944,7.754098623991013e-05,0.0017412499873898923,8.820899529382586e-05,0.0039035420049913228,0.004161750024650246,-0.00025820801965892315
96100,4,18,30,0,0.0019377910066395998,3.79589619114995e-05,0.0015052500530146062,6.820796988904476e-05,0.0035492079914547503,0.0036921249702572823,-0.00014291697880253196
96100,5,26,30,0,0.0021422089776024222,3.92910442315042e-05,0.0011537919635884464,6.679201032966375e-05,0.0034020839957520366,0.004469583975151181,-0.0010674999793991446
96100,6,33,30,4,0.0024088750360533595,3.770896000787616e-05,0.0018067500204779208,7.812498370185494e-05,0.004331459000241011,0.0036437090020626783,0.000687749998178333
96100,7,32,26,26,0.002181040996219963,4.2249972466379404e-05,0.0012436670367605984,0.0001289169886149466,0.0035958749940618873,0.004502125026192516,-0.0009062500321306288
96100,8,12,0,0,0.0018597079906612635,4.6250002924352884e-05,0.0015958749572746456,7.17920484021306e-05,0.0035736249992623925,0.0030312080052681267,0.0005424169939942658
96100,9,21,0,0,0.002088415960315615,4.379200981929898e-05,0.0014392500161193311,7.887498941272497e-05,0.00365033297566697,0.0043366660247556865,-0.0006863330490887165
96100,10,26,0,0,0.002030625008046627,3.966700751334429e-05,0.0014058329979889095,6.654200842604041e-05,0.0035426670219749212,0.003906333993654698,-0.0003636669716797769
96100,11,28,1,1,0.002450375002808869,4.69580409117043e-05,0.0011874169576913118,7.07080471329391e-05,0.003755458048544824,0.004434582951944321,-0.0006791249033994973
96100,12,34,1,1,0.002233667008113116,4.7625042498111725e-05,0.0013872080016881227,7.1291986387223e-05,0.0037397920386865735,0.004228584002703428,-0.0004887919640168548
96100,13,43,3,3,0.002499333000741899,7.458397885784507e-05,0.001961791014764458,8.620898006483912e-05,0.004621916974429041,0.004320582957006991,0.00030133401742205024
96100,14,45,6,6,0.0024881670251488686,4.074996104463935e-05,0.001390332996379584,7.524999091401696e-05,0.003994499973487109,0.004343333013821393,-0.0003488330403342843
96100,15,44,9,9,0.002524833020288497,6.137497257441282e-05,0.00146416702773422,8.874997729435563e-05,0.004139124997891486,0.0039761249790899456,0.00016300001880154014
96100,16,36,3,3,0.0023073750198818743,3.879197174683213e-05,0.0015526250354014337,6.983301136642694e-05,0.003968625038396567,0.00397054199129343,-1.916952896863222e-06
96100,17,35,3,3,0.0023795420420356095,5.345797399058938e-05,0.0013514169841073453,7.141701644286513e-05,0.0038558340165764093,0.003933666041120887,-7.783202454447746e-05
96100,18,34,3,3,0.0022231669863685966,3.991700941696763e-05,0.0011762079666368663,7.987499702721834e-05,0.003519166959449649,0.0039374170009978116,-0.0004182500415481627
96100,19,31,1,1,0.0022071669809520245,4.0583021473139524e-05,0.0013430420076474547,6.758299423381686e-05,0.0036583750043064356,0.0034439999726600945,0.00021437503164634109
96100,20,30,0,0,0.0021770409657619894,3.84590239264071e-05,0.0017748749814927578,6.71250163577497e-05,0.004057499987538904,0.0034852499957196414,0.0005722499918192625
96100,21,30,0,0,0.0022742499713785946,4.312500823289156e-05,0.0013947910047136247,7.091701263561845e-05,0.0037830829969607294,0.003785042033996433,-1.959037035703659e-06
96100,22,30,0,0,0.0021755420020781457,3.700004890561104e-05,0.0017118749674409628,6.633298471570015e-05,0.00399075000314042,0.003944083000533283,4.6667002607136965e-05
96100,23,30,0,0,0.002235791995190084,4.212500061839819e-05,0.0013790830271318555,6.499997107312083e-05,0.0037219999940134585,0.0038460000068880618,-0.00012400001287460327
96100,24,30,2,2,0.0022296670358628035,4.374998388811946e-05,0.0010590829770080745,6.479199510067701e-05,0.0033972919918596745,0.0034973330330103636,-0.00010004104115068913
96100,25,28,5,5,0.0022101670037955046,5.866598803550005e-05,0.0012976250145584345,7.89589830674231e-05,0.003645416989456862,0.0034737499663606286,0.0001716670230962336
96100,26,23,5,5,0.0019744160235859454,3.7209014408290386e-05,0.0011774159502238035,6.783404387533665e-05,0.003256875032093376,0.003705875016748905,-0.00044899998465552926
96100,27,18,3,3,0.001955249987076968,4.3665990233421326e-05,0.0011406249832361937,6.925000343471766e-05,0.0032087909639813006,0.0031498329481109977,5.8958015870302916e-05
96100,28,15,5,5,0.0025792079977691174,3.787496825680137e-05,0.0012427080073393881,7.108401041477919e-05,0.003930874983780086,0.003952832950744778,-2.1957966964691877e-05
96100,29,10,5,5,0.0017406659899279475,3.62499849870801e-05,0.0017755419830791652,6.799999391660094e-05,0.0036204579519107938,0.0029801250202581286,0.0006403329316526651
96100,30,5,4,4,0.0016460000188089907,3.683299291878939e-05,0.001158249971922487,6.754201604053378e-05,0.002908624999690801,0.003200042003300041,-0.00029141700360924006
96100,31,1,4,1,0.0015315840137191117,3.933301195502281e-05,0.0012059169821441174,6.554101128131151e-05,0.0028423750190995634,0.0034225000417791307,-0.0005801250226795673
96100,32,0,4,0,0.0015894589596427977,5.050003528594971e-05,0.0011295409640297294,6.579200271517038e-05,0.002835291961673647,0.0034493330167606473,-0.0006140410550870001
96100,33,0,9,0,0.001628457976039499,3.7582998629659414e-05,0.001093125029001385,7.24170240573585e-05,0.002831583027727902,0.0029216670081950724,-9.008398046717048e-05
96100,34,0,16,0,0.0015167089877650142,3.7958030588924885e-05,0.002250332967378199,6.966700311750174e-05,0.00387466698884964,0.0028757500112988055,0.0009989169775508344
96100,35,0,19,0,0.0015330830356106162,4.2082974687218666e-05,0.0016793340328149498,6.883294554427266e-05,0.0033233329886570573,0.002952457987703383,0.0003708750009536743
96100,36,0,23,0,0.0015026250039227307,3.56250093318522e-05,0.002240500005427748,0.00018554198322817683,0.003964292001910508,0.002846167015377432,0.0011181249865330756
96100,37,0,26,0,0.001528875029180199,3.5999983083456755e-05,0.0012189170229248703,6.641598884016275e-05,0.0028502080240286887,0.002954165975097567,-0.00010395795106887817
96100,38,0,29,0,0.001504582993220538,3.6999990697950125e-05,0.00137720798375085,6.841699359938502e-05,0.002987207961268723,0.003362499992363155,-0.0003752920310944319
96101,0,0,30,0,0.0014949999749660492,3.6167039070278406e-05,0.001312082982622087,6.59999786876142e-05,0.002909249975346029,0.002698040974792093,0.00021120900055393577
96101,1,1,30,0,0.0015256659826263785,3.587501123547554e-05,0.0016790839727036655,6.304099224507809e-05,0.0033036659588105977,0.0029609999619424343,0.00034266599686816335
96101,2,4,30,0,0.00177800003439188,3.812497016042471e-05,0.0016841249889694154,6.745901191607118e-05,0.0035677090054377913,0.003893749963026494,-0.00032604095758870244
96101,3,7,30,0,0.0016590419691056013,4.079198697581887e-05,0.0014719580067321658,6.95830094628036e-05,0.0032413749722763896,0.0029585420270450413,0.0002828329452313483
96101,4,11,30,0,0.0018840840202756226,7.491599535569549e-05,0.0020527089945971966,8.025002898648381e-05,0.0040919590392149985,0.003607542021200061,0.00048441701801493764
96101,5,16,30,0,0.0018884169985540211,3.7416990380734205e-05,0.0014597080298699439,8.008297299966216e-05,0.0034656249918043613,0.0031439579906873405,0.00032166700111702085
96101,6,22,30,1,0.002036083023995161,4.0583021473139524e-05,0.0019069169647991657,8.37499974295497e-05,0.004067333007697016,0.0033999999868683517,0.0006673330208286643
96101,7,32,29,26,0.002218124980572611,3.654201282188296e-05,0.0020210419897921383,0.00013087503612041473,0.004406584019307047,0.003693500009831041,0.000713084009476006
96101,8,9,3,3,0.0017186659970320761,4.600000102072954e-05,0.0013396249851211905,7.412501145154238e-05,0.0031784159946255386,0.003529875015374273,-0.0003514590207487345
96101,9,10,0,0,0.0017697079456411302,3.7582998629659414e-05,0.0012527090148068964,7.341598393395543e-05,0.0031334159430116415,0.004101916973013431,-0.0009685010300017893
96101,10,15,0,0,0.0017931669717654586,4.112499300390482e-05,0.001388833043165505,6.658397614955902e-05,0.0032897089840844274,0.0030839579994790256,0.00020575098460540175
96101,11,23,0,0,0.0020345000084489584,4.062504740431905e-05,0.0011794169549830258,6.700004450976849e-05,0.0033215420553460717,0.0035700000007636845,-0.0002484579454176128
96101,12,29,0,0,0.00213274999987334,3.483297768980265e-05,0.001446375041268766,6.445898907259107e-05,0.0036784170079044998,0.0035809159744530916,9.750103345140815e-05
96101,13,37,1,1,0.0024774589692242444,8.02910071797669e-05,0.00123104196973145,9.204202797263861e-05,0.0038808339741081,0.004560375004075468,-0.0006795410299673676
96101,14,42,0,0,0.002460291958414018,3.766699228435755e-05,0.0011577910045161843,6.433401722460985e-05,0.00372008397243917,0.0037681669928133488,-4.8083020374178886e-05
96101,15,51,1,1,0.0026609160122461617,3.6375015042722225e-05,0.001182125008199364,6.570899859070778e-05,0.003945125034078956,0.004202083975542337,-0.00025695894146338105
96101,16,53,2,2,0.0027475409442558885,3.625004319474101e-05,0.001104291994124651,6.470800144597888e-05,0.003952790983021259,0.00418683304451406,-0.0002340420614928007
96101,17,54,4,4,0.0027921670116484165,5.620799493044615e-05,0.0014219579752534628,8.629198418930173e-05,0.004356624966021627,0.004068291978910565,0.0002883329871110618
96101,18,51,7,7,0.002716290997341275,6.350001785904169e-05,0.0014737499877810478,6.912497337907553e-05,0.00432266597636044,0.004625916015356779,-0.00030325003899633884
96101,19,45,8,8,0.0025766660110093653,6.445898907259107e-05,0.0014312079874798656,7.870799163356423e-05,0.004151040979195386,0.004256165993865579,-0.0001051250146701932
96101,20,37,1,1,0.00238229101523757,4.658399848267436e-05,0.0011656659771688282,6.262504030019045e-05,0.003657166031189263,0.003922916017472744,-0.0002657499862834811
96101,21,36,1,1,0.0024736669729463756,3.9583013858646154e-05,0.001242334023118019,6.574997678399086e-05,0.0038213339867070317,0.003702874993905425,0.00011845899280160666
96101,22,35,0,0,0.002370124973822385,4.8250018153339624e-05,0.0013174579944461584,8.933298522606492e-05,0.003825165971647948,0.0042084999731741846,-0.00038333400152623653
96101,23,35,3,3,0.0023260419839061797,4.3208012357354164e-05,0.001449708011932671,7.312500383704901e-05,0.003892083012033254,0.004077958990819752,-0.0001858759787864983
96101,24,32,0,0,0.002187041041906923,4.212500061839819e-05,0.001491958973929286,6.558303721249104e-05,0.0037867080536670983,0.004181666998192668,-0.0003949589445255697
96101,25,32,1,1,0.00217595900176093,3.712502075359225e-05,0.0014729159884154797,7.820897735655308e-05,0.003764208988286555,0.003708000003825873,5.620898446068168e-05
96101,26,31,1,1,0.002198625006712973,3.825000021606684e-05,0.0019202500116080046,0.00020962499547749758,0.004366750014014542,0.004284833034034818,8.191697997972369e-05
96101,27,30,0,0,0.002176125010009855,3.6375015042722225e-05,0.0012528750230558217,6.65419502183795e-05,0.0035319169983267784,0.004086959001142532,-0.0005550420028157532
96101,28,30,0,0,0.0021773750195279717,3.6415993236005306e-05,0.001416624989360571,6.808398757129908e-05,0.003698499989695847,0.0036572499666363,4.125002305954695e-05
96101,29,30,1,1,0.002176416979636997,3.804103471338749e-05,0.0012317089713178575,7.704098243266344e-05,0.0035232079681009054,0.0034567079856060445,6.649998249486089e-05
96101,30,29,0,0,0.0021762499818578362,3.783300053328276e-05,0.001036958012264222,6.524997297674417e-05,0.003316290967632085,0.0036570419906638563,-0.0003407510230317712
96101,31,29,2,2,0.0022087080287747085,4.04169550165534e-05,0.0019365830230526626,7.229199400171638e-05,0.004258000000845641,0.0036465409793891013,0.0006114590214565396
96101,32,27,5,5,0.0020595830283127725,3.683299291878939e-05,0.001738749968353659,6.916699931025505e-05,0.003904332988895476,0.003476125013548881,0.00042820797534659505
96101,33,22,7,7,0.002610708004795015,4.3291947804391384e-05,0.0018889580387622118,7.941696094349027e-05,0.004622374952305108,0.00437354197492823,0.00024883297737687826
96101,34,15,5,5,0.00178883399348706,4.054099554196e-05,0.001900959003251046,0.00017375004244968295,0.003904084034729749,0.0034127089893445373,0.0004913750453852117
96101,35,10,4,4,0.0017253329860977829,4.1000021155923605e-05,0.0011156249674968421,7.266702596098185e-05,0.0029546250007115304,0.003329249972011894,-0.00037462497130036354
96101,36,6,0,0,0.0016202080296352506,3.6375015042722225e-05,0.0011220829910598695,6.516696885228157e-05,0.002843833004590124,0.0028597500058822334,-1.591700129210949e-05
96101,37,6,1,1,0.001641125010792166,3.633397864177823e-05,0.001571958011481911,7.229199400171638e-05,0.0033217089949175715,0.0033806670107878745,-5.8958015870302916e-05
96101,38,5,9,5,0.0022722919820807874,3.729102900251746e-05,0.0012412089854478836,7.337500574067235e-05,0.003624167002271861,0.0036492079962044954,-2.5040993932634592e-05
96101,39,0,8,0,0.0015138330054469407,3.950000973418355e-05,0.0016786250052973628,6.574997678399086e-05,0.003297707997262478,0.002892417018301785,0.0004052909789606929
96101,40,0,11,0,0.0014915410429239273,3.654195461422205e-05,0.0015236670151352882,6.579101318493485e-05,0.0031175410258583724,0.003208792011719197,-9.125098586082458e-05
96101,41,0,14,0,0.0014667499926872551,3.925000783056021e-05,0.0011469169985502958,8.716701995581388e-05,0.002740084019023925,0.0031871249666437507,-0.0004470409476198256
96101,42,0,17,0,0.0014970830525271595,3.6624958738684654e-05,0.0012671670410782099,6.862496957182884e-05,0.002869500021915883,0.00327391701284796,-0.00040441699093207717
96101,43,0,18,0,0.0015111250104382634,3.812502836808562e-05,0.0010953749879263341,6.370799383148551e-05,0.0027083330205641687,0.002959374978672713,-0.00025104195810854435
96101,44,0,21,0,0.0015967080253176391,3.933301195502281e-05,0.0012045420007780194,6.608298281207681e-05,0.002906666020862758,0.002784334006719291,0.00012233201414346695
96101,45,0,25,0,0.001554583024699241,3.879197174683213e-05,0.0011107079917564988,6.370904156938195e-05,0.002767792029771954,0.0027846249868161976,-1.6832957044243813e-05
96101,46,0,28,0,0.00152283301576972,3.6999990697950125e-05,0.0010826250072568655,6.233400199562311e-05,0.002704792015720159,0.0027222500066272914,-1.7457990907132626e-05
96102,0,3,30,0,0.0016197499935515225,6.25409884378314e-05,0.0013839169987477362,7.687497418373823e-05,0.0031430829549208283,0.0028345839818939567,0.0003084989730268717
96102,1,5,30,0,0.001645167008973658,4.29159845225513e-05,0.001385625044349581,6.991700502112508e-05,0.0031436250428669155,0.0032501249806955457,-0.00010649993782863021
96102,2,9,30,0,0.0017020410159602761,3.887497587129474e-05,0.001306625024881214,6.879196735098958e-05,0.0031163329840637743,0.004403166996780783,-0.0012868340127170086
96102,3,16,30,0,0.002018583007156849,3.966700751334429e-05,0.0014667910290881991,8.425000123679638e-05,0.0036092910449951887,0.003338584036100656,0.0002707070088945329
96102,4,20,30,0,0.001993458019569516,7.54169886931777e-05,0.0015360830002464354,6.42079976387322e-05,0.0036691660061478615,0.0033319999929517508,0.0003371660131961107
96102,5,24,30,0,0.0020288749947212636,4.0417013224214315e-05,0.001540499972179532,7.083301898092031e-05,0.0036806249991059303,0.003491584036964923,0.00018904096214100718
96102,6,32,30,3,0.0021973749971948564,3.62499849870801e-05,0.001410250028129667,6.53750030323863e-05,0.00370925001334399,0.004040750034619123,-0.0003315000212751329
96102,7,35,27,27,0.002253624959848821,3.845803439617157e-05,0.0013041250058449805,0.00011874997289851308,0.0037149579729884863,0.004398832970764488,-0.0006838749977760017
96102,8,16,0,0,0.0018388750031590462,3.637495683506131e-05,0.0012775420327670872,7.454102160409093e-05,0.0032273330143652856,0.003391832986380905,-0.00016449997201561928
96102,9,25,0,0,0.0020682080066762865,4.662497667595744e-05,0.001217291981447488,6.566604133695364e-05,0.0033977910061366856,0.0038920840015634894,-0.0004942929954268038
96102,10,28,0,0,0.0021112909889779985,3.787502646446228e-05,0.001410083961673081,6.654101889580488e-05,0.0036257909960113466,0.003488333022687584,0.00013745797332376242
96102,11,28,1,1,0.002202000003308058,4.212500061839819e-05,0.0012348750024102628,6.908300565555692e-05,0.0035480830119922757,0.0034542090143077075,9.387399768456817e-05
96102,12,33,2,2,0.002232832950539887,6.0083053540438414e-05,0.0022326670004986227,0.0001617079833522439,0.004687290987931192,0.004548166994936764,0.00013912399299442768
96102,13,36,2,2,0.0023206250043585896,3.987504169344902e-05,0.0013513329904526472,6.741698598489165e-05,0.0037792500224895775,0.004058999998960644,-0.0002797499764710665
96102,14,41,4,4,0.002431417000479996,4.562496906146407e-05,0.0014993749791756272,7.375003769993782e-05,0.004050166986417025,0.0042497499962337315,-0.00019958300981670618
96102,15,44,5,5,0.002604625013191253,7.61660048738122e-05,0.00124299997696653,7.05840066075325e-05,0.003994375001639128,0.003686250012833625,0.00030812498880550265
96102,16,40,7,7,0.0024330419837497175,4.800001624971628e-05,0.001638915971852839,8.962501306086779e-05,0.0042095829849131405,0.0049403749871999025,-0.000730792002286762
96102,17,37,3,3,0.0024310830049216747,5.0541944801807404e-05,0.0008892920450307429,6.933300755918026e-05,0.0034402500023134053,0.004313874989748001,-0.0008736249874345958
96102,18,35,6,6,0.0023071669857017696,6.812502397224307e-05,0.0014900829992257059,6.874999962747097e-05,0.0039341250085271895,0.003865291946567595,6.883306195959449e-05
96102,19,30,0,0,0.0023589589982293546,4.237494431436062e-05,0.0013619160163216293,6.550003308802843e-05,0.003828749991953373,0.003736040962394327,9.270902955904603e-05
96102,20,30,2,2,0.002189000020734966,5.591695662587881e-05,0.0010655000223778188,7.533299503847957e-05,0.003385749994777143,0.0042443330166861415,-0.0008585830219089985
96102,21,28,3,3,0.002184875018429011,3.704201662912965e-05,0.0008637079736217856,6.53750030323863e-05,0.0031510000117123127,0.0033488329499959946,-0.00019783293828368187
96102,22,25,1,1,0.0020763750071637332,3.716698847711086e-05,0.0012982079642824829,7.529201684519649e-05,0.0034870419767685235,0.004241665999870747,-0.0007546240231022239
96102,23,24,3,3,0.0020122500136494637,4.2208004742860794e-05,0.0017627080087549984,0.00021974998526275158,0.0040369160124100745,0.0032856250181794167,0.0007512909942306578
96102,24,21,4,4,0.001975832972675562,4.0624989196658134e-05,0.002042209031060338,7.004098733887076e-05,0.004128707980271429,0.004093875002581626,3.483297768980265e-05
96102,25,17,3,3,0.0019367500208318233,4.033301956951618e-05,0.0010807079961523414,6.554200081154704e-05,0.003123333037365228,0.003289917018264532,-0.00016658398089930415
96102,26,14,2,2,0.00193349999608472,5.87090034969151e-05,0.0013130409643054008,7.729203207418323e-05,0.003382541995961219,0.0036559169529937208,-0.0002733749570325017
96102,27,12,4,4,0.0017590420320630074,6.258295616135001e-05,0.001490916998591274,8.995801908895373e-05,0.003402500005904585,0.0031922919442877173,0.00021020806161686778
96102,28,8,5,5,0.0017435000045225024,3.8207974284887314e-05,0.0008357089827768505,6.670801667496562e-05,0.002684124978259206,0.003073040978051722,-0.00038891599979251623
96102,29,3,0,0,0.0016665829461999238,4.3417036067694426e-05,0.001349708007182926,6.758398376405239e-05,0.0031272919732145965,0.00348137499531731,-0.0003540830221027136
96102,30,3,2,2,0.0015582500491291285,5.5833952501416206e-05,0.001485500019043684,7.491599535569549e-05,0.003174500016029924,0.0030657079769298434,0.00010879203910008073
96102,31,1,2,1,0.0015625420492142439,3.8707978092134e-05,0.0009934169938787818,6.904202746227384e-05,0.0026637090486474335,0.00265820900676772,5.500041879713535e-06
96102,32,0,4,0,0.0015340409590862691,3.67090106010437e-05,0.0010883330251090229,6.36249897070229e-05,0.0027227079845033586,0.0025527499965392053,0.0001699579879641533
96102,33,0,7,0,0.0015387500170618296,3.950000973418355e-05,0.0014317499590106308,6.795901572331786e-05,0.003077959001529962,0.003069458995014429,8.500006515532732e-06
96102,34,0,13,0,0.0016655420185998082,7.349997758865356e-05,0.0015011670184321702,9.029096690937877e-05,0.0033304999815300107,0.0034089169930666685,-7.841701153665781e-05
96102,35,0,19,0,0.001650833000894636,4.208402242511511e-05,0.0013799580046907067,7.19169620424509e-05,0.0031447919900529087,0.002937000012025237,0.00020779197802767158
96102,36,0,24,0,0.0015304170083254576,5.600001895800233e-05,0.00114166596904397,6.35419855825603e-05,0.0027916249819099903,0.002606416994240135,0.00018520798766985536
96102,37,0,27,0,0.0015439169947057962,4.4249987695366144e-05,0.0010700420243665576,6.658298661932349e-05,0.0027247919933870435,0.003007291001267731,-0.0002824990078806877
96103,0,0,30,0,0.001612124964594841,4.062504740431905e-05,0.000988416955806315,6.791704799979925e-05,0.0027090840158052742,0.0030895420350134373,-0.000380458019208163
96103,1,0,30,0,0.0015820410335436463,5.0333968829363585e-05,0.000931332993786782,6.550003308802843e-05,0.0026292080292478204,0.0031276249792426825,-0.0004984169499948621
96103,2,3,30,0,0.0016735419631004333,4.012504359707236e-05,0.0011879579978995025,6.987497908994555e-05,0.0029714999836869538,0.0030054590315558016,-3.395904786884785e-05
96103,3,6,30,0,0.0017452079919166863,4.183303099125624e-05,0.0008553749648854136,6.854202365502715e-05,0.0027109580114483833,0.002733166969846934,-2.220895839855075e-05
96103,4,11,30,0,0.0017993339570239186,5.383300594985485e-05,0.001147375034634024,6.787496386095881e-05,0.003068416961468756,0.002807374985422939,0.00026104197604581714
96103,5,18,30,0,0.0019727919716387987,4.991603782400489e-05,0.0014420420047827065,6.41669612377882e-05,0.0035289169754832983,0.003278499993029982,0.00025041698245331645
96103,6,21,30,2,0.002013667020946741,3.825000021606684e-05,0.0009984999778680503,6.95830094628036e-05,0.003120000008493662,0.0037908749654889107,-0.0006708749569952488
96103,7,26,28,26,0.0021819579997099936,4.0041981264948845e-05,0.0011164160096086562,0.00012433400843292475,0.0034627499990165234,0.0037422089953906834,-0.00027945899637416005
96103,8,13,2,2,0.0019087919499725103,3.770802868530154e-05,0.0010625830036588013,6.325001595541835e-05,0.0030723329982720315,0.0029239580035209656,0.00014837499475106597
96103,9,16,0,0,0.0019255420193076134,4.6083005145192146e-05,0.0008360419888049364,6.737501826137304e-05,0.002875042031519115,0.002965583000332117,-9.054096881300211e-05
96103,10,24,0,0,0.002097541990224272,3.649998689070344e-05,0.0011047910084016621,6.745901191607118e-05,0.0033062919974327087,0.003072999999858439,0.00023329199757426977
96103,11,32,0,0,0.0022513330332003534,4.3042004108428955e-05,0.0011344579979777336,7.420801557600498e-05,0.003503041050862521,0.0035480419755913317,-4.500092472881079e-05
96103,12,37,0,0,0.00240883301012218,4.57499991171062e-05,0.0009549169917590916,6.670801667496562e-05,0.0034762080176733434,0.0034660829696804285,1.0125047992914915e-05
96103,13,41,0,0,0.002576833008788526,5.054200300946832e-05,0.0016770829679444432,7.120904047042131e-05,0.004375667020212859,0.004284875001758337,9.07920184545219e-05
96103,14,45,4,4,0.0025787499616853893,7.429200923070312e-05,0.001104750030208379,7.07499566487968e-05,0.0038285419577732682,0.00385337503394112,-2.4833076167851686e-05
96103,15,46,2,2,0.0026099170208908617,4.354200791567564e-05,0.001399290980771184,6.783398566767573e-05,0.004120583995245397,0.003713125013746321,0.0004074589814990759
96103,16,47,3,3,0.0026077500078827143,4.4625019654631615e-05,0.0021317919599823654,0.00023325002985075116,0.005017417017370462,0.0037287920131348073,0.001288625004235655
96103,17,50,1,1,0.002713375026360154,4.2208004742860794e-05,0.0008974170195870101,6.974994903430343e-05,0.0037227499997243285,0.004348375019617379,-0.0006256250198930502
96103,18,50,2,2,0.002645417000167072,5.7999975979328156e-05,0.0012861670111306012,6.833299994468689e-05,0.004057916987221688,0.0038570830365642905,0.0002008339506573975
96103,19,48,3,3,0.002695125003810972,4.379195161163807e-05,0.001487000030465424,6.941700121387839e-05,0.0042953339871019125,0.004418750002514571,-0.00012341601541265845
96103,20,45,4,4,0.002552292018663138,4.262494621798396e-05,0.002002042019739747,0.00020108302123844624,0.004798042005859315,0.00366329203825444,0.0011347499676048756
96103,21,41,2,2,0.0024992499966174364,3.8958038203418255e-05,0.0011342919897288084,6.71250163577497e-05,0.0037396250409074128,0.0037128329859115183,2.6792054995894432e-05
96103,22,39,3,3,0.0024465000024065375,3.6959012504667044e-05,0.0016252079512923956,6.716704228892922e-05,0.004175834008492529,0.003495541983284056,0.0006802920252084732
96103,23,36,3,3,0.0023559159599244595,4.433403955772519e-05,0.0010697079706005752,6.925000343471766e-05,0.0035392079735174775,0.003722042019944638,-0.0001828340464271605
96103,24,33,2,2,0.0022895830334164202,3.9666949305683374e-05,0.0009861250291578472,6.71250163577497e-05,0.0033825000282377005,0.0032708749640733004,0.0001116250641644001
96103,25,31,0,0,0.002363957988563925,4.15419926866889e-05,0.0008674580021761358,6.433302769437432e-05,0.003337291011121124,0.0032747500226832926,6.25409884378314e-05
96103,26,31,0,0,0.002235041989479214,4.7667010221630335e-05,0.000984541024081409,6.870896322652698e-05,0.0033359589870087802,0.00365408300422132,-0.0003181240172125399
96103,27,31,1,1,0.0022526669781655073,3.700004890561104e-05,0.0008822079980745912,6.412499351426959e-05,0.003236000018659979,0.003295375034213066,-5.9375015553086996e-05
96103,28,30,0,0,0.0022401249734684825,4.733301466330886e-05,0.0010008749668486416,6.545905489474535e-05,0.0033537920098751783,0.003430540964473039,-7.674895459786057e-05
96103,29,30,3,3,0.002155041031073779,4.858395550400019e-05,0.0011954160290770233,6.470899097621441e-05,0.0034637500066310167,0.0037830419605597854,-0.00031929195392876863
96103,30,27,1,1,0.0023192920489236712,7.529195863753557e-05,0.0021491250372491777,0.00021374999778345227,0.004757459042593837,0.0038525830022990704,0.0009048760402947664
96103,31,26,0,0,0.002097125048749149,4.0249957237392664e-05,0.0011059590033255517,7.050001295283437e-05,0.0033138340222649276,0.0035002919612452388,-0.00018645793898031116
96103,32,26,2,2,0.0021312499884516,4.116701893508434e-05,0.0023569579934701324,8.54589743539691e-05,0.004614833975210786,0.003690625017043203,0.0009242089581675828
96103,33,24,0,0,0.002104500017594546,4.074996104463935e-05,0.0013709579943679273,0.00020870903972536325,0.003724917012732476,0.003935125016141683,-0.00021020800340920687
96103,34,24,3,3,0.0020179999992251396,3.504200140014291e-05,0.0010612080222927034,6.504199700430036e-05,0.0031792920199222863,0.0031540420022793114,2.5250017642974854e-05
96103,35,21,2,2,0.002043417014647275,4.095799522474408e-05,0.0009180419729091227,7.375003769993782e-05,0.00307616702048108,0.0038766670040786266,-0.0008004999835975468
96103,36,19,6,6,0.002011875039897859,4.03339508920908e-05,0.0011179160210303962,7.154198829084635e-05,0.0032416670001111925,0.0029390829731710255,0.00030258402694016695
96103,37,13,1,1,0.0018627499812282622,3.98330157622695e-05,0.0017755000153556466,6.749999010935426e-05,0.0037455830024555326,0.0036331249866634607,0.00011245801579207182
96103,38,12,3,3,0.0017857499769888818,3.600004129111767e-05,0.0013807499781250954,6.824999582022429e-05,0.003270749992225319,0.0036377920187078416,-0.0003670420264825225
96103,39,9,1,1,0.001810791960451752,3.6750047001987696e-05,0.0023505829740315676,0.0002517920220270753,0.0044499170035123825,0.002742542012128979,0.0017073749913834035
96103,40,8,1,1,0.001742792024742812,3.6999990697950125e-05,0.0008420419762842357,6.545800715684891e-05,0.0026872919988818467,0.0036798340152017772,-0.0009925420163199306
96103,41,7,5,5,0.0016584169934503734,5.324999801814556e-05,0.0011030830210074782,6.770901381969452e-05,0.0028824590262956917,0.0030913749942556024,-0.00020891596795991063
96103,42,2,2,2,0.0015490000369027257,3.858294803649187e-05,0.0010740830330178142,6.479199510067701e-05,0.0027264580130577087,0.003005000005941838,-0.0002785419928841293
96103,43,0,0,0,0.0024488340131938457,5.079101538285613e-05,0.0013654169742949307,6.570800906047225e-05,0.003930750011932105,0.003714166989084333,0.00021658302284777164
96103,44,0,2,0,0.001506791973952204,3.670802107080817e-05,0.0017144589801318944,0.00010070798452943563,0.003358666959684342,0.002475125016644597,0.0008835419430397451
96103,45,0,3,0,0.0015390829648822546,4.783400800079107e-05,0.0013072080328129232,6.691698217764497e-05,0.002961041987873614,0.004158125026151538,-0.001197083038277924
96103,46,0,7,0,0.0015000409912317991,4.8250018153339624e-05,0.0009284589905291796,6.412499351426959e-05,0.002540874993428588,0.002870999975129962,-0.00033012498170137405
96103,47,0,10,0,0.0014929999597370625,3.74580267816782e-05,0.0010357499704696238,6.279203807935119e-05,0.0026289999950677156,0.0024817080120556056,0.00014729198301211
96103,48,0,14,0,0.001507583016064018,3.6833982449024916e-05,0.00239837501430884,7.9666031524539e-05,0.004022458044346422,0.0025736670359037817,0.0014487910084426403
96103,49,0,23,0,0.0015804169815964997,4.1000021155923605e-05,0.0009373749489895999,6.616604514420033e-05,0.0026249579968862236,0.0036836249637417495,-0.001058666966855526
96103,50,0,27,0,0.00162191700655967,3.779097460210323e-05,0.0009632090223021805,6.816600216552615e-05,0.00269108300562948,0.0025909580290317535,0.00010012497659772635
96103,51,0,28,0,0.0015973750269040465,4.437495954334736e-05,0.0018986249924637377,6.433302769437432e-05,0.003604708006605506,0.0029932920006103814,0.0006114160059951246
96103,52,0,29,0,0.0015603330102749169,4.379200981929898e-05,0.0027967909700237215,0.00020441703964024782,0.004605333029758185,0.0035764999920502305,0.0010288330377079546
96103,53,0,29,0,0.0015166659723035991,3.666698466986418e-05,0.0017491670441813767,0.00022016599541530013,0.00352266599657014,0.0030482090078294277,0.0004744569887407124
96104,0,1,30,0,0.0016091249999590218,3.808399196714163e-05,0.0009784579742699862,6.575003499165177e-05,0.0026914170011878014,0.0031333340448327363,-0.0004419170436449349
96104,1,3,30,0,0.0017009159782901406,4.1834020521491766e-05,0.0010157499928027391,6.637501064687967e-05,0.002824875002261251,0.003092916973400861,-0.0002680419711396098
96104,2,4,30,0,0.001545958046335727,3.812497016042471e-05,0.0012374169891700149,6.441702134907246e-05,0.002885917027015239,0.002782665949780494,0.00010325107723474503
96104,3,8,30,0,0.0017243329784832895,3.804202424362302e-05,0.0019174169865436852,0.00022200000239536166,0.0039017919916659594,0.0036228750250302255,0.00027891696663573384
96104,4,10,30,0,0.001762332976795733,4.2625004425644875e-05,0.0010292500373907387,6.708299042657018e-05,0.0029012910090386868,0.004667291999794543,-0.001766000990755856
96104,5,17,30,0,0.00197199999820441,3.9541046135127544e-05,0.01522812497569248,0.00010491698049008846,0.017344583000522107,0.0034556249738670886,0.013888958026655018
96104,6,20,30,0,0.002132416993845254,5.1125010941177607e-05,0.0015874580130912364,8.383399108424783e-05,0.003854834008961916,0.0044209579937160015,-0.0005661239847540855
96104,7,32,30,17,0.0024775000056251884,6.066699279472232e-05,0.002478540991432965,0.0001312090316787362,0.005147917021531612,0.004753041954245418,0.00039487506728619337
96104,8,19,13,13,0.002248082950245589,6.483303150162101e-05,0.0012591250124387443,9.745894931256771e-05,0.003669499943498522,0.0035317500005476177,0.00013774994295090437
96104,9,15,0,0,0.001964416995178908,4.4249987695366144e-05,0.002182916970923543,8.73749959282577e-05,0.004278958949726075,0.004121209029108286,0.00015774992061778903
96104,10,26,0,0,0.0023600420099683106,4.554097540676594e-05,0.001444874971639365,7.991702295839787e-05,0.003930374979972839,0.004147875006310642,-0.0002175000263378024
96104,11,34,1,1,0.002233915962278843,3.741704858839512e-05,0.0016621669637970626,9.541603503748775e-05,0.004028916009701788,0.0038914999458938837,0.00013741606380790472
96104,12,39,0,0,0.002579833031632006,5.312496796250343e-05,0.0012991250259801745,6.799999391660094e-05,0.004000083019491285,0.003768583992496133,0.00023149902699515224
96104,13,42,0,0,0.0027659169863909483,5.8582983911037445e-05,0.0014943749993108213,7.73330102674663e-05,0.004396207979880273,0.0038898749626241624,0.0005063330172561109
96104,14,46,2,2,0.0025892910198308527,4.116701893508434e-05,0.0011937919771298766,6.724998820573092e-05,0.0038915000041015446,0.004731208027806133,-0.0008397080237045884
96104,15,45,2,2,0.002676667005289346,7.933296728879213e-05,0.0017202090239152312,0.0002239999594166875,0.004700208955910057,0.0036005829460918903,0.0010996260098181665
96104,16,48,5,5,0.002718667034059763,4.6250002924352884e-05,0.0010009160032495856,7.07499566487968e-05,0.0038365829968824983,0.0045281249913387,-0.0006915419944562018
96104,17,47,7,7,0.002634832984767854,6.412499351426959e-05,0.0010013750288635492,8.499994874000549e-05,0.0037853329558856785,0.00451970798894763,-0.0007343750330619514
96104,18,43,4,4,0.002528917044401169,4.533299943432212e-05,0.0025159589713439345,8.658302249386907e-05,0.0051767920376732945,0.0051455829525366426,3.120908513665199e-05
96104,19,39,3,3,0.002532915968913585,8.762499783188105e-05,0.00251091702375561,7.358298171311617e-05,0.005205040972214192,0.004570749995764345,0.0006342909764498472
96104,20,36,5,5,0.0024270840222015977,8.224998600780964e-05,0.0018505000043660402,0.00010783300967887044,0.004467667022254318,0.004839625034946948,-0.0003719580126926303
96104,21,31,1,1,0.0024220419581979513,6.208301056176424e-05,0.001965500006917864,7.987499702721834e-05,0.004529499972704798,0.004513167019467801,1.6332953236997128e-05
96104,22,30,0,0,0.0021449580090120435,4.720903234556317e-05,0.0018638749606907368,7.054104935377836e-05,0.004126583051402122,0.003526790998876095,0.000599792052526027
96104,23,30,0,0,0.002510916965547949,6.600003689527512e-05,0.001262041972950101,8.012499893084168e-05,0.003919083974324167,0.0042067079921253026,-0.0002876240178011358
96104,24,30,0,0,0.0023752919514663517,3.8416008464992046e-05,0.0009088339866138995,6.450002547353506e-05,0.0033870419720187783,0.0038272080128081143,-0.00044016604078933597
96104,25,30,5,5,0.0022813749965280294,5.1499984692782164e-05,0.0014262500335462391,7.29589955881238e-05,0.0038320840103551745,0.003983583999797702,-0.0001514999894425273
96104,26,25,6,6,0.0021460000425577164,3.8457976188510656e-05,0.0020180830033496022,7.145898416638374e-05,0.004274000006262213,0.0034296250087209046,0.0008443749975413084
96104,27,19,2,2,0.0020473329932428896,3.966700751334429e-05,0.0014974160003475845,7.1291986387223e-05,0.0036557079874910414,0.003624417004175484,3.129098331555724e-05
96104,28,17,5,5,0.0019015829893760383,3.770901821553707e-05,0.000854915997479111,6.720901001244783e-05,0.002861417015083134,0.00315370800672099,-0.00029229099163785577
96104,29,12,3,3,0.00185179099207744,3.8041966035962105e-05,0.0008687920053489506,6.620801286771894e-05,0.0028248329763300717,0.0031422090250998735,-0.00031737604876980186
96104,30,9,4,4,0.0017732089618220925,4.358298610895872e-05,0.0018624580116011202,6.970902904868126e-05,0.0037489589885808527,0.0027785840211436152,0.0009703749674372375
96104,31,5,4,4,0.0017367919790558517,4.083302337676287e-05,0.0012935829581692815,7.225002627819777e-05,0.003143457986880094,0.0027849170146510005,0.0003585409722290933
96104,32,1,7,1,0.001564666978083551,4.150002496317029e-05,0.0015610409900546074,8.129200432449579e-05,0.0032484999974258244,0.0026580420089885592,0.0005904579884372652
96104,33,0,13,0,0.0016857500304467976,4.241697024554014e-05,0.001436582999303937,6.737501826137304e-05,0.0032321250182576478,0.0038948329747654498,-0.000662707956507802
96104,34,0,18,0,0.0015356250223703682,4.291697405278683e-05,0.000860750034917146,6.49159774184227e-05,0.0025042080087587237,0.0030626250081695616,-0.0005584169994108379
96104,35,0,23,0,0.0015525419730693102,4.8707996029406786e-05,0.0010666250018402934,6.845803000032902e-05,0.0027363330009393394,0.002910250041168183,-0.0001739170402288437
96104,36,0,23,0,0.0015559580060653389,4.445895319804549e-05,0.0015570000396110117,7.166597060859203e-05,0.003229082969482988,0.003696792002301663,-0.00046770903281867504
96104,37,0,29,0,0.0016032499843277037,3.925000783056021e-05,0.0011125410092063248,6.399996345862746e-05,0.002819040964823216,0.003078959009144455,-0.000259918044321239
96105,0,1,30,0,0.0016369170043617487,4.441599594429135e-05,0.0013592920149676502,6.579200271517038e-05,0.0031064170179888606,0.0036431659827940166,-0.000536748964805156
96105,1,5,30,0,0.0017242500325664878,3.754202043637633e-05,0.001607457990758121,0.00021945900516584516,0.0035887090489268303,0.002709332969971001,0.0008793760789558291
96105,2,6,30,0,0.0017004170222207904,3.754196222871542e-05,0.0008712080307304859,6.48329732939601e-05,0.002673999988473952,0.004174207977484912,-0.0015002079890109599
96105,3,11,30,0,0.0018085410119965672,4.862499190494418e-05,0.0017747090314514935,7.67079764045775e-05,0.0037085830117575824,0.004111165995709598,-0.00040258298395201564
96105,4,17,30,0,0.0018995419959537685,4.779204027727246e-05,0.0008532909560017288,6.487499922513962e-05,0.0028654999914579093,0.0035172500065527856,-0.0006517500150948763
96105,5,22,30,1,0.002238666987977922,5.4540985729545355e-05,0.0010333750396966934,7.095898035913706e-05,0.003397541993763298,0.0043475410202518106,-0.0009499990264885128
96105,6,29,29,25,0.002193082997109741,4.033400909975171e-05,0.0016193329938687384,0.00013025000225752592,0.003983000002335757,0.004001916968263686,-1.8916965927928686e-05
96105,7,8,4,4,0.0017162080039270222,4.054198507219553e-05,0.00162191700655967,7.087498670443892e-05,0.0034495419822633266,0.0028332500369288027,0.0006162919453345239
96105,8,9,0,0,0.0017687079962342978,3.9834005292505026e-05,0.0007993750041350722,6.670801667496562e-05,0.0026746250223368406,0.004179750045295805,-0.0015051250229589641
96105,9,13,0,0,0.0019792920211330056,3.925000783056021e-05,0.001408291980624199,6.854097591713071e-05,0.0034953749855048954,0.0036899999831803143,-0.00019462499767541885
96105,10,20,3,3,0.001995291968341917,3.583304351195693e-05,0.001062333001755178,6.454199319705367e-05,0.0031580000068061054,0.0038010000134818256,-0.0006430000066757202
96105,11,24,0,0,0.0020788750261999667,3.73339862562716e-05,0.0007889160187914968,6.266700802370906e-05,0.002967792039271444,0.003055458946619183,-8.766690734773874e-05
96105,12,27,2,2,0.002571334014646709,3.712502075359225e-05,0.0017617499688640237,7.008301327005029e-05,0.004440292017534375,0.0047894580056890845,-0.00034916598815470934
96105,13,28,0,0,0.0021740829688496888,5.224999040365219e-05,0.0009626670507714152,6.387499161064625e-05,0.0032528750016354024,0.0036729589919559658,-0.0004200839903205633
96105,14,34,0,0,0.002433165966067463,4.333403194323182e-05,0.0011101659620180726,7.258402183651924e-05,0.003659249981865287,0.004495000001043081,-0.0008357500191777945
96105,15,41,3,3,0.0025504169752821326,3.875000402331352e-05,0.0014367910334840417,6.937497528269887e-05,0.004095332988072187,0.0035767080262303352,0.0005186249618418515
96105,16,44,2,2,0.0025305000017397106,3.6833982449024916e-05,0.0008780829957686365,6.695801857858896e-05,0.003512374998535961,0.003601207979954779,-8.883298141881824e-05
96105,17,45,0,0,0.0025430000387132168,3.833300434052944e-05,0.0013677089591510594,6.462499732151628e-05,0.004013666999526322,0.004763874982018024,-0.0007502079824917018
96105,18,47,5,5,0.002765250043012202,3.987498348578811e-05,0.0014942919951863587,6.72080204822123e-05,0.004366625042166561,0.004173958033788949,0.00019266700837761164
96105,19,45,5,5,0.0025595839833840728,3.6582991015166044e-05,0.0010169579763896763,6.629200652241707e-05,0.0036794169573113322,0.004353208001703024,-0.0006737910443916917
96105,20,40,4,4,0.0025160000077448785,3.770797047764063e-05,0.0011369590065442026,7.408298552036285e-05,0.0037647499702870846,0.003813499992247671,-4.875002196058631e-05
96105,21,36,3,3,0.0023817080073058605,5.3333991672843695e-05,0.000971208035480231,7.466698298230767e-05,0.003480917017441243,0.0051336250035092235,-0.0016527079860679805
96105,22,33,1,1,0.00244079198455438,4.366703797131777e-05,0.0009944160119630396,6.83749676682055e-05,0.003547250002156943,0.0037768330075778067,-0.00022958300542086363
96105,23,32,0,0,0.0022923750220797956,3.987498348578811e-05,0.0012703330139629543,6.745901191607118e-05,0.003670042031444609,0.003927708021365106,-0.00025766598992049694
96105,24,32,0,0,0.0023109589819796383,4.133302718400955e-05,0.0017516670050099492,6.400002166628838e-05,0.0041679590358398855,0.0039536249823868275,0.000214334053453058
96105,25,32,1,1,0.002317583013791591,4.012498538941145e-05,0.0023897920036688447,0.00021179101895540953,0.004959291021805257,0.00434570899233222,0.0006135820294730365
96105,26,31,0,0,0.0023529999889433384,4.087499110028148e-05,0.000929832982365042,6.679201032966375e-05,0.0033904999727383256,0.0036707919789478183,-0.0002802920062094927
96105,27,31,0,0,0.002259582979604602,3.63329891115427e-05,0.0008789999992586672,6.200000643730164e-05,0.0032369159744121134,0.004250416997820139,-0.0010135010234080255
96105,28,31,3,3,0.002240917005110532,3.579095937311649e-05,0.0015049169887788594,8.116703247651458e-05,0.0038627919857390225,0.004398791992571205,-0.0005360000068321824
96105,29,28,1,1,0.002178042021114379,3.874994581565261e-05,0.00164583302102983,6.708299042657018e-05,0.003929707978386432,0.0037514999858103693,0.00017820799257606268
96105,30,27,0,0,0.002145208010915667,3.791699418798089e-05,0.0011323749786242843,6.766599835827947e-05,0.0033831659820862114,0.003310500003863126,7.26659782230854e-05
96105,31,27,4,4,0.002183542004786432,3.80830024369061e-05,0.0013854169519618154,6.799999391660094e-05,0.003675041953101754,0.004413832968566567,-0.0007387910154648125
96105,32,23,1,1,0.0020373750012367964,3.758398815989494e-05,0.0009393329964950681,6.225000834092498e-05,0.0030765419942326844,0.0035737910075113177,-0.0004972490132786334
96105,33,22,1,1,0.0020752089913003147,8.716603042557836e-05,0.001944791991263628,9.574997238814831e-05,0.004202916985377669,0.003386833006516099,0.0008160839788615704
96105,34,21,3,3,0.002016165992245078,4.8250018153339624e-05,0.00092224997933954,6.925000343471766e-05,0.0030559159931726754,0.0036204999778419733,-0.0005645839846692979
96105,35,18,6,6,0.0020719579770229757,4.33750101365149e-05,0.0014548340113833547,0.00022091600112617016,0.0037910829996690154,0.004227208963129669,-0.000436125963460654
96105,36,12,5,5,0.0017910419846884906,3.754196222871542e-05,0.0008744160295464098,6.570899859070778e-05,0.0027687089750543237,0.0033305829856544733,-0.0005618740106001496
96105,37,7,1,1,0.0017330829869024456,3.987498348578811e-05,0.0008140840218402445,6.633298471570015e-05,0.0026533749769441783,0.002749708015471697,-9.633303852751851e-05
96105,38,6,0,0,0.002288291056174785,4.458398325368762e-05,0.0008559999987483025,6.48329732939601e-05,0.003253708011470735,0.00399145798292011,-0.0007377499714493752
96105,39,6,3,3,0.0016844579949975014,3.616698086261749e-05,0.002023375011049211,0.00022716703824698925,0.003971167025156319,0.0038300419691950083,0.00014112505596131086
96105,40,3,4,3,0.00165779102826491,3.7416990380734205e-05,0.0012099170126020908,6.499997107312083e-05,0.002970125002320856,0.004174750007223338,-0.001204625004902482
96105,41,0,5,0,0.0015527919749729335,3.587501123547554e-05,0.0010719170095399022,8.787499973550439e-05,0.0027484589954838157,0.002445249992888421,0.00030320900259539485
96105,42,0,10,0,0.0014696659636683762,5.8125006034970284e-05,0.0007962090312503278,6.733299233019352e-05,0.002391332993283868,0.0030057079857215285,-0.0006143749924376607
96105,43,0,11,0,0.0016430830000899732,4.195800283923745e-05,0.001204584026709199,6.520800525322556e-05,0.002954833034891635,0.003860166994854808,-0.0009053339599631727
96105,44,0,15,0,0.001559708034619689,4.0207989513874054e-05,0.0008992090006358922,6.479100557044148e-05,0.0025639160303398967,0.0038185419980436563,-0.0012546259677037597
96105,45,0,17,0,0.001622250012587756,3.866699989885092e-05,0.0020188330090604722,6.641697837039828e-05,0.0037461669999174774,0.0025226669968105853,0.0012235000031068921
96105,46,0,20,0,0.0015142909833230078,3.7209014408290386e-05,0.00155066599836573,6.28340058028698e-05,0.003165000001899898,0.003391042002476752,-0.00022604200057685375
96105,47,0,25,0,0.001919457979965955,4.075001925230026e-05,0.0013885839725844562,6.491603562608361e-05,0.003413708007428795,0.004059666011016816,-0.0006459580035880208
96105,48,0,28,0,0.0015642499784007668,3.533397102728486e-05,0.0008474580245092511,6.24579843133688e-05,0.0025094999582506716,0.003948167024645954,-0.0014386670663952827
96105,49,0,29,0,0.0015182080096565187,3.504200140014291e-05,0.0008290829719044268,6.170803681015968e-05,0.002444041019771248,0.0036870840121991932,-0.0012430429924279451
96106,0,1,30,0,0.0016179169761016965,3.779103280976415e-05,0.0014900419628247619,6.46670232526958e-05,0.0032104169949889183,0.002689374960027635,0.0005210420349612832
96106,1,5,30,0,0.0016357499989680946,4.041596548631787e-05,0.0018262920202687383,7.637497037649155e-05,0.0035788329550996423,0.0031446670182049274,0.00043416593689471483
96106,2,6,30,0,0.0016835830174386501,3.875000402331352e-05,0.0015637499745935202,6.900000153109431e-05,0.003355082997586578,0.0027308749849908054,0.0006242080125957727
96106,3,14,30,0,0.0018785419524647295,3.7582998629659414e-05,0.001239375036675483,6.35419855825603e-05,0.0032190419733524323,0.004212166997604072,-0.0009931250242516398
96106,4,22,30,0,0.002015999983996153,3.804202424362302e-05,0.001002957986202091,6.499997107312083e-05,0.0031219999655149877,0.0045863750274293125,-0.0014643750619143248
96106,5,27,30,0,0.0021916250116191804,5.3750001825392246e-05,0.0014632089878432453,7.374997949227691e-05,0.003782333980780095,0.0035835420130752027,0.00019879196770489216
96106,6,33,30,9,0.002250832971185446,3.733299672603607e-05,0.00103629200020805,7.216702215373516e-05,0.003396624990273267,0.003526749962475151,-0.0001301249722018838
96106,7,35,21,21,0.002308167051523924,3.6582991015166044e-05,0.0014516249648295343,8.67500202730298e-05,0.003883125027641654,0.0038272920064628124,5.583302117884159e-05
96106,8,25,0,0,0.0020295409485697746,3.7334044463932514e-05,0.0012082079774700105,6.17500045336783e-05,0.003336832975037396,0.004173457971774042,-0.0008366249967366457
96106,9,29,0,0,0.002135083021130413,3.529200330376625e-05,0.0011995829991064966,6.17089681327343e-05,0.00343166699167341,0.0030633750138804317,0.0003682919777929783
96106,10,36,0,0,0.00227537500904873,3.50830378010869e-05,0.0010671669733710587,6.179098272696137e-05,0.003439416002947837,0.0033360000234097242,0.00010341597953811288
96106,11,42,0,0,0.002404417027719319,3.491697134450078e-05,0.0018339999951422215,6.500002928078175e-05,0.004338334023486823,0.0036962080048397183,0.0006421260186471045
96106,12,44,0,0,0.00272433296777308,4.070898285135627e-05,0.0016740410355851054,6.412499351426959e-05,0.004503207979723811,0.005167666997294873,-0.0006644590175710618
96106,13,51,0,0,0.002707374980673194,3.862503217533231e-05,0.00125045794993639,6.337504601106048e-05,0.004059833008795977,0.004528915975242853,-0.0004690829664468765
96106,14,56,0,0,0.002800000016577542,3.6999990697950125e-05,0.0016060000052675605,6.329099414870143e-05,0.004506291006691754,0.004386875021737069,0.00011941598495468497
96106,15,57,1,1,0.0027751250308938324,3.62499849870801e-05,0.0011166660115122795,6.229197606444359e-05,0.003990333003457636,0.0037235839990898967,0.00026674900436773896
96106,16,57,4,4,0.0027333340258337557,3.529101377353072e-05,0.0016852919943630695,6.520800525322556e-05,0.0045191250392235816,0.004508000041823834,1.1124997399747372e-05
96106,17,55,4,4,0.0027875000378116965,4.458299372345209e-05,0.0015474169631488621,7.491704309359193e-05,0.004454417037777603,0.003940625058021396,0.0005137919797562063
96106,18,51,2,2,0.002631707990076393,3.5584031138569117e-05,0.0009682080126367509,6.466696504503489e-05,0.003700166998896748,0.004623416985850781,-0.0009232499869540334
96106,19,49,6,6,0.002648124995175749,3.6457960959523916e-05,0.0009770420147106051,6.699998630210757e-05,0.0037286249571479857,0.004092040995601565,-0.00036341603845357895
96106,20,43,2,2,0.0024926249752752483,3.6917044781148434e-05,0.0019729999476112425,6.508303340524435e-05,0.004567625001072884,0.0035721249878406525,0.0009955000132322311
96106,21,41,3,3,0.002517417015042156,3.80830024369061e-05,0.002192709012888372,6.787496386095881e-05,0.004816083994228393,0.004080166050698608,0.0007359179435297847
96106,22,38,2,2,0.002367875014897436,3.7457968574017286e-05,0.000889333023224026,6.329198367893696e-05,0.003357957990374416,0.0034941660123877227,-0.00013620802201330662
96106,23,36,3,3,0.002370417001657188,4.679197445511818e-05,0.0012760829995386302,8.283299393951893e-05,0.0037761249695904553,0.0041513750329613686,-0.00037525006337091327
96106,24,33,1,1,0.0023358750040642917,5.000003147870302e-05,0.0015093749971129,6.487499922513962e-05,0.003960125031881034,0.0043662909884005785,-0.0004061659565195441
96106,25,32,1,1,0.0022420829627662897,4.7667010221630335e-05,0.002233083010651171,7.658399408683181e-05,0.004599416977725923,0.0032529589952901006,0.0013464579824358225
96106,26,31,1,1,0.0021425000159069896,3.7999998312443495e-05,0.0009307920117862523,6.874999962747097e-05,0.0031800420256331563,0.0034525409573689103,-0.000272498931735754
96106,27,30,0,0,0.002218084002379328,3.774999640882015e-05,0.0018356659566052258,0.00020333402790129185,0.004294833983294666,0.003183583030477166,0.0011112509528174996
96106,28,30,0,0,0.0021345840068534017,5.037500523030758e-05,0.0010943330125883222,7.212499622255564e-05,0.003351417020894587,0.0035346249933354557,-0.00018320797244086862
96106,29,30,1,1,0.002291542012244463,5.083298310637474e-05,0.0013629170134663582,7.112498860806227e-05,0.003776416997425258,0.0035041249939240515,0.00027229200350120664
96106,30,29,0,0,0.002292458026204258,3.8624973967671394e-05,0.002068666974082589,0.00022025004727765918,0.004620000021532178,0.003450667019933462,0.0011693330015987158
96106,31,29,1,1,0.002190584025811404,3.9499951526522636e-05,0.0014931660261936486,6.758398376405239e-05,0.0037908339872956276,0.0034652090398594737,0.0003256249474361539
96106,32,28,2,2,0.0021819169633090496,3.7165998946875334e-05,0.0008671670220792294,6.479199510067701e-05,0.0031510419794358313,0.003556333016604185,-0.0004052910371683538
96106,33,26,6,6,0.0021261670044623315,3.791699418798089e-05,0.001383082999382168,7.558299694210291e-05,0.0036227499949745834,0.00329054199391976,0.0003322080010548234
96106,34,20,5,5,0.002029124996624887,4.099996294826269e-05,0.0008480420219711959,6.570800906047225e-05,0.002983874990604818,0.0033618329907767475,-0.0003779580001719296
96106,35,15,1,1,0.0020180830033496022,3.9457983803004026e-05,0.0010976670309901237,6.900000153109431e-05,0.0032242080196738243,0.0033037920366041362,-7.958401693031192e-05
96106,36,14,3,3,0.0019153329776600003,3.5833974834531546e-05,0.000850625045131892,6.633298471570015e-05,0.002868124982342124,0.0031027080258354545,-0.00023458304349333048
96106,37,11,4,4,0.0018483329913578928,4.745804471895099e-05,0.0016051249695010483,0.00022220902610570192,0.003723125031683594,0.002853624988347292,0.000869500043336302
96106,38,7,3,3,0.0016849999665282667,3.729201853275299e-05,0.0008401250233873725,6.59999786876142e-05,0.0026284169871360064,0.004031624994240701,-0.0014032080071046948
96106,39,4,2,2,0.0016305000171996653,4.7499954234808683e-05,0.0012716250494122505,7.762497989460826e-05,0.0030272500007413328,0.0039688749820925295,-0.0009416249813511968
96106,40,2,0,0,0.0015858340193517506,4.6874978579580784e-05,0.001925625023432076,8.670799434185028e-05,0.0036450420157052577,0.002627250039950013,0.0010177919757552445
96106,41,2,2,2,0.0015333339688368142,4.2791012674570084e-05,0.0009510840172879398,7.54999928176403e-05,0.0026027089916169643,0.0031765829771757126,-0.0005738739855587482
96106,42,0,0,0,0.0015232079895213246,3.79589619114995e-05,0.001615041051991284,0.00020295899594202638,0.0033791669993661344,0.0025282499846071005,0.0008509170147590339
96106,43,0,1,0,0.0014980420237407088,5.358300404623151e-05,0.0009340419783256948,7.245800225064158e-05,0.0025581250083632767,0.0038010000134818256,-0.0012428750051185489
96106,44,0,5,0,0.001537666015792638,4.066701512783766e-05,0.001372499973513186,6.429199129343033e-05,0.003015124995727092,0.0033101249719038606,-0.00029499997617676854
96106,45,0,8,0,0.0016010000254027545,4.191702464595437e-05,0.0027545829652808607,9.366701124235988e-05,0.0044911670265719295,0.0035289160441607237,0.0009622509824112058
96106,46,0,19,0,0.0014922909904271364,3.945903154090047e-05,0.0012181249912828207,6.708299042657018e-05,0.0028169580036774278,0.0035387499956414104,-0.0007217919919639826
96106,47,0,24,0,0.001539750024676323,5.158298881724477e-05,0.0013064999948255718,6.754201604053378e-05,0.0029653750243596733,0.0029109580209478736,5.441700341179967e-05
96106,48,0,27,0,0.0015417079557664692,4.0209037251770496e-05,0.0011874159681610763,6.862502777948976e-05,0.002837957988958806,0.003310207976028323,-0.0004722499870695174
96106,49,0,29,0,0.001522374979685992,3.950000973418355e-05,0.0014109169715084136,0.00021237501641735435,0.0031851669773459435,0.0039011669578030705,-0.0007159999804571271
96107,0,4,30,0,0.001582792028784752,3.587495302781463e-05,0.001735542027745396,6.470800144597888e-05,0.0034189170110039413,0.0028271250193938613,0.00059179199161008
96107,1,5,30,0,0.0016533330199308693,4.316697595641017e-05,0.002020416024606675,0.0002377499477006495,0.003954665968194604,0.0026426250115036964,0.0013120409566909075
96107,2,6,30,0,0.0016795839765109122,4.299997817724943e-05,0.0018405410228297114,6.925000343471766e-05,0.0036323749809525907,0.002931250026449561,0.0007011249545030296
96107,3,7,30,0,0.001650833000894636,3.795797238126397e-05,0.0012178340111859143,7.737497799098492e-05,0.002983999962452799,0.004365458036772907,-0.0013814580743201077
96107,4,9,30,0,0.0017705420032143593,3.945804201066494e-05,0.0013094169553369284,7.112498860806227e-05,0.003190541989170015,0.0037357499822974205,-0.0005452079931274056
96107,5,13,30,0,0.0017724580247886479,3.554200520738959e-05,0.0008796249749138951,6.312498589977622e-05,0.002750749990809709,0.002891791984438896,-0.00014104199362918735
96107,6,18,30,0,0.002029541996307671,7.266696775332093e-05,0.001237875025253743,7.891596760600805e-05,0.003418999956920743,0.003929541038814932,-0.0005105410818941891
96107,7,24,30,2,0.00205820903647691,3.462500171735883e-05,0.0010085409739986062,6.366701563820243e-05,0.0031650420278310776,0.0030924169695936143,7.262505823746324e-05
96107,8,27,28,27,0.002153208013623953,4.679197445511818e-05,0.001703083049505949,0.00014183396706357598,0.004044917004648596,0.004942624946124852,-0.0008977079414762557
96107,9,7,1,1,0.0017149579944089055,3.954197745770216e-05,0.0014274580171331763,6.966700311750174e-05,0.0032516249921172857,0.0035193749936297536,-0.00026775000151246786
96107,10,16,0,0,0.0018551669782027602,3.8583006244152784e-05,0.0015313749900087714,6.52919989079237e-05,0.003490416973363608,0.003761917003430426,-0.000271500030066818
96107,11,24,0,0,0.0020165409659966826,3.5208999179303646e-05,0.0011475409846752882,6.566703086718917e-05,0.0032649579807184637,0.0035065829870291054,-0.00024162500631064177
96107,12,33,0,0,0.0022255000076256692,3.5959004890173674e-05,0.0016055830055847764,6.320799002423882e-05,0.003930250008124858,0.003309166000690311,0.000621084007434547
96107,13,41,0,0,0.0024989580269902945,4.4832995627075434e-05,0.0012475419789552689,7.879198528826237e-05,0.003870124986860901,0.00473787501687184,-0.0008677500300109386
96107,14,45,3,3,0.002485457982402295,3.570900298655033e-05,0.0009003750164993107,6.870797369629145e-05,0.0034902499755844474,0.003681583038996905,-0.0001913330634124577
96107,15,48,2,2,0.002572708996012807,5.0540955271571875e-05,0.0014859590446576476,7.404095958918333e-05,0.00418324995553121,0.0038645000313408673,0.0003187499241903424
96107,16,49,5,5,0.0025898339808918536,3.987504169344902e-05,0.0021165829966776073,7.808295777067542e-05,0.004824374977033585,0.004282583016902208,0.000541791960131377
96107,17,48,5,5,0.0026210410287603736,3.649998689070344e-05,0.0016305000171996653,8.416699711233377e-05,0.004372208029963076,0.004339749983046204,3.245804691687226e-05
96107,18,44,6,6,0.002473958011250943,4.075001925230026e-05,0.0009465419570915401,7.129204459488392e-05,0.0035325420321896672,0.0038499999791383743,-0.0003174579469487071
96107,19,39,3,3,0.0023596250102855265,3.829202614724636e-05,0.0009554579737596214,6.666698027402163e-05,0.003420041990466416,0.004723416990600526,-0.0013033750001341105
96107,20,36,1,1,0.002265208982862532,3.612501313909888e-05,0.0025002500042319298,0.00021124997874721885,0.00501283397898078,0.0038749579689465463,0.0011378760100342333
96107,21,35,2,2,0.002266499970573932,4.2082974687218666e-05,0.001119874999858439,6.583303911611438e-05,0.003494290984235704,0.004619917017407715,-0.0011256260331720114
96107,22,33,1,1,0.002209208032581955,3.62499849870801e-05,0.002097334014251828,6.587494863197207e-05,0.0044086669804528356,0.00328083400381729,0.0011278329766355455
96107,23,32,1,1,0.0022079169866628945,3.679096698760986e-05,0.0012676670448854566,6.791698979213834e-05,0.0035802919883280993,0.0031740000122226775,0.0004062919761054218
96107,24,31,0,0,0.002284916990902275,4.237500252202153e-05,0.0009131249971687794,6.716599455103278e-05,0.0033075829851441085,0.0038890420109964907,-0.0005814590258523822
96107,25,31,1,1,0.00219370803097263,3.63329891115427e-05,0.0017000000225380063,7.174996426329017e-05,0.004001791006885469,0.0031779169803485274,0.0008238740265369415
96107,26,30,1,1,0.002192457963246852,4.0959042962640524e-05,0.0013373749679885805,6.408302579075098e-05,0.003634874999988824,0.003235250012949109,0.00039962498703971505
96107,27,29,1,1,0.002282499975990504,4.412501584738493e-05,0.0010857079760171473,6.550003308802843e-05,0.0034778330009430647,0.003999833017587662,-0.000522000016644597
96107,28,28,4,4,0.002098000026308,3.516697324812412e-05,0.0011244160123169422,6.524997297674417e-05,0.0033228329848498106,0.003104667004663497,0.0002181659801863134
96107,29,24,5,5,0.0023927079746499658,0.00015395903028547764,0.0014786249957978725,6.595801096409559e-05,0.0040912500116974115,0.0031232499750331044,0.0009680000366643071
96107,30,19,5,5,0.001962833048310131,3.654195461422205e-05,0.0015485830372199416,6.499997107312083e-05,0.0036129580112174153,0.0032388330437242985,0.00037412496749311686
96107,31,14,1,1,0.001829249958973378,3.504200140014291e-05,0.0009746670257300138,6.345799192786217e-05,0.002902416978031397,0.0028491250122897327,5.329196574166417e-05
96107,32,13,4,4,0.0017877499922178686,3.904104232788086e-05,0.0008290839614346623,6.845803000032902e-05,0.002724333025980741,0.0038427090039476752,-0.0011183759779669344
96107,33,9,5,5,0.001690708042588085,3.5792007111012936e-05,0.000889332965016365,6.595801096409559e-05,0.0026817910256795585,0.00344062497606501,-0.0007588339503854513
96107,34,4,3,3,0.0016011249972507358,3.616698086261749e-05,0.0024620830081403255,6.525003118440509e-05,0.004164625017438084,0.00325279199751094,0.000911833019927144
96107,35,1,1,1,0.0015223330119624734,3.7792022339999676e-05,0.0022526669781655073,6.745802238583565e-05,0.003880250034853816,0.0031414999975822866,0.0007387500372715294
96107,36,0,2,0,0.0015020000282675028,3.608298720791936e-05,0.0009871670044958591,6.349995965138078e-05,0.002588749979622662,0.0031429590308107436,-0.0005542090511880815
96107,37,0,5,0,0.0016497920150868595,4.0000013541430235e-05,0.002280915970914066,7.116701453924179e-05,0.004041875014081597,0.0033621249604038894,0.0006797500536777079
96107,38,0,6,0,0.0014994159573689103,3.508402733132243e-05,0.0009123330237343907,6.649998249486089e-05,0.0025133329909294844,0.002430457971058786,8.287501987069845e-05
96107,39,0,12,0,0.0015004170127213001,3.508297959342599e-05,0.0008335000020451844,6.304198177531362e-05,0.002432041976135224,0.003586874983739108,-0.0011548330076038837
96107,40,0,16,0,0.0014984579756855965,3.574998117983341e-05,0.002113542053848505,6.912497337907553e-05,0.0037168749840930104,0.0028540409984998405,0.0008628339855931699
96107,41,0,19,0,0.0016883329953998327,3.912497777491808e-05,0.0012519590090960264,6.549997488036752e-05,0.0030449169571511447,0.003753625031094998,-0.0007087080739438534
96107,42,0,22,0,0.001491208968218416,3.549997927621007e-05,0.0010126249981112778,7.283303420990705e-05,0.002612166979815811,0.0030055000097490847,-0.0003933330299332738
96107,43,0,23,0,0.0015140409814193845,3.945903154090047e-05,0.0009645830141380429,6.620795466005802e-05,0.002584290981758386,0.0033360840170644224,-0.0007517930353060365
96107,44,0,29,0,0.0015137920272536576,3.612495493143797e-05,0.001400875044055283,6.66249543428421e-05,0.0030174169805832207,0.0028606660198420286,0.0001567509607411921
96108,0,3,30,0,0.0015734589542262256,3.5333039704710245e-05,0.0018747919821180403,6.508297519758344e-05,0.0035486669512465596,0.0030055420356802642,0.0005431249155662954
96108,1,5,30,0,0.0016396669670939445,4.295801045373082e-05,0.0009887919877655804,6.837502587586641e-05,0.002739791991189122,0.003949125006329268,-0.001209333015140146
96108,2,8,30,0,0.0018234159797430038,3.950000973418355e-05,0.0013759589637629688,6.641604704782367e-05,0.00330529100028798,0.0033599589951336384,-5.466799484565854e-05
96108,3,13,30,0,0.0018149589886888862,3.712502075359225e-05,0.0017036659992299974,6.533396663144231e-05,0.003621083975303918,0.0030067089828662574,0.0006143749924376607
96108,4,17,30,0,0.001930417027324438,3.6416982766240835e-05,0.0009352079941891134,6.437499541789293e-05,0.0029664169996976852,0.003538041957654059,-0.0005716249579563737
96108,5,20,30,0,0.0019471250125207007,4.841701593250036e-05,0.0017803750233724713,7.054198067635298e-05,0.0038464590325020254,0.004209041013382375,-0.0003625819808803499
96108,6,25,30,2,0.002084458013996482,5.2292016334831715e-05,0.00165816699154675,6.96660135872662e-05,0.00386458303546533,0.003789750044234097,7.483299123123288e-05
96108,7,30,28,28,0.002311666961759329,4.641700070351362e-05,0.0012780409888364375,0.00015425001038238406,0.003790374961681664,0.004025249974802136,-0.00023487501312047243
96108,8,12,0,0,0.001759542035870254,3.645801916718483e-05,0.0011364169768057764,6.416701944544911e-05,0.0029965840512886643,0.003060333023313433,-6.374897202476859e-05
96108,9,23,0,0,0.002087666012812406,4.141696263104677e-05,0.0022174170007929206,6.700004450976849e-05,0.004413500020746142,0.003679624991491437,0.0007338750292547047
96108,10,28,0,0,0.0021149999811314046,3.60840349458158e-05,0.0011877079959958792,7.06670107319951e-05,0.0034094590228050947,0.003480750019662082,-7.129099685698748e-05
96108,11,31,2,2,0.002219333953689784,3.662501694634557e-05,0.0019372910028323531,6.53750030323863e-05,0.004258624976500869,0.0033171670511364937,0.0009414579253643751
96108,12,36,0,0,0.0022950000129640102,3.5416975151747465e-05,0.001166999980341643,6.491702515631914e-05,0.00356233399361372,0.0034957919851876795,6.654200842604041e-05
96108,13,39,0,0,0.0023798749898560345,3.466696944087744e-05,0.0012062080204486847,6.279197987169027e-05,0.003683541959617287,0.0035781660117208958,0.00010537594789639115
96108,14,46,2,2,0.0025740410201251507,3.5584031138569117e-05,0.0012250829604454339,6.395799573510885e-05,0.0038986660074442625,0.004169541003648192,-0.0002708749962039292
96108,15,50,4,4,0.002691625035367906,3.716698847711086e-05,0.0012771249748766422,6.858300184831023e-05,0.004074500000569969,0.0040829170029610395,-8.417002391070127e-06
96108,16,47,3,3,0.002793333027511835,4.3625012040138245e-05,0.0012234579771757126,6.716698408126831e-05,0.004127583000808954,0.003918792004697025,0.00020879099611192942
96108,17,46,5,5,0.002568916999734938,5.7958008255809546e-05,0.000940792029723525,7.274997187778354e-05,0.0036404170095920563,0.00469562504440546,-0.001055208034813404
96108,18,42,5,5,0.002476583991665393,3.8541038520634174e-05,0.0015067089698277414,7.20410025678575e-05,0.004093875002581626,0.004243000003043562,-0.000149125000461936
96108,19,39,2,2,0.002443249977659434,5.804200191050768e-05,0.0009915829868987203,7.250002818182111e-05,0.003565374994650483,0.004514208005275577,-0.0009488330106250942
96108,20,37,1,1,0.002461374970152974,4.641700070351362e-05,0.0015098750009201467,7.037504110485315e-05,0.004088042012881488,0.003984250011853874,0.00010379200102761388
96108,21,36,2,2,0.0023696249700151384,4.8084009904414415e-05,0.0021540410234592855,7.645896403118968e-05,0.004648208967410028,0.0040886669885367155,0.0005595419788733125
96108,22,34,0,0,0.002328709000721574,3.908301005139947e-05,0.0011335419840179384,6.412499351426959e-05,0.0035654589883051813,0.003986084018833935,-0.000420625030528754
96108,23,34,2,2,0.002307332993950695,4.583399277180433e-05,0.0008852910250425339,6.454199319705367e-05,0.0033030000049620867,0.00377558299805969,-0.0004725829930976033
96108,24,32,0,0,0.0023366670357063413,3.8790982216596603e-05,0.0009040840086527169,6.770796608179808e-05,0.003347249992657453,0.0038717090501450002,-0.0005244590574875474
96108,25,32,2,2,0.0022262079874053597,3.9041973650455475e-05,0.0015364580322057009,6.808299804106355e-05,0.0038697909913025796,0.0033802090329118073,0.0004895819583907723
96108,26,30,0,0,0.002281458000652492,3.6792014725506306e-05,0.0015280829975381494,6.308400770649314e-05,0.003909417020622641,0.003329541999846697,0.000579875020775944
96108,27,30,0,0,0.0021949579822830856,3.858405398204923e-05,0.0012340829707682133,6.587500683963299e-05,0.003533500013872981,0.003882249991875142,-0.0003487499780021608
96108,28,30,0,0,0.0021845410228706896,3.4999975468963385e-05,0.0014443339896388352,6.733299233019352e-05,0.0037312079803086817,0.0034072499838657677,0.000323957996442914
96108,29,30,1,1,0.002216207969468087,4.070904105901718e-05,0.0014171659713611007,6.620900239795446e-05,0.0037402919842861593,0.0033587499638088048,0.0003815420204773545
96108,30,29,2,2,0.0021407920285128057,3.791600465774536e-05,0.0016490420093759894,6.52919989079237e-05,0.003893042041454464,0.0036892499774694443,0.00020379206398501992
96108,31,27,2,2,0.002414333983324468,4.095799522474408e-05,0.0009161669877357781,6.60410150885582e-05,0.0034374999813735485,0.004944458021782339,-0.0015069580404087901
96108,32,25,5,5,0.002094708033837378,3.7624966353178024e-05,0.0015081670135259628,6.879196735098958e-05,0.0037092919810675085,0.003983207978308201,-0.0002739159972406924
96108,33,20,0,0,0.00194341700989753,3.787502646446228e-05,0.0012158749741502106,6.874999962747097e-05,0.003265917010139674,0.003005000005941838,0.0002609170041978359
96108,34,20,2,2,0.001963916001841426,3.649998689070344e-05,0.0009072500397451222,6.670900620520115e-05,0.0029743750346824527,0.003771750023588538,-0.0007973749889060855
96108,35,18,2,2,0.0018762079998850822,3.529200330376625e-05,0.0008965409942902625,6.579200271517038e-05,0.0028738330001942813,0.003430292010307312,-0.0005564590101130307
96108,36,16,5,5,0.0019349580397829413,4.345795605331659e-05,0.002775292028672993,6.941700121387839e-05,0.0048231250257231295,0.0029150000191293657,0.0019081250065937638
96108,37,11,3,3,0.0017205000040121377,3.8040976505726576e-05,0.001266875013243407,6.70420122332871e-05,0.0030924580059945583,0.0028551670257002115,0.0002372909802943468
96108,38,8,1,1,0.0016612500185146928,4.0041981264948845e-05,0.0015275829937309027,7.808400550857186e-05,0.003306958999019116,0.003789208014495671,-0.00048224901547655463
96108,39,7,3,3,0.0017177499830722809,3.895797999575734e-05,0.0016760000144131482,0.0001461670035496354,0.003578874981030822,0.002684792038053274,0.0008940829429775476
96108,40,4,1,1,0.0015838329563848674,3.525003558024764e-05,0.0007519999635405838,6.500002928078175e-05,0.0024360829847864807,0.0025747499894350767,-0.00013866700464859605
96108,41,3,1,1,0.0016742910374887288,3.720895620062947e-05,0.002034875040408224,8.124997839331627e-05,0.0038276250124908984,0.003378416004125029,0.0004492090083658695
96108,42,2,2,2,0.0015467090415768325,3.9040984120219946e-05,0.0018070419901050627,6.724998820573092e-05,0.003460042004007846,0.003150957985781133,0.00030908401822671294
96108,43,0,2,0,0.001618624955881387,3.766705049201846e-05,0.0008152079535648227,6.587500683963299e-05,0.002537374966777861,0.002542375004850328,-5.00003807246685e-06
96108,44,0,4,0,0.0014737500459887087,3.404100425541401e-05,0.0016040419577620924,6.558303721249104e-05,0.003177416045218706,0.0025565840187482536,0.0006208320264704525
96108,45,0,6,0,0.0014973329962231219,3.5582983400672674e-05,0.0007822919869795442,6.266700802370906e-05,0.0023778749746270478,0.002474042004905641,-9.61670302785933e-05
96108,46,0,10,0,0.0015097500290721655,3.3958000130951405e-05,0.0017447919817641377,6.474996916949749e-05,0.003353249980136752,0.0025050000404007733,0.0008482499397359788
96108,47,0,14,0,0.0015380840050056577,4.050001734867692e-05,0.0020317910239100456,6.587494863197207e-05,0.0036762499948963523,0.002548040996771306,0.0011282089981250465
96108,48,0,22,0,0.0015215000021271408,4.1041988879442215e-05,0.0011087920283898711,6.583298090845346e-05,0.0027371670003049076,0.003143290989100933,-0.0004061239887960255
96108,49,0,28,0,0.0015174169675447047,3.762502456083894e-05,0.0013675829977728426,6.687501445412636e-05,0.0029895000043325126,0.003635499975644052,-0.0006459999713115394
96109,0,1,30,0,0.0015551669639535248,3.645801916718483e-05,0.0012586250086314976,6.295897765085101e-05,0.0029132089694030583,0.002541749970987439,0.00037145899841561913
96109,1,5,30,0,0.0016012920532375574,3.454094985499978e-05,0.0013673340436071157,7.158296648412943e-05,0.0030747500131838024,0.002867625036742538,0.00020712497644126415
96109,2,8,30,0,0.0017513329512439668,3.8792029954493046e-05,0.0022012079716660082,6.612500874325633e-05,0.004057457961607724,0.0032833750010468066,0.0007740829605609179
96109,3,11,30,0,0.0017445409903302789,3.749999450519681e-05,0.0008470420143567026,6.241700612008572e-05,0.002691500005312264,0.003283791011199355,-0.0005922910058870912
96109,4,16,30,0,0.0018519999575801194,4.1207997128367424e-05,0.0010277500259689987,6.479199510067701e-05,0.0029857499757781625,0.0028297080425545573,0.00015604193322360516
96109,5,22,30,0,0.0020574169466271996,4.308304050937295e-05,0.0013662499841302633,6.366701563820243e-05,0.0035304169869050384,0.003224333981052041,0.0003060830058529973
96109,6,25,30,0,0.0022761250147596,4.0790997445583344e-05,0.0009358339593745768,6.637501064687967e-05,0.00331912498222664,0.0038307090289890766,-0.0005115840467624366
96109,7,32,30,11,0.0022945000091567636,3.795797238126397e-05,0.0011627080384641886,7.566699059680104e-05,0.003570833010599017,0.003999709035269916,-0.0004288760246708989
96109,8,28,19,19,0.002224333002232015,3.712496254593134e-05,0.0019228750024922192,9.812501957640052e-05,0.004282457986846566,0.003278207965195179,0.0010042500216513872
96109,9,16,0,0,0.001844167010858655,3.600004129111767e-05,0.0013369579683057964,6.895902333781123e-05,0.0032860840437933803,0.0033368339645676315,-5.074992077425122e-05
96109,10,23,0,0,0.0019794589607045054,3.458303399384022e-05,0.0009437919943593442,6.462499732151628e-05,0.003022458986379206,0.0042240420007146895,-0.0012015830143354833
96109,11,32,0,0,0.002181583025958389,3.529200330376625e-05,0.001988333009649068,7.112498860806227e-05,0.004276333027519286,0.0031674589845351875,0.0011088740429840982
96109,12,40,2,2,0.0023730419925414026,3.5582983400672674e-05,0.0013264170265756547,6.654096068814397e-05,0.003801582963205874,0.003408667049370706,0.0003929159138351679
96109,13,43,2,2,0.002471334009896964,4.1416031308472157e-05,0.000957417010795325,6.620795466005802e-05,0.003536375006660819,0.004768249986227602,-0.0012318749795667827
96109,14,43,3,3,0.002496833971235901,4.425004590302706e-05,0.0009216250036843121,8.158298442140222e-05,0.0035442920052446425,0.003916791989468038,-0.0003724999842233956
96109,15,43,4,4,0.0024303329992108047,3.4958997275680304e-05,0.0009199159685522318,6.52919989079237e-05,0.0034504999639466405,0.003818167024292052,-0.0003676670603454113
96109,16,45,6,6,0.002483292017132044,4.64579788967967e-05,0.0020739579922519624,7.912499131634831e-05,0.004682832979597151,0.0034587080008350313,0.00122412497876212
96109,17,41,7,7,0.002429916989058256,3.712496254593134e-05,0.0013463330105878413,8.008303120732307e-05,0.003893457993399352,0.0042095420067198575,-0.0003160840133205056
96109,18,35,3,3,0.0023286250070668757,3.84590239264071e-05,0.0014366249670274556,7.016601739451289e-05,0.0038738750154152513,0.003959708963520825,-8.583394810557365e-05
96109,19,33,3,3,0.0022700830013491213,3.649998689070344e-05,0.0011660419986583292,6.562500493600965e-05,0.0035382499918341637,0.003672999970149249,-0.00013474997831508517
96109,20,30,0,0,0.0022685410222038627,4.85840137116611e-05,0.0017407909617759287,6.512500112876296e-05,0.0041230409988202155,0.003610999963711947,0.0005120410351082683
96109,21,30,0,0,0.002729291038122028,4.174996865913272e-05,0.0013956250040791929,6.47500273771584e-05,0.004231416038237512,0.00431520800339058,-8.37919651530683e-05
96109,22,30,0,0,0.0023572079953737557,3.887503407895565e-05,0.0014118339749984443,0.00022083299700170755,0.004028750001452863,0.00427149998722598,-0.00024274998577311635
96109,23,30,0,0,0.002195291977841407,3.5582983400672674e-05,0.001381999987643212,6.516702705994248e-05,0.0036780419759452343,0.0037274170317687094,-4.937505582347512e-05
96109,24,30,0,0,0.002254666993394494,4.104204708710313e-05,0.002246082993224263,8.299999171867967e-05,0.00462479202542454,0.004595333011820912,2.9459013603627682e-05
96109,25,30,0,0,0.0022808329667896032,5.570799112319946e-05,0.0016861250041984022,7.250002818182111e-05,0.004095165990293026,0.003961290989536792,0.00013387500075623393
96109,26,30,2,2,0.0021743749966844916,3.879104042425752e-05,0.0013092089793644845,6.541598122566938e-05,0.003587790997698903,0.004101167025510222,-0.0005133760278113186
96109,27,28,8,8,0.002190208004321903,4.441698547452688e-05,0.001127875002566725,8.329097181558609e-05,0.003445790964178741,0.003472499956842512,-2.6708992663770914e-05
96109,28,20,7,7,0.0020533340284600854,3.7165998946875334e-05,0.0018043339950963855,7.229100447148085e-05,0.003967125026974827,0.0030726250261068344,0.0008945000008679926
96109,29,13,7,7,0.0019000829779542983,5.45420334674418e-05,0.0019472079584375024,8.387502748519182e-05,0.003985707997344434,0.004361708008218557,-0.0003760000108741224
96109,30,6,2,2,0.0017398750060237944,4.0624989196658134e-05,0.0015890420181676745,6.816699169576168e-05,0.0034377090050838888,0.003033875022083521,0.0004038339830003679
96109,31,4,6,4,0.0016522920341230929,4.333298420533538e-05,0.0011862919782288373,6.920803571119905e-05,0.0029511250322684646,0.0028305830201134086,0.000120542012155056
96109,32,0,12,0,0.001604249991942197,5.241698818281293e-05,0.0011382080265320837,6.683298852294683e-05,0.0028617079951800406,0.003805832995567471,-0.0009441250003874302
96109,33,0,19,0,0.0014888750156387687,3.470899537205696e-05,0.0013233330100774765,6.204197416082025e-05,0.0029089589952491224,0.002557166968472302,0.0003517920267768204
96109,34,0,28,0,0.0015703330282121897,5.6582968682050705e-05,0.0015226250397972763,7.620896212756634e-05,0.003225749998819083,0.002714291971642524,0.000511458027176559
96110,0,0,30,0,0.001676207990385592,3.9083999581635e-05,0.0009984580101445317,7.108302088454366e-05,0.0027848330209963024,0.003165166999679059,-0.0003803339786827564
96110,1,0,30,0,0.001631417020689696,4.029198316857219e-05,0.0015280410298146307,7.099995855242014e-05,0.003270749992225319,0.0027559580048546195,0.0005147919873706996
96110,2,2,30,0,0.0015751669998280704,3.466696944087744e-05,0.0008504160214215517,6.579200271517038e-05,0.00252604199340567,0.0030672919820062816,-0.0005412499886006117
96110,3,11,30,0,0.0017962089623324573,3.57080134563148e-05,0.0013630830217152834,6.404198938980699e-05,0.0032590419868938625,0.0027759589720517397,0.0004830830148421228
96110,4,15,30,0,0.0018135830177925527,4.116696072742343e-05,0.0012849170016124845,6.675004260614514e-05,0.0032064170227386057,0.003069458995014429,0.00013695802772417665
96110,5,20,30,0,0.001955666986759752,3.829196793958545e-05,0.0013265410088934004,6.749999010935426e-05,0.003387999953702092,0.00391145795583725,-0.0005234580021351576
96110,6,25,30,0,0.002039915998466313,3.7416990380734205e-05,0.001285750011447817,6.35419855825603e-05,0.0034266249858774245,0.0031607910059392452,0.00026583397993817925
96110,7,28,30,4,0.002183666976634413,4.3041014578193426e-05,0.0016930840210989118,7.274997187778354e-05,0.003992541984189302,0.0031960830092430115,0.0007964589749462903
96110,8,34,26,26,0.0022415000130422413,3.7416990380734205e-05,0.0017006249981932342,0.0001176249934360385,0.004097166995052248,0.005065875011496246,-0.0009687080164439976
96110,9,18,0,0,0.0019891669508069754,4.850002005696297e-05,0.0016320410068146884,0.00010316702537238598,0.0037728750030510128,0.0037109589902684093,6.19160127826035e-05
96110,10,25,0,0,0.002180833020247519,3.683299291878939e-05,0.0024306249688379467,6.550003308802843e-05,0.0047137910150922835,0.0031032919650897384,0.0016104990500025451
96110,11,29,0,0,0.002141250006388873,3.708299482241273e-05,0.0020964170107617974,9.350001346319914e-05,0.004368250025436282,0.003969457990024239,0.00039879203541204333
96110,12,35,1,1,0.002361041959375143,3.870803629979491e-05,0.001147083006799221,6.658397614955902e-05,0.003613416978623718,0.003578541975002736,3.487500362098217e-05
96110,13,40,0,0,0.0024407500168308616,3.975001163780689e-05,0.0012001669965684414,6.604200461879373e-05,0.0037467090296559036,0.004819459049031138,-0.0010727500193752348
96110,14,45,4,4,0.002701749966945499,4.558399086818099e-05,0.001208166009746492,7.754203397780657e-05,0.004033042001537979,0.004405709041748196,-0.00037266704021021724
96110,15,44,2,2,0.0026044159894809127,3.724999260157347e-05,0.0016381249879486859,6.666703848168254e-05,0.004346458008512855,0.004508125013671815,-0.00016166700515896082
96110,16,48,5,5,0.002625584020279348,3.6415993236005306e-05,0.0014251249958761036,6.954203126952052e-05,0.004156667040660977,0.0037436659913510084,0.00041300104930996895
96110,17,47,4,4,0.0026511659962125123,4.449998959898949e-05,0.0014820839860476553,6.60410150885582e-05,0.004243790986947715,0.004476749978493899,-0.00023295899154618382
96110,18,44,3,3,0.0026826669927686453,4.8666028305888176e-05,0.000963166996371001,7.204199209809303e-05,0.0037665420095436275,0.003944790980312973,-0.00017824897076934576
96110,19,41,6,6,0.002479540999047458,3.825000021606684e-05,0.0013460839982144535,7.020804332569242e-05,0.003934083040803671,0.003700000001117587,0.0002340830396860838
96110,20,35,1,1,0.002332667005248368,3.63329891115427e-05,0.002013124991208315,6.679201032966375e-05,0.004448916995897889,0.004326875030528754,0.00012204196536913514
96110,21,34,4,4,0.002313584031071514,3.733299672603607e-05,0.0017259999876841903,6.566703086718917e-05,0.004142584046348929,0.0034450420062057674,0.000697542040143162
96110,22,30,0,0,0.0022387499921023846,3.80830024369061e-05,0.0016705829766578972,6.624998059123755e-05,0.0040136659517884254,0.003365957993082702,0.0006477079587057233
96110,23,30,0,0,0.0022125000250525773,4.074996104463935e-05,0.0008830840233713388,6.408302579075098e-05,0.0032004170352593064,0.0034470419632270932,-0.0002466249279677868
96110,24,30,0,0,0.002217042027041316,3.895797999575734e-05,0.0008781669894233346,6.616604514420033e-05,0.0032003330416046083,0.005207583017181605,-0.002007249975576997
96110,25,30,0,0,0.0022560000070370734,3.7375022657215595e-05,0.0011237909784540534,6.408401532098651e-05,0.003481250023469329,0.004184084013104439,-0.0007028339896351099
96110,26,30,0,0,0.0022610839805565774,3.9416016079485416e-05,0.0013077089679427445,7.07080471329391e-05,0.0036789170117117465,0.0045791249722242355,-0.0009002079605124891
96110,27,30,0,0,0.0021731670130975544,3.6999990697950125e-05,0.0009661249932833016,6.270804442465305e-05,0.003239000041503459,0.00319445802597329,4.454201553016901e-05
96110,28,30,0,0,0.0022385420161299407,5.82499778829515e-05,0.0013787500211037695,7.470796117559075e-05,0.0037502499762922525,0.0036639580503106117,8.629192598164082e-05
96110,29,30,3,3,0.002266833034809679,3.987498348578811e-05,0.0024337079958058894,0.00021658401237800717,0.0049570000264793634,0.0032478339853696525,0.001709166041109711
96110,30,27,5,5,0.0022052089916542172,4.287500632926822e-05,0.0018578749732114375,0.0001705830218270421,0.004276541993021965,0.0046797500108368695,-0.00040320801781490445
96110,31,22,8,8,0.002122042002156377,3.749999450519681e-05,0.0019265420269221067,7.808295777067542e-05,0.004164166981354356,0.003041125019080937,0.001123041962273419
96110,32,14,5,5,0.0018492499948479235,3.649998689070344e-05,0.0019290420459583402,7.004197686910629e-05,0.0038848340045660734,0.0028297920362092555,0.001055041968356818
96110,33,9,6,6,0.0017476250068284571,3.74580267816782e-05,0.0008483339915983379,6.741599645465612e-05,0.0027008330216631293,0.003465042042080313,-0.0007642090204171836
96110,34,3,3,3,0.0016553750028833747,3.600004129111767e-05,0.0011380829964764416,8.48339986987412e-05,0.002914292039349675,0.0026348750106990337,0.00027941702865064144
96110,35,0,0,0,0.0014870829763822258,3.645801916718483e-05,0.0007590840104967356,6.379099795594811e-05,0.0023464160040020943,0.0029035420157015324,-0.0005571260116994381
96110,36,0,0,0,0.0016564999823458493,3.875000402331352e-05,0.0010626250295899808,6.566598312929273e-05,0.0028235409990884364,0.0029383329674601555,-0.00011479196837171912
96110,37,0,7,0,0.001545540988445282,3.987498348578811e-05,0.0012057920102961361,6.695801857858896e-05,0.002858166000805795,0.0026944580022245646,0.00016370799858123064
96110,38,0,15,0,0.0015496659907512367,3.674998879432678e-05,0.0011286670342087746,6.36249897070229e-05,0.002778708003461361,0.0025141669902950525,0.0002645410131663084
96110,39,0,26,0,0.001535041956230998,3.487500362098217e-05,0.0008505000150762498,6.179203046485782e-05,0.002482209005393088,0.0026693749823607504,-0.00018716597696766257
96111,0,0,30,0,0.0015760830137878656,3.674998879432678e-05,0.0009450840298086405,6.3000014051795e-05,0.002620917046442628,0.002909999981056899,-0.0002890829346142709
96111,1,1,30,0,0.001557083975058049,4.425004590302706e-05,0.0014691249816678464,7.1333022788167e-05,0.0031417920254170895,0.003236750024370849,-9.495799895375967e-05
96111,2,2,30,0,0.0016575839836150408,3.98330157622695e-05,0.0008372499723918736,6.637501064687967e-05,0.0026010419824160635,0.002653542032931,-5.250005051493645e-05
96111,3,5,30,0,0.0016959580243565142,3.6416982766240835e-05,0.0011147920158691704,6.350001785904169e-05,0.002910667040850967,0.0028352909721434116,7.537606870755553e-05
96111,4,11,30,0,0.0017579169943928719,3.608304541558027e-05,0.0024003329453989863,7.966702105477452e-05,0.004274000006262213,0.003425000002607703,0.0008490000036545098
96111,5,20,30,0,0.001979416992980987,5.545798921957612e-05,0.001045708020683378,7.433397695422173e-05,0.0031549169798381627,0.0039497080142609775,-0.0007947910344228148
96111,6,26,30,5,0.002137749979738146,4.954199539497495e-05,0.000939666002523154,7.783400360494852e-05,0.0032047919812612236,0.003816540993284434,-0.0006117490120232105
96111,7,25,25,25,0.002203500014729798,4.5625027269124985e-05,0.0015871249488554895,0.00011512503260746598,0.003951375023461878,0.0039865829749032855,-3.5207951441407204e-05
96111,8,3,0,0,0.0016072079888544977,3.670802107080817e-05,0.0018885839963331819,0.00020900001982226968,0.0037415000260807574,0.003014958987478167,0.0007265410386025906
96111,9,13,0,0,0.0018521669553592801,3.8541038520634174e-05,0.001123791967984289,6.733299233019352e-05,0.0030818329541943967,0.003744624962564558,-0.0006627920083701611
96111,10,18,0,0,0.0019704169826582074,3.549997927621007e-05,0.002434207999613136,6.200000643730164e-05,0.004502124967984855,0.0029588339966721833,0.001543290971312672
96111,11,31,0,0,0.002238249988295138,3.487500362098217e-05,0.0010110000148415565,8.633302059024572e-05,0.0033704580273479223,0.0032810000120662153,8.945801528170705e-05
96111,12,35,0,0,0.0023726249928586185,4.6666013076901436e-05,0.0008997090044431388,7.000000914558768e-05,0.0033890000195242465,0.003783542022574693,-0.0003945420030504465
96111,13,43,0,0,0.0025196660426445305,3.7041958421468735e-05,0.0014116670354269445,6.379099795594811e-05,0.004032166034448892,0.00430179201066494,-0.000269625976216048
96111,14,46,5,5,0.002599625033326447,4.495895700529218e-05,0.0012163330102339387,7.141701644286513e-05,0.003932334017008543,0.0037600829964503646,0.00017225102055817842
96111,15,49,6,6,0.0026584999868646264,3.687501884996891e-05,0.002889249997679144,9.766698349267244e-05,0.005682291986886412,0.004497374990023673,0.0011849169968627393
96111,16,45,3,3,0.0026315419818274677,5.2250048611313105e-05,0.002607083006296307,8.541694842278957e-05,0.005376291985157877,0.004161666030995548,0.0012146259541623294
96111,17,45,6,6,0.0026107499725185335,6.0125021263957024e-05,0.0022382080205716193,8.654198609292507e-05,0.004995625000447035,0.0038305000052787364,0.0011651249951682985
96111,18,40,6,6,0.0024354999768547714,3.891700180247426e-05,0.0017747909878380597,7.933401502668858e-05,0.004328541981521994,0.004067374975420535,0.00026116700610145926
96111,19,34,1,1,0.0022459999890998006,3.645801916718483e-05,0.0008273749845102429,6.46670232526958e-05,0.003174500016029924,0.003531374968588352,-0.00035687495255842805
96111,20,33,1,1,0.002334624994546175,3.708404256030917e-05,0.000862916000187397,6.462499732151628e-05,0.0032992500346153975,0.004519000009167939,-0.001219749974552542
96111,21,32,1,1,0.002249667013529688,3.62499849870801e-05,0.0015410410123877227,7.312500383704901e-05,0.00390008301474154,0.0035316660068929195,0.0003684170078486204
96111,22,31,1,1,0.002231125021353364,3.795797238126397e-05,0.0012723749969154596,6.616703467443585e-05,0.0036076250253245234,0.003435584018006921,0.00017204100731760263
96111,23,30,0,0,0.002228541998192668,3.654096508398652e-05,0.0009675840265117586,7.416598964482546e-05,0.0033068329794332385,0.0037130419514141977,-0.0004062089719809592
96111,24,30,1,1,0.0021476249676197767,3.7416000850498676e-05,0.0008932920172810555,6.262498209252954e-05,0.0031409579678438604,0.0032458329806104302,-0.00010487501276656985
96111,25,29,1,1,0.0021438749972730875,4.391703987494111e-05,0.0008626249618828297,6.78329961374402e-05,0.0031182499951682985,0.003130124998278916,-1.18750031106174e-05
96111,26,28,2,2,0.002222958020865917,3.708299482241273e-05,0.002038499980699271,0.00021533400285989046,0.004513874999247491,0.00328158400952816,0.0012322909897193313
96111,27,26,0,0,0.002153208013623953,3.629201091825962e-05,0.0016855410067364573,6.350001785904169e-05,0.0039385410491377115,0.004261291003786027,-0.0003227499546483159
96111,28,26,5,5,0.0021069999784231186,3.587501123547554e-05,0.0020438340143300593,7.18749943189323e-05,0.004258583998307586,0.0031224170234054327,0.001136166974902153
96111,29,21,2,2,0.0019519160268828273,3.566697705537081e-05,0.0008159169810824096,6.462499732151628e-05,0.002868124982342124,0.0032909169676713645,-0.00042279198532924056
96111,30,19,3,3,0.0019812919781543314,3.733299672603607e-05,0.0008739170152693987,6.770796608179808e-05,0.0029602499562315643,0.0039007909945212305,-0.0009405410382896662
96111,31,16,2,2,0.0018243330414406955,3.566697705537081e-05,0.0014949999749660492,6.487499922513962e-05,0.003419874992687255,0.002751917054411024,0.0006679579382762313
96111,32,14,3,3,0.0018757079960778356,4.091695882380009e-05,0.0020808750414289534,6.9082947447896e-05,0.004066582943778485,0.0027576660504564643,0.0013089168933220208
96111,33,11,4,4,0.002079665951896459,3.6999990697950125e-05,0.0008695840369910002,6.854097591713071e-05,0.00305479095550254,0.00403429102152586,-0.00097950006602332
96111,34,7,3,3,0.001704083988443017,4.587502917274833e-05,0.001410582975950092,6.724998820573092e-05,0.0032277919817715883,0.00285295897629112,0.0003748330054804683
96111,35,4,2,2,0.0016217919765040278,3.483303589746356e-05,0.0008150829817168415,6.316701183095574e-05,0.0025348750059492886,0.0024963339674286544,3.8541038520634174e-05
96111,36,2,5,2,0.0015739999944344163,4.700000863522291e-05,0.0009579589823260903,6.870803190395236e-05,0.002647667017299682,0.003081000002566725,-0.0004333329852670431
96111,37,0,4,0,0.0015278750215657055,3.6582991015166044e-05,0.0014352499856613576,6.583402864634991e-05,0.003065542026888579,0.0030515420367009938,1.3999990187585354e-05
96111,38,0,4,0,0.0015529170050285757,4.1583029087632895e-05,0.0008725000079721212,6.595900049433112e-05,0.002532959042582661,0.0047105419798754156,-0.0021775829372927547
96111,39,0,4,0,0.001528291031718254,4.704197635874152e-05,0.001900582981761545,0.00010633404599502683,0.0035822500358335674,0.002884291985537857,0.0006979580502957106
96111,40,0,6,0,0.0015492080128751695,3.608298720791936e-05,0.0011526669841259718,6.891699740663171e-05,0.0028068749816156924,0.002780166978482157,2.6708003133535385e-05
96111,41,0,12,0,0.0020693749538622797,3.9792037568986416e-05,0.0008388329879380763,6.504199700430036e-05,0.0030130419763736427,0.0035577500239014626,-0.0005447080475278199
96111,42,0,23,0,0.0015413339715451002,3.870803629979491e-05,0.001007332990411669,6.275001214817166e-05,0.002650125010404736,0.002583540976047516,6.658403435721993e-05
96111,43,0,26,0,0.0015410830383189023,3.91670037060976e-05,0.0014787919935770333,8.095800876617432e-05,0.0031400000443682075,0.0028074579895474017,0.0003325420548208058
96111,44,0,29,0,0.0015327500295825303,3.474997356534004e-05,0.001133000012487173,6.220798240974545e-05,0.002762707998044789,0.0025744580198079348,0.00018824997823685408
96112,0,0,30,0,0.0016035829903557897,3.925000783056021e-05,0.0011780839995481074,6.737496005371213e-05,0.0028882919577881694,0.0030317920027300715,-0.00014350004494190216
96112,1,2,30,0,0.001588959014043212,3.587501123547554e-05,0.0012734999763779342,6.454100366681814e-05,0.00296287500532344,0.0032866669935174286,-0.0003237919881939888
96112,2,5,30,0,0.0016483329818584025,3.520800964906812e-05,0.0013550000148825347,6.262498209252954e-05,0.003101165988482535,0.0031062500202097,-5.084031727164984e-06
96112,3,8,30,0,0.0017712079570628703,3.5167031455785036e-05,0.0009345829603262246,6.320804823189974e-05,0.0028041659970767796,0.0027062909794040024,9.787501767277718e-05
96112,4,16,30,0,0.0019153750035911798,3.574998117983341e-05,0.0012964580091647804,6.345799192786217e-05,0.003311040985863656,0.003733374993316829,-0.0004223340074531734
96112,5,20,30,0,0.002056625031400472,4.904199158772826e-05,0.0014212079695425928,7.258303230628371e-05,0.0035994580248370767,0.003530832997057587,6.862502777948976e-05
96112,6,21,30,3,0.001998624997213483,3.629201091825962e-05,0.0013359999866224825,6.979104364290833e-05,0.0034407080383971334,0.0034493330167606473,-8.624978363513947e-06
96112,7,21,27,21,0.0020254580304026604,3.5792007111012936e-05,0.001008416002150625,0.00010099995415657759,0.003170665993820876,0.003919958020560443,-0.0007492920267395675
96112,8,5,6,5,0.0016630419995635748,3.4958007745444775e-05,0.0026747079682536423,7.104198448359966e-05,0.0044437499600462615,0.0026157500105910003,0.0018279999494552612
96112,9,9,1,1,0.001702916983049363,4.408304812386632e-05,0.001276583003345877,0.0002078340039588511,0.0032314170384779572,0.0031580840004608035,7.333303801715374e-05
96112,10,20,0,0,0.0020597910042852163,3.695895429700613e-05,0.0013064580271020532,6.495800334960222e-05,0.003468165989033878,0.003347416000906378,0.00012074998812749982
96112,11,27,1,1,0.0022568749845959246,4.0166021790355444e-05,0.002258291991893202,0.000226916978135705,0.004782249976415187,0.0031064579961821437,0.0016757919802330434
96112,12,36,0,0,0.0023250830126926303,3.4333032090216875e-05,0.0010569999576546252,7.070903666317463e-05,0.003487125039100647,0.003584416990634054,-9.729195153340697e-05
96112,13,44,0,0,0.002557167026679963,3.5999983083456755e-05,0.0010575419873930514,6.737501826137304e-05,0.003718084015417844,0.004490583029109985,-0.0007724990136921406
96112,14,47,4,4,0.00270250003086403,3.6209006793797016e-05,0.0008995410171337426,6.729195592924953e-05,0.0037055420107208192,0.0037362909642979503,-3.074895357713103e-05
96112,15,48,1,1,0.002598249993752688,3.529200330376625e-05,0.000996417016722262,6.266601849347353e-05,0.00369262503227219,0.004564583010505885,-0.000871957978233695
96112,16,48,1,1,0.0026117500383406878,3.4999975468963385e-05,0.0019767500343732536,6.337498780339956e-05,0.004686875035986304,0.0036317090271040797,0.0010551660088822246
96112,17,49,2,2,0.0026513750199228525,3.933301195502281e-05,0.0011636249837465584,7.083301898092031e-05,0.003925166034605354,0.004793874977622181,-0.0008687089430168271
96112,18,51,6,6,0.002763541997410357,4.387501394376159e-05,0.0022212910116650164,7.758400170132518e-05,0.00510629202472046,0.004137374984566122,0.0009689170401543379
96112,19,45,5,5,0.002522124967072159,3.520800964906812e-05,0.0008590830257162452,6.499997107312083e-05,0.003481415973510593,0.004204917000606656,-0.0007235010270960629
96112,20,40,1,1,0.002356416021939367,3.8624973967671394e-05,0.0017717500450089574,6.641697837039828e-05,0.004233208019286394,0.003516750002745539,0.0007164580165408552
96112,21,39,2,2,0.0024213329888880253,3.708398435264826e-05,0.001919458038173616,8.754199370741844e-05,0.004465417005121708,0.004649125039577484,-0.00018370803445577621
96112,22,37,1,1,0.0025703750434331596,0.0001015419838950038,0.0016608749865554273,8.908298332244158e-05,0.004421874997206032,0.004980166035238653,-0.0005582910380326211
96112,23,36,1,1,0.0024109589867293835,6.287498399615288e-05,0.0016012500273063779,7.02079851180315e-05,0.004145291983149946,0.004766375001054257,-0.0006210830179043114
96112,24,35,2,2,0.0023818750050850213,6.266601849347353e-05,0.0016864999779500067,8.241704199463129e-05,0.004213458043523133,0.004419208038598299,-0.00020574999507516623
96112,25,33,0,0,0.0023254160187207162,4.050001734867692e-05,0.002051708986982703,6.824999582022429e-05,0.004485875018872321,0.0036055839736945927,0.0008802910451777279
96112,26,33,1,1,0.0024542920291423798,6.049999501556158e-05,0.0013450830010697246,7.12500186637044e-05,0.00393112504389137,0.004767292004544288,-0.0008361669606529176
96112,27,32,1,1,0.0022951250430196524,3.6999990697950125e-05,0.0018333339830860496,6.941601168364286e-05,0.004234875028487295,0.0036574170226231217,0.0005774580058641732
96112,28,31,4,4,0.002240500005427748,5.849997978657484e-05,0.001187208981718868,6.9500005338341e-05,0.003555708972271532,0.0043532500276342034,-0.0007975410553626716
96112,29,27,3,3,0.0020628749625757337,3.704201662912965e-05,0.0008577500120736659,6.333296187222004e-05,0.003020999953150749,0.003536915988661349,-0.0005159160355105996
96112,30,24,1,1,0.0022137080086395144,4.591699689626694e-05,0.001035875000525266,7.816602010279894e-05,0.0033736660261638463,0.003146790957543999,0.0002268750686198473
96112,31,23,1,1,0.002115666982717812,3.962503978982568e-05,0.0011961249983869493,6.60410150885582e-05,0.0034174580359831452,0.0031569169950671494,0.00026054104091599584
96112,32,22,1,1,0.0020561249693855643,3.704102709889412e-05,0.0008444589911960065,6.445799954235554e-05,0.0030020829872228205,0.003074334003031254,-7.22510158084333e-05
96112,33,21,1,1,0.0019757910049520433,3.6416982766240835e-05,0.0009177920292131603,6.287498399615288e-05,0.0029928750009275973,0.0034269580501131713,-0.00043408304918557405
96112,34,20,1,1,0.001999708008952439,4.287500632926822e-05,0.0014639170258305967,7.43749551475048e-05,0.0035808749962598085,0.003688708005938679,-0.00010783300967887044
96112,35,19,1,1,0.001945124997291714,3.966601798310876e-05,0.000979791977442801,6.187497638165951e-05,0.0030264579690992832,0.0030928749474696815,-6.641697837039828e-05
96112,36,18,5,5,0.0019016250153072178,3.4833967220038176e-05,0.0007926250109449029,6.529100937768817e-05,0.002794375002849847,0.0030670830165036023,-0.0002727080136537552
96112,37,13,1,1,0.0018732500029727817,7.983297109603882e-05,0.0014891670434735715,6.53750030323863e-05,0.0035076250205747783,0.003561332996468991,-5.370797589421272e-05
96112,38,12,9,9,0.0018631250131875277,5.0915987230837345e-05,0.002118667005561292,0.00012729200534522533,0.0041600000113248825,0.003573875001166016,0.0005861250101588666
96112,39,3,6,3,0.0017127080354839563,4.3249980080872774e-05,0.0009145829826593399,7.300003198906779e-05,0.002743541030213237,0.0034954590373672545,-0.0007519180071540177
96112,40,0,6,0,0.0016425829962827265,4.75000124424696e-05,0.001153542019892484,7.162499241530895e-05,0.002915250021032989,0.0031311250058934093,-0.00021587498486042023
96112,41,0,8,0,0.0015454170061275363,3.5958015359938145e-05,0.0016944169765338302,6.441603181883693e-05,0.0033402080298401415,0.0029218329582363367,0.0004183750716038048
96112,42,0,8,0,0.0015234160237014294,3.566697705537081e-05,0.001225167012307793,6.66659907437861e-05,0.002850916003808379,0.002526666037738323,0.00032424996607005596
96112,43,0,13,0,0.0015127920196391642,3.44999716617167e-05,0.0009049170184880495,6.279099034145474e-05,0.002515000000130385,0.0034109170082956553,-0.0008959170081652701
96112,44,0,15,0,0.0015580409672111273,3.7833990063518286e-05,0.0027953750104643404,6.370799383148551e-05,0.0044549579615704715,0.0027540000155568123,0.0017009579460136592
96112,45,0,16,0,0.0015526249771937728,3.5999983083456755e-05,0.0008765830425545573,6.487499922513962e-05,0.0025300830020569265,0.00253950001206249,-9.417010005563498e-06
96112,46,0,19,0,0.0016333329840563238,4.366703797131777e-05,0.0023732499685138464,8.029199671000242e-05,0.00413054198725149,0.0025081660132855177,0.0016223759739659727
96112,47,0,24,0,0.0015390420448966324,3.716698847711086e-05,0.0008967500180006027,6.383296567946672e-05,0.0025367920170538127,0.002971416979562491,-0.00043462496250867844
96112,48,0,27,0,0.0014919170062057674,4.5124965254217386e-05,0.001081207999959588,6.245903205126524e-05,0.002680709003470838,0.0031629169825464487,-0.00048220797907561064
96112,49,0,28,0,0.0014812499866820872,3.425002796575427e-05,0.0010107079870067537,6.250001024454832e-05,0.0025887080118991435,0.0026772500132210553,-8.854200132191181e-05
96113,0,1,30,0,0.0015118750161491334,3.850000211969018e-05,0.0009754589991644025,6.320799002423882e-05,0.002589042007457465,0.0034758750116452575,-0.0008868330041877925
96113,1,2,30,0,0.0016830000095069408,4.691700451076031e-05,0.0015399999683722854,7.445801747962832e-05,0.003344374999869615,0.0028633330366574228,0.00048104196321219206
96113,2,5,30,0,0.0016763749881647527,3.583304351195693e-05,0.0009014579700306058,7.412501145154238e-05,0.002687791013158858,0.002769000013358891,-8.120900020003319e-05
96113,3,10,30,0,0.002170249994378537,3.762502456083894e-05,0.0009252909803763032,6.479199510067701e-05,0.003197957994416356,0.004629666975233704,-0.0014317089808173478
96113,4,18,30,0,0.0019360840087756515,3.6165991332381964e-05,0.0018617500318214297,8.912495104596019e-05,0.003923124982975423,0.003006167011335492,0.0009169579716399312
96113,5,21,30,2,0.0019977500196546316,4.129199078306556e-05,0.0015916659613139927,7.333402754738927e-05,0.003704041999299079,0.003792291972786188,-8.824997348710895e-05
96113,6,25,28,25,0.002229625009931624,3.9499951526522636e-05,0.0016402089968323708,0.00032658304553478956,0.004235917003825307,0.0031862499890848994,0.0010496670147404075
96113,7,7,3,3,0.0016932919970713556,3.9624981582164764e-05,0.0016314579988829792,6.887497147545218e-05,0.0034332499490119517,0.003432708967011422,5.409820005297661e-07
96113,8,11,0,0,0.001788749999832362,3.424996975809336e-05,0.0016897920286282897,0.00015683297533541918,0.003669624973554164,0.0027847079909406602,0.0008849169826135039
96113,9,23,0,0,0.0020624580211006105,3.7999998312443495e-05,0.001983166963327676,6.508303340524435e-05,0.004148708016145974,0.0036748750135302544,0.00047383300261572003
96113,10,27,0,0,0.0020890000159852207,5.104194860905409e-05,0.0009312920155934989,6.595801096409559e-05,0.0031372919911518693,0.0036660410114564,-0.0005287490203045309
96113,11,35,0,0,0.00224770896602422,3.512500552460551e-05,0.0015690409927628934,6.304203998297453e-05,0.0039149170042946935,0.0032850419520400465,0.000629875052254647
96113,12,38,4,4,0.0023568329634144902,3.975001163780689e-05,0.001340000017080456,6.554200081154704e-05,0.0038021249929443,0.00395133305573836,-0.00014920806279405951
96113,13,38,1,1,0.002342167019378394,4.4832995627075434e-05,0.0021172499982640147,6.900000153109431e-05,0.004573250014800578,0.004122041049413383,0.00045120896538719535
96113,14,41,3,3,0.002463624987285584,5.299999611452222e-05,0.0023707079817540944,8.9749984908849e-05,0.00497708295006305,0.004956041986588389,2.1040963474661112e-05
96113,15,43,5,5,0.002518500026781112,3.554200520738959e-05,0.001404666982125491,7.44159915484488e-05,0.004033125005662441,0.004592208017129451,-0.0005590830114670098
96113,16,40,2,2,0.00242787494789809,3.658304922282696e-05,0.0017132500070147216,9.670894360169768e-05,0.004274416947737336,0.003978207998443395,0.00029620894929394126
96113,17,42,6,6,0.002381625003181398,4.137499490752816e-05,0.0016055830055847764,7.124996045604348e-05,0.004099832964129746,0.004749042040202767,-0.0006492090760730207
96113,18,37,0,0,0.002466708014253527,7.191702025011182e-05,0.0010367079521529377,8.791702566668391e-05,0.0036632500123232603,0.00592945801327005,-0.00226620800094679
96113,19,39,2,2,0.0023995839874260128,3.479100996628404e-05,0.002673500042874366,0.00023700000019744039,0.005344875040464103,0.0044202079880051315,0.0009246670524589717
96113,20,37,2,2,0.0023346670204773545,4.4082989916205406e-05,0.0016159579972736537,6.862502777948976e-05,0.0040633330354467034,0.003421542001888156,0.0006417910335585475
96113,21,35,3,3,0.002272250014357269,5.04170311614871e-05,0.0019115829491056502,7.091701263561845e-05,0.0043051670072600245,0.003448957984801382,0.0008562090224586427
96113,22,32,1,1,0.002282958012074232,4.449998959898949e-05,0.0011803749948740005,6.620900239795446e-05,0.0035740419989451766,0.003584541962482035,-1.0499963536858559e-05
96113,23,31,1,1,0.0022720409906469285,4.633399657905102e-05,0.0010740000288933516,6.374996155500412e-05,0.0034561249776743352,0.004204375029075891,-0.0007482500514015555
96113,24,30,2,2,0.002153916982933879,5.020800745114684e-05,0.0009173749713227153,6.979203317314386e-05,0.003191291994880885,0.0035539170494303107,-0.00036262505454942584
96113,25,28,3,3,0.002149541978724301,3.854098031297326e-05,0.0014923750422894955,6.9458968937397e-05,0.0037499169702641666,0.003687916963826865,6.200000643730164e-05
96113,26,25,1,1,0.0021477080299519002,3.8041966035962105e-05,0.0012588330428116024,6.445799954235554e-05,0.0035090410383418202,0.0035522080142982304,-4.316697595641017e-05
96113,27,24,3,3,0.0021765000419691205,4.537496715784073e-05,0.001602000033017248,6.904196925461292e-05,0.003892917011398822,0.0035317500005476177,0.0003611670108512044
96113,28,21,2,2,0.0020347919780761003,4.070799332112074e-05,0.0019062919891439378,0.00016433303244411945,0.004146124992985278,0.0035694579710252583,0.0005766670219600201
96113,29,19,7,7,0.001968500029761344,4.374998388811946e-05,0.0015809169854037464,7.925002137199044e-05,0.0036724170204252005,0.0029504160047508776,0.0007220010156743228
96113,30,12,2,2,0.0018298749928362668,4.341697786003351e-05,0.0018448330229148269,6.816699169576168e-05,0.003786291985306889,0.00332808296661824,0.00045820901868864894
96113,31,10,3,3,0.0017447909922339022,4.050001734867692e-05,0.0013926249812357128,7.12500186637044e-05,0.0032491660094819963,0.0029010000289417803,0.00034816598054021597
96113,32,7,0,0,0.0016519170021638274,3.712496254593134e-05,0.0020815409952774644,6.733404006808996e-05,0.003837917000055313,0.002588750037830323,0.0012491669622249901
96113,33,7,4,4,0.0016918749897740781,4.270899808034301e-05,0.0018349160091020167,6.699998630210757e-05,0.0036364999832585454,0.0027299999492242932,0.0009065000340342522
96113,34,3,1,1,0.0016100420034490526,0.00011012499453499913,0.0016799999866634607,9.854102972894907e-05,0.0034987080143764615,0.003318541042972356,0.00018016697140410542
96113,35,2,6,2,0.0015588339883834124,3.966601798310876e-05,0.001916249981150031,7.045903475955129e-05,0.0035852090222761035,0.0031537500326521695,0.00043145898962393403
96113,36,0,5,0,0.0015201250207610428,4.6999950427562e-05,0.0020695000421255827,0.00022087496472522616,0.0038574999780394137,0.0024258330231532454,0.0014316669548861682
96113,37,0,9,0,0.0015073330141603947,3.887497587129474e-05,0.0013613339979201555,6.72080204822123e-05,0.0029747500084340572,0.0033222500351257622,-0.000347500026691705
96113,38,0,11,0,0.0015020410064607859,3.887497587129474e-05,0.0008190000080503523,6.295903585851192e-05,0.002422875026240945,0.002498083049431443,-7.520802319049835e-05
96113,39,0,16,0,0.0014953750069253147,3.895797999575734e-05,0.001232458045706153,6.524997297674417e-05,0.002832041005603969,0.002754917019046843,7.712398655712605e-05
96113,40,0,20,0,0.001990834018215537,4.112499300390482e-05,0.001761708001140505,8.645799243822694e-05,0.003880125004798174,0.004191083018667996,-0.000310958013869822
96113,41,0,20,0,0.00152133300434798,3.724999260157347e-05,0.0011178750428371131,6.59999786876142e-05,0.002742458018474281,0.002592415956314653,0.00015004206215962768
96113,42,0,24,0,0.0016181670362129807,3.812497016042471e-05,0.0012591670383699238,6.499997107312083e-05,0.00298045901581645,0.0026892080204561353,0.00029125099536031485
96113,43,0,27,0,0.001573708956129849,7.37910158932209e-05,0.002405499981250614,8.700002217665315e-05,0.004139999975450337,0.0034320420236326754,0.0007079579518176615
96114,0,1,30,0,0.0017248329822905362,5.204201443120837e-05,0.0017330829869024456,7.237499812617898e-05,0.003582332981750369,0.004053124983329326,-0.00047079200157895684
96114,1,3,30,0,0.0015588750247843564,3.729097079485655e-05,0.001880416995845735,6.558303721249104e-05,0.003542166028637439,0.003301624965388328,0.00024054106324911118
96114,2,8,30,0,0.0016702909488230944,3.450002986937761e-05,0.0015566250076517463,6.366701563820243e-05,0.0033250830019824207,0.0028170000296086073,0.0005080829723738134
96114,3,9,30,0,0.0016945420065894723,3.749999450519681e-05,0.0015289580333046615,6.437499541789293e-05,0.0033253750298172235,0.004456167051102966,-0.0011307920212857425
96114,4,11,30,0,0.0017218749853782356,4.316697595641017e-05,0.0013803750043734908,6.3000014051795e-05,0.0032084169797599316,0.0040105420048348606,-0.000802125025074929
96114,5,18,30,0,0.0019200000097043812,4.32920060120523e-05,0.0019728330080397427,7.904198719188571e-05,0.004015167010948062,0.002902542008087039,0.001112625002861023
96114,6,23,30,0,0.002064540982246399,5.5958982557058334e-05,0.001661374990362674,7.12500186637044e-05,0.0038531249738298357,0.004907374968752265,-0.0010542499949224293
96114,7,29,30,6,0.002240207977592945,4.51250234618783e-05,0.001377291977405548,7.474998710677028e-05,0.0037373749655671418,0.004458708979655057,-0.0007213340140879154
96114,8,30,24,24,0.00224658299703151,6.30829599685967e-05,0.0021647090325132012,0.00025833299150690436,0.004732707981020212,0.003351958002895117,0.0013807499781250954
96114,9,10,0,0,0.0017712909611873329,4.4459011405706406e-05,0.0020376250031404197,7.633300265297294e-05,0.003929707978386432,0.0040587920229882,-0.00012908404460176826
96114,10,17,0,0,0.001849000051151961,3.529200330376625e-05,0.0021586669608950615,6.691599264740944e-05,0.004109875007998198,0.003387333999853581,0.0007225410081446171
96114,11,24,0,0,0.0019951660069637,3.566697705537081e-05,0.0017825000104494393,6.395799573510885e-05,0.003877290990203619,0.003288834006525576,0.0005884569836780429
96114,12,36,1,1,0.002287082956172526,3.541703335940838e-05,0.0015507499920204282,6.433296948671341e-05,0.003937582951039076,0.004119790974073112,-0.00018220802303403616
96114,13,44,3,3,0.002586917020380497,5.183299072086811e-05,0.0010045419912785292,6.858300184831023e-05,0.0037118750042282045,0.0038160000112839043,-0.00010412500705569983
96114,14,49,4,4,0.002615082950796932,4.26670303568244e-05,0.0019857080187648535,7.004197686910629e-05,0.004713499976787716,0.004128042026422918,0.0005854579503647983
96114,15,46,3,3,0.0025444160564802587,4.591699689626694e-05,0.002317416947335005,7.462501525878906e-05,0.0049823750159703195,0.0038980409735813737,0.0010843340423889458
96114,16,47,4,4,0.0026111669722013175,4.900002386420965e-05,0.0011663329787552357,6.53750030323863e-05,0.003891874977853149,0.0041647080215625465,-0.0002728330437093973
96114,17,45,6,6,0.0024786670110188425,4.0665967389941216e-05,0.0013705419842153788,7.529201684519649e-05,0.003965166979469359,0.005094624997582287,-0.0011294580181129277
96114,18,39,3,3,0.002399916003923863,3.62499849870801e-05,0.0014995420351624489,6.583298090845346e-05,0.004001541004981846,0.0037465000059455633,0.0002550409990362823
96114,19,36,5,5,0.002340540988370776,4.15419926866889e-05,0.0012452080263756216,7.179199019446969e-05,0.0036990829976275563,0.0046099580358713865,-0.0009108750382438302
96114,20,31,0,0,0.0021836250089108944,3.899994771927595e-05,0.001257374999113381,6.570905679836869e-05,0.00354570901254192,0.003763917018659413,-0.00021820800611749291
96114,21,31,0,0,0.0022568749845959246,3.670796286314726e-05,0.0009021669975481927,6.345805013552308e-05,0.0032592079951427877,0.003425833012443036,-0.00016662501730024815
96114,22,31,1,1,0.00224604201503098,5.779101047664881e-05,0.0017939590034075081,6.416597170755267e-05,0.00416195800062269,0.0035707500064745545,0.0005912079941481352
96114,23,30,0,0,0.0021960000158287585,3.4999975468963385e-05,0.0011903329868800938,6.266700802370906e-05,0.0034839999862015247,0.0033486660104244947,0.00013533397577703
96114,24,30,1,1,0.0021756250062026083,4.195800283923745e-05,0.0020231250091455877,6.995798321440816e-05,0.004310666001401842,0.004162333032581955,0.00014833296881988645
96114,25,29,4,4,0.0021795419743284583,4.254200030118227e-05,0.002092250040732324,7.295794785022736e-05,0.004387291963212192,0.003965499985497445,0.0004217919777147472
96114,26,25,7,7,0.0020677080028690398,3.545801155269146e-05,0.0013497089967131615,6.691599264740944e-05,0.003519791003782302,0.0032670829677954316,0.00025270803598687053
96114,27,18,10,10,0.001928207988385111,4.470802377909422e-05,0.0010756669798865914,6.983301136642694e-05,0.0031184160034172237,0.003884041972924024,-0.0007656259695068002
96114,28,8,4,4,0.0018295419868081808,3.850000211969018e-05,0.0017174999811686575,0.00021491601364687085,0.0038004579837433994,0.0034730840125121176,0.00032737397123128176
96114,29,4,3,3,0.0015757920336909592,3.5999983083456755e-05,0.0011993329972028732,6.533297710120678e-05,0.002876457991078496,0.002831666963174939,4.4791027903556824e-05
96114,30,1,0,0,0.0015268330462276936,3.787496825680137e-05,0.0016044999938458204,6.400002166628838e-05,0.0032332080299966037,0.0024239160120487213,0.0008092920179478824
96114,31,1,4,1,0.0015266250120475888,3.766699228435755e-05,0.0009040830191224813,6.399996345862746e-05,0.002532374986913055,0.003372624982148409,-0.0008402499952353537
96114,32,0,10,0,0.0014889170415699482,3.566697705537081e-05,0.0022200830280780792,6.370799383148551e-05,0.0038083750405348837,0.0031696250080130994,0.0006387500325217843
96114,33,0,15,0,0.0015043330495245755,3.674998879432678e-05,0.0008453329792246222,6.383401341736317e-05,0.0024502500309608877,0.00265633303206414,-0.00020608300110325217
96114,34,0,19,0,0.001487750036176294,3.533298149704933e-05,0.0014672090183012187,6.333296187222004e-05,0.003053624997846782,0.0025007090298458934,0.0005529159680008888
96114,35,0,22,0,0.0014736250159330666,4.108302528038621e-05,0.00104750000173226,6.487499922513962e-05,0.0026270830421708524,0.002442917029839009,0.00018416601233184338
96114,36,0,25,0,0.0015052079688757658,3.666704287752509e-05,0.0016837079892866313,7.979199290275574e-05,0.003305374993942678,0.002538624976295978,0.0007667500176467001
96115,0,0,30,0,0.001548541011288762,4.9208989366889e-05,0.0009281660313718021,6.670900620520115e-05,0.0025926250382326543,0.003306457947473973,-0.0007138329092413187
96115,1,1,30,0,0.0015442080330103636,5.870795575901866e-05,0.0014671250246465206,0.0002115420065820217,0.0032815830199979246,0.003890792024321854,-0.0006092090043239295
96115,2,3,30,0,0.001560834003612399,3.883300814777613e-05,0.0023741250042803586,6.937497528269887e-05,0.004043166991323233,0.002622833999339491,0.0014203329919837415
96115,3,6,30,0,0.00159987504594028,3.674998879432678e-05,0.002478040987625718,6.679201032966375e-05,0.004181458032689989,0.0037334170192480087,0.0004480410134419799
96115,4,10,30,0,0.001699416956398636,3.525003558024764e-05,0.001022874959744513,6.629101699218154e-05,0.0028238329687155783,0.003277582989539951,-0.00045375002082437277
96115,5,17,30,0,0.0019665410509333014,4.158396041020751e-05,0.0011570000206120312,6.77499920129776e-05,0.0032328750239685178,0.0037905419594608247,-0.000557666935492307
96115,6,22,30,0,0.001961833972018212,3.9000005926936865e-05,0.001515124982688576,6.9500005338341e-05,0.003585458965972066,0.003969459037762135,-0.00038400007179006934
96115,7,29,30,1,0.0022605840349569917,5.299999611452222e-05,0.001207082998007536,6.404198938980699e-05,0.003584709018468857,0.003494541975669563,9.0167042799294e-05
96115,8,35,29,22,0.0023655000259168446,4.095799522474408e-05,0.0009107089717872441,0.00010912504512816668,0.0034262920380569994,0.003472333017271012,-4.604097921401262e-05
96115,9,20,7,7,0.0018977499566972256,3.529200330376625e-05,0.0011922080302610993,7.587496656924486e-05,0.003201124956831336,0.002997041039634496,0.00020408391719684005
96115,10,19,0,0,0.0019172499887645245,3.504200140014291e-05,0.002122958016116172,6.3000014051795e-05,0.0041382500203326344,0.002883792039938271,0.0012544579803943634
96115,11,25,0,0,0.0023111249902285635,3.9583013858646154e-05,0.0012927500065416098,0.0001424590009264648,0.0037859170115552843,0.004326750000473112,-0.0005408329889178276
96115,12,33,0,0,0.002188290993217379,3.412499791011214e-05,0.001081458991393447,6.479100557044148e-05,0.0033686659880913794,0.003924791992176324,-0.0005561260040849447
96115,13,40,2,2,0.0023280829773284495,4.0000013541430235e-05,0.0009532920084893703,6.612500874325633e-05,0.0033875000081025064,0.0038614169461652637,-0.00047391693806275725
96115,14,41,4,4,0.0024987920187413692,3.995798761025071e-05,0.0011783340014517307,6.849999772384763e-05,0.0037855840055271983,0.003881957964040339,-9.637395851314068e-05
96115,15,44,3,3,0.002456124988384545,3.6415993236005306e-05,0.001764125016052276,6.620900239795446e-05,0.0043228750000707805,0.003784166998229921,0.0005387080018408597
96115,16,45,7,7,0.0024632909917272627,3.38749960064888e-05,0.0008689590031281114,6.90409797243774e-05,0.0034351659705862403,0.004023666959255934,-0.0005885009886696935
96115,17,43,4,4,0.002375249983742833,3.591697895899415e-05,0.0016140830121003091,6.733299233019352e-05,0.00409258296713233,0.003752165997866541,0.0003404169692657888
96115,18,39,2,2,0.0029734160052612424,3.587495302781463e-05,0.0017055420321412385,6.52919989079237e-05,0.004780124989338219,0.0033593749976716936,0.0014207499916665256
96115,19,38,2,2,0.0023238330031745136,3.591697895899415e-05,0.0008849999867379665,6.345805013552308e-05,0.0033082080190069973,0.0039525419706478715,-0.0006443339516408741
96115,20,36,0,0,0.002279499953147024,3.570900298655033e-05,0.0009269160218536854,6.433401722460985e-05,0.0033064589952118695,0.0032501250389032066,5.633395630866289e-05
96115,21,36,4,4,0.002270959026645869,3.687501884996891e-05,0.0016896659508347511,0.000179917027708143,0.004177417024038732,0.00429858302231878,-0.00012116599828004837
96115,22,32,2,2,0.0021456670365296304,6.945797940716147e-05,0.0020276670111343265,0.0002335829776711762,0.0044763750047422945,0.003454624966252595,0.0010217500384896994
96115,23,30,2,2,0.0021351250470615923,3.7999998312443495e-05,0.0016974579775705934,6.508402293547988e-05,0.003935667045880109,0.003978041000664234,-4.237395478412509e-05
96115,24,28,6,6,0.0021121249883435667,3.666704287752509e-05,0.0008414579788222909,6.758299423381686e-05,0.0030578330042771995,0.003738124971278012,-0.0006802919670008123
96115,25,22,7,7,0.0019453749991953373,4.254200030118227e-05,0.0012304999982006848,0.00022670795442536473,0.003445124952122569,0.004097249999176711,-0.0006521250470541418
96115,26,15,1,1,0.0017510000034235418,4.137499490752816e-05,0.0012070410302840173,6.53750030323863e-05,0.0030647910316474736,0.0036990420194342732,-0.0006342509877867997
96115,27,14,4,4,0.002351249975617975,3.78340482711792e-05,0.001245916006155312,7.43749551475048e-05,0.003709374985191971,0.0037886250065639615,-7.925002137199044e-05
96115,28,10,3,3,0.0016607079887762666,3.5917037166655064e-05,0.0008075409568846226,6.479205330833793e-05,0.002568958036135882,0.0037609169958159328,-0.0011919589596800506
96115,29,7,5,5,0.0016032909625209868,3.729201853275299e-05,0.0018785420106723905,6.95830094628036e-05,0.003588708001188934,0.0026272080140188336,0.0009614999871701002
96115,30,2,2,2,0.0015349159948527813,3.4334021620452404e-05,0.0007899579941295087,6.266700802370906e-05,0.0024218750186264515,0.0028257500380277634,-0.0004038750194013119
96115,31,0,5,0,0.0015400000265799463,4.025001544505358e-05,0.001253750000614673,6.445799954235554e-05,0.0028984580421820283,0.003124999988358468,-0.00022654194617643952
96115,32,0,11,0,0.0014881670358590782,3.875000402331352e-05,0.0015589999966323376,6.991700502112508e-05,0.0031558340415358543,0.0027383750420995057,0.0004174589994363487
96115,33,0,18,0,0.0014900410315021873,4.095898475497961e-05,0.0015041659935377538,6.729201413691044e-05,0.003102458023931831,0.002868542040232569,0.00023391598369926214
96115,34,0,21,0,0.0014722080086357892,3.4958997275680304e-05,0.0016217909869737923,6.141705671325326e-05,0.003190375049598515,0.0025710840127430856,0.0006192910368554294
96115,35,0,28,0,0.0014490419998764992,3.445800393819809e-05,0.0015884999884292483,6.508297519758344e-05,0.003137082967441529,0.0024515000404790044,0.0006855829269625247
96115,36,0,28,0,0.0014388749841600657,3.366597229614854e-05,0.0008195420377887785,6.191700231283903e-05,0.0023539999965578318,0.0026735839783214033,-0.0003195839817635715
96116,0,0,30,0,0.0014906249707564712,3.587501123547554e-05,0.0011650419910438359,6.320799002423882e-05,0.0027547499630600214,0.002447083010338247,0.0003076669527217746
96116,1,3,30,0,0.001567250001244247,3.866699989885092e-05,0.0012033750535920262,6.587494863197207e-05,0.002875167003367096,0.0026716249994933605,0.00020354200387373567
96116,2,3,30,0,0.0015497500426135957,3.491697134450078e-05,0.0020792499999515712,6.679201032966375e-05,0.0037307090242393315,0.0028722910210490227,0.0008584180031903088
96116,3,6,30,0,0.0016080419882200658,3.4916040021926165e-05,0.0008910420001484454,6.270798621699214e-05,0.0025967080146074295,0.0025791670195758343,1.754099503159523e-05
96116,4,8,30,0,0.0016519580385647714,3.487500362098217e-05,0.0013897089520469308,6.762502016499639e-05,0.0031441670143976808,0.0031722919666208327,-2.8124952223151922e-05
96116,5,17,30,0,0.0018322920077480376,3.837497206404805e-05,0.0010190000175498426,6.500002928078175e-05,0.00295466702664271,0.00335762498434633,-0.0004029579577036202
96116,6,26,30,4,0.0020561659475788474,3.529200330376625e-05,0.0015974999987520278,0.00010750000365078449,0.003796457953285426,0.003664292045868933,0.0001321659074164927
96116,7,28,26,26,0.0020872500026598573,3.4999975468963385e-05,0.0017271250253543258,0.00013150001177564263,0.003980875015258789,0.0038198750116862357,0.0001610000035725534
96116,8,8,0,0,0.0016409999807365239,3.566703526303172e-05,0.0009347079903818667,6.316695362329483e-05,0.002674541960004717,0.0025882089976221323,8.633296238258481e-05
96116,9,12,0,0,0.0019067079992964864,4.0458980947732925e-05,0.0011131250066682696,6.387499161064625e-05,0.003124166978523135,0.0033657089807093143,-0.00024154200218617916
96116,10,20,0,0,0.001991958008147776,3.587495302781463e-05,0.0014495840296149254,8.03329749032855e-05,0.0035577499656938016,0.002952084003482014,0.0006056659622117877
96116,11,28,0,0,0.0021781250252388418,3.950000973418355e-05,0.0021806249860674143,9.550002869218588e-05,0.0044937500497326255,0.0035628749756142497,0.0009308750741183758
96116,12,33,0,0,0.00221520900959149,3.912503598257899e-05,0.0008933749631978571,6.404099985957146e-05,0.0032117500086314976,0.004150374967139214,-0.0009386249585077167
96116,13,36,2,2,0.002464667020831257,3.891595406457782e-05,0.000949084002058953,6.725004641339183e-05,0.00351991702336818,0.003827291016932577,-0.0003073739935643971
96116,14,41,1,1,0.002410584012977779,5.120801506564021e-05,0.0015876249526627362,6.616703467443585e-05,0.004115584015380591,0.00443916697986424,-0.00032358296448364854
96116,15,47,2,2,0.0026370830019004643,4.520901711657643e-05,0.001404082984663546,6.674998439848423e-05,0.004153124988079071,0.004116665979381651,3.645900869742036e-05
96116,16,50,6,6,0.002608374983537942,4.8666028305888176e-05,0.0018513340037316084,7.299997378140688e-05,0.004581374989356846,0.00498104200232774,-0.0003996670129708946
96116,17,47,0,0,0.0025307080359198153,3.6999990697950125e-05,0.0010637089726515114,6.312498589977622e-05,0.003694541985169053,0.0035931250313296914,0.00010141695383936167
96116,18,49,3,3,0.0025512080173939466,3.787496825680137e-05,0.0011074169888161123,6.891699740663171e-05,0.003765416971873492,0.00401654199231416,-0.00025112502044066787
96116,19,46,1,1,0.002533416962251067,3.612501313909888e-05,0.000868000031914562,6.291596218943596e-05,0.003500457969494164,0.003562791971489787,-6.233400199562311e-05
96116,20,45,3,3,0.0024551249807700515,3.6167039070278406e-05,0.0019142910023219883,6.608397234231234e-05,0.0044716669945046306,0.0036493329680524766,0.0008223340264521539
96116,21,42,4,4,0.002394875045865774,3.529200330376625e-05,0.0010149579611606896,6.541702896356583e-05,0.003510542039293796,0.003936790977604687,-0.0004262489383108914
96116,22,38,1,1,0.0024329170119017363,3.6165991332381964e-05,0.0010625840513966978,6.31659640930593e-05,0.0035948330187238753,0.00347987498389557,0.00011495803482830524
96116,23,37,3,3,0.002347417001146823,4.3791020289063454e-05,0.0011448749573901296,6.766704609617591e-05,0.003603750024922192,0.00399520801147446,-0.00039145798655226827
96116,24,34,2,2,0.002235499967355281,3.4958997275680304e-05,0.0015865410096012056,6.895902333781123e-05,0.003925958997569978,0.0035509589943103492,0.000375000003259629
96116,25,32,3,3,0.002308499999344349,6.933300755918026e-05,0.0018943329923786223,6.450002547353506e-05,0.0043366660247556865,0.005045542027801275,-0.0007088760030455887
96116,26,29,2,2,0.002293083001859486,5.545897874981165e-05,0.0018892080406658351,9.279197547584772e-05,0.004330541996750981,0.004171292006503791,0.00015924999024719
96116,27,27,1,1,0.002140666008926928,4.341697786003351e-05,0.0016560830408707261,6.687495624646544e-05,0.003907040983904153,0.004327333008404821,-0.00042029202450066805
96116,28,26,0,0,0.0021263330127112567,3.770802868530154e-05,0.0009249589638784528,6.304099224507809e-05,0.003152040997520089,0.003752709017135203,-0.0006006680196151137
96116,29,26,4,4,0.002092125010676682,3.937497967854142e-05,0.0016426669899374247,0.00021216599270701408,0.003986332972999662,0.004293500038329512,-0.0003071670653298497
96116,30,22,3,3,0.0019989589927718043,4.1791005060076714e-05,0.0019225000287406147,6.64590043015778e-05,0.0040297090308740735,0.0032995420042425394,0.0007301670266315341
96116,31,19,1,1,0.0019748330232687294,3.870896762236953e-05,0.001504582993220538,0.00023429200518876314,0.0037524169893004,0.003195791970938444,0.0005566250183619559
96116,32,18,3,3,0.001925957971252501,3.970798570662737e-05,0.000908499991055578,7.00420350767672e-05,0.0029442079830914736,0.003387333999853581,-0.0004431260167621076
96116,33,15,2,2,0.0018167090020142496,3.6415993236005306e-05,0.0020673340186476707,6.90409797243774e-05,0.003989499993622303,0.0035225829924456775,0.0004669170011766255
96116,34,13,4,4,0.0017842089873738587,3.812502836808562e-05,0.0009016660042107105,6.666698027402163e-05,0.0027906670002266765,0.0026966669829562306,9.400001727044582e-05
96116,35,9,3,3,0.0016852919943630695,3.729102900251746e-05,0.0018436669488437474,6.725004641339183e-05,0.003633500018622726,0.0038018329651094973,-0.0001683329464867711
96116,36,6,5,5,0.0016654590144753456,3.691599704325199e-05,0.0019598749931901693,0.00018670898862183094,0.003848958993330598,0.0026357080205343664,0.0012132509727962315
96116,37,1,5,1,0.0015571669791825116,3.6792014725506306e-05,0.0018153329729102552,7.00420350767672e-05,0.0034793340018950403,0.003153041994664818,0.0003262920072302222
96116,38,0,7,0,0.0015147080412134528,3.666698466986418e-05,0.001221165992319584,6.450002547353506e-05,0.002837041043676436,0.0027660419582389295,7.099908543750644e-05
96116,39,0,10,0,0.0015252919984050095,3.662501694634557e-05,0.0011578749981708825,6.358296377584338e-05,0.002783374977298081,0.0027281660004518926,5.520897684618831e-05
96116,40,0,11,0,0.0014799580094404519,3.5416975151747465e-05,0.0017485830467194319,0.00021195795852690935,0.0034759159898385406,0.002580458007287234,0.0008954579825513065
96116,41,0,14,0,0.0014809170388616621,3.654096508398652e-05,0.0016088749980553985,0.00019916699966415763,0.0033255000016652048,0.0038187919999472797,-0.0004932919982820749
96116,42,0,17,0,0.0015227500116452575,3.587501123547554e-05,0.0008195840055122972,6.304099224507809e-05,0.0024412500206381083,0.002470624982379377,-2.9374961741268635e-05
96116,43,0,18,0,0.0015942499740049243,3.683404065668583e-05,0.0011506250011734664,6.66659907437861e-05,0.0028483750065788627,0.0031474169809371233,-0.00029904197435826063
96116,44,0,21,0,0.0015393749927170575,3.754202043637633e-05,0.0018784579588100314,6.824999582022429e-05,0.0035236249677836895,0.00306695798644796,0.00045666698133572936
96116,45,0,22,0,0.0019095409661531448,4.116701893508434e-05,0.0009551250259391963,6.741698598489165e-05,0.002973249997012317,0.0035897080088034272,-0.00061645801179111
96116,46,0,23,0,0.0015019170241430402,3.508297959342599e-05,0.0008709999965503812,6.320799002423882e-05,0.002471207990311086,0.002991084009408951,-0.0005198760190978646
96116,47,0,24,0,0.0015243749949149787,6.608397234231234e-05,0.000938582990784198,6.620801286771894e-05,0.002595249970909208,0.002680750039871782,-8.5500068962574e-05
96116,48,0,27,0,0.0015059169963933527,3.5333039704710245e-05,0.0008410839946009219,6.270798621699214e-05,0.002445042016915977,0.002727458020672202,-0.0002824160037562251
96116,49,0,29,0,0.0014819579664617777,3.550003748387098e-05,0.001460874977055937,6.35830219835043e-05,0.00304191600298509,0.002816041000187397,0.00022587500279769301
96117,0,0,30,0,0.0014989590272307396,3.6874960642308e-05,0.0015055830008350313,6.383302388712764e-05,0.0031052500125952065,0.00329037505434826,-0.00018512504175305367
96117,1,2,30,0,0.0015260829823091626,3.56250093318522e-05,0.0008303330396302044,6.274995394051075e-05,0.00245479098521173,0.0028286249726079404,-0.00037383398739621043
96117,2,5,30,0,0.0016062500071711838,3.3916032407432795e-05,0.0014990000054240227,6.466696504503489e-05,0.003203833010047674,0.0025476249866187572,0.0006562080234289169
96117,3,7,30,0,0.001652417005971074,3.504200140014291e-05,0.001224790990818292,6.662501255050302e-05,0.002978875010740012,0.003940791997592896,-0.0009619169868528843
96117,4,8,30,0,0.001664375013206154,3.5208999179303646e-05,0.0019202909898012877,6.304203998297453e-05,0.00368291704216972,0.00283108395524323,0.0008518330869264901
96117,5,14,30,0,0.001807291992008686,3.404100425541401e-05,0.0011072499910369515,6.391701754182577e-05,0.0030125000048428774,0.004028583993203938,-0.0010160839883610606
96117,6,22,30,2,0.0019857080187648535,3.362499410286546e-05,0.001044000033289194,6.412499351426959e-05,0.0031274580396711826,0.003257291973568499,-0.00012983393389731646
96117,7,27,28,27,0.0021382920094765723,3.6582991015166044e-05,0.0016016250010579824,0.00013441703049466014,0.003910917032044381,0.003853416012134403,5.750101990997791e-05
96117,8,7,1,1,0.001634208019822836,4.6250002924352884e-05,0.001118374988436699,6.679201032966375e-05,0.0028656250215135515,0.004324125009588897,-0.0014584999880753458
96117,9,18,0,0,0.001876708003692329,3.3584015909582376e-05,0.0025643330300226808,8.824997348710895e-05,0.004562875023111701,0.0031500839977525175,0.0014127910253591835
96117,10,26,1,1,0.0021118749864399433,3.98330157622695e-05,0.0008697080193087459,6.654200842604041e-05,0.003087958029936999,0.0037877089926041663,-0.0006997509626671672
96117,11,30,0,0,0.00286400003824383,0.00010850001126527786,0.0020807079854421318,8.858396904543042e-05,0.00514179200399667,0.0033706669928506017,0.0017711250111460686
96117,12,37,1,1,0.00237370899412781,3.80830024369061e-05,0.001579958014190197,6.991700502112508e-05,0.004061667015776038,0.00428362499224022,-0.00022195797646418214
96117,13,37,2,2,0.0022940830094739795,3.716698847711086e-05,0.0008762080105952919,6.412499351426959e-05,0.0032715830020606518,0.0035773339914157987,-0.0003057509893551469
96117,14,39,2,2,0.002413042006082833,4.170800093561411e-05,0.0016427089576609433,7.329101208597422e-05,0.004170749976765364,0.003922584000974894,0.00024816597579047084
96117,15,46,4,4,0.0027336670318618417,4.816596629098058e-05,0.001573749992530793,7.037504110485315e-05,0.004425958031788468,0.004574833030346781,-0.00014887499855831265
96117,16,45,2,2,0.0024750829907134175,3.954197745770216e-05,0.0010509580024518073,6.625003879889846e-05,0.0036318330094218254,0.004480875039007515,-0.0008490420295856893
96117,17,46,6,6,0.0025576670304872096,4.012498538941145e-05,0.0012320830137468874,7.424998329952359e-05,0.003904125012923032,0.0035358750028535724,0.0003682500100694597
96117,18,42,4,4,0.002532374986913055,3.904203185811639e-05,0.0013545829569920897,6.433302769437432e-05,0.003990333003457636,0.004537499975413084,-0.0005471669719554484
96117,19,38,2,2,0.0025175000191666186,4.1624996811151505e-05,0.0016973749734461308,7.079204078763723e-05,0.004327292030211538,0.004301415989175439,2.5876041036099195e-05
96117,20,36,4,4,0.0022897080052644014,3.6792014725506306e-05,0.0009878329583443701,6.749999010935426e-05,0.003381832968443632,0.0037437499850057065,-0.0003619170165620744
96117,21,32,2,2,0.0022450420074164867,4.1000021155923605e-05,0.0008657500147819519,6.558297900483012e-05,0.0032173750223591924,0.003915750014130026,-0.0006983749917708337
96117,22,30,1,1,0.0022340420400723815,5.1332986913621426e-05,0.0018249169806949794,6.46670232526958e-05,0.004174959030933678,0.003617208043579012,0.000557750987354666
96117,23,29,0,0,0.002140000055078417,3.983394708484411e-05,0.0017040410311892629,8.995900861918926e-05,0.003973834041971713,0.003723959031049162,0.00024987501092255116
96117,24,29,1,1,0.0022105000098235905,6.0999998822808266e-05,0.0016740839928388596,6.741599645465612e-05,0.0040129999979399145,0.004161624994594604,-0.0001486249966546893
96117,25,28,0,0,0.0021573329577222466,3.8209022022783756e-05,0.0015549579984508455,7.491698488593102e-05,0.003825416963081807,0.003917583031579852,-9.21660684980452e-05
96117,26,28,1,1,0.002111125038936734,4.016701132059097e-05,0.001835124974604696,6.36660261079669e-05,0.004050083050969988,0.0038915839977562428,0.00015849905321374536
96117,27,27,1,1,0.002135041984729469,4.0542043279856443e-05,0.001987583003938198,6.52919989079237e-05,0.004228459030855447,0.0038286669878289104,0.0003997920430265367
96117,28,26,6,6,0.0021132080000825226,3.6582991015166044e-05,0.0011192919919267297,7.350003579631448e-05,0.003342583018820733,0.0034264999558217824,-8.391693700104952e-05
96117,29,20,2,2,0.0019366670167073607,3.63329891115427e-05,0.000883542001247406,6.620801286771894e-05,0.0029227500199340284,0.003289334010332823,-0.0003665839903987944
96117,30,18,3,3,0.0019728330080397427,4.2041996493935585e-05,0.0021187919774092734,7.812504190951586e-05,0.0042117920238524675,0.0028275829972699285,0.001384209026582539
96117,31,15,6,6,0.0019399999873712659,3.9832957554608583e-05,0.0013542090309783816,7.362500764429569e-05,0.003407666983548552,0.004977167001925409,-0.001569500018376857
96117,32,9,3,3,0.0018177920137532055,3.8207974284887314e-05,0.0012980420142412186,7.220800034701824e-05,0.0032262500026263297,0.0030878750258125365,0.00013837497681379318
96117,33,6,3,3,0.0016757079865783453,4.1832972783595324e-05,0.002101625024806708,0.0002346669789403677,0.004053832963109016,0.003314000030513853,0.0007398329325951636
96117,34,3,2,2,0.0015847079921513796,3.44999716617167e-05,0.0012027500197291374,6.47500273771584e-05,0.002886708010919392,0.0030192920239642262,-0.00013258401304483414
96117,35,1,2,1,0.0015982090262696147,3.929098602384329e-05,0.0009810840128920972,6.42079976387322e-05,0.0026827920228242874,0.0030652079731225967,-0.0003824159502983093
96117,36,0,3,0,0.001523874991107732,3.62499849870801e-05,0.0008934999932534993,6.333302007988095e-05,0.0025169579894281924,0.004334750003181398,-0.0018177920137532055
96117,37,0,6,0,0.001522374979685992,6.208301056176424e-05,0.0010062920046038926,6.729201413691044e-05,0.0026580420089885592,0.002456374990288168,0.00020166701870039105
96117,38,0,10,0,0.0017746249795891345,4.291703226044774e-05,0.0010442499769851565,6.641598884016275e-05,0.0029282079776749015,0.004021083004772663,-0.0010928750270977616
96117,39,0,12,0,0.0016016250010579824,8.13750084489584e-05,0.0015092079993337393,8.312496356666088e-05,0.003275332972407341,0.002491665945854038,0.000783667026553303
96117,40,0,14,0,0.001494915981311351,3.574998117983341e-05,0.0014270420069806278,6.283301627263427e-05,0.0030205409857444465,0.002523167000617832,0.0004973739851266146
96117,41,0,19,0,0.001555000024382025,8.041702676564455e-05,0.0019459579489193857,0.00020825001411139965,0.003789625014178455,0.003945417003706098,-0.00015579198952764273
96117,42,0,24,0,0.001545917009934783,3.8040976505726576e-05,0.001009833998978138,6.816600216552615e-05,0.0026619579875841737,0.002562625042628497,9.93329449556768e-05
96117,43,0,26,0,0.001534750044811517,4.491599975153804e-05,0.0021427919855341315,6.42079976387322e-05,0.0037866660277359188,0.0030129579827189445,0.0007737080450169742
96117,44,0,28,0,0.001516207994427532,4.129199078306556e-05,0.0008604580070823431,6.629200652241707e-05,0.0024842499988153577,0.003095459018368274,-0.0006112090195529163
96118,0,0,30,0,0.0014680830063298345,4.012498538941145e-05,0.0009622920188121498,6.18330086581409e-05,0.0025323330191895366,0.0031522499630227685,-0.0006199169438332319
96118,1,3,30,0,0.0015338750090450048,3.424996975809336e-05,0.0017297090380452573,7.129099685698748e-05,0.003369125013705343,0.0031276660156436265,0.00024145899806171656
96118,2,6,30,0,0.0016421660548076034,3.5624951124191284e-05,0.0023025840055197477,6.758299423381686e-05,0.004047958005685359,0.002724124991800636,0.0013238330138847232
96118,3,8,30,0,0.0018287500133737922,4.370801616460085e-05,0.0024756250204518437,6.979197496548295e-05,0.00441787502495572,0.0038753750268369913,0.0005424999981187284
96118,4,9,30,0,0.0017492080223746598,4.9084017518907785e-05,0.002409999957308173,0.0002085830201394856,0.004416875017341226,0.004703708982560784,-0.0002868339652195573
96118,5,16,30,3,0.0019513749866746366,5.9833982959389687e-05,0.0031697910162620246,0.00010524998651817441,0.005286249972414225,0.005201124993618578,8.512497879564762e-05
96118,6,16,27,16,0.0020053330226801336,8.541700663045049e-05,0.0017877909704111516,0.00013633404159918427,0.00401487504132092,0.00439054099842906,-0.00037566595710814
96118,7,6,11,6,0.001665749994572252,5.262502236291766e-05,0.003105540992692113,0.00010433403076604009,0.004928250040393323,0.004508666985202581,0.000419583055190742
96118,8,9,5,5,0.0017758329631760716,4.566705320030451e-05,0.0022353749955073,7.908296538516879e-05,0.004135957977268845,0.004111207963433117,2.475001383572817e-05
96118,9,9,0,0,0.001793583040125668,5.0875009037554264e-05,0.002275249978993088,8.575001265853643e-05,0.004205458040814847,0.004678249999415129,-0.00047279195860028267
96118,10,16,0,0,0.0020318329916335642,4.470802377909422e-05,0.001302666962146759,7.500004721805453e-05,0.003454208024777472,0.0036809169687330723,-0.00022670894395560026
96118,11,20,1,1,0.0020295410067774355,3.7375022657215595e-05,0.0022246669977903366,7.808295777067542e-05,0.004369665984995663,0.003996832994744182,0.00037283299025148153
96118,12,26,0,0,0.0021399169927462935,5.187495844438672e-05,0.0021653330186381936,7.825001375749707e-05,0.004435374983586371,0.004359666025266051,7.570895832031965e-05
96118,13,33,5,5,0.0022218750091269612,4.804099444299936e-05,0.0014977500541135669,7.266696775332093e-05,0.0038403330254368484,0.005437374988105148,-0.0015970419626682997
96118,14,37,3,3,0.0022762499866075814,3.666599513962865e-05,0.00088825001148507,6.391701754182577e-05,0.003265083010774106,0.003531374968588352,-0.0002662919578142464
96118,15,41,2,2,0.0024676249595358968,4.700000863522291e-05,0.0009143750066868961,7.150002056732774e-05,0.0035004999954253435,0.005376083019655198,-0.0018755830242298543
96118,16,43,3,3,0.002430833992548287,3.679096698760986e-05,0.0018789999885484576,0.00010070903226733208,0.0044473339803516865,0.003726875002030283,0.0007204589783214033
96118,17,43,3,3,0.0025151660083793104,4.695903044193983e-05,0.0019445829675532877,6.824999582022429e-05,0.004574958002194762,0.004509958031121641,6.499997107312083e-05
96118,18,41,5,5,0.0026562500279396772,5.0125003326684237e-05,0.0012607089593075216,7.629103492945433e-05,0.004043375025503337,0.0037830000510439277,0.0002603749744594097
96118,19,38,0,0,0.0025006249779835343,4.4249987695366144e-05,0.0008918329840525985,6.854202365502715e-05,0.003505249973386526,0.003502667008433491,2.582964953035116e-06
96118,20,38,1,1,0.002441124990582466,3.8416997995227575e-05,0.0019792079692706466,0.0002060839906334877,0.004664833948481828,0.004237124987412244,0.0004277089610695839
96118,21,37,3,3,0.0024733340251259506,7.004098733887076e-05,0.0015552089898847044,8.3291030023247e-05,0.004181875032372773,0.005817707977257669,-0.0016358329448848963
96118,22,34,2,2,0.002389665984082967,4.4249987695366144e-05,0.002027624985203147,6.862502777948976e-05,0.00453016598476097,0.004427791980560869,0.0001023740042001009
96118,23,32,0,0,0.00223912502406165,4.274997627362609e-05,0.001100334047805518,7.237499812617898e-05,0.003454584046266973,0.0036475409870035946,-0.00019295694073662162
96118,24,32,1,1,0.002192292013205588,3.512500552460551e-05,0.0016835419810377061,7.329101208597422e-05,0.003984250011853874,0.0032319159945473075,0.0007523340173065662
96118,25,31,1,1,0.0022787090274505317,4.345801426097751e-05,0.0009721669484861195,6.754102651029825e-05,0.003361875016707927,0.004423834034241736,-0.001061959017533809
96118,26,30,0,0,0.002142915967851877,3.550003748387098e-05,0.0009882500162348151,6.412499351426959e-05,0.003230791015084833,0.0035385420196689665,-0.0003077510045841336
96118,27,30,0,0,0.0022384169860742986,3.9040984120219946e-05,0.001679167035035789,0.00020595797104761004,0.004162582976277918,0.0041773340199142694,-1.4751043636351824e-05
96118,28,30,1,1,0.0022825420019216835,4.762498429045081e-05,0.0011595830437727273,7.024995284155011e-05,0.0035599999828264117,0.0034022920299321413,0.00015770795289427042
96118,29,29,4,4,0.002208583988249302,3.895797999575734e-05,0.0013017919845879078,7.158302469179034e-05,0.0036209169775247574,0.003403583017643541,0.0002173339598812163
96118,30,25,5,5,0.0020232079550623894,3.5750039387494326e-05,0.0009627499966882169,6.649998249486089e-05,0.0030882079736329615,0.0037378750275820494,-0.0006496670539490879
96118,31,20,5,5,0.001946665986906737,3.687501884996891e-05,0.0016821250319480896,7.53339845687151e-05,0.0037410000222735107,0.0030412919586524367,0.000699708063621074
96118,32,15,4,4,0.0019240419496782124,3.975001163780689e-05,0.0008988750050775707,6.925000343471766e-05,0.0029319169698283076,0.0030672079883515835,-0.00013529101852327585
96118,33,11,2,2,0.0023120000259950757,4.0207989513874054e-05,0.0012272080057300627,6.662501255050302e-05,0.0036460410337895155,0.004449583007954061,-0.0008035419741645455
96118,34,9,2,2,0.0017144999583251774,3.591598942875862e-05,0.001913375046569854,6.470899097621441e-05,0.0037284999853000045,0.0026700420421548188,0.0010584579431451857
96118,35,7,4,4,0.0016347499913536012,4.2458006646484137e-05,0.0010779169970192015,6.437499541789293e-05,0.00281949999043718,0.002682542020920664,0.00013695796951651573
96118,36,3,0,0,0.0015855419915169477,3.712502075359225e-05,0.0008327079704031348,6.279203807935119e-05,0.002518167020753026,0.0033332089660689235,-0.0008150419453158975
96118,37,3,2,2,0.0022912080166861415,4.050001734867692e-05,0.0013306670007295907,7.870799163356423e-05,0.0037410830263979733,0.0026953750057145953,0.001045708020683378
96118,38,1,2,1,0.0015787089942023158,5.616602720692754e-05,0.001016041962429881,6.65000407025218e-05,0.0027174170245416462,0.004936041950713843,-0.002218624926172197
96118,39,0,6,0,0.0015836660168133676,3.791699418798089e-05,0.0013540000072680414,0.00021983298938721418,0.003195416007656604,0.002787542005535215,0.0004078740021213889
96118,40,0,17,0,0.0015241249930113554,3.950000973418355e-05,0.0017524579889141023,6.779201794415712e-05,0.0033838750096037984,0.0034586249967105687,-7.474998710677028e-05
96118,41,0,20,0,0.001606374979019165,4.212500061839819e-05,0.0008370419964194298,6.87920255586505e-05,0.0025543340016156435,0.002971416979562491,-0.0004170829779468477
96118,42,0,23,0,0.0015266250120475888,3.4582975786179304e-05,0.0013687920290976763,6.454100366681814e-05,0.0029945410205982625,0.0025492500280961394,0.0004452909925021231
96118,43,0,25,0,0.001541582983918488,3.658403875306249e-05,0.0017152499640360475,6.504100747406483e-05,0.003358457994181663,0.0025955839664675295,0.0007628740277141333
96118,44,0,28,0,0.0015699170180596411,5.345797399058938e-05,0.0011412500170990825,6.566697265952826e-05,0.0028302919818088412,0.0029221249860711396,-9.183300426229835e-05
96118,45,0,28,0,0.0016236249939538538,4.51250234618783e-05,0.0017629169742576778,6.462499732151628e-05,0.003496291988994926,0.0025701250415295362,0.00092616694746539
96119,0,1,30,0,0.0015655839815735817,3.749999450519681e-05,0.0008938750252127647,6.679102079942822e-05,0.0025637500220909715,0.002628292015288025,-6.454199319705367e-05
96119,1,2,30,0,0.0015626249951310456,3.9958045817911625e-05,0.0015124999918043613,6.787496386095881e-05,0.0031829579966142774,0.003326708043459803,-0.0001437500468455255
96119,2,4,30,0,0.0015931670204736292,3.63329891115427e-05,0.0017928339657373726,6.762502016499639e-05,0.003489958995487541,0.0025902080233208835,0.0008997509721666574
96119,3,6,30,0,0.0016374170081689954,3.6375015042722225e-05,0.0012736250064335763,6.35419855825603e-05,0.0030109590152278543,0.0035205419990234077,-0.0005095829837955534
96119,4,12,30,0,0.0017570419586263597,3.612501313909888e-05,0.0021004999871365726,6.366701563820243e-05,0.003957333974540234,0.002865667047444731,0.0010916669270955026
96119,5,15,30,0,0.001906124991364777,6.824999582022429e-05,0.0015822499990463257,0.00020629202481359243,0.0037629170110449195,0.0027969160000793636,0.0009660010109655559
96119,6,21,30,0,0.0020843339734710753,5.395803600549698e-05,0.0009506249916739762,6.53750030323863e-05,0.0031542920041829348,0.00468891701893881,-0.0015346250147558749
96119,7,26,30,3,0.0021588339586742222,3.712502075359225e-05,0.0010259160189889371,6.699998630210757e-05,0.003288874984718859,0.004533957981038839,-0.0012450829963199794
96119,8,29,27,27,0.0021952500101178885,4.195800283923745e-05,0.0022304580197669566,0.00010970898438245058,0.004577375017106533,0.003687958000227809,0.0008894170168787241
96119,9,9,0,0,0.0017510829493403435,3.850000211969018e-05,0.0018824590370059013,6.78329961374402e-05,0.003739874984603375,0.003926749981474131,-0.00018687499687075615
96119,10,19,0,0,0.00197179097449407,4.995899507775903e-05,0.0008876660140231252,6.624998059123755e-05,0.0029756659641861916,0.0033962089801207185,-0.0004205430159345269
96119,11,26,0,0,0.002055916003882885,3.549997927621007e-05,0.0010986669803969562,6.29170099273324e-05,0.0032529999734833837,0.0033210000256076455,-6.800005212426186e-05
96119,12,34,0,0,0.0023331670090556145,3.9000005926936865e-05,0.0015600830083712935,6.470899097621441e-05,0.003996959014330059,0.004049957962706685,-5.2998948376625776e-05
96119,13,39,0,0,0.002413916983641684,3.608304541558027e-05,0.0017197089619003236,6.53750030323863e-05,0.004235083993989974,0.0038602499989792705,0.0003748339950107038
96119,14,46,1,1,0.002505167038179934,4.141696263104677e-05,0.0008983330335468054,6.383296567946672e-05,0.003508750000037253,0.004103250044863671,-0.0005945000448264182
96119,15,49,5,5,0.0026509580202400684,4.029198316857219e-05,0.0017400420038029552,7.454102160409093e-05,0.004505833028815687,0.004033459001220763,0.000472374027594924
96119,16,48,5,5,0.002596709004137665,4.237500252202153e-05,0.0017616660334169865,0.00010699999984353781,0.004507750039920211,0.004323291999753565,0.00018445804016664624
96119,17,47,10,10,0.002703542006202042,4.6083005145192146e-05,0.0010828750091604888,8.450000314041972e-05,0.003917000023648143,0.004755249945446849,-0.0008382499217987061
96119,18,39,7,7,0.0024967080098576844,4.641700070351362e-05,0.0012555409921333194,7.350003579631448e-05,0.003872166038490832,0.004388875036966056,-0.0005167089984752238
96119,19,32,2,2,0.002193833002820611,3.5582983400672674e-05,0.0009851250215433538,6.512500112876296e-05,0.0032796660088934004,0.00350024999352172,-0.00022058398462831974
96119,20,30,0,0,0.002198958012741059,4.250003257766366e-05,0.0014756249729543924,6.920902524143457e-05,0.0037862920435145497,0.004098707984667271,-0.00031241594115272164
96119,21,30,0,0,0.0022814999683760107,4.791602259501815e-05,0.002166624995879829,8.620898006483912e-05,0.004582249966915697,0.003348874975927174,0.0012333749909885228
96119,22,30,0,0,0.0022745419992133975,5.5957993026822805e-05,0.001502084021922201,7.941597141325474e-05,0.003911999985575676,0.0031977500184439123,0.0007142499671317637
96119,23,30,0,0,0.0021470829960890114,3.3917021937668324e-05,0.0015477909473702312,7.920904317870736e-05,0.0038080000085756183,0.0034415419795550406,0.00036645802902057767
96119,24,30,0,0,0.0021267920383252203,3.7207966670393944e-05,0.0011254170094616711,6.3000014051795e-05,0.0033524170285090804,0.003621040959842503,-0.00026862393133342266
96119,25,30,0,0,0.002232207974884659,5.466700531542301e-05,0.0010689999908208847,7.462501525878906e-05,0.003430499986279756,0.004274250008165836,-0.0008437500218860805
96119,26,30,2,2,0.0022234999923966825,4.1499966755509377e-05,0.0009940420277416706,6.979098543524742e-05,0.00332883297232911,0.004546749987639487,-0.0012179170153103769
96119,27,28,6,6,0.0022600420052185655,3.850000211969018e-05,0.0017795420135371387,9.68750100582838e-05,0.004174959030933678,0.003164457972161472,0.0010105010587722063
96119,28,22,14,14,0.001988958043511957,5.1042006816715e-05,0.0013372909743338823,8.56249826028943e-05,0.0034629160072654486,0.0035383329959586263,-7.54169886931777e-05
96119,29,8,5,5,0.0016608749865554273,3.5917037166655064e-05,0.0008869579760357738,6.654200842604041e-05,0.0026502920081838965,0.0032767090015113354,-0.0006264169933274388
96119,30,3,3,3,0.001562667021062225,4.129100125283003e-05,0.00194808398373425,7.304101018235087e-05,0.003625083016231656,0.0038530410383827984,-0.00022795802215114236
96119,31,0,0,0,0.0015606670058332384,4.337495192885399e-05,0.0012242080410942435,8.020899258553982e-05,0.0029084589914418757,0.0028576659969985485,5.079299444332719e-05
96119,32,0,0,0,0.001519791956525296,5.062500713393092e-05,0.0018077919958159328,0.0002056660014204681,0.0035838749608956277,0.0037962080095894635,-0.00021233304869383574
96119,33,0,0,0,0.001538290991447866,3.550003748387098e-05,0.0019193749758414924,8.13750084489584e-05,0.0035745410132221878,0.002909041999373585,0.0006654990138486028
96119,34,0,0,0,0.001538792042993009,3.604200901463628e-05,0.0009539159946143627,7.095898035913706e-05,0.002599709026981145,0.004129457985982299,-0.0015297489590011537
96119,35,0,0,0,0.001558916992507875,3.712502075359225e-05,0.0012790419859811664,6.683298852294683e-05,0.0029419169877655804,0.0033131659729406238,-0.00037124898517504334
96119,36,0,6,0,0.0015582499909214675,4.116701893508434e-05,0.0028296670061536133,6.787502206861973e-05,0.004496959038078785,0.003964834031648934,0.0005321250064298511
96119,37,0,14,0,0.001609999977517873,3.954098792746663e-05,0.0019490420236252248,6.579200271517038e-05,0.003664374991785735,0.0035602920106612146,0.0001040829811245203
96119,38,0,24,0,0.0014722499763593078,3.7582998629659414e-05,0.001617667032405734,7.18749943189323e-05,0.0031993750017136335,0.002931124996393919,0.00026825000531971455
96119,39,0,29,0,0.0015298749785870314,3.50000336766243e-05,0.0013501669745892286,6.270798621699214e-05,0.0029777499730698764,0.0028554160380735993,0.0001223339349962771
96120,0,1,30,0,0.0015500419540330768,3.80830024369061e-05,0.0016518750344403088,6.270897574722767e-05,0.0033027089666575193,0.0031847499776631594,0.00011795898899435997
96120,1,3,30,0,0.0015883750165812671,4.262494621798396e-05,0.0018715000478550792,0.00020470796152949333,0.0037072079721838236,0.0030044590239413083,0.0007027489482425153
96120,2,7,30,0,0.0017631660448387265,3.987498348578811e-05,0.0017002089880406857,6.562500493600965e-05,0.00356887502130121,0.0041219579870812595,-0.0005530829657800496
96120,3,10,30,0,0.0017499590176157653,3.683299291878939e-05,0.0011565830209292471,6.491696694865823e-05,0.00300829199841246,0.003241292026359588,-0.00023300002794712782
96120,4,15,30,0,0.0018944590119645,4.7874986194074154e-05,0.0013877080054953694,6.962503539398313e-05,0.0033996670390479267,0.002891334006562829,0.0005083330324850976
96120,5,20,30,0,0.0019908330286853015,4.458398325368762e-05,0.0021947079803794622,7.158302469179034e-05,0.004301708017010242,0.003699583001434803,0.0006021250155754387
96120,6,25,30,0,0.002152708009816706,3.862503217533231e-05,0.001547749969176948,6.758398376405239e-05,0.003806666994933039,0.003835708019323647,-2.9041024390608072e-05
96120,7,32,30,5,0.0022822909522801638,4.179199459031224e-05,0.0014102080021984875,7.316702976822853e-05,0.003807457978837192,0.0045748749980703,-0.0007674170192331076
96120,8,33,25,25,0.00228899996727705,3.950000973418355e-05,0.0014063330017961562,0.00010549998842179775,0.0038403329672291875,0.004504084005020559,-0.0006637510377913713
96120,9,12,0,0,0.0017214160179719329,3.912497777491808e-05,0.0018180420156568289,7.312500383704901e-05,0.003651708015240729,0.004338291997555643,-0.0006865839823149145
96120,10,19,0,0,0.002007375005632639,4.329101648181677e-05,0.0008203749894164503,8.42090230435133e-05,0.0029552500345744193,0.004158790980000049,-0.0012035409454256296
96120,11,28,0,0,0.002226916025392711,3.816699609160423e-05,0.0017187079647555947,6.708403816446662e-05,0.004050875024404377,0.0032847909606061876,0.0007660840637981892
96120,12,36,0,0,0.0023167909821495414,7.491698488593102e-05,0.0019287500181235373,7.800001185387373e-05,0.004398457997012883,0.0041374999564141035,0.0002609580405987799
96120,13,41,2,2,0.002439458970911801,4.374998388811946e-05,0.0017165830358862877,7.108302088454366e-05,0.004270875011570752,0.0037849160144105554,0.0004859589971601963
96120,14,47,1,1,0.002609083952847868,4.920799983665347e-05,0.0018400830449536443,7.854198338463902e-05,0.004576916981022805,0.004355749988462776,0.00022116699256002903
96120,15,48,2,2,0.002656125056091696,4.8457994125783443e-05,0.0017880829982459545,6.816699169576168e-05,0.004560833040159196,0.004242416005581617,0.0003184170345775783
96120,16,48,4,4,0.0026133329956792295,5.441700341179967e-05,0.0011577080003917217,7.270899368450046e-05,0.0038981669931672513,0.004526957985945046,-0.0006287909927777946
96120,17,49,2,2,0.002630417002364993,3.549997927621007e-05,0.001650916994549334,7.087498670443892e-05,0.004387708962894976,0.00467375002335757,-0.00028604106046259403
96120,18,49,7,7,0.0027916249819099903,8.408300345763564e-05,0.0017409170395694673,9.024998871609569e-05,0.004706875013653189,0.004641625040676445,6.524997297674417e-05
96120,19,42,4,4,0.002630624978337437,4.0000013541430235e-05,0.0009658340131863952,7.675000233575702e-05,0.0037132090074010193,0.005365833989344537,-0.001652624981943518
96120,20,38,4,4,0.0023830829886719584,4.39999857917428e-05,0.0022255000076256692,7.041700882837176e-05,0.004722999990917742,0.0035563749843277037,0.0011666250065900385
96120,21,34,1,1,0.002311500022187829,4.258297849446535e-05,0.0009064589976333082,6.529100937768817e-05,0.0033258330076932907,0.004125166975427419,-0.0007993339677341282
96120,22,33,1,1,0.0024209580151364207,4.654197255149484e-05,0.0009755830396898091,7.429200923070312e-05,0.0035173750366084278,0.004273500002454966,-0.0007561249658465385
96120,23,32,3,3,0.0022529580164700747,5.529198097065091e-05,0.0009175000013783574,7.645803270861506e-05,0.003302208031527698,0.004947040986735374,-0.0016448329552076757
96120,24,29,3,3,0.0021369580063037574,3.8416997995227575e-05,0.0015124580240808427,7.033301517367363e-05,0.0037581660435535014,0.0035894159809686244,0.00016875006258487701
96120,25,26,2,2,0.0021526250056922436,4.7416018787771463e-05,0.0015562499756924808,7.141701644286513e-05,0.003827708016615361,0.004843917035032064,-0.0010162090184167027
96120,26,24,1,1,0.0019950420246459544,3.4374999813735485e-05,0.00200749997748062,0.00022574997274205089,0.004262666974682361,0.0036407079896889627,0.0006219589849933982
96120,27,23,4,4,0.002033917000517249,4.591600736603141e-05,0.0016855840221978724,6.591598503291607e-05,0.003831333015114069,0.0045802079839631915,-0.0007488749688491225
96120,28,19,3,3,0.0019127500127069652,3.887497587129474e-05,0.000994333007838577,7.883302168920636e-05,0.0030247910181060433,0.003621165989898145,-0.0005963749717921019
96120,29,16,6,6,0.0019018750172108412,3.937497967854142e-05,0.00196695898193866,7.258303230628371e-05,0.0039807920111343265,0.0030677919858135283,0.0009130000253207982
96120,30,10,5,5,0.001701583038084209,3.958295565098524e-05,0.0015714170294813812,6.754201604053378e-05,0.003380125039257109,0.002895916986744851,0.0004842080525122583
96120,31,5,5,5,0.0016256249509751797,4.108302528038621e-05,0.0010070420103147626,6.83749676682055e-05,0.002742124954238534,0.004319625033531338,-0.001577500079292804
96120,32,0,1,0,0.0015245830290950835,3.958400338888168e-05,0.0012988749658688903,6.425002356991172e-05,0.002927292021922767,0.002734333975240588,0.00019295804668217897
96120,33,0,6,0,0.0015153330168686807,4.174996865913272e-05,0.0008964170119725168,6.47500273771584e-05,0.0025182500248774886,0.002920042024925351,-0.00040179200004786253
96120,34,0,10,0,0.0014907920267432928,3.69579647667706e-05,0.00166395801352337,6.53750030323863e-05,0.0032570830080658197,0.0029812080319970846,0.0002758749760687351
96120,35,0,12,0,0.004213957989122719,9.704200783744454e-05,0.005618708033580333,0.00023037497885525227,0.010160083009395748,0.003365374985150993,0.0067947080242447555
96120,36,0,13,0,0.0017459160299040377,7.29589955881238e-05,0.0015656659961678088,7.433397695422173e-05,0.003458874998614192,0.006104832980781794,-0.0026459579821676016
96120,37,0,16,0,0.0014900420210324228,3.816699609160423e-05,0.0015679160133004189,6.574997678399086e-05,0.0031618750072084367,0.0031556669855490327,6.208021659404039e-06
96120,38,0,24,0,0.001488792011514306,3.908301005139947e-05,0.0016288330079987645,6.491696694865823e-05,0.0032216249965131283,0.0027238339534960687,0.0004977910430170596
96120,39,0,28,0,0.0019405000493861735,3.93329537473619e-05,0.001231333997566253,6.500002928078175e-05,0.00327616702998057,0.0039291250286623836,-0.0006529579986818135
96120,40,0,29,0,0.0014845000114291906,3.770802868530154e-05,0.0016788750072009861,8.529197657480836e-05,0.0032863750238902867,0.0027447909815236926,0.0005415840423665941
96121,0,0,30,0,0.0015140410396270454,4.170899046584964e-05,0.0009033749811351299,6.558303721249104e-05,0.002524708048440516,0.003304167010355741,-0.0007794589619152248
96121,1,1,30,0,0.0014898329973220825,3.695895429700613e-05,0.0018025830504484475,6.508297519758344e-05,0.0033944579772651196,0.0036256249877624214,-0.00023116701049730182
96121,2,1,30,0,0.0015002079890109599,3.850000211969018e-05,0.00253574998350814,6.691698217764497e-05,0.004141374956816435,0.002635084034409374,0.0015062909224070609
96121,3,4,30,0,0.0016112080193124712,4.374998388811946e-05,0.0013462920323945582,6.333296187222004e-05,0.003064582997467369,0.0032531669712625444,-0.00018858397379517555
96121,4,10,30,0,0.0017285840003751218,4.875002196058631e-05,0.0025231249746866524,6.791600026190281e-05,0.004368374997284263,0.004133458016440272,0.00023491698084399104
96121,5,18,30,0,0.0018860830459743738,3.995897714048624e-05,0.0017369160195812583,6.687495624646544e-05,0.003729832998942584,0.004541875037830323,-0.0008120420388877392
96121,6,24,30,0,0.0020308750099502504,3.7582998629659414e-05,0.0019854590063914657,6.404099985957146e-05,0.004117958014830947,0.0034033330157399178,0.0007146249990910292
96121,7,32,30,5,0.002290958014782518,4.099996294826269e-05,0.0020430840086191893,7.720798021182418e-05,0.004452249966561794,0.004632083000615239,-0.00017983303405344486
96121,8,34,25,25,0.002227374992799014,3.8416997995227575e-05,0.0014135410310700536,0.00010687496978789568,0.0037862079916521907,0.0035172919742763042,0.00026891601737588644
96121,9,14,0,0,0.0017695410060696304,4.2499974370002747e-05,0.0010209170286543667,7.079198257997632e-05,0.002903749991673976,0.003754042030777782,-0.000850292039103806
96121,10,22,0,0,0.001992874953430146,3.816699609160423e-05,0.001619375019799918,6.512500112876296e-05,0.003715541970450431,0.0030728330020792782,0.0006427089683711529
96121,11,31,0,0,0.0021988749504089355,4.004104994237423e-05,0.0015427919570356607,7.866701344028115e-05,0.0038603749708272517,0.0047948750434443355,-0.0009345000726170838
96121,12,37,0,0,0.002276084036566317,3.883300814777613e-05,0.0015115419519133866,6.770802428945899e-05,0.0038941670209169388,0.0037663750117644668,0.00012779200915247202
96121,13,43,0,0,0.0024203750072047114,3.529194509610534e-05,0.0015190830454230309,6.691698217764497e-05,0.004041666979901493,0.0042551669757813215,-0.00021349999587982893
96121,14,50,0,0,0.002602917025797069,3.63329891115427e-05,0.0015146670048125088,6.616598693653941e-05,0.00422008300665766,0.005092457984574139,-0.0008723749779164791
96121,15,53,4,4,0.0027329170261509717,5.529099144041538e-05,0.0013888750108890235,7.170898607000709e-05,0.004248792014550418,0.005033166031353176,-0.000784374016802758
96121,16,53,7,7,0.002748124999925494,6.004201713949442e-05,0.002129625005181879,8.241599425673485e-05,0.005020208016503602,0.004562791029457003,0.0004574169870465994
96121,17,48,4,4,0.0025930830161087215,4.083395469933748e-05,0.0015216250321827829,6.72080204822123e-05,0.004222750023473054,0.0044198749819770455,-0.00019712495850399137
96121,18,45,7,7,0.0025343330344185233,6.087496876716614e-05,0.0019097920157946646,7.24999699741602e-05,0.004577499988954514,0.0036436659866012633,0.000933834002353251
96121,19,38,6,6,0.0024211250129155815,3.987498348578811e-05,0.00180974998511374,7.112504681572318e-05,0.004341875028330833,0.0036406249855645,0.0007012500427663326
96121,20,32,1,1,0.002351041999645531,4.554103361442685e-05,0.0014047499862499535,6.566703086718917e-05,0.0038670000503771007,0.0036696669994853437,0.000197333050891757
96121,21,31,1,1,0.0021606250084005296,3.791600465774536e-05,0.0014667499926872551,6.816699169576168e-05,0.003733457997441292,0.0039525419706478715,-0.00021908397320657969
96121,22,30,0,0,0.0022342499578371644,5.1709008403122425e-05,0.0014480830286629498,7.087498670443892e-05,0.0038049169816076756,0.0035780000034719706,0.000226916978135705
96121,23,30,2,2,0.002184665994718671,4.0834012906998396e-05,0.0020872079767286777,6.862502777948976e-05,0.004381333012133837,0.004323582979850471,5.7750032283365726e-05
96121,24,28,3,3,0.002134000009391457,4.170899046584964e-05,0.0009425000171177089,6.787502206861973e-05,0.003186084039043635,0.003177250036969781,8.834002073854208e-06
96121,25,25,0,0,0.0020039999508298934,3.6333047319203615e-05,0.0012913329992443323,6.733398186042905e-05,0.0033989999792538583,0.0038300000014714897,-0.00043100002221763134
96121,26,25,4,4,0.002090332971420139,3.729201853275299e-05,0.0016168750007636845,7.1291986387223e-05,0.0038157919771037996,0.003682957962155342,0.00013283401494845748
96121,27,21,7,7,0.0020491249742917717,3.7999998312443495e-05,0.0015699170180596411,7.200002437457442e-05,0.0037290420150384307,0.0029422090156003833,0.0007868329994380474
96121,28,14,6,6,0.0018324159900657833,3.5792007111012936e-05,0.0013570000301115215,6.804196164011955e-05,0.0032932499889284372,0.0039714580052532256,-0.0006782080163247883
96121,29,8,5,5,0.0017094580107368529,4.008400719612837e-05,0.0018522499594837427,6.912503158673644e-05,0.0036709170090034604,0.0036899580154567957,-1.9041006453335285e-05
96121,30,3,3,3,0.0015657920157536864,3.649998689070344e-05,0.0018122500041499734,6.687501445412636e-05,0.0034814170212484896,0.0033411249751225114,0.00014029204612597823
96121,31,0,3,0,0.0015162090421654284,3.8207974284887314e-05,0.0012890420039184391,7.349997758865356e-05,0.0029169589979574084,0.0028553339652717113,6.162503268569708e-05
96121,32,0,6,0,0.0014789170236326754,4.079198697581887e-05,0.002791083010379225,7.883296348154545e-05,0.004389624984469265,0.003158541047014296,0.0012310839374549687
96121,33,0,8,0,0.0014907500008121133,3.570900298655033e-05,0.0014980410342104733,6.749999010935426e-05,0.003092000028118491,0.0026474579935893416,0.00044454203452914953
96121,34,0,12,0,0.0015152079868130386,3.866699989885092e-05,0.0008330830023624003,6.404198938980699e-05,0.002450999978464097,0.00328754197107628,-0.0008365419926121831
96121,35,0,15,0,0.0015308749862015247,4.8124988097697496e-05,0.0011004999978467822,7.245800225064158e-05,0.002751957974396646,0.0036280410131439567,-0.0008760830387473106
96121,36,0,16,0,0.0015077079879119992,3.833300434052944e-05,0.0016365839983336627,7.137504871934652e-05,0.003254000039305538,0.003427124989684671,-0.00017312495037913322
96121,37,0,18,0,0.0015196669846773148,3.7582998629659414e-05,0.0016478750039823353,6.53750030323863e-05,0.003270499990321696,0.002705374965444207,0.0005651250248774886
96121,38,0,25,0,0.0015228750417008996,4.274997627362609e-05,0.0018266660044901073,7.395900320261717e-05,0.00346625002566725,0.0037588339764624834,-0.00029258395079523325
96121,39,0,28,0,0.0015398749965243042,4.358298610895872e-05,0.0009331670007668436,6.679102079942822e-05,0.0025834160041995347,0.002500833012163639,8.258299203589559e-05
96121,40,0,28,0,0.0015142090269364417,3.9166014175862074e-05,0.0009723340044729412,6.42499653622508e-05,0.0025899590109474957,0.003332124964799732,-0.0007421659538522363
96122,0,0,30,0,0.0014797920011915267,3.529200330376625e-05,0.0018394579528830945,6.508303340524435e-05,0.003419624990783632,0.0025967080146074295,0.0008229169761762023
96122,1,2,30,0,0.0015772919869050384,4.5082997530698776e-05,0.0013876250013709068,6.954197306185961e-05,0.0030795419588685036,0.0030942090088501573,-1.466704998165369e-05
96122,2,5,30,0,0.0016100829816423357,3.883300814777613e-05,0.0008307499811053276,6.358401151373982e-05,0.002543249982409179,0.0036302499938756227,-0.0010870000114664435
96122,3,10,30,0,0.0018193749710917473,4.291703226044774e-05,0.0020519999670796096,6.683298852294683e-05,0.0039811249589547515,0.0034933750284835696,0.00048774993047118187
96122,4,15,30,0,0.0018150419928133488,3.504200140014291e-05,0.0009601250058040023,6.562494672834873e-05,0.0028758339467458427,0.0036247079842723906,-0.0007488740375265479
96122,5,23,30,0,0.002080459031276405,3.645801916718483e-05,0.001330832950770855,6.23750383965671e-05,0.0035101250396110117,0.0034602080122567713,4.991702735424042e-05
96122,6,26,30,0,0.0021181670017540455,3.766600275412202e-05,0.0016803750186227262,8.30839853733778e-05,0.0039192920085042715,0.0034795000101439655,0.000439791998360306
96122,7,33,30,10,0.0023302079644054174,4.695903044193983e-05,0.0016608329606242478,9.320804383605719e-05,0.004131207999307662,0.005369082966353744,-0.001237874967046082
96122,8,28,20,20,0.0022888340172357857,3.866601036861539e-05,0.0016973749734461308,9.225000394508243e-05,0.004117125004995614,0.0034387499908916652,0.0006783750141039491
96122,9,19,0,0,0.0019662079866975546,5.966698518022895e-05,0.0020500420359894633,8.049997268244624e-05,0.004156416980549693,0.003047208010684699,0.0011092089698649943
96122,10,28,0,0,0.0021941669983789325,3.820803249254823e-05,0.0010184169514104724,6.52919989079237e-05,0.003316083981189877,0.0038174170185811818,-0.000501333037391305
96122,11,32,0,0,0.002270583005156368,5.5750017054378986e-05,0.0012436669785529375,7.516599725931883e-05,0.0036451659980230033,0.003921750001609325,-0.00027658400358632207
96122,12,36,2,2,0.0023808330297470093,4.349998198449612e-05,0.0010155420168302953,6.970798131078482e-05,0.0035095830098725855,0.00346174999140203,4.7833018470555544e-05
96122,13,38,0,0,0.0023843749659135938,3.5584031138569117e-05,0.0017132079810835421,7.058301707729697e-05,0.004203749995213002,0.004169291991274804,3.445800393819809e-05
96122,14,45,0,0,0.0025407909997738898,4.349998198449612e-05,0.0019054170115850866,7.212499622255564e-05,0.004561832989566028,0.004943042004015297,-0.0003812090144492686
96122,15,47,1,1,0.0025875000283122063,4.520796937867999e-05,0.0012500000302679837,6.833299994468689e-05,0.003951041027903557,0.004598832980263978,-0.0006477919523604214
96122,16,52,8,8,0.0027948750066570938,7.720902794972062e-05,0.0010455829906277359,9.099999442696571e-05,0.004008667019661516,0.004226749995723367,-0.00021808297606185079
96122,17,46,4,4,0.002539584005717188,4.2000028770416975e-05,0.000995707989204675,6.866699550300837e-05,0.0036459590191952884,0.0038979999953880906,-0.0002520409761928022
96122,18,45,6,6,0.0024908329942263663,3.9000005926936865e-05,0.0019582080421969295,7.212499622255564e-05,0.004560166038572788,0.003689041011966765,0.0008711250266060233
96122,19,39,4,4,0.002368625020608306,3.7582998629659414e-05,0.0009666249970905483,6.566697265952826e-05,0.003438499988988042,0.003688458993565291,-0.0002499590045772493
96122,20,35,2,2,0.0022839169832877815,8.429196896031499e-05,0.0015132080297917128,7.945799734443426e-05,0.0039608749793842435,0.00418995798099786,-0.00022908300161361694
96122,21,33,2,2,0.0022652919869869947,4.266604082658887e-05,0.002327249967493117,7.499998901039362e-05,0.004710207984317094,0.004017916973680258,0.0006922910106368363
96122,22,31,1,1,0.002214666979853064,7.141701644286513e-05,0.0016518330085091293,6.624998059123755e-05,0.004004166985396296,0.0038720829761587083,0.00013208400923758745
96122,23,30,0,0,0.0021379590034484863,5.904096178710461e-05,0.00164004199905321,6.900000153109431e-05,0.0039060419658198953,0.004209041013382375,-0.00030299904756247997
96122,24,30,1,1,0.002191792009398341,3.63329891115427e-05,0.0010420420439913869,6.887497147545218e-05,0.003339042013976723,0.004004125017672777,-0.0006650830036960542
96122,25,29,0,0,0.0021744160330854356,3.912497777491808e-05,0.0012275840272195637,6.620795466005802e-05,0.0035073329927399755,0.003636375011410564,-0.00012904201867058873
96122,26,29,0,0,0.0022163750254549086,4.116701893508434e-05,0.0012037080014124513,6.649998249486089e-05,0.003527750028297305,0.003101875016000122,0.0004258750122971833
96122,27,29,0,0,0.0020813330193050206,3.566697705537081e-05,0.0010698330006562173,6.483402103185654e-05,0.0032516670180484653,0.0033989590010605752,-0.00014729198301211
96122,28,29,5,5,0.002186874975450337,4.2458006646484137e-05,0.0008590419893153012,6.591604324057698e-05,0.0031542910146526992,0.004582083027344197,-0.0014277920126914978
96122,29,24,4,4,0.002060041995719075,4.208303289487958e-05,0.0009491249802522361,6.666703848168254e-05,0.0031179170473478734,0.003991583012975752,-0.0008736659656278789
96122,30,20,1,1,0.001990457996726036,4.299997817724943e-05,0.0017288340022787452,6.754102651029825e-05,0.003829833003692329,0.003839584009256214,-9.751005563884974e-06
96122,31,19,5,5,0.0019212079932913184,3.9083999581635e-05,0.0012613749713636935,7.366604404523969e-05,0.0032953330082818866,0.003163082990795374,0.00013225001748651266
96122,32,14,5,5,0.0018362909904681146,3.616698086261749e-05,0.001470250019337982,7.058301707729697e-05,0.003413291007746011,0.003464957990217954,-5.16669824719429e-05
96122,33,9,7,7,0.001737374986987561,3.5999983083456755e-05,0.0016690409975126386,6.787502206861973e-05,0.003510290989652276,0.0027912500081583858,0.0007190409814938903
96122,34,2,3,2,0.001617999980226159,3.733299672603607e-05,0.0008302080095745623,6.7666987888515e-05,0.0025532079744152725,0.0025415419950149953,1.1665979400277138e-05
96122,35,0,1,0,0.0015849159681238234,9.683403186500072e-05,0.0015344999847002327,6.229098653420806e-05,0.003278540971223265,0.0032582919811829925,2.0248990040272474e-05
96122,36,0,1,0,0.002452624961733818,5.45420334674418e-05,0.0023112919880077243,0.00019470800179988146,0.005013166985008866,0.003503457992337644,0.0015097089926712215
96122,37,0,4,0,0.0014889999874867499,5.1875016652047634e-05,0.0017023339751176536,0.00010499998461455107,0.003348208963871002,0.0037449169903993607,-0.00039670802652835846
96122,38,0,11,0,0.0015083749894984066,3.8040976505726576e-05,0.001847792009357363,6.600003689527512e-05,0.0034602080122567713,0.0027767500141635537,0.0006834579980932176
96122,39,0,23,0,0.0015496250125579536,5.154201062396169e-05,0.0016641659894958138,6.42499653622508e-05,0.00332958297803998,0.003442249959334731,-0.00011266698129475117
96122,40,0,23,0,0.0015312919858843088,4.737498238682747e-05,0.002051957999356091,0.0002012920449487865,0.003831917012576014,0.0025269589968957007,0.0013049580156803131
96122,41,0,26,0,0.0014974999940022826,5.199998850002885e-05,0.0009502919856458902,7.583299884572625e-05,0.002575624966993928,0.003518874989822507,-0.000943250022828579
96122,42,0,29,0,0.0014736250159330666,3.787496825680137e-05,0.0022790830116719007,6.795901572331786e-05,0.0038585420115850866,0.0024222920183092356,0.001436249993275851
96123,0,1,30,0,0.0017564580193720758,4.220899427309632e-05,0.0008500409894622862,6.53750030323863e-05,0.0027140830061398447,0.003536415984854102,-0.0008223329787142575
96123,1,1,30,0,0.0016388330259360373,4.137499490752816e-05,0.0014544999576173723,6.708403816446662e-05,0.0032017920166254044,0.0029917500214651227,0.00021004199516028166
96123,2,3,30,0,0.0015616249875165522,3.583304351195693e-05,0.0009218329796567559,6.612500874325633e-05,0.0025854160194285214,0.002516791981179267,6.862403824925423e-05
96123,3,6,30,0,0.0015890420181676745,3.504101186990738e-05,0.0009459589491598308,6.479100557044148e-05,0.002634832984767854,0.0026513749617151916,-1.654197694733739e-05
96123,4,8,30,0,0.0017269999952986836,5.033303750678897e-05,0.0013095829635858536,6.933399708941579e-05,0.003156249993480742,0.0025826250202953815,0.0005736249731853604
96123,5,19,30,1,0.0019308339687995613,3.479100996628404e-05,0.001987750001717359,7.183401612564921e-05,0.004025208996608853,0.00309704098617658,0.0009281680104322731
96123,6,20,29,15,0.0019742499571293592,4.070799332112074e-05,0.0011064590071327984,8.891598554328084e-05,0.0032103329431265593,0.003685792034957558,-0.00047545909183099866
96123,7,11,14,11,0.0017284579807892442,4.1000021155923605e-05,0.001106542011257261,8.091598283499479e-05,0.0029569159960374236,0.004057917045429349,-0.0011010010493919253
96123,8,8,3,3,0.0016602500109001994,3.50000336766243e-05,0.0020571249770000577,0.00022716698003932834,0.00397954200161621,0.0025615000049583614,0.0014180419966578484
96123,9,11,0,0,0.0017238330328837037,3.512500552460551e-05,0.000876957958098501,6.254203617572784e-05,0.002698458032682538,0.003801209037192166,-0.0011027510045096278
96123,10,17,0,0,0.0018529579974710941,3.6958022974431515e-05,0.0018489999929443002,0.00022729201009497046,0.003966208023484796,0.003676416992675513,0.00028979103080928326
96123,11,32,0,0,0.002324041968677193,3.7958030588924885e-05,0.001168375019915402,6.570899859070778e-05,0.0035960840177722275,0.0035447499831207097,5.133403465151787e-05
96123,12,40,4,4,0.0023890419979579747,5.5333017371594906e-05,0.0015780419926159084,7.862498750910163e-05,0.00410104199545458,0.0048166250344365835,-0.0007155830389820039
96123,13,41,3,3,0.0024494999670423567,3.7375022657215595e-05,0.001897041976917535,6.916600978001952e-05,0.004453082976397127,0.0035236250259913504,0.0009294579504057765
96123,14,41,4,4,0.002428625011816621,4.4625019654631615e-05,0.0012945840135216713,7.191597251221538e-05,0.003839750017505139,0.005159874970559031,-0.0013201249530538917
96123,15,44,7,7,0.002661166014149785,4.633399657905102e-05,0.000983791018370539,7.133401231840253e-05,0.0037626250414177775,0.004021250002551824,-0.0002586249611340463
96123,16,39,3,3,0.002389625005889684,3.970798570662737e-05,0.0015848749899305403,6.47500273771584e-05,0.00407895800890401,0.003507792018353939,0.000571165990550071
96123,17,39,2,2,0.002391749992966652,4.875002196058631e-05,0.0018477499834261835,6.908300565555692e-05,0.004357333004008979,0.003998291969764978,0.0003590410342440009
96123,18,37,1,1,0.0023741659824736416,4.5042019337415695e-05,0.0009548329981043935,6.983400089666247e-05,0.0034438750008121133,0.003650458005722612,-0.00020658300491049886
96123,19,36,0,0,0.0023818329791538417,3.741704858839512e-05,0.0013216249644756317,6.437499541789293e-05,0.0038052499876357615,0.003862125042360276,-5.6875054724514484e-05
96123,20,36,1,1,0.002437042014207691,3.8207974284887314e-05,0.0012463750317692757,7.116695633158088e-05,0.003792791976593435,0.004836625012103468,-0.0010438330355100334
96123,21,35,0,0,0.002288250019773841,4.195899236947298e-05,0.0012009579804725945,6.945803761482239e-05,0.0036006250302307308,0.004253791004884988,-0.0006531659746542573
96123,22,35,0,0,0.0023198749986477196,3.566703526303172e-05,0.0018769580055959523,6.374996155500412e-05,0.004296250001061708,0.003390834026504308,0.0009054159745573997
96123,23,35,1,1,0.0024036249960772693,3.908301005139947e-05,0.0022317079710774124,9.68750100582838e-05,0.004771290987264365,0.0040951669798232615,0.0006761240074411035
96123,24,34,4,4,0.0021961660240776837,3.904203185811639e-05,0.0014834999456070364,7.095804903656244e-05,0.003789666050579399,0.0038755409768782556,-8.587492629885674e-05
96123,25,30,3,3,0.0021895000245422125,3.9040984120219946e-05,0.0012608749675564468,7.187505252659321e-05,0.0035612910287454724,0.004681874997913837,-0.001120583969168365
96123,26,27,4,4,0.002065541979391128,3.666599513962865e-05,0.00278550002258271,6.83749676682055e-05,0.004956082964781672,0.003505875007249415,0.0014502079575322568
96123,27,23,2,2,0.001998084015212953,3.6165991332381964e-05,0.0016413750126957893,6.641697837039828e-05,0.0037420419976115227,0.003031750035006553,0.0007102919626049697
96123,28,21,5,5,0.0019403750193305314,3.5582983400672674e-05,0.001032250002026558,6.958399899303913e-05,0.003077792003750801,0.002974957984406501,0.00010283401934430003
96123,29,16,2,2,0.0018679589848034084,3.866601036861539e-05,0.000975875009316951,6.412499351426959e-05,0.0029466249980032444,0.0027419590041972697,0.00020466599380597472
96123,30,14,4,4,0.0018066249904222786,3.5375007428228855e-05,0.0013753329985775054,0.00022250000620260835,0.003439833002630621,0.00273854099214077,0.0007012920104898512
96123,31,10,1,1,0.0017274999991059303,3.587495302781463e-05,0.0018783330451697111,6.683397805318236e-05,0.0037085419753566384,0.0036250000121071935,8.354196324944496e-05
96123,32,9,3,3,0.0016669160104356706,3.5833974834531546e-05,0.0012807080056518316,6.516696885228157e-05,0.0030486249597743154,0.0028012910042889416,0.00024733395548537374
96123,33,6,4,4,0.001591874985024333,3.466702764853835e-05,0.0011576249962672591,6.558297900483012e-05,0.0028497499879449606,0.0028661660035140812,-1.6416015569120646e-05
96123,34,2,4,2,0.0015401249984279275,3.658398054540157e-05,0.0017000410007312894,0.0002132499939762056,0.003489999973680824,0.003971250029280782,-0.0004812500555999577
96123,35,0,8,0,0.0015129169914871454,4.279200220480561e-05,0.0017574999947100878,6.483303150162101e-05,0.00337804201990366,0.002999290998559445,0.0003787510213442147
96123,36,0,8,0,0.001516917021945119,3.816699609160423e-05,0.0008731249836273491,6.595801096409559e-05,0.002494167012628168,0.002490250044502318,3.916968125849962e-06
96123,37,0,9,0,0.0015841249842196703,4.0834012906998396e-05,0.001904540986288339,6.70420122332871e-05,0.0035965419956482947,0.004026374954264611,-0.0004298329586163163
96123,38,0,13,0,0.0014987920294515789,4.158297087997198e-05,0.0013241249835118651,6.429199129343033e-05,0.0029287919751368463,0.0029021669761277735,2.662499900907278e-05
96123,39,0,13,0,0.0015054999967105687,3.462500171735883e-05,0.0008037919760681689,6.545800715684891e-05,0.0024093749816529453,0.002558999985922128,-0.00014962500426918268
96123,40,0,15,0,0.0014812079607509077,3.666704287752509e-05,0.0017151249921880662,6.36249897070229e-05,0.003296624985523522,0.00270116695901379,0.000595458026509732
96123,41,0,22,0,0.001555625000037253,7.150002056732774e-05,0.0019667919841594994,8.416600758209825e-05,0.0036780830123461783,0.002809833036735654,0.0008682499756105244
96123,42,0,27,0,0.0015204580267891288,3.791699418798089e-05,0.0008713750285096467,6.495800334960222e-05,0.0024947080528363585,0.004124708008021116,-0.0016299999551847577
96123,43,0,29,0,0.0014996659592725337,3.50000336766243e-05,0.0019156669732183218,7.270800415426493e-05,0.0035230409703217447,0.003241625032387674,0.0002814159379340708
96123,44,0,29,0,0.0015557919978164136,3.512500552460551e-05,0.0008292080019600689,6.229197606444359e-05,0.0024824169813655317,0.0026819580234587193,-0.00019954104209318757
96124,0,0,30,0,0.001478958991356194,3.704102709889412e-05,0.0012655839673243463,6.308301817625761e-05,0.002844667003955692,0.0035247920313850045,-0.0006801250274293125
96124,1,4,30,0,0.0015889159985817969,4.0666956920176744e-05,0.0014405420515686274,6.341596599668264e-05,0.0031335409730672836,0.0027321670204401016,0.000401373952627182
96124,2,9,30,0,0.0016838330193422735,3.787502646446228e-05,0.002247749944217503,6.612500874325633e-05,0.004035582998767495,0.0027678749756887555,0.0012677080230787396
96124,3,12,30,0,0.0017490420141257346,3.4958007745444775e-05,0.0014267920050770044,6.366596790030599e-05,0.0032744579948484898,0.0027318340144120157,0.0005426239804364741
96124,4,14,30,0,0.001773916999809444,3.520800964906812e-05,0.0009746670257300138,6.316701183095574e-05,0.0028469590470194817,0.0030242089997045696,-0.00017724995268508792
96124,5,22,30,1,0.0019579160143621266,3.4958997275680304e-05,0.0019499160116538405,6.495899287983775e-05,0.004007750016171485,0.00330679101170972,0.0007009590044617653
96124,6,25,29,16,0.002100165991578251,3.825000021606684e-05,0.0016055000014603138,0.00010679202387109399,0.0038507080171257257,0.004310082993470132,-0.0004593749763444066
96124,7,14,13,13,0.001830458000767976,3.466696944087744e-05,0.0015964169870130718,7.300003198906779e-05,0.003534541989210993,0.0028889160021208227,0.0006456259870901704
96124,8,7,0,0,0.0017192080267705023,4.641700070351362e-05,0.0008735830197110772,7.095799082890153e-05,0.0027101660380139947,0.002618792001157999,9.137403685599566e-05
96124,9,12,0,0,0.0017492499900981784,3.57080134563148e-05,0.001681292022112757,6.512500112876296e-05,0.003531375026796013,0.0035933750332333148,-6.200000643730164e-05
96124,10,23,0,0,0.002086833002977073,4.3042004108428955e-05,0.0009183749789372087,6.395799573510885e-05,0.0031122079817578197,0.00314174999948591,-2.9542017728090286e-05
96124,11,30,0,0,0.002450958010740578,4.0624989196658134e-05,0.0019629999878816307,0.00022070802515372634,0.004675291012972593,0.004153207992203534,0.0005220830207690597
96124,12,36,1,1,0.002365084015764296,5.016598151996732e-05,0.0021022920263931155,8.441699901595712e-05,0.004601959022693336,0.004472625034395605,0.00012933398829773068
96124,13,41,3,3,0.002517541986890137,5.508301546797156e-05,0.002206625009421259,8.27079638838768e-05,0.004861957975663245,0.005147750023752451,-0.0002857920480892062
96124,14,41,2,2,0.0024467919720336795,8.704100036993623e-05,0.001582166994921863,6.691698217764497e-05,0.004182916949503124,0.005041916039772332,-0.000858999090269208
96124,15,42,3,3,0.002476042020134628,3.724999260157347e-05,0.0028062500059604645,9.658298222348094e-05,0.005416125000920147,0.004462291952222586,0.000953833048697561
96124,16,44,2,2,0.0024980420130304992,4.433299181982875e-05,0.0015232500154525042,7.24999699741602e-05,0.004138124990276992,0.006694625015370548,-0.0025565000250935555
96124,17,45,4,4,0.0025321250432170928,4.4249987695366144e-05,0.0013660829863511026,6.891699740663171e-05,0.004011375014670193,0.004231208004057407,-0.00021983298938721418
96124,18,45,6,6,0.00252958299824968,3.912503598257899e-05,0.001724374946206808,6.958399899303913e-05,0.004362666979432106,0.00481112499255687,-0.00044845801312476397
96124,19,39,1,1,0.0024065409670583904,3.60840349458158e-05,0.0020204579923301935,6.841699359938502e-05,0.004531499987933785,0.006324417016003281,-0.0017929170280694962
96124,20,38,1,1,0.0024002909776754677,4.125002305954695e-05,0.0014906669966876507,7.458298932760954e-05,0.004006790986750275,0.004605458001606166,-0.0005986670148558915
96124,21,37,3,3,0.002334167016670108,3.604200901463628e-05,0.0015446249744854867,6.670801667496562e-05,0.0039815420168451965,0.003976791980676353,4.750036168843508e-06
96124,22,34,1,1,0.002299458021298051,3.908301005139947e-05,0.00298250000923872,6.570899859070778e-05,0.005386750039178878,0.004238666966557503,0.0011480830726213753
96124,23,33,1,1,0.002198292000684887,3.666698466986418e-05,0.0028947500395588577,8.083297871053219e-05,0.005210542003624141,0.003928249992895871,0.0012822920107282698
96124,24,32,1,1,0.0023087920271791518,3.850000211969018e-05,0.0015422909636981785,6.870902143418789e-05,0.003958292014431208,0.004062500025611371,-0.00010420801118016243
96124,25,31,1,1,0.0022107079857960343,3.97089752368629e-05,0.0013627500156871974,6.908300565555692e-05,0.0036822499823756516,0.003683999995701015,-1.7500133253633976e-06
96124,26,30,1,1,0.0022219159873202443,3.850000211969018e-05,0.0014810420107096434,6.470800144597888e-05,0.0038061660015955567,0.004093499970622361,-0.00028733396902680397
96124,27,29,0,0,0.002179625036660582,3.6416982766240835e-05,0.0012432910152710974,6.999995093792677e-05,0.003529332985635847,0.0031387500348500907,0.0003905829507857561
96124,28,29,2,2,0.0023670000373385847,3.7582998629659414e-05,0.0012124169734306633,6.595801096409559e-05,0.003682958020363003,0.004329500021412969,-0.0006465420010499656
96124,29,27,0,0,0.002102916012518108,4.241697024554014e-05,0.0018602500203996897,6.624998059123755e-05,0.004071832983754575,0.0033868749742396176,0.0006849580095149577
96124,30,27,1,1,0.0021340830135159194,3.504200140014291e-05,0.0009581249905750155,6.59999786876142e-05,0.003193249984178692,0.00394629203947261,-0.0007530420552939177
96124,31,26,4,4,0.0021202919888310134,3.545801155269146e-05,0.0015906670014373958,6.741698598489165e-05,0.0038138339878059924,0.004817624983843416,-0.0010037909960374236
96124,32,22,2,2,0.0019461660413071513,3.633397864177823e-05,0.0012509580119512975,6.416701944544911e-05,0.003297625051345676,0.003036875044927001,0.0002607500064186752
96124,33,20,7,7,0.0019678749958984554,3.8792029954493046e-05,0.0015617079916410148,7.404200732707977e-05,0.003642417024821043,0.004308958014007658,-0.0006665409891866148
96124,34,13,5,5,0.001802208018489182,3.487494541332126e-05,0.0013590000453405082,0.00016241701086983085,0.0033585000201128423,0.0033095409744419158,4.895904567092657e-05
96124,35,8,4,4,0.0017185420147143304,3.487500362098217e-05,0.0014893329935148358,6.629200652241707e-05,0.0033090420183725655,0.002647041983436793,0.0006620000349357724
96124,36,4,2,2,0.002538124972488731,4.283303860574961e-05,0.0009270419832319021,6.837502587586641e-05,0.0035763750202022493,0.0036054999800398946,-2.9124959837645292e-05
96124,37,2,1,1,0.001638874993659556,4.0041981264948845e-05,0.0008055409998632967,6.495899287983775e-05,0.0025494169676676393,0.0034483749768696725,-0.0008989580092020333
96124,38,1,3,1,0.0015678330091759562,3.549997927621007e-05,0.0012468749773688614,6.89580338075757e-05,0.0029191659996286035,0.0026212079683318734,0.00029795803129673004
96124,39,0,4,0,0.0015277080237865448,3.591697895899415e-05,0.0008812079904600978,6.812502397224307e-05,0.00251295801717788,0.003051874984521419,-0.000538916967343539
96124,40,0,8,0,0.0015175830340012908,4.079198697581887e-05,0.0016001249896362424,7.254100637510419e-05,0.0032310410169884562,0.0033258749754168093,-9.483395842835307e-05
96124,41,0,10,0,0.00152824999531731,4.437501775100827e-05,0.0010572089813649654,6.42079976387322e-05,0.002694041992072016,0.0036587920039892197,-0.0009647500119172037
96124,42,0,15,0,0.0015746669960208237,4.170800093561411e-05,0.0020754580036737025,7.491698488593102e-05,0.0037667499855160713,0.0034270419855602086,0.00033970799995586276
96124,43,0,20,0,0.0015140409814193845,3.6792014725506306e-05,0.0014823329984210432,6.5833970438689e-05,0.003098999965004623,0.0029821250354871154,0.00011687492951750755
96124,44,0,25,0,0.0014600410358980298,3.491697134450078e-05,0.0018435419769957662,7.48750171624124e-05,0.003413375001400709,0.0030456669628620148,0.0003677080385386944
96124,45,0,26,0,0.0014875420019961894,3.729102900251746e-05,0.0010632500052452087,6.166700040921569e-05,0.0026497500366531312,0.0030256250174716115,-0.00037587498081848025
96124,46,0,28,0,0.0015020000282675028,3.4833967220038176e-05,0.0015520410379394889,6.687495624646544e-05,0.0031557499896734953,0.002434167021419853,0.0007215829682536423
96125,0,0,30,0,0.0014978330000303686,3.733299672603607e-05,0.0008745419909246266,6.187497638165951e-05,0.0024715829640626907,0.00266100000590086,-0.0001894170418381691
96125,1,2,30,0,0.0015525000053457916,3.570900298655033e-05,0.002584082947578281,6.725004641339183e-05,0.004239542002324015,0.002961166959721595,0.0012783750426024199
96125,2,4,30,0,0.0016228749882429838,4.008301766589284e-05,0.0016290000057779253,6.816699169576168e-05,0.0033601250033825636,0.003419749962631613,-5.9624959249049425e-05
96125,3,10,30,0,0.0017663329490460455,4.1584018617868423e-05,0.0009830000344663858,6.524997297674417e-05,0.002856166975107044,0.0029989159666001797,-0.0001427489914931357
96125,4,16,30,0,0.00190866703633219,3.62499849870801e-05,0.0015833749785088003,6.745802238583565e-05,0.003595750022213906,0.0031914999708533287,0.00040425005136057734
96125,5,18,30,0,0.001924209005665034,3.5916047636419535e-05,0.001424708985723555,8.312496356666088e-05,0.0034679590025916696,0.0032002920052036643,0.00026766699738800526
96125,6,29,30,4,0.002273749967571348,3.716698847711086e-05,0.0013511250144802034,7.387500954791903e-05,0.0037359169800765812,0.0038782089832238853,-0.00014229200314730406
96125,7,28,26,26,0.0021418339456431568,3.579101758077741e-05,0.001286334008909762,0.00010341597953811288,0.003567374951671809,0.003775249992031604,-0.0002078750403597951
96125,8,5,0,0,0.0016318339621648192,3.875000402331352e-05,0.0016575410263612866,0.00020866701379418373,0.003536792006343603,0.002923125051893294,0.0006136669544503093
96125,9,14,0,0,0.0018656669999472797,3.683299291878939e-05,0.0009067089995369315,6.458302959799767e-05,0.0028737920220009983,0.0037002909812144935,-0.0008264989592134953
96125,10,22,0,0,0.0020578340045176446,3.812497016042471e-05,0.0010805409983731806,7.237499812617898e-05,0.003248874971177429,0.003375208005309105,-0.00012633303413167596
96125,11,28,0,0,0.002195708977524191,3.8707978092134e-05,0.0018099170411005616,6.529100937768817e-05,0.004109625006094575,0.003666709002573043,0.0004429160035215318
96125,12,33,2,2,0.002252165984828025,3.525003558024764e-05,0.0008934590150602162,6.474996916949749e-05,0.0032456250046379864,0.003249709028750658,-4.084024112671614e-06
96125,13,35,4,4,0.00226508395280689,3.679102519527078e-05,0.0008898749947547913,6.479199510067701e-05,0.003256541967857629,0.0036139999865554273,-0.00035745801869779825
96125,14,38,5,5,0.002393250004388392,4.6124972868710756e-05,0.0015172920539043844,7.266696775332093e-05,0.004029333998914808,0.00414325000019744,-0.00011391600128263235
96125,15,36,1,1,0.00244808301795274,3.774999640882015e-05,0.002093583985697478,7.100001676008105e-05,0.0046504170168191195,0.0033129999646916986,0.001337417052127421
96125,16,40,4,4,0.0024653750006109476,3.56250093318522e-05,0.0017328339745290577,6.687501445412636e-05,0.004300708998925984,0.0038142920238897204,0.00048641697503626347
96125,17,39,3,3,0.0023724579950794578,4.0000013541430235e-05,0.0010157499928027391,6.870797369629145e-05,0.0034969159751199186,0.0034743750002235174,2.2540974896401167e-05
96125,18,40,5,5,0.002430416992865503,3.912497777491808e-05,0.0009512920514680445,7.237499812617898e-05,0.0034932090202346444,0.004977792035788298,-0.0014845830155536532
96125,19,36,4,4,0.0023670829832553864,5.2875024266541004e-05,0.0009505419875495136,6.512500112876296e-05,0.003435624996200204,0.003503957996144891,-6.833299994468689e-05
96125,20,32,1,1,0.002344125008676201,9.095895802602172e-05,0.0018330830498598516,6.78329961374402e-05,0.004336000012699515,0.00389654200989753,0.00043945800280198455
96125,21,31,0,0,0.0022841670433990657,5.524995503947139e-05,0.0016285000019706786,6.500002928078175e-05,0.0040329170296899974,0.003807458037044853,0.00022545899264514446
96125,22,31,1,1,0.0022351249936036766,3.708299482241273e-05,0.0015975839924067259,7.275003008544445e-05,0.00394254201091826,0.0036063750158064067,0.0003361669951118529
96125,23,30,0,0,0.0022159580257721245,3.7041958421468735e-05,0.0012087080394849181,6.479199510067701e-05,0.0035265000187791884,0.003983917005825788,-0.0004574169870465994
96125,24,30,0,0,0.002213875006418675,3.566697705537081e-05,0.0018140830215997994,6.995897274464369e-05,0.004133583977818489,0.0037034169654361904,0.0004301670123822987
96125,25,30,0,0,0.002232207974884659,3.733299672603607e-05,0.001778625010047108,6.241700612008572e-05,0.004110582987777889,0.003311375039629638,0.0007992079481482506
96125,26,30,1,1,0.0022087079705670476,7.354200351983309e-05,0.0019947499968111515,6.395799573510885e-05,0.004340957966633141,0.003665124997496605,0.0006758329691365361
96125,27,29,0,0,0.0021722919773310423,4.025001544505358e-05,0.0009549160022288561,6.562500493600965e-05,0.0032330829999409616,0.004654874966945499,-0.0014217919670045376
96125,28,29,0,0,0.002197000023443252,3.5208999179303646e-05,0.0014668749645352364,6.254104664549232e-05,0.003761625033803284,0.003200499981176108,0.000561125052627176
96125,29,29,1,1,0.0022036669543012977,4.237500252202153e-05,0.0009026250336319208,7.629097672179341e-05,0.0032249579671770334,0.0031298749963752925,9.508297080174088e-05
96125,30,28,3,3,0.0021867919713258743,4.3208012357354164e-05,0.001547333027701825,7.041695062071085e-05,0.0038477499620057642,0.003247458953410387,0.0006002910085953772
96125,31,25,5,5,0.002075958007480949,3.633397864177823e-05,0.0017590830102562904,7.058301707729697e-05,0.003941958013456315,0.0034322080318816006,0.0005097499815747142
96125,32,20,4,4,0.0019883750355802476,3.5833974834531546e-05,0.0012950830277986825,7.050001295283437e-05,0.003389792051166296,0.0030073749949224293,0.0003824170562438667
96125,33,16,3,3,0.0019634999916888773,3.829196793958545e-05,0.0016813750262372196,7.1333022788167e-05,0.0037545000086538494,0.0030553340329788625,0.0006991659756749868
96125,34,13,5,5,0.001811124966479838,3.850000211969018e-05,0.001230041030794382,6.949994713068008e-05,0.0031491659465245903,0.004468208004254848,-0.0013190420577302575
96125,35,8,3,3,0.0016969999996945262,3.9000005926936865e-05,0.001756249985191971,7.029197877272964e-05,0.0035625419695861638,0.002772207953967154,0.0007903340156190097
96125,36,5,5,5,0.0016405829810537398,4.8459041863679886e-05,0.0008427079883404076,6.916699931025505e-05,0.0026009170105680823,0.004190666018985212,-0.0015897490084171295
96125,37,0,1,0,0.0015539590385742486,4.7915964387357235e-05,0.0009954170091077685,8.600001456215978e-05,0.002683292026631534,0.0032644159509800375,-0.0005811239243485034
96125,38,0,1,0,0.0014487080043181777,3.749999450519681e-05,0.0015702919918112457,6.362504791468382e-05,0.003120125038549304,0.0024517919518984854,0.0006683330866508186
96125,39,0,3,0,0.0014418329810723662,3.5334029234945774e-05,0.0010704159503802657,8.783402154222131e-05,0.002635416982229799,0.0024524169857613742,0.0001829999964684248
96125,40,0,7,0,0.0015310000162571669,3.583298530429602e-05,0.0016464170184917748,6.624998059123755e-05,0.0032795000006444752,0.002552541031036526,0.0007269589696079493
96125,41,0,15,0,0.0015474579995498061,3.63329891115427e-05,0.0015863340231589973,7.0915964897722e-05,0.003241040976718068,0.0028305830201134086,0.00041045795660465956
96125,42,0,23,0,0.0015312499599531293,5.020800745114684e-05,0.000836124992929399,6.437499541789293e-05,0.002481957955751568,0.003348124970216304,-0.000866167014464736
96125,43,0,25,0,0.0015704589895904064,3.791600465774536e-05,0.0020293749985285103,6.979203317314386e-05,0.003707542025949806,0.0025830829981714487,0.0011244590277783573
96125,44,0,28,0,0.0015150830149650574,3.616698086261749e-05,0.0009121670154854655,6.679102079942822e-05,0.0025302080321125686,0.003172542026732117,-0.0006423339946195483
96126,0,2,30,0,0.0015819590189494193,4.1207997128367424e-05,0.001094167004339397,6.629101699218154e-05,0.002783625037409365,0.0036775419721379876,-0.0008939169347286224
96126,1,3,30,0,0.0016126669943332672,3.7541030906140804e-05,0.001428999996278435,0.00021183397620916367,0.0032910419977270067,0.0028568750130943954,0.0004341669846326113
96126,2,7,30,0,0.0017010419978760183,3.5792007111012936e-05,0.0012183329672552645,6.441702134907246e-05,0.003019583993591368,0.003531374968588352,-0.000511790974996984
96126,3,9,30,0,0.0018420410342514515,4.233396612107754e-05,0.0020052080508321524,8.487497689202428e-05,0.003974458028096706,0.004207207995932549,-0.00023274996783584356
96126,4,15,30,0,0.0018815830117091537,8.158397395163774e-05,0.0027491659857332706,0.00014816701877862215,0.004860499990172684,0.0041013750014826655,0.0007591249886900187
96126,5,17,30,0,0.0019139579962939024,3.5208999179303646e-05,0.0012147079687565565,6.512500112876296e-05,0.0032289999653585255,0.002896249992772937,0.0003327499725855887
96126,6,25,30,2,0.00210620800498873,3.629195271059871e-05,0.0017762079951353371,6.616703467443585e-05,0.003984874987509102,0.0038188329781405628,0.00016604200936853886
96126,7,30,28,28,0.002207999990787357,3.491697134450078e-05,0.0009389169863425195,0.0001219160039909184,0.003303749952465296,0.0033760000369511545,-7.225008448585868e-05
96126,8,10,0,0,0.0018345420248806477,3.749999450519681e-05,0.0013473330182023346,6.279197987169027e-05,0.0032821670174598694,0.00283145799767226,0.0004507090197876096
96126,9,16,0,0,0.0018921250011771917,3.837497206404805e-05,0.0008739580516703427,6.395799573510885e-05,0.0028684160206466913,0.0031650419696234167,-0.00029662594897672534
96126,10,26,0,0,0.002380541991442442,3.7792022339999676e-05,0.0015642499784007668,6.545800715684891e-05,0.004048041999340057,0.0038570829783566296,0.00019095902098342776
96126,11,32,0,0,0.002300749998539686,3.7958030588924885e-05,0.002139749994967133,0.0002304170047864318,0.004708875028882176,0.004229540994856507,0.0004793340340256691
96126,12,39,0,0,0.0025569999706931412,4.325003828853369e-05,0.0027497909613884985,7.883401121944189e-05,0.005428874981589615,0.004493166983593255,0.0009357079979963601
96126,13,44,0,0,0.00255929195554927,3.687501884996891e-05,0.002322792017366737,6.616598693653941e-05,0.004985124978702515,0.0039450000040233135,0.0010401249746792018
96126,14,51,0,0,0.0027906670002266765,3.954098792746663e-05,0.0014359590131789446,6.675004260614514e-05,0.004332917043939233,0.004920541017781943,-0.0005876239738427103
96126,15,53,0,0,0.002691916946787387,3.708305303007364e-05,0.0014110420015640557,6.233295425772667e-05,0.004202374955639243,0.0038657920085825026,0.0003365829470567405
96126,16,57,1,1,0.0029331250116229057,4.095898475497961e-05,0.000902750005479902,6.587500683963299e-05,0.00394270900869742,0.004561625013593584,-0.0006189160048961639
96126,17,56,1,1,0.003142832953017205,4.108401481062174e-05,0.000938165991101414,6.64170365780592e-05,0.0041884999955073,0.00508645799709484,-0.0008979580015875399
96126,18,58,7,7,0.0028301249840296805,3.829196793958545e-05,0.0017708750092424452,7.591600297018886e-05,0.0047152079641819,0.005345999961718917,-0.0006307919975370169
96126,19,51,6,6,0.002733083034399897,3.933301195502281e-05,0.0010128339636139572,6.88750296831131e-05,0.00385412503965199,0.004475999972783029,-0.0006218749331310391
96126,20,45,3,3,0.0025130000431090593,3.612501313909888e-05,0.0014787079999223351,6.799999391660094e-05,0.004095833050087094,0.00412662501912564,-3.0791969038546085e-05
96126,21,42,2,2,0.002470625040587038,5.4917007219046354e-05,0.0013146659475751221,7.383403135463595e-05,0.003914042026735842,0.004299125052057207,-0.0003850830253213644
96126,22,40,5,5,0.002351875009480864,3.795797238126397e-05,0.0017364170053042471,6.645801477134228e-05,0.004192708001937717,0.003483540960587561,0.0007091670413501561
96126,23,35,2,2,0.0023136669769883156,4.104204708710313e-05,0.0009019579738378525,6.833299994468689e-05,0.003324999997857958,0.0032478750217705965,7.712497608736157e-05
96126,24,33,1,1,0.0023248340003192425,5.195802077651024e-05,0.0018994580022990704,0.0001266250037588179,0.004402875027153641,0.003980875015258789,0.0004220000118948519
96126,25,32,2,2,0.002226332959253341,3.4958007745444775e-05,0.0016947499825619161,6.525003118440509e-05,0.004021290980745107,0.0033063750015571713,0.0007149159791879356
96126,26,30,0,0,0.0021951250382699072,5.866598803550005e-05,0.00194041698705405,8.133298251777887e-05,0.004275540995877236,0.0036636669537983835,0.0006118740420788527
96126,27,30,0,0,0.002190625004004687,3.8166006561368704e-05,0.0020084999850951135,0.00020820903591811657,0.004445500031579286,0.004214207991026342,0.00023129204055294394
96126,28,30,0,0,0.0022767920163460076,4.0040991734713316e-05,0.0009582499624229968,6.745901191607118e-05,0.003342541982419789,0.004991875030100346,-0.0016493330476805568
96126,29,30,0,0,0.002232792030554265,3.712502075359225e-05,0.0015709999715909362,0.0002151249791495502,0.004056042002048343,0.004700332996435463,-0.00064429099438712
96126,30,30,0,0,0.0022410410456359386,3.649998689070344e-05,0.0019102920196019113,6.320799002423882e-05,0.004251041042152792,0.004678750003222376,-0.0004277089610695839
96126,31,30,1,1,0.002179333008825779,3.629201091825962e-05,0.0015170410042628646,0.00023733399575576186,0.003970000019762665,0.003298124996945262,0.0006718750228174031
96126,32,29,0,0,0.0022666670265607536,3.433297388255596e-05,0.0024488750495947897,0.00020566699095070362,0.004955542040988803,0.003981374960858375,0.0009741670801304281
96126,33,29,2,2,0.0021715000038966537,3.4750031773000956e-05,0.0009364159777760506,0.0002197090070694685,0.0033623750205151737,0.003232999995816499,0.00012937502469867468
96126,34,27,2,2,0.002155875030439347,3.791699418798089e-05,0.0016452079871669412,7.854198338463902e-05,0.003917541995178908,0.0038764579803682864,4.108401481062174e-05
96126,35,25,6,6,0.002078833000268787,3.5833974834531546e-05,0.0008885830175131559,6.729201413691044e-05,0.003070542006753385,0.004240625014062971,-0.0011700830073095858
96126,36,19,3,3,0.0020352500141598284,3.658398054540157e-05,0.001243791019078344,6.920896703377366e-05,0.0033848339808173478,0.002958040975499898,0.00042679300531744957
96126,37,16,4,4,0.0018995419959537685,3.783300053328276e-05,0.0014791249996051192,6.879196735098958e-05,0.00348529196344316,0.0040220830123871565,-0.0005367910489439964
96126,38,12,7,7,0.0017926250002346933,3.57080134563148e-05,0.0010934589663520455,7.237499812617898e-05,0.0029941669781692326,0.0035328749800100923,-0.0005387080018408597
96126,39,5,3,3,0.0016783750033937395,4.629202885553241e-05,0.001528457971289754,7.574999472126365e-05,0.0033288749982602894,0.003416749997995794,-8.787499973550439e-05
96126,40,2,1,1,0.0015790000325068831,6.966700311750174e-05,0.001477415964473039,7.191702025011182e-05,0.0031980000203475356,0.0035041659721173346,-0.000306165951769799
96126,41,1,0,0,0.0016292090294882655,4.416599404066801e-05,0.0010706670000217855,7.091701263561845e-05,0.0028149590361863375,0.003695624996908009,-0.0008806659607216716
96126,42,1,1,1,0.001579499978106469,4.287500632926822e-05,0.00141670904122293,7.124996045604348e-05,0.0031103339861147106,0.002941999991890043,0.00016833399422466755
96126,43,0,0,0,0.0014829590218141675,3.554095746949315e-05,0.0008191250381059945,6.28340058028698e-05,0.002400459023192525,0.0029313749982975423,-0.0005309159751050174
96126,44,0,0,0,0.0015356249641627073,4.5791035518050194e-05,0.0017842499655671418,6.841699359938502e-05,0.0034340829588472843,0.0025966670364141464,0.0008374159224331379
96126,45,0,1,0,0.0015313340118154883,7.145799463614821e-05,0.0009539580205455422,8.258398156613111e-05,0.00263933400856331,0.0032094999914988875,-0.0005701659829355776
96126,46,0,1,0,0.0015659999917261302,3.825000021606684e-05,0.001153250050265342,6.754195783287287e-05,0.002825042000040412,0.003044417011551559,-0.00021937501151114702
96126,47,0,5,0,0.001581749995239079,3.720802487805486e-05,0.0017530830227769911,6.420898716896772e-05,0.0034362500300630927,0.0025548749836161733,0.0008813750464469194
96126,48,0,6,0,0.0015051250229589641,3.679096698760986e-05,0.0007541250088252127,6.208400009199977e-05,0.0023581249988637865,0.0026364169898442924,-0.00027829199098050594
96126,49,0,10,0,0.001543833001051098,3.91670037060976e-05,0.0017258329899050295,6.549997488036752e-05,0.0033743329695425928,0.0029669589712284505,0.00040737399831414223
96126,50,0,14,0,0.001543833001051098,6.470800144597888e-05,0.0016811669920571148,7.754203397780657e-05,0.0033672500285319984,0.0036297080223448575,-0.00026245799381285906
96126,51,0,22,0,0.001521709025837481,3.62499849870801e-05,0.0010535410256125033,6.745895370841026e-05,0.0026789589901454747,0.0035587919992394745,-0.0008798330090939999
96126,52,0,26,0,0.0016053750296123326,4.5208027586340904e-05,0.0014429169823415577,7.341598393395543e-05,0.0031669160234741867,0.0028432910330593586,0.00032362499041482806
96126,53,0,27,0,0.0015222919755615294,4.0041981264948845e-05,0.00192491605412215,6.445898907259107e-05,0.0035517090000212193,0.0030572499963454902,0.000494459003675729
96126,54,0,27,0,0.0015156669542193413,3.554200520738959e-05,0.0009485410409979522,6.399996345862746e-05,0.0025637499638833106,0.002797583001665771,-0.00023383303778246045
96126,55,0,29,0,0.0014782919897697866,3.6375015042722225e-05,0.0012449159985408187,6.212497828528285e-05,0.0028217079816386104,0.003255583986174315,-0.00043387600453570485
96127,0,0,30,0,0.001595958019606769,8.929200703278184e-05,0.0010929999989457428,7.995800115168095e-05,0.0028582080267369747,0.0036932079819962382,-0.0008349999552592635
96127,1,1,30,0,0.001596916001290083,3.912503598257899e-05,0.0017704169731587172,6.500002928078175e-05,0.003471458039712161,0.0024990419624373317,0.0009724160772748291
96127,2,5,30,0,0.0016294579836539924,4.9875001423060894e-05,0.0020616670371964574,7.683300646021962e-05,0.0038178330287337303,0.0036328330170363188,0.00018500001169741154
96127,3,6,30,0,0.001690042030531913,3.9624981582164764e-05,0.0011953749926760793,6.42910017631948e-05,0.002989333006553352,0.0027630000258795917,0.00022633298067376018
96127,4,14,30,0,0.0018377919914200902,3.57080134563148e-05,0.0024150829995051026,6.70420122332871e-05,0.004355625016614795,0.002894915989600122,0.0014607090270146728
96127,5,17,30,2,0.0019047500099986792,4.0000013541430235e-05,0.001250542001798749,6.670801667496562e-05,0.003262000042013824,0.003878084011375904,-0.0006160839693620801
96127,6,17,28,17,0.00201745901722461,4.212500061839819e-05,0.0012356250081211329,0.00010341597953811288,0.0033986250055022538,0.00302079098764807,0.0003778340178541839
96127,7,13,11,11,0.0018194160074926913,3.608397673815489e-05,0.001211749971844256,9.029102511703968e-05,0.0031575409811921418,0.0032770830439403653,-0.00011954206274822354
96127,8,7,1,1,0.0016342499875463545,3.658398054540157e-05,0.0008608330390416086,7.25829740986228e-05,0.0026042499812319875,0.0029881250229664147,-0.0003838750417344272
96127,9,12,0,0,0.0018107910291291773,3.937497967854142e-05,0.0016836670110933483,0.00019874999998137355,0.0037325830198824406,0.003906209021806717,-0.00017362600192427635
96127,10,21,0,0,0.001988458971027285,3.50000336766243e-05,0.0008215829730033875,6.241700612008572e-05,0.0029074589838273823,0.003797084034886211,-0.0008896250510588288
96127,11,24,2,2,0.002233374980278313,4.025001544505358e-05,0.001362041977699846,6.504100747406483e-05,0.0037007079808972776,0.003980584035161883,-0.00027987605426460505
96127,12,28,0,0,0.0022898330353200436,0.00010616699000820518,0.001985208014957607,8.633395191282034e-05,0.004467541992198676,0.0051299999468028545,-0.0006624579546041787
96127,13,31,2,2,0.0021455829846672714,3.6582991015166044e-05,0.0008795420289970934,6.391695933416486e-05,0.0031256249640136957,0.0035422079963609576,-0.0004165830323472619
96127,14,36,0,0,0.002339040976949036,5.154201062396169e-05,0.001246624975465238,6.941700121387839e-05,0.0037066249642521143,0.004615082987584174,-0.0009084580233320594
96127,15,42,3,3,0.0025465830112807453,5.549995694309473e-05,0.0016291250358335674,8.487497689202428e-05,0.004316082980949432,0.003582957957405597,0.0007331250235438347
96127,16,42,1,1,0.002518499968573451,4.9083027988672256e-05,0.0014158340054564178,6.679102079942822e-05,0.004050208022817969,0.003750292002223432,0.00029991602059453726
96127,17,44,2,2,0.0025513749569654465,4.787504440173507e-05,0.0018282909877598286,7.554201874881983e-05,0.00450308300787583,0.0042873750207945704,0.0002157079870812595
96127,18,48,5,5,0.002731707994826138,5.3791969548910856e-05,0.0021485830075107515,7.791700772941113e-05,0.0050119999796152115,0.005179417028557509,-0.0001674170489422977
96127,19,44,4,4,0.002658874960616231,5.8333040215075016e-05,0.0021983329788781703,8.687499212101102e-05,0.005002415971830487,0.004396958975121379,0.0006054569967091084
96127,20,40,1,1,0.002460333053022623,3.6874960642308e-05,0.0017354580340906978,7.066695252433419e-05,0.004303333000279963,0.0035364169743843377,0.0007669160258956254
96127,21,39,4,4,0.0023310830001719296,3.4791999496519566e-05,0.0014207499916665256,6.637501064687967e-05,0.0038530000019818544,0.0036679579643532634,0.00018504203762859106
96127,22,35,2,2,0.0023082499974407256,3.9624981582164764e-05,0.0019455840229056776,6.508297519758344e-05,0.004358541977126151,0.004424707964062691,-6.616598693653941e-05
96127,23,33,3,3,0.002370874979533255,8.091703057289124e-05,0.001989582960959524,9.425001917406917e-05,0.004535624990239739,0.004636832978576422,-0.00010120798833668232
96127,24,30,0,0,0.0021937499986961484,3.9416016079485416e-05,0.0009470420191064477,7.179199019446969e-05,0.003252000024076551,0.004544332972727716,-0.0012923329486511648
96127,25,30,2,2,0.002142874989658594,3.787502646446228e-05,0.0017201249720528722,6.479100557044148e-05,0.00396566599374637,0.004043666005600244,-7.800001185387373e-05
96127,26,28,2,2,0.0021387499873526394,3.5541015677154064e-05,0.0008135419921018183,6.512500112876296e-05,0.003052957996260375,0.0036569159710779786,-0.0006039579748176038
96127,27,26,5,5,0.002197790949139744,4.6459026634693146e-05,0.0012276250054128468,7.495802128687501e-05,0.003546833002474159,0.003589125000871718,-4.229199839755893e-05
96127,28,21,3,3,0.0019891249830834568,3.812502836808562e-05,0.0019043749780394137,6.42910017631948e-05,0.003995915991254151,0.0031723330030217767,0.0008235829882323742
96127,29,18,8,8,0.0018885420286096632,3.854098031297326e-05,0.0008027089643292129,6.733305053785443e-05,0.002797125023789704,0.0028887089574709535,-9.158393368124962e-05
96127,30,10,4,4,0.0017527500167489052,3.774999640882015e-05,0.001133207988459617,6.383302388712764e-05,0.00298754102550447,0.004012042016256601,-0.0010245009907521307
96127,31,6,2,2,0.0016268339823000133,4.854099825024605e-05,0.0020272500114515424,6.695900810882449e-05,0.0037695840001106262,0.00352266599657014,0.0002469180035404861
96127,32,4,4,4,0.0016057919710874557,6.737501826137304e-05,0.001269291969947517,7.929099956527352e-05,0.0030217499588616192,0.003207333036698401,-0.00018558307783678174
96127,33,0,3,0,0.0015240830252878368,4.1417020838707685e-05,0.0007795409765094519,6.566697265952826e-05,0.0024107079952955246,0.003068749967496842,-0.0006580419722013175
96127,34,0,4,0,0.001478999969549477,3.4958997275680304e-05,0.001408333017025143,6.18330086581409e-05,0.002984124992508441,0.0025870410026982427,0.00039708398981019855
96127,35,0,10,0,0.001554583024699241,4.0000013541430235e-05,0.0012064999900758266,6.937497528269887e-05,0.0028704580035991967,0.003466749971266836,-0.0005962919676676393
96127,36,0,12,0,0.0015223330119624734,3.7582998629659414e-05,0.0012954589910805225,0.00012083299225196242,0.0029762079939246178,0.003825165971647948,-0.0008489579777233303
96127,37,0,13,0,0.001480666978750378,3.504200140014291e-05,0.0016412080149166286,6.304198177531362e-05,0.003219958976842463,0.002608874987345189,0.0006110839894972742
96127,38,0,13,0,0.0015957910218276083,5.645898636430502e-05,0.0009007079643197358,7.137504871934652e-05,0.0026243330212309957,0.003517833014484495,-0.0008934999932534993
96127,39,0,14,0,0.0014686250360682607,4.016596358269453e-05,0.001786625012755394,6.504199700430036e-05,0.0033604580094106495,0.003198874997906387,0.00016158301150426269
96127,40,0,19,0,0.0014883329859003425,3.6999990697950125e-05,0.0013119999784976244,6.495800334960222e-05,0.002902290958445519,0.0024740840308368206,0.0004282069276086986
96127,41,0,21,0,0.0014993749791756272,3.954098792746663e-05,0.0018247920088469982,6.541702896356583e-05,0.003429125004913658,0.002447292034048587,0.0009818329708650708
96127,42,0,23,0,0.001493833027780056,3.754202043637633e-05,0.001029666978865862,6.237498018890619e-05,0.0026234170072712004,0.0026106250006705523,1.2792006600648165e-05
96127,43,0,27,0,0.0015273750177584589,3.5415985621511936e-05,0.0014889169833622873,6.708299042657018e-05,0.0031187909771688282,0.0026094999630004168,0.0005092910141684115
96128,0,1,30,0,0.0015333750052377582,3.533397102728486e-05,0.0014370830031111836,6.287504220381379e-05,0.0030686670215800405,0.002544332994148135,0.0005243340274319053
96128,1,3,30,0,0.0015489580109715462,3.425002796575427e-05,0.0009042079909704626,6.187497638165951e-05,0.0025492910062894225,0.0027442919672466815,-0.00019500096095725894
96128,2,5,30,0,0.0016063330112956464,3.645900869742036e-05,0.001441999978851527,6.279099034145474e-05,0.0031475829891860485,0.0026497090002521873,0.0004978739889338613
96128,3,11,30,0,0.0018023339798673987,5.47909876331687e-05,0.002099042001646012,0.00016208301531150937,0.004118249984458089,0.0029849589918740094,0.0011332909925840795
96128,4,17,30,0,0.001968666969332844,5.9416983276605606e-05,0.001083791023120284,7.033400470390916e-05,0.003182208980433643,0.004381207982078195,-0.0011989990016445518
96128,5,25,30,0,0.0021375420037657022,4.254200030118227e-05,0.0022342500160448253,0.00021595798898488283,0.004630292009096593,0.003944083990063518,0.0006862080190330744
96128,6,31,30,1,0.0021981659810990095,4.3417036067694426e-05,0.002575332997366786,0.00021124997874721885,0.005028165993280709,0.004223958007059991,0.0008042079862207174
96128,7,41,29,29,0.0024641670170240104,6.758299423381686e-05,0.0017088750028051436,0.00015429197810590267,0.0043949169921688735,0.004417542018927634,-2.2625026758760214e-05
96128,8,17,0,0,0.0019429170060902834,6.179104093462229e-05,0.0027267919504083693,0.000236417050473392,0.004967917047906667,0.002775166998617351,0.002192750049289316
96128,9,24,0,0,0.0020484999986365438,4.483398515731096e-05,0.001675125036854297,7.041596109047532e-05,0.003838874981738627,0.0035104999551549554,0.00032837502658367157
96128,10,29,0,0,0.0021655000164173543,4.633399657905102e-05,0.0019562499946914613,7.191597251221538e-05,0.004239999980200082,0.004288416996132582,-4.841701593250036e-05
96128,11,33,0,0,0.002278833999298513,4.587502917274833e-05,0.0011491249897517264,6.341596599668264e-05,0.0035372499842196703,0.0037446250207722187,-0.0002073750365525484
96128,12,39,0,0,0.0024847910390235484,4.183396231383085e-05,0.00163462501950562,7.229100447148085e-05,0.00423354102531448,0.0034532499848864973,0.0007802910404279828
96128,13,40,4,4,0.00235108396736905,3.6165991332381964e-05,0.0016587499994784594,6.741704419255257e-05,0.004113417002372444,0.004087458946742117,2.595805563032627e-05
96128,14,41,3,3,0.0024132500402629375,3.912497777491808e-05,0.0010879170149564743,6.908300565555692e-05,0.003609375038649887,0.0045659170136787,-0.0009565419750288129
96128,15,41,6,6,0.0023851669975556433,3.687501884996891e-05,0.001038457965478301,6.849999772384763e-05,0.003528999979607761,0.004408582986798137,-0.0008795830071903765
96128,16,40,11,11,0.0023347079986706376,8.545804303139448e-05,0.0021757089998573065,0.0001035409513860941,0.004699415992945433,0.0038632500218227506,0.0008361659711226821
96128,17,32,2,2,0.002184165990911424,4.374998388811946e-05,0.0014646670315414667,6.883300375193357e-05,0.003761416010092944,0.004558082961011678,-0.0007966669509187341
96128,18,33,3,3,0.0022622080286964774,3.6416982766240835e-05,0.0021799160167574883,9.633396985009313e-05,0.0045748749980703,0.004016999970190227,0.0005578750278800726
96128,19,31,0,0,0.00228470895672217,6.612500874325633e-05,0.0024237080360762775,6.779195973649621e-05,0.0048423339612782,0.0037105840165168047,0.0011317499447613955
96128,20,31,1,1,0.0023361670318990946,9.529199451208115e-05,0.0012782500125467777,8.095800876617432e-05,0.0037906670477241278,0.0046670419978909194,-0.0008763749501667917
96128,21,30,0,0,0.0021830409532412887,3.658403875306249e-05,0.0013333329698070884,6.483303150162101e-05,0.0036177909933030605,0.003834792005363852,-0.00021700101206079125
96128,22,30,0,0,0.002200958027970046,3.6416982766240835e-05,0.0008817079942673445,6.416701944544911e-05,0.0031832500244490802,0.0034252500045113266,-0.00024199998006224632
96128,23,30,0,0,0.002162415999919176,5.045899888500571e-05,0.002722333010751754,7.454201113432646e-05,0.005009750020690262,0.004065040964633226,0.0009447090560570359
96128,24,30,5,5,0.0021802500123158097,4.316697595641017e-05,0.002553542028181255,7.933296728879213e-05,0.004856291983742267,0.00371541699860245,0.001140874985139817
96128,25,25,9,9,0.0020132079953327775,4.0457991417497396e-05,0.0008909999742172658,7.191702025011182e-05,0.0030165829812176526,0.004077583027537912,-0.0010610000463202596
96128,26,16,3,3,0.0019358749850653112,4.2417028453201056e-05,0.0008376669720746577,6.608304101973772e-05,0.0028820420266129076,0.0036097499541938305,-0.0007277079275809228
96128,27,13,4,4,0.0018306249985471368,3.55839729309082e-05,0.00122637499589473,6.795802619308233e-05,0.0031605419935658574,0.00277554098283872,0.00038500101072713733
96128,28,9,4,4,0.0017695839633233845,4.2583036702126265e-05,0.0009103749762289226,7.250002818182111e-05,0.0027950420044362545,0.0033630000543780625,-0.000567958049941808
96128,29,5,3,3,0.001687042007688433,4.2416038922965527e-05,0.0009207089897245169,8.541595889255404e-05,0.0027355829952284694,0.003405999974347651,-0.0006704169791191816
96128,30,2,1,1,0.00151516601908952,3.7416990380734205e-05,0.0019301669672131538,6.583303911611438e-05,0.0035485830157995224,0.0024958750000223517,0.0010527080157771707
96128,31,1,1,1,0.0015277499915100634,3.879197174683213e-05,0.0008018329972401261,6.64590043015778e-05,0.0024348339647985995,0.002540124987717718,-0.0001052910229191184
96128,32,0,2,0,0.0015056660049594939,3.570900298655033e-05,0.00109495798824355,6.77499920129776e-05,0.002704082988202572,0.0023949589813128114,0.0003091240068897605
96128,33,0,6,0,0.0015554580022580922,4.795897984877229e-05,0.0011302499915473163,6.575003499165177e-05,0.0027994170086458325,0.0031941250199452043,-0.0003947080112993717
96128,34,0,11,0,0.0015239169588312507,4.754203837364912e-05,0.0007744579925201833,6.533297710120678e-05,0.00241124996682629,0.0038218750269152224,-0.0014106250600889325
96128,35,0,16,0,0.0016645409632474184,4.125002305954695e-05,0.001530334004200995,7.762497989460826e-05,0.0033137499704025686,0.0027522920281626284,0.0005614579422399402
96128,36,0,23,0,0.0014620830188505352,4.254200030118227e-05,0.0008135419921018183,6.454100366681814e-05,0.002382708014920354,0.002965916006360203,-0.0005832079914398491
96128,37,0,27,0,0.0014999170089140534,3.470800584182143e-05,0.0011454590130597353,6.3000014051795e-05,0.002743084041867405,0.002606750000268221,0.00013633404159918427
96128,38,0,28,0,0.0015612919814884663,5.9958023484796286e-05,0.0021929999929852784,0.00021066697081550956,0.0040249169687740505,0.003173625038471073,0.0008512919303029776
96128,39,0,29,0,0.0015356660005636513,6.59169745631516e-05,0.002372874994762242,9.658304043114185e-05,0.004071041010320187,0.0035110830212943256,0.000559957989025861
96129,0,1,30,0,0.001637917011976242,6.454199319705367e-05,0.002299791027326137,9.191699791699648e-05,0.004094167030416429,0.004247415985446423,-0.00015324895502999425
96129,1,2,30,0,0.0015898750280030072,4.349998198449612e-05,0.0025417500291951,7.291696965694427e-05,0.004248042008839548,0.0033753750030882657,0.000872667005751282
96129,2,5,30,0,0.001600584015250206,4.558300133794546e-05,0.0023643329623155296,7.758400170132518e-05,0.004088083980605006,0.003795708005782217,0.00029237597482278943
96129,3,7,30,0,0.0016794169787317514,4.775001434609294e-05,0.002162290969863534,8.787499973550439e-05,0.003977332962676883,0.004147417028434575,-0.00017008406575769186
96129,4,14,30,0,0.0018152919947169721,6.024999311193824e-05,0.001290000043809414,8.420797530561686e-05,0.003249750006943941,0.0040681250393390656,-0.0008183750323951244
96129,5,22,30,1,0.002048333000857383,4.258396802470088e-05,0.001159665989689529,7.412501145154238e-05,0.003324707970023155,0.004010625008959323,-0.000685917038936168
96129,6,27,29,20,0.0020793750300072134,4.233396612107754e-05,0.0016547500272281468,0.0001124159898608923,0.00388887501321733,0.0037886659847572446,0.00010020902846008539
96129,7,11,9,9,0.0017578330007381737,3.9834005292505026e-05,0.001467375026550144,8.854095358401537e-05,0.003353582986164838,0.0034984579542651772,-0.00014487496810033917
96129,8,6,0,0,0.0016514590242877603,3.7582998629659414e-05,0.0013458329485729337,6.391701754182577e-05,0.003098791989032179,0.00375970802269876,-0.0006609160336665809
96129,9,10,0,0,0.0016999999643303454,4.4791027903556824e-05,0.0015075840055942535,6.78329961374402e-05,0.003320207993965596,0.0033234580187126994,-3.2500247471034527e-06
96129,10,16,0,0,0.001910833001602441,4.0000013541430235e-05,0.0010433339630253613,6.820802809670568e-05,0.0030623750062659383,0.0033310409635305405,-0.0002686659572646022
96129,11,20,0,0,0.001967000018339604,4.179199459031224e-05,0.002700915967579931,6.612500874325633e-05,0.004775832989253104,0.004969750007148832,-0.00019391701789572835
96129,12,29,0,0,0.002191541949287057,5.150004290044308e-05,0.00092224997933954,9.045802289620042e-05,0.0032557499944232404,0.0046091669937595725,-0.001353416999336332
96129,13,38,0,0,0.0025055420119315386,4.82079922221601e-05,0.0012977090082131326,7.61249684728682e-05,0.0039275839808396995,0.004491666040848941,-0.0005640820600092411
96129,14,47,0,0,0.0025791670195758343,4.420796176418662e-05,0.0022410830133594573,6.495899287983775e-05,0.004929416987579316,0.0038561669643968344,0.0010732500231824815
96129,15,52,0,0,0.0027051669894717634,3.687501884996891e-05,0.0019032079726457596,6.558303721249104e-05,0.004710833018179983,0.003691249992698431,0.0010195830254815519
96129,16,53,1,1,0.0026560419937595725,4.416704177856445e-05,0.0008760409546084702,7.029203698039055e-05,0.0036465420271269977,0.004408040957059711,-0.0007614989299327135
96129,17,55,1,1,0.002786042052321136,4.504097159951925e-05,0.0009406249737367034,6.633403245359659e-05,0.0038380420301109552,0.0039016249938867986,-6.358296377584338e-05
96129,18,56,6,6,0.0028220420354045928,3.80830024369061e-05,0.0009497079881839454,7.12089822627604e-05,0.0038810420082882047,0.004769541963469237,-0.0008884999551810324
96129,19,52,7,7,0.0027382500120438635,3.9000005926936865e-05,0.0012954589910805225,7.695797830820084e-05,0.004149666987359524,0.004473500011954457,-0.0003238330245949328
96129,20,45,7,7,0.0025252500199712813,4.199997056275606e-05,0.0010273330262862146,7.437501335516572e-05,0.0036689580301754177,0.004310999996960163,-0.0006420419667847455
96129,21,38,1,1,0.0023348330287262797,4.837499000132084e-05,0.0009433749946765602,7.154198829084635e-05,0.003398125001695007,0.0034596669720485806,-6.154197035357356e-05
96129,22,37,3,3,0.0023848749697208405,5.17910229973495e-05,0.001340708986390382,6.895797559991479e-05,0.003846332954708487,0.00418624997837469,-0.000339917023666203
96129,23,34,2,2,0.002319833030924201,4.5874970965087414e-05,0.0017239170265384018,6.820796988904476e-05,0.004157832998316735,0.004758500028401613,-0.0006006670300848782
96129,24,32,1,1,0.002266791998408735,4.129100125283003e-05,0.0012623750371858478,6.595900049433112e-05,0.0036364170373417437,0.004316459002438933,-0.000680041965097189
96129,25,31,0,0,0.0023096250370144844,3.783294232562184e-05,0.0017069170135073364,8.458300726488233e-05,0.004138958000112325,0.003827042004559189,0.00031191599555313587
96129,26,31,2,2,0.002162415999919176,3.73339862562716e-05,0.002152791013941169,6.745901191607118e-05,0.004420000012032688,0.004229457990732044,0.00019054202130064368
96129,27,29,0,0,0.0022299999836832285,4.454102599993348e-05,0.001802166982088238,9.087496437132359e-05,0.0041675829561427236,0.004106707987375557,6.087496876716614e-05
96129,28,29,0,0,0.002234417013823986,3.8416997995227575e-05,0.0009112500119954348,7.833295967429876e-05,0.003262416983488947,0.004120958037674427,-0.0008585410541854799
96129,29,29,0,0,0.002139542018994689,4.3665990233421326e-05,0.0011512920027598739,6.933300755918026e-05,0.0034038330195471644,0.004331375006586313,-0.0009275419870391488
96129,30,29,0,0,0.0022444589994847775,4.495802568271756e-05,0.001574082998558879,6.954197306185961e-05,0.0039330419967882335,0.003618417016696185,0.00031462498009204865
96129,31,29,0,0,0.002129332977347076,3.762502456083894e-05,0.0008619999862276018,6.454199319705367e-05,0.0030934999813325703,0.0034966670209541917,-0.00040316703962162137
96129,32,29,1,1,0.0022017089650034904,3.6582991015166044e-05,0.002769875049125403,6.979197496548295e-05,0.005077958980109543,0.003341791976708919,0.0017361670034006238
96129,33,28,0,0,0.0021708330023102462,3.666698466986418e-05,0.0013572080060839653,6.945797940716147e-05,0.003634165972471237,0.00393729202914983,-0.00030312605667859316
96129,34,28,2,2,0.002231291960924864,4.104204708710313e-05,0.0019326249603182077,6.500002928078175e-05,0.004269958997610956,0.0034542499925009906,0.0008157090051099658
96129,35,26,0,0,0.002110583009198308,3.6375015042722225e-05,0.0016152089810930192,6.425002356991172e-05,0.003826417028903961,0.003434666956309229,0.00039175007259473205
96129,36,26,5,5,0.0020533750066533685,3.8040976505726576e-05,0.0014029170270077884,6.762496195733547e-05,0.003561957972124219,0.003149874974042177,0.00041208299808204174
96129,37,21,6,6,0.001973208971321583,3.9166014175862074e-05,0.0009471669909544289,8.458300726488233e-05,0.003044124983716756,0.003948458004742861,-0.0009043330210261047
96129,38,15,5,5,0.001811916008591652,4.7042034566402435e-05,0.0016151669551618397,7.050001295283437e-05,0.0035446250112727284,0.004413957998622209,-0.0008693329873494804
96129,39,10,5,5,0.0018004580051638186,3.62499849870801e-05,0.0009692080202512443,6.77499920129776e-05,0.0028736660024151206,0.0035031659645028412,-0.0006294999620877206
96129,40,5,1,1,0.0016390410019084811,3.554194699972868e-05,0.002096292038913816,9.649997809901834e-05,0.0038673749659210443,0.0029607919859699905,0.0009065829799510539
96129,41,4,2,2,0.0016159590450115502,4.962499951943755e-05,0.0023842909722588956,7.983401883393526e-05,0.004129709035623819,0.003690166980959475,0.0004395420546643436
96129,42,2,1,1,0.0015702079981565475,4.308403003960848e-05,0.001720333006232977,7.524999091401696e-05,0.00340887502534315,0.003511417016852647,-0.00010254199150949717
96129,43,1,0,0,0.0015340409590862691,4.491698928177357e-05,0.0008420000085607171,6.89580338075757e-05,0.0024899159907363355,0.0025531669962219894,-6.325100548565388e-05
96129,44,1,2,1,0.0015308340080082417,4.6915956772863865e-05,0.0019402920152060688,8.295802399516106e-05,0.0036010000039823353,0.003386458964087069,0.0002145410398952663
96129,45,0,4,0,0.0015334580093622208,3.708299482241273e-05,0.0015688749845139682,6.979197496548295e-05,0.0032092079636640847,0.002527749980799854,0.0006814579828642309
96129,46,0,5,0,0.0015393340145237744,4.212500061839819e-05,0.0014387909905053675,6.674998439848423e-05,0.0030869999900460243,0.0030836249934509397,3.374996595084667e-06
96129,47,0,7,0,0.0015144170029088855,5.212501855567098e-05,0.0021357499645091593,7.312500383704901e-05,0.003775416989810765,0.0039789999718777835,-0.00020358298206701875
96129,48,0,8,0,0.0014694160199724138,3.533397102728486e-05,0.001894499990157783,0.00020579103147611022,0.003605041012633592,0.002762833028100431,0.0008422079845331609
96129,49,0,14,0,0.0015462919836863875,4.095799522474408e-05,0.0013871670234948397,6.55409530736506e-05,0.003039957955479622,0.0031571249710395932,-0.00011716701555997133
96129,50,0,16,0,0.001489165995735675,3.5334029234945774e-05,0.002558415988460183,0.00022975000320002437,0.004312666016630828,0.00256433297181502,0.0017483330448158085
96129,51,0,21,0,0.001522707985714078,4.1458988562226295e-05,0.0022990830475464463,6.512500112876296e-05,0.0039283750229515135,0.0037032089894637465,0.00022516603348776698
96129,52,0,26,0,0.0022897080052644014,3.970903344452381e-05,0.0017409159918315709,0.00019287498435005546,0.004263208014890552,0.004263750044628978,-5.420297384262085e-07
96130,0,2,30,0,0.0015669999993406236,4.737504059448838e-05,0.0016989169525913894,6.908300565555692e-05,0.0033823749981820583,0.003344499971717596,3.787502646446228e-05
96130,1,3,30,0,0.001541999983601272,4.012498538941145e-05,0.00119629199616611,7.9624995123595e-05,0.0028580419602803886,0.002579582971520722,0.0002784589887596667
96130,2,8,30,0,0.0016851660329848528,4.966696724295616e-05,0.001524167018942535,6.908300565555692e-05,0.003328083024825901,0.0036532500525936484,-0.00032516702776774764
96130,3,9,30,0,0.0017767090466804802,7.087498670443892e-05,0.0019193749758414924,6.29580463282764e-05,0.003829917055554688,0.0034537079627625644,0.00037620909279212356
96130,4,14,30,0,0.001836207986343652,3.5792007111012936e-05,0.0021071250084787607,7.354095578193665e-05,0.004052665957715362,0.0030314999748952687,0.0010211659828200936
96130,5,21,30,0,0.0021086670458316803,4.279200220480561e-05,0.0023804159718565643,7.254199590533972e-05,0.00460441701579839,0.0032066659769043326,0.0013977510388940573
96130,6,29,30,0,0.0021314170444384217,3.466696944087744e-05,0.0016213750350289047,6.737496005371213e-05,0.003854834008961916,0.003191416966728866,0.0006634170422330499
96130,7,31,30,0,0.0022041249903850257,4.087499110028148e-05,0.0018377500236965716,6.895797559991479e-05,0.004151707980781794,0.004310290969442576,-0.00015858298866078258
96130,8,41,30,20,0.002385250001680106,3.829202614724636e-05,0.001536874973680824,0.00012333301128819585,0.004083750012796372,0.00446754100266844,-0.00038379098987206817
96130,9,31,10,10,0.0022863749763928354,3.68330511264503e-05,0.0016872079577296972,8.200004231184721e-05,0.00409241602756083,0.003450457996223122,0.0006419580313377082
96130,10,27,0,0,0.0021618750179186463,3.774999640882015e-05,0.001641833980102092,6.395799573510885e-05,0.0039054169901646674,0.003502667008433491,0.0004027499817311764
96130,11,33,0,0,0.002300625026691705,4.824995994567871e-05,0.0010186670115217566,8.116598473861814e-05,0.0034487079828977585,0.0033321669907309115,0.00011654099216684699
96130,12,39,0,0,0.002416791976429522,5.58749889023602e-05,0.0012582920026034117,7.495802128687501e-05,0.003805916989222169,0.004622459004167467,-0.0008165420149452984
96130,13,44,0,0,0.0024414589861407876,3.7541030906140804e-05,0.0009557089651934803,6.325001595541835e-05,0.003497958998195827,0.0038972090114839375,-0.0003992500132881105
96130,14,49,0,0,0.002670374989975244,4.549999721348286e-05,0.002168749982956797,7.445900700986385e-05,0.004959083977155387,0.003966375021263957,0.0009927089558914304
96130,15,52,5,5,0.0027282919618301094,8.058303501456976e-05,0.0016477499739266932,8.550001075491309e-05,0.004542124981526285,0.0036865000147372484,0.000855624966789037
96130,16,49,5,5,0.0026577080134302378,6.620795466005802e-05,0.000996084010694176,6.733299233019352e-05,0.0037873329711146653,0.004404000006616116,-0.0006166670355014503
96130,17,48,5,5,0.002694707945920527,3.6334036849439144e-05,0.0009133749990724027,6.779097020626068e-05,0.0037122079520486295,0.003629709011875093,8.249894017353654e-05
96130,18,45,4,4,0.002519250032491982,4.904199158772826e-05,0.0009624579688534141,6.808299804106355e-05,0.003598832990974188,0.004941666033118963,-0.0013428330421447754
96130,19,41,6,6,0.0025007500080391765,4.520796937867999e-05,0.0013287500478327274,7.095799082890153e-05,0.003945666016079485,0.003732833021786064,0.0002128329942934215
96130,20,35,4,4,0.002358291996642947,3.670796286314726e-05,0.0016857919981703162,6.462499732151628e-05,0.004145416954997927,0.004025833040941507,0.00011958391405642033
96130,21,31,1,1,0.0022791249793954194,4.370801616460085e-05,0.0009185840026475489,7.033295696601272e-05,0.003311749955173582,0.004072499985340983,-0.0007607500301674008
96130,22,30,0,0,0.002098499971907586,4.375004209578037e-05,0.0017269999952986836,6.59169745631516e-05,0.0039351669838652015,0.004153624991886318,-0.00021845800802111626
96130,23,30,0,0,0.00210191699443385,3.525003558024764e-05,0.0016223749844357371,0.00021799997193738818,0.003977541986387223,0.0047227080212906,-0.0007451660349033773
96130,24,30,6,6,0.0021947500063106418,4.412501584738493e-05,0.0020234999828971922,7.370900129899383e-05,0.004336084006354213,0.005198083003051579,-0.0008619989966973662
96130,25,24,6,6,0.0020525000290945172,3.7416000850498676e-05,0.0015479169669561088,7.295800605788827e-05,0.003710791002959013,0.0033442919957451522,0.00036649900721386075
96130,26,18,6,6,0.0018414999940432608,3.5207951441407204e-05,0.0017075830255635083,7.050001295283437e-05,0.0036547909840010107,0.003592916007619351,6.187497638165951e-05
96130,27,12,7,7,0.0017944159917533398,3.7209014408290386e-05,0.001035124994814396,7.449998520314693e-05,0.002941249986179173,0.003124042006675154,-0.00018279202049598098
96130,28,5,3,3,0.001612916006706655,3.658398054540157e-05,0.001432958000805229,6.962497718632221e-05,0.0031520829652436078,0.002584375033620745,0.0005677079316228628
96130,29,2,2,2,0.0015656669856980443,8.045800495892763e-05,0.0010140420054085553,6.612500874325633e-05,0.0027262920048087835,0.0031188750290311873,-0.00039258302422240376
96130,30,0,0,0,0.0015520830056630075,4.258297849446535e-05,0.0013483749935403466,7.48750171624124e-05,0.003017915994860232,0.00412979198154062,-0.0011118759866803885
96130,31,0,0,0,0.001511499984189868,4.537502536550164e-05,0.001567250001244247,6.450002547353506e-05,0.0031886250362731516,0.00283762498293072,0.0003510000533424318
96130,32,0,8,0,0.0017157499678432941,4.4417043682187796e-05,0.0012980829924345016,7.079198257997632e-05,0.00312904198653996,0.003437916049733758,-0.00030887406319379807
96130,33,0,19,0,0.0014927500160411,4.174996865913272e-05,0.0013190830359235406,6.36249897070229e-05,0.0029172080103307962,0.003144957998301834,-0.00022774998797103763
96130,34,0,26,0,0.0015219590277411044,3.674998879432678e-05,0.002664332976564765,6.88750296831131e-05,0.004291917022783309,0.0033294999739155173,0.0009624170488677919
96130,35,0,29,0,0.0015425829915329814,4.5082997530698776e-05,0.0009101250325329602,7.070897845551372e-05,0.002568500000052154,0.003009333973750472,-0.000440833973698318
96130,36,0,29,0,0.0014517910312861204,3.7624966353178024e-05,0.0014977920218370855,6.366701563820243e-05,0.0030508750351145864,0.0035001669893972576,-0.0004492919542826712
96131,0,2,30,0,0.0015306249842979014,3.6958022974431515e-05,0.0015407499740831554,6.383401341736317e-05,0.0031721669947728515,0.0032817080500535667,-0.00010954105528071523
96131,1,3,30,0,0.0015909170033410192,3.93329537473619e-05,0.0016307090409100056,6.474996916949749e-05,0.003325708967167884,0.002677457989193499,0.000648250977974385
96131,2,5,30,0,0.0015849589835852385,3.645801916718483e-05,0.0014265419449657202,6.383302388712764e-05,0.003111791971605271,0.0037032500258646905,-0.0005914580542594194
96131,3,8,30,0,0.001688165997620672,3.591697895899415e-05,0.0008186670020222664,6.18330086581409e-05,0.0026045829872600734,0.0028926670202054083,-0.0002880840329453349
96131,4,11,30,0,0.0017069579917006195,3.875000402331352e-05,0.002273541991598904,6.741599645465612e-05,0.004086665983777493,0.0031238750088959932,0.0009627909748815
96131,5,16,30,0,0.001908959005959332,4.1207997128367424e-05,0.0009822080028243363,6.687501445412636e-05,0.002999250020366162,0.0033349170116707683,-0.0003356669913046062
96131,6,22,30,0,0.0020219580037519336,3.491697134450078e-05,0.0014376670005731285,6.691605085507035e-05,0.003561458026524633,0.003183665976393968,0.0003777920501306653
96131,7,30,30,10,0.002166166959796101,4.470802377909422e-05,0.0019619999802671373,7.700000423938036e-05,0.004249874968081713,0.0040839589782990515,0.0001659159897826612
96131,8,27,20,20,0.0022103749797679484,3.745901631191373e-05,0.0024559999583289027,0.00018241599900647998,0.004886249953415245,0.00406704202760011,0.0008192079258151352
96131,9,17,0,0,0.001959584013093263,4.762498429045081e-05,0.0014654159895144403,6.683403626084328e-05,0.0035394590231589973,0.004326958034653217,-0.0007874990114942193
96131,10,27,0,0,0.002229416975751519,4.054099554196e-05,0.0010073750163428485,6.77499920129776e-05,0.0033450829796493053,0.003494374977890402,-0.00014929199824109674
96131,11,35,1,1,0.002302000008057803,3.875000402331352e-05,0.002323332999367267,7.783400360494852e-05,0.004741917015053332,0.0039049999904818833,0.0008369170245714486
96131,12,38,2,2,0.0023357499740086496,3.5375007428228855e-05,0.001570124994032085,9.533402044326067e-05,0.004036583995912224,0.003795791999436915,0.00024079199647530913
96131,13,42,1,1,0.0023385409731417894,3.866699989885092e-05,0.0012696250341832638,6.604194641113281e-05,0.003712874953635037,0.004036500002257526,-0.000323625048622489
96131,14,43,4,4,0.0025555839529260993,7.295800605788827e-05,0.0010880830232053995,9.774998761713505e-05,0.003814374969806522,0.005186791007872671,-0.0013724160380661488
96131,15,43,2,2,0.002536332991439849,4.862499190494418e-05,0.001984542002901435,0.00020970799960196018,0.004779207985848188,0.004394332994706929,0.00038487499114125967
96131,16,45,5,5,0.0026824999949894845,4.8874993808567524e-05,0.0011749999830499291,7.48330494388938e-05,0.003981208021286875,0.004026625014375895,-4.541699308902025e-05
96131,17,43,1,1,0.002448792045470327,4.7291978262364864e-05,0.0017881660023704171,6.845901953056455e-05,0.004352709045633674,0.003877209033817053,0.0004755000118166208
96131,18,44,2,2,0.0025402079918421805,4.1000021155923605e-05,0.0013825420173816383,6.820796988904476e-05,0.004031958000268787,0.004040082974825054,-8.124974556267262e-06
96131,19,42,3,3,0.0025217909715138376,5.383405368775129e-05,0.000930249982047826,7.24999699741602e-05,0.003578374977223575,0.003975207975599915,-0.0003968329983763397
96131,20,39,2,2,0.0024477909901179373,4.474999150261283e-05,0.0009910000371746719,6.995897274464369e-05,0.0035534999915398657,0.0036844999995082617,-0.00013100000796839595
96131,21,37,3,3,0.0023970420006662607,4.2082974687218666e-05,0.0014832090237177908,6.36249897070229e-05,0.003985958988778293,0.003647417004685849,0.0003385419840924442
96131,22,34,2,2,0.0023019160144031048,3.966700751334429e-05,0.0008913329802453518,6.64170365780592e-05,0.00329933303873986,0.003362499992363155,-6.316695362329483e-05
96131,23,32,1,1,0.0022444159840233624,3.866699989885092e-05,0.0012812080094590783,6.841699359938502e-05,0.0036327079869806767,0.003471417003311217,0.00016129098366945982
96131,24,31,2,2,0.002248374978080392,4.075001925230026e-05,0.0019352079834789038,6.958399899303913e-05,0.004293916979804635,0.004632292024325579,-0.00033837504452094436
96131,25,29,0,0,0.0022895830334164202,4.054198507219553e-05,0.0015088330255821347,6.70839799568057e-05,0.003906042024027556,0.0038527079741470516,5.333404988050461e-05
96131,26,29,0,0,0.0021577090374194086,3.754097269847989e-05,0.0014018749934621155,6.316701183095574e-05,0.0036602920154109597,0.003475042001809925,0.00018525001360103488
96131,27,29,0,0,0.002168582985177636,3.875000402331352e-05,0.001144584035500884,6.558297900483012e-05,0.003417500003706664,0.0037905829958617687,-0.0003730829921551049
96131,28,29,0,0,0.0021964579937048256,3.770797047764063e-05,0.0008392500458285213,6.312498589977622e-05,0.0031365409959107637,0.0036956670228391886,-0.0005591260269284248
96131,29,29,0,0,0.002202874980866909,3.641605144366622e-05,0.0019787499913945794,6.64590043015778e-05,0.0042845000280067325,0.00310700002592057,0.0011775000020861626
96131,30,29,0,0,0.002187750011216849,3.862503217533231e-05,0.0014747079694643617,7.499998901039362e-05,0.0037760830018669367,0.003727999981492758,4.8083020374178886e-05
96131,31,29,3,3,0.0025400829617865384,5.020800745114684e-05,0.0015210420242510736,8.266698569059372e-05,0.0041939999791793525,0.003960500005632639,0.0002334999735467136
96131,32,26,3,3,0.002186208963394165,3.904104232788086e-05,0.0021772499894723296,7.01249809935689e-05,0.004472624976187944,0.004300375003367662,0.00017224997282028198
96131,33,23,5,5,0.0020802499493584037,3.6209006793797016e-05,0.0017842500237748027,7.691601058468223e-05,0.003977624990511686,0.0036931249778717756,0.00028450001263991
96131,34,18,5,5,0.001869250030722469,3.679096698760986e-05,0.0011723340139724314,6.512500112876296e-05,0.0031435000128112733,0.002877916966099292,0.0002655830467119813
96131,35,13,1,1,0.001857583993114531,5.8125006034970284e-05,0.0018696250044740736,0.00022570800501853228,0.004011042008642107,0.0029626659816130996,0.0010483760270290077
96131,36,12,7,7,0.0018192079733125865,5.52500132471323e-05,0.0009108330123126507,9.67920059338212e-05,0.0028820830048061907,0.004372916999273002,-0.0014908339944668114
96131,37,5,2,2,0.0016677079838700593,4.033400909975171e-05,0.0012659159838221967,6.970897084102035e-05,0.003043666947633028,0.0030745420372113585,-3.087508957833052e-05
96131,38,3,5,3,0.0016112499870359898,3.62499849870801e-05,0.0013915000017732382,7.58340465836227e-05,0.0031148340203799307,0.0025439999881200492,0.0005708340322598815
96131,39,0,8,0,0.0015878750127740204,5.6124990805983543e-05,0.0008776250178925693,6.870803190395236e-05,0.0025903330533765256,0.0038366669905371964,-0.0012463339371606708
96131,40,0,14,0,0.0016561669763177633,5.558301927521825e-05,0.0010651249904185534,6.991700502112508e-05,0.00284679199103266,0.0032148329773917794,-0.0003680409863591194
96131,41,0,18,0,0.0014991250354796648,3.6415993236005306e-05,0.0013219169923104346,6.312498589977622e-05,0.002920583006925881,0.0028499579639174044,7.06250430084765e-05
96131,42,0,25,0,0.0017779580084607005,5.199998850002885e-05,0.00223016703967005,6.541697075590491e-05,0.004125542007386684,0.0033199579920619726,0.0008055840153247118
96131,43,0,26,0,0.001540458993986249,4.029099363833666e-05,0.0018146250513382256,6.762496195733547e-05,0.0034630000009201467,0.0025577910128049552,0.0009052089881151915
96131,44,0,28,0,0.0014772499562241137,3.625004319474101e-05,0.0012926249764859676,6.979098543524742e-05,0.0028759159613400698,0.00356270803604275,-0.0006867920747026801
96132,0,0,30,0,0.0015354170463979244,3.9041973650455475e-05,0.0020583749865181744,0.00017283303895965219,0.0038056670455262065,0.0027309159631840885,0.001074751082342118
96132,1,0,30,0,0.001513750001322478,3.574998117983341e-05,0.0009213750017806888,6.625003879889846e-05,0.0025371250230818987,0.0024632909917272627,7.383403135463595e-05
96132,2,3,30,0,0.0016303749871440232,3.5584031138569117e-05,0.00083829095819965,6.266700802370906e-05,0.0025669169845059514,0.0036458329996094108,-0.0010789160151034594
96132,3,6,30,0,0.0016855000285431743,4.012498538941145e-05,0.001589416991919279,6.683298852294683e-05,0.0033818749943748116,0.004165083984844387,-0.0007832089904695749
96132,4,8,30,0,0.0017784580122679472,4.120898665860295e-05,0.0012148329988121986,7.029197877272964e-05,0.0031047919765114784,0.0028342080186121166,0.00027058395789936185
96132,5,12,30,0,0.0018179159960709512,3.850000211969018e-05,0.0013453339925035834,6.47500273771584e-05,0.0032665000180713832,0.003718000021763146,-0.0004515000036917627
96132,6,16,30,0,0.002399624965619296,3.925000783056021e-05,0.0010141250095330179,6.550003308802843e-05,0.0035185000160709023,0.003970083023887128,-0.0004515830078162253
96132,7,22,30,1,0.0020646670018322766,3.774999640882015e-05,0.0016153749893419445,7.075001485645771e-05,0.003788542002439499,0.0033015839871950448,0.00048695801524445415
96132,8,29,29,28,0.00217204203363508,3.825000021606684e-05,0.0015869999770075083,0.00013933301670476794,0.003936625027563423,0.0035105840070173144,0.0004260410205461085
96132,9,7,1,1,0.0017739160102792084,4.783400800079107e-05,0.0009907910134643316,7.137499051168561e-05,0.0028839160222560167,0.003409665951039642,-0.0005257499287836254
96132,10,10,0,0,0.0018019999843090773,4.520901711657643e-05,0.002163041033782065,0.0002274589496664703,0.004237708984874189,0.0031122080399654806,0.0011255009449087083
96132,11,27,0,0,0.0021222089999355376,4.287500632926822e-05,0.0012434159871190786,7.145898416638374e-05,0.003479958977550268,0.0035111670149490237,-3.120803739875555e-05
96132,12,34,0,0,0.0022849999950267375,4.316703416407108e-05,0.0009257909841835499,7.812498370185494e-05,0.0033320829970762134,0.005232415976934135,-0.0019003329798579216
96132,13,41,0,0,0.002416792034637183,4.479201743379235e-05,0.00150862499140203,6.24579843133688e-05,0.004032667027786374,0.005352167005185038,-0.0013194999773986638
96132,14,45,2,2,0.0025934999575838447,6.425002356991172e-05,0.0013151249731890857,8.325005182996392e-05,0.004056125006172806,0.003717833023983985,0.00033829198218882084
96132,15,46,0,0,0.0025759999989531934,3.483402542769909e-05,0.0017900830134749413,6.9500005338341e-05,0.004470417043194175,0.003822374972514808,0.0006480420706793666
96132,16,51,3,3,0.002680749981664121,4.5666005462408066e-05,0.0013587090070359409,6.900000153109431e-05,0.004154124995693564,0.004902874992694706,-0.0007487499970011413
96132,17,52,3,3,0.002832834026776254,4.5874970965087414e-05,0.0012083750334568322,7.166597060859203e-05,0.004158750001806766,0.004388208035379648,-0.00022945803357288241
96132,18,51,8,8,0.002714125032071024,4.4874963350594044e-05,0.0011135420063510537,6.904202746227384e-05,0.003941584029234946,0.003920875024050474,2.0709005184471607e-05
96132,19,44,6,6,0.0025035410071723163,4.6083994675427675e-05,0.001105082978028804,7.091701263561845e-05,0.0037256249925121665,0.003939917020034045,-0.00021429202752187848
96132,20,38,3,3,0.0023730419925414026,3.56250093318522e-05,0.0007929169805720448,6.837502587586641e-05,0.003269959008321166,0.004536041000392288,-0.001266081992071122
96132,21,35,2,2,0.002353832998778671,4.320900188758969e-05,0.0022647500154562294,7.566600106656551e-05,0.004737458017189056,0.0035878330236300826,0.001149624993558973
96132,22,33,1,1,0.0023322090273723006,3.937497967854142e-05,0.0009084580233320594,6.512500112876296e-05,0.0033451670315116644,0.003868166997563094,-0.0005229999660514295
96132,23,32,1,1,0.0026550000184215605,3.7999998312443495e-05,0.0015898749697953463,6.683304673060775e-05,0.004349708033259958,0.003971916972659528,0.0003777910606004298
96132,24,31,1,1,0.0022881249897181988,4.175002686679363e-05,0.0016567910206504166,6.70839799568057e-05,0.004053750017192215,0.00460345798637718,-0.0005497079691849649
96132,25,30,0,0,0.0023191249929368496,6.391596980392933e-05,0.0010454170405864716,9.033299284055829e-05,0.0035187909961678088,0.00417724996805191,-0.0006584589718841016
96132,26,30,0,0,0.002220124995801598,5.445798160508275e-05,0.001358125009573996,6.59999786876142e-05,0.003698707965668291,0.0039554579998366535,-0.0002567500341683626
96132,27,30,1,1,0.0021358749945648015,3.554200520738959e-05,0.001333541003987193,7.270899368450046e-05,0.0035776669974438846,0.003090459038503468,0.0004872079589404166
96132,28,29,1,1,0.00219608296174556,3.6209006793797016e-05,0.0015140410396270454,6.391695933416486e-05,0.0038102499675005674,0.004087707959115505,-0.0002774579916149378
96132,29,28,3,3,0.0029904579860158265,4.549999721348286e-05,0.002289916970767081,7.470801938325167e-05,0.005400582973379642,0.004114333016332239,0.0012862499570474029
96132,30,25,4,4,0.002140166994649917,3.937497967854142e-05,0.0008970410563051701,6.712495815008879e-05,0.003143707988783717,0.00454925000667572,-0.001405542017892003
96132,31,21,3,3,0.0019389999797567725,4.791701212525368e-05,0.0016159579972736537,8.841697126626968e-05,0.0036912919604219496,0.004710624983999878,-0.0010193330235779285
96132,32,18,3,3,0.0019172499887645245,4.0375045500695705e-05,0.002502332965377718,0.00021895900135859847,0.004678917001001537,0.003295124974101782,0.001383792026899755
96132,33,15,3,3,0.0019232920021750033,0.00012287497520446777,0.0018959170556627214,8.441595127806067e-05,0.004026499984320253,0.004043332999572158,-1.6833015251904726e-05
96132,34,12,5,5,0.001782334002200514,3.683299291878939e-05,0.0007897079922258854,6.595900049433112e-05,0.00267483398783952,0.003066500008571893,-0.000391666020732373
96132,35,7,3,3,0.0016348750214092433,3.825000021606684e-05,0.0018327920115552843,6.53750030323863e-05,0.0035712920362129807,0.003322292002849281,0.0002490000333636999
96132,36,4,2,2,0.001651541970204562,4.175002686679363e-05,0.001021792006213218,6.624998059123755e-05,0.002781333983875811,0.003302625031210482,-0.000521291047334671
96132,37,2,1,1,0.0015888749621808529,4.175002686679363e-05,0.0011653329711407423,7.141701644286513e-05,0.002867374976631254,0.003004124970175326,-0.0001367499935440719
96132,38,1,2,1,0.001560417003929615,5.3333002142608166e-05,0.0010987499845214188,8.041696855798364e-05,0.0027929169591516256,0.0032209589844569564,-0.00042804202530533075
96132,39,0,1,0,0.0014857909991405904,4.720897413790226e-05,0.0018993749981746078,6.820802809670568e-05,0.003500582999549806,0.0029553340282291174,0.0005452489713206887
96132,40,0,3,0,0.0015145840006880462,3.779097460210323e-05,0.0012005420285277069,6.391695933416486e-05,0.002816833963152021,0.002789249992929399,2.7583970222622156e-05
96132,41,0,4,0,0.0014557079994119704,3.837497206404805e-05,0.0014483340200968087,6.704102270305157e-05,0.0030094580142758787,0.0025819159927777946,0.00042754202149808407
96132,42,0,8,0,0.0015627500251866877,3.916694549843669e-05,0.0009692080202512443,6.841699359938502e-05,0.0026395419845357537,0.003172542026732117,-0.0005330000421963632
96132,43,0,15,0,0.0015287089627236128,3.9790989831089973e-05,0.0015840420383028686,6.649998249486089e-05,0.0032190419733524323,0.003939624992199242,-0.0007205830188468099
96132,44,0,23,0,0.0015858749975450337,4.554196493700147e-05,0.00163145805709064,6.729195592924953e-05,0.0033301669755019248,0.0035107910516671836,-0.00018062407616525888
96132,45,0,26,0,0.0015017080004327,3.570795524865389e-05,0.0014749170513823628,6.59999786876142e-05,0.003078332985751331,0.0028495420119725168,0.00022879097377881408
96132,46,0,27,0,0.0015459589776583016,3.5958015359938145e-05,0.0008102499996311963,6.449996726587415e-05,0.00245666695991531,0.0030137919820845127,-0.0005571250221692026
96132,47,0,28,0,0.0015313749900087714,3.724999260157347e-05,0.0008610839722678065,6.229104474186897e-05,0.0024919999996200204,0.0030806250288151205,-0.0005886250291951001
96132,48,0,28,0,0.0015287499991245568,3.495794953778386e-05,0.0013723330339416862,6.162497447803617e-05,0.002997665957082063,0.0027288339915685356,0.0002688319655135274
96132,49,0,29,0,0.002112500020302832,4.57499991171062e-05,0.0010134580079466105,8.13750084489584e-05,0.003253083035815507,0.0024661249481141567,0.0007869580877013505
96133,0,2,30,0,0.0016540419892407954,4.108302528038621e-05,0.000976208015345037,6.483396282419562e-05,0.002736166992690414,0.003338790964335203,-0.000602623971644789
96133,1,5,30,0,0.001652333012316376,3.724999260157347e-05,0.0008522919961251318,6.370799383148551e-05,0.002605582994874567,0.0033477089600637555,-0.0007421259651891887
96133,2,8,30,0,0.0023518329835496843,4.125002305954695e-05,0.0008437499636784196,6.441702134907246e-05,0.0033012499916367233,0.002889249997679144,0.00041199999395757914
96133,3,9,30,0,0.0017576669924892485,3.666704287752509e-05,0.0022835409617982805,6.533402483910322e-05,0.004143209022004157,0.003055000037420541,0.0010882089845836163
96133,4,17,30,0,0.0019387499778531492,3.462500171735883e-05,0.001293000008445233,6.395799573510885e-05,0.00333033298375085,0.0028762909932993352,0.0004540419904515147
96133,5,22,30,3,0.0021209580008871853,3.754202043637633e-05,0.0018135830177925527,6.791698979213834e-05,0.004040000028908253,0.003994541009888053,4.5459019020199776e-05
96133,6,25,27,25,0.0021106250351294875,4.3249980080872774e-05,0.0017603749874979258,0.00013116601621732116,0.004045416018925607,0.00469037500442937,-0.000644958985503763
96133,7,5,2,2,0.001613166998140514,4.8667017836123705e-05,0.000873332959599793,7.112498860806227e-05,0.002606291964184493,0.0038682500016875565,-0.0012619580375030637
96133,8,7,0,0,0.001715624995995313,4.04169550165534e-05,0.001778666046448052,6.608397234231234e-05,0.0036007919698022306,0.0036683339858427644,-6.754201604053378e-05
96133,9,10,1,1,0.0018589580431580544,4.516699118539691e-05,0.0015404169680550694,0.0002328749978914857,0.0036774170002900064,0.0038467920385301113,-0.00016937503824010491
96133,10,14,0,0,0.0018570420215837657,3.995798761025071e-05,0.001120000029914081,7.84999574534595e-05,0.003095499996561557,0.003190042043570429,-9.454204700887203e-05
96133,11,19,0,0,0.0019262499990873039,3.462500171735883e-05,0.0011277919984422624,6.275001214817166e-05,0.0031514170113950968,0.0033844580175355077,-0.0002330410061404109
96133,12,27,2,2,0.0021725420374423265,5.045795114710927e-05,0.0013883750070817769,6.837502587586641e-05,0.003679750021547079,0.003729166986886412,-4.941696533933282e-05
96133,13,31,2,2,0.002234457992017269,4.2625004425644875e-05,0.0008880000095814466,6.7666987888515e-05,0.0032327499939128757,0.0040666250279173255,-0.0008338750340044498
96133,14,36,6,6,0.002414042013697326,3.7582998629659414e-05,0.0011942919809371233,6.608298281207681e-05,0.0037119999760761857,0.003967750002630055,-0.00025575002655386925
96133,15,39,5,5,0.00244154199026525,3.6415993236005306e-05,0.0014227090287022293,6.762496195733547e-05,0.00396829197416082,0.003681125002913177,0.00028716697124764323
96133,16,38,2,2,0.0023587089963257313,3.687501884996891e-05,0.0009326249710284173,6.391602801159024e-05,0.0033921250142157078,0.003533458977472037,-0.0001413339632563293
96133,17,42,2,2,0.0024392909836024046,3.9083999581635e-05,0.0009992910199798644,6.799999391660094e-05,0.003545665997080505,0.004514166968874633,-0.0009685009717941284
96133,18,40,2,2,0.002549917029682547,4.1249964851886034e-05,0.0009596250019967556,7.554201874881983e-05,0.0036263340152800083,0.003637416986748576,-1.1082971468567848e-05
96133,19,38,1,1,0.002352083974983543,4.4791027903556824e-05,0.0019093339797109365,6.629101699218154e-05,0.004372499999590218,0.0034991250140592456,0.0008733749855309725
96133,20,37,3,3,0.0023452909663319588,3.56250093318522e-05,0.0011170840007252991,6.425002356991172e-05,0.003562249999959022,0.003688915981911123,-0.000126665981952101
96133,21,34,2,2,0.00227704196004197,4.150002496317029e-05,0.0021607080125249922,6.758398376405239e-05,0.004546833981294185,0.00391204102197662,0.000634792959317565
96133,22,32,1,1,0.002288916031830013,3.8624973967671394e-05,0.0008702090126462281,6.59999786876142e-05,0.0032637499971315265,0.003969874989707023,-0.0007061249925754964
96133,23,31,0,0,0.002285375026986003,3.916595596820116e-05,0.0016478340257890522,6.699998630210757e-05,0.004039374995045364,0.003324249992147088,0.0007151250028982759
96133,24,31,0,0,0.0021260829525999725,3.666704287752509e-05,0.0008724170038476586,6.466597551479936e-05,0.0030998329748399556,0.0034800840076059103,-0.00038025103276595473
96133,25,31,1,1,0.002275958948303014,3.820803249254823e-05,0.0013834169949404895,6.462499732151628e-05,0.003762208973057568,0.0037822499871253967,-2.0041014067828655e-05
96133,26,30,0,0,0.0022057919995859265,3.612501313909888e-05,0.0010626669973134995,6.375001976266503e-05,0.00336833402980119,0.004284291004296392,-0.0009159569744952023
96133,27,30,0,0,0.0022749999770894647,3.8583006244152784e-05,0.0012534590205177665,6.370799383148551e-05,0.0036307499976828694,0.0038509160513058305,-0.00022016605362296104
96133,28,30,1,1,0.002239333000034094,4.379200981929898e-05,0.0016290830099023879,6.633298471570015e-05,0.003978541004471481,0.004654749995097518,-0.0006762089906260371
96133,29,29,1,1,0.002225083007942885,3.929197555407882e-05,0.0021947920322418213,6.395799573510885e-05,0.004523125011473894,0.0032185420277528465,0.0013045829837210476
96133,30,28,3,3,0.002182332973461598,5.3750001825392246e-05,0.0010544999968260527,7.624999852851033e-05,0.0033668329706415534,0.003874541027471423,-0.0005077080568298697
96133,31,25,2,2,0.002155709022190422,3.7165998946875334e-05,0.0014201249578036368,6.870902143418789e-05,0.003681709000375122,0.003039000032003969,0.0006427089683711529
96133,32,23,6,6,0.002084249979816377,3.5584031138569117e-05,0.002527999982703477,6.929098162800074e-05,0.004717124975286424,0.003464207984507084,0.0012529169907793403
96133,33,17,5,5,0.0019079999765381217,3.574998117983341e-05,0.0008603750029578805,6.591598503291607e-05,0.0028700409457087517,0.00361108296783641,-0.0007410420221276581
96133,34,12,1,1,0.001840583048760891,4.158396041020751e-05,0.0009512910037301481,6.541702896356583e-05,0.0028988750418648124,0.004099167010281235,-0.0012002919684164226
96133,35,11,4,4,0.001796750002540648,3.80830024369061e-05,0.0012799170217476785,6.820796988904476e-05,0.0031829579966142774,0.0030781669775024056,0.00010479101911187172
96133,36,7,4,4,0.0016379579901695251,4.741700831800699e-05,0.0009904159815050662,6.470904918387532e-05,0.0027405000291764736,0.002644833002705127,9.566702647134662e-05
96133,37,3,1,1,0.0016421250184066594,3.774999640882015e-05,0.001556500035803765,6.654096068814397e-05,0.0033029160113073885,0.00257875001989305,0.0007241659914143384
96133,38,2,3,2,0.0015875420067459345,5.574995884671807e-05,0.0010042909998446703,7.433403516188264e-05,0.0027219170005992055,0.0035752920084632933,-0.0008533750078640878
96133,39,0,6,0,0.0015353329945355654,3.6207959055900574e-05,0.0016422500484623015,0.00013654195936396718,0.0033503329614177346,0.003543332975823432,-0.00019300001440569758
96133,40,0,12,0,0.0015020419959910214,3.5582983400672674e-05,0.0018669579876586795,6.425002356991172e-05,0.0034688329906202853,0.0027445839950814843,0.000724248995538801
96133,41,0,14,0,0.0015082909958437085,4.729203647002578e-05,0.0014011669554747641,0.00022500002523884177,0.00318175001302734,0.0026355829904787242,0.0005461670225486159
96133,42,0,22,0,0.0015622079954482615,3.474997356534004e-05,0.0008602919988334179,6.291602039709687e-05,0.0025201659882441163,0.003897459013387561,-0.0013772930251434445
96133,43,0,27,0,0.0015238329651765525,3.73339862562716e-05,0.0009932080283761024,6.36249897070229e-05,0.0026179999695159495,0.0029819170013070107,-0.00036391703179106116
96133,44,0,27,0,0.001524666033219546,6.216700421646237e-05,0.0010719170095399022,7.358298171311617e-05,0.002732333028689027,0.0036027920432388783,-0.0008704590145498514
96133,45,0,29,0,0.0015970839885994792,5.24159986525774e-05,0.002539624983910471,8.570903446525335e-05,0.004274834005627781,0.0025125829852186143,0.0017622510204091668
96134,0,1,30,0,0.002150750020518899,4.629202885553241e-05,0.00137720798375085,6.524997297674417e-05,0.0036395000061020255,0.0026671249652281404,0.0009723750408738852
96134,1,3,30,0,0.0016646250151097775,4.554097540676594e-05,0.00159633404109627,6.683298852294683e-05,0.0033733330201357603,0.004046874993946403,-0.000673541973810643
96134,2,6,30,0,0.0016600419767200947,4.716601688414812e-05,0.0011154590174555779,6.145797669887543e-05,0.002884124987758696,0.003364624979440123,-0.00048049999168142676
96134,3,8,30,0,0.0016899590264074504,3.445800393819809e-05,0.0008878749795258045,6.216700421646237e-05,0.0026744590140879154,0.002925999986473471,-0.0002515409723855555
96134,4,12,30,0,0.001810832996852696,3.583298530429602e-05,0.0020983340218663216,6.533297710120678e-05,0.00401033298112452,0.0032427909900434315,0.0007675419910810888
96134,5,16,30,0,0.002064207976218313,3.966700751334429e-05,0.0010009169927798212,6.929103983566165e-05,0.00317408301634714,0.0034630830050446093,-0.00028899998869746923
96134,6,21,30,2,0.002067374996840954,3.925000783056021e-05,0.0014139590202830732,7.041596109047532e-05,0.0035909999860450625,0.003394374973140657,0.0001966250129044056
96134,7,26,28,26,0.0021076660486869514,3.6874960642308e-05,0.001696125022135675,0.00020804197993129492,0.004048708011396229,0.0035983750130981207,0.0004503329982981086
96134,8,5,2,2,0.0016517500043846667,5.7124998420476913e-05,0.001623333024326712,8.416699711233377e-05,0.0034163750242441893,0.0028544579981826246,0.0005619170260615647
96134,9,11,0,0,0.00170616596005857,7.729203207418323e-05,0.00316137500340119,0.00015358300879597664,0.00509841600432992,0.0030098339775577188,0.002088582026772201
96134,10,16,0,0,0.0019582079839892685,6.733398186042905e-05,0.0028207499999552965,9.229104034602642e-05,0.0049385830061510205,0.0034510830300860107,0.0014874999760650098
96134,11,25,1,1,0.002378583012614399,9.225000394508243e-05,0.0025437079602852464,0.0001097090425901115,0.0051242500194348395,0.004827374999877065,0.00029687501955777407
96134,12,34,0,0,0.002366167027503252,9.862496517598629e-05,0.0026630409993231297,9.508401853963733e-05,0.005222917010542005,0.004888374998699874,0.0003345420118421316
96134,13,36,2,2,0.002278667001519352,3.883300814777613e-05,0.0011220419546589255,6.662501255050302e-05,0.003506166976876557,0.004842082969844341,-0.0013359159929677844
96134,14,42,2,2,0.002622750005684793,0.00010679196566343307,0.001737042039167136,6.816600216552615e-05,0.004534750012680888,0.00428362499224022,0.00025112502044066787
96134,15,50,8,8,0.0026724159833975136,3.745901631191373e-05,0.0011996249668300152,7.045798702165484e-05,0.003979957953561097,0.004241999995429069,-0.0002620420418679714
96134,16,44,7,7,0.002617624995764345,5.2541960030794144e-05,0.0016420420142821968,7.845798972994089e-05,0.004390666959807277,0.004742124991025776,-0.00035145803121849895
96134,17,38,4,4,0.002442708006128669,4.5208027586340904e-05,0.0011348749976605177,7.945898687466979e-05,0.003702250018250197,0.004107334010768682,-0.0004050839925184846
96134,18,36,3,3,0.002432500012218952,4.3583044316619635e-05,0.0021340419771149755,9.112496627494693e-05,0.004701249999925494,0.0037778749829158187,0.0009233750170096755
96134,19,33,0,0,0.0021650830167345703,3.9000005926936865e-05,0.0008857499924488366,6.554200081154704e-05,0.0031553750159218907,0.0035756659926846623,-0.0004202909767627716
96134,20,33,1,1,0.0023377090110443532,5.8165984228253365e-05,0.0018626670353114605,7.833295967429876e-05,0.004336874990258366,0.003473290998954326,0.00086358399130404
96134,21,32,1,1,0.0023523750132881105,4.274997627362609e-05,0.0013907499960623682,7.033301517367363e-05,0.0038562080007977784,0.004336834012065083,-0.0004806260112673044
96134,22,31,2,2,0.0021741659729741514,3.6167039070278406e-05,0.0014049169840291142,8.695799624547362e-05,0.0037022079923190176,0.003747124981600791,-4.491698928177357e-05
96134,23,29,3,3,0.0022251670015975833,4.2082974687218666e-05,0.0016135420300997794,6.570800906047225e-05,0.003946500015445054,0.004312083008699119,-0.0003655829932540655
96134,24,26,1,1,0.002341667015571147,0.00010195799404755235,0.002665792009793222,6.404198938980699e-05,0.0051734590088017285,0.0037833750247955322,0.0013900839840061963
96134,25,25,1,1,0.002119333017617464,5.054200300946832e-05,0.0018574169953353703,7.658300455659628e-05,0.004103875020518899,0.0038483329699374735,0.00025554205058142543
96134,26,24,1,1,0.0020647909841500223,3.958400338888168e-05,0.0017940000398084521,6.633298471570015e-05,0.003964708012063056,0.003495541983284056,0.00046916602877900004
96134,27,23,7,7,0.002031375013757497,3.508297959342599e-05,0.0017427080310881138,6.808398757129908e-05,0.003877250012010336,0.004265957977622747,-0.0003887079656124115
96134,28,16,12,12,0.0019055409939028323,3.554200520738959e-05,0.0024188330280594528,0.00024204200599342585,0.0046019580331631005,0.0029230419895611703,0.0016789160436019301
96134,29,4,2,2,0.0016360420268028975,4.129100125283003e-05,0.0009619590127840638,6.791600026190281e-05,0.002707208041101694,0.003396417014300823,-0.0006892089731991291
96134,30,2,4,2,0.001619459013454616,4.237500252202153e-05,0.0011873329640366137,7.929204730316997e-05,0.0029284590273164213,0.0036598339793272316,-0.0007313749520108104
96134,31,0,8,0,0.0014776249881833792,3.679195651784539e-05,0.0015017910045571625,7.345899939537048e-05,0.0030896669486537576,0.0026551249902695417,0.00043454195838421583
96134,32,0,11,0,0.001484291977249086,3.641605144366622e-05,0.0010580839589238167,6.900000153109431e-05,0.002647791989147663,0.0030611249967478216,-0.00041333300760015845
96134,33,0,13,0,0.0015257920022122562,3.754097269847989e-05,0.0011873340117745101,6.479100557044148e-05,0.0028154579922556877,0.0028467499651014805,-3.129197284579277e-05
96134,34,0,17,0,0.0015157500165514648,3.649998689070344e-05,0.0012037919950671494,6.425002356991172e-05,0.0028202920220792294,0.002806417003739625,1.387501833960414e-05
96134,35,0,17,0,0.0014771249843761325,3.4999975468963385e-05,0.0008625410264357924,6.637501064687967e-05,0.002441040996927768,0.0033692920114845037,-0.0009282510145567358
96134,36,0,20,0,0.001499165955465287,4.2041996493935585e-05,0.0015195420128293335,7.537502096965909e-05,0.003136124985758215,0.002651332993991673,0.0004847919917665422
96134,37,0,20,0,0.0014807910192757845,3.391696373000741e-05,0.001068208017386496,6.837502587586641e-05,0.0026512910262681544,0.003187208028975874,-0.0005359170027077198
96134,38,0,28,0,0.0019087080145254731,9.324995335191488e-05,0.004017583036329597,9.137496817857027e-05,0.0061109159723855555,0.013349124987144023,-0.007238209014758468
96135,0,2,30,0,0.0016888340469449759,6.624998059123755e-05,0.001305165991652757,7.883401121944189e-05,0.0031390840304084122,0.004199000017251819,-0.0010599159868434072
96135,1,4,30,0,0.001593708002474159,3.6999990697950125e-05,0.0008880840032361448,6.316602230072021e-05,0.002581958018708974,0.0030229580006562173,-0.0004409999819472432
96135,2,5,30,0,0.0016030840342864394,3.774999640882015e-05,0.0008685829816386104,6.329198367893696e-05,0.002572708996012807,0.003617416019551456,-0.001044707023538649
96135,3,8,30,0,0.001863375015091151,5.2916991990059614e-05,0.0020054170163348317,7.545796688646078e-05,0.003997166990302503,0.0029176250100135803,0.0010795419802889228
96135,4,14,30,0,0.0019304580055177212,5.120900459587574e-05,0.0013245409936644137,7.65420263633132e-05,0.003382750030141324,0.003570042026694864,-0.00018729199655354023
96135,5,18,30,0,0.0018587919767014682,4.15419926866889e-05,0.002320791012607515,0.00020891701569780707,0.004430041997693479,0.0031922920024953783,0.0012377499951981008
96135,6,26,30,0,0.0020908750011585653,3.779097460210323e-05,0.0018454170203767717,6.84579717926681e-05,0.004042540967930108,0.0038117499789223075,0.00023079098900780082
96135,7,32,30,6,0.002174624998588115,3.616698086261749e-05,0.0019454580033198,7.279199780896306e-05,0.004229041980579495,0.0032588329631835222,0.0009702090173959732
96135,8,30,24,24,0.002213791012763977,5.387497367337346e-05,0.002122625010088086,0.00010237499373033643,0.004492665990255773,0.0038658329867757857,0.0006268330034799874
96135,9,14,0,0,0.0018327920115552843,3.774999640882015e-05,0.0008517499663867056,6.408302579075098e-05,0.002786375000141561,0.0027597909793257713,2.65840208157897e-05
96135,10,17,0,0,0.0018594579887576401,3.737496444955468e-05,0.0011214170372113585,8.466601138934493e-05,0.0031029160018078983,0.004120125027839094,-0.0010172090260311961
96135,11,24,0,0,0.002145958016626537,5.0458009354770184e-05,0.0015838340041227639,6.812496576458216e-05,0.003848374995868653,0.003986625000834465,-0.00013825000496581197
96135,12,29,2,2,0.0021967500215396285,3.670802107080817e-05,0.0010136669734492898,6.820802809670568e-05,0.003315333044156432,0.0032747910008765757,4.0542043279856443e-05
96135,13,35,2,2,0.002352000039536506,4.9957947339862585e-05,0.0013802500325255096,6.829202175140381e-05,0.003850500041153282,0.005444917012937367,-0.001594416971784085
96135,14,39,2,2,0.0024038749979808927,5.5999960750341415e-05,0.001535500050522387,6.816699169576168e-05,0.004063542000949383,0.005386791017372161,-0.0013232490164227784
96135,15,44,2,2,0.0025172500172629952,4.795799031853676e-05,0.0015580420149490237,7.095799082890153e-05,0.004194208013359457,0.004407999978866428,-0.00021379196550697088
96135,16,47,5,5,0.0025340840220451355,3.7582998629659414e-05,0.003016166971065104,0.0002199580194428563,0.005807792011182755,0.00541337497998029,0.0003944170312024653
96135,17,45,1,1,0.0025482079945504665,4.32920060120523e-05,0.001259208016563207,7.629196625202894e-05,0.003926999983377755,0.004695083014667034,-0.0007680830312892795
96135,18,44,3,3,0.0024637909955345094,4.083395469933748e-05,0.0012529580271802843,7.033301517367363e-05,0.003827915992587805,0.004274874983821064,-0.00044695899123325944
96135,19,43,5,5,0.002441708988044411,3.62499849870801e-05,0.002761874988209456,8.125003660097718e-05,0.005321083997841924,0.00367220799671486,0.0016488760011270642
96135,20,38,4,4,0.002321500040125102,3.637495683506131e-05,0.0015361669939011335,6.970803951844573e-05,0.003963750030379742,0.0037761249695904553,0.0001876250607892871
96135,21,34,3,3,0.0022901250049471855,3.812502836808562e-05,0.001432291988749057,8.679198799654841e-05,0.0038473340100608766,0.0037999580381438136,4.7375971917063e-05
96135,22,31,1,1,0.0021708750282414258,3.6415993236005306e-05,0.0013672920176759362,6.59999786876142e-05,0.0036405830178409815,0.004195916990283877,-0.0005553339724428952
96135,23,30,0,0,0.002237541018985212,3.829196793958545e-05,0.0009142080089077353,6.545899668708444e-05,0.003255499992519617,0.0042704170336946845,-0.0010149170411750674
96135,24,30,1,1,0.002133374975528568,3.554200520738959e-05,0.0020284579950384796,7.537502096965909e-05,0.004272749996744096,0.003302540979348123,0.0009702090173959732
96135,25,29,1,1,0.002303707995451987,5.324999801814556e-05,0.0016025829827412963,8.337502367794514e-05,0.004042915999889374,0.004386624961625785,-0.00034370896173641086
96135,26,28,4,4,0.0022567500127479434,3.658398054540157e-05,0.001439166022464633,6.491696694865823e-05,0.003797416982706636,0.003387458040378988,0.0004099589423276484
96135,27,24,5,5,0.0020580830168910325,0.0001170419855043292,0.0010192079935222864,8.541700663045049e-05,0.0032797500025480986,0.004477916983887553,-0.0011981669813394547
96135,28,19,8,8,0.0020431249868124723,4.766596248373389e-05,0.0015526670031249523,7.750000804662704e-05,0.0037209579604677856,0.0029798329924233258,0.0007411249680444598
96135,29,11,5,5,0.0018950409721583128,3.9375037886202335e-05,0.0011176249827258289,6.64590043015778e-05,0.003118499997071922,0.0034967499668709934,-0.00037824996979907155
96135,30,6,5,5,0.0016261669807136059,3.804103471338749e-05,0.001452833996154368,0.0002152079832740128,0.003332249994855374,0.0029015420004725456,0.0004307079943828285
96135,31,1,3,1,0.0015036670374684036,3.5165983717888594e-05,0.0017183339805342257,6.762502016499639e-05,0.0033247920218855143,0.0027731669833883643,0.0005516250384971499
96135,32,0,6,0,0.0015395000227726996,3.883300814777613e-05,0.0008508749888278544,6.508402293547988e-05,0.00249429204268381,0.0026560830301605165,-0.0001617909874767065
96135,33,0,8,0,0.0015394160291180015,5.9125013649463654e-05,0.0013439590111374855,8.016597712412477e-05,0.0030226660310290754,0.002800209040287882,0.0002224569907411933
96135,34,0,16,0,0.0014747080276720226,3.987498348578811e-05,0.0016134590259753168,6.658298661932349e-05,0.003194625023752451,0.002627582987770438,0.0005670420359820127
96135,35,0,22,0,0.0014975839876569808,3.854098031297326e-05,0.0008509170147590339,6.341701373457909e-05,0.002450458996463567,0.0029141249833628535,-0.0004636659868992865
96135,36,0,29,0,0.0015504999901168048,3.891700180247426e-05,0.0009085829951800406,6.437499541789293e-05,0.0025623749825172126,0.002457624999806285,0.00010474998271092772
96135,37,0,29,0,0.0015006670146249235,4.029099363833666e-05,0.0008508340106345713,6.620801286771894e-05,0.0024580000317655504,0.003410707984585315,-0.0009527079528197646
96136,0,0,30,0,0.0014669999945908785,3.691599704325199e-05,0.0016410420066677034,6.566697265952826e-05,0.003210624970961362,0.0029691249947063625,0.00024149997625499964
96136,1,2,30,0,0.0015828339965082705,5.891598993912339e-05,0.0010828750091604888,8.237495785579085e-05,0.0028069999534636736,0.003031708998605609,-0.00022470904514193535
96136,2,4,30,0,0.0016140409861691296,4.2625004425644875e-05,0.001140875043347478,6.524997297674417e-05,0.0028627910069189966,0.004491999978199601,-0.0016292089712806046
96136,3,6,30,0,0.0016098330379463732,3.44999716617167e-05,0.002266708994284272,6.954104173928499e-05,0.003980583045631647,0.002758749993517995,0.0012218330521136522
96136,4,7,30,0,0.0017952920170500875,3.787496825680137e-05,0.0014392500161193311,6.462499732151628e-05,0.003337041998747736,0.0033906670287251472,-5.362502997741103e-05
96136,5,13,30,0,0.0018096659914590418,5.34169957973063e-05,0.0016057500033639371,6.845803000032902e-05,0.0035372910206206143,0.0032761250040493906,0.00026116601657122374
96136,6,18,30,0,0.0018880419665947556,3.774999640882015e-05,0.0021245829993858933,6.504199700430036e-05,0.0041154169593937695,0.0029416659963317215,0.001173750963062048
96136,7,25,30,8,0.0021127499639987946,5.4458039812743664e-05,0.0017628750065341592,9.012495866045356e-05,0.004020207969006151,0.004340374958701432,-0.0003201669896952808
96136,8,26,22,22,0.0020658329594880342,4.2000028770416975e-05,0.0012371669872663915,0.0001052910229191184,0.003450290998443961,0.004089249996468425,-0.0006389589980244637
96136,9,13,0,0,0.001808666973374784,3.845803439617157e-05,0.0008631669916212559,6.508297519758344e-05,0.002775374974589795,0.0034613750176504254,-0.0006860000430606306
96136,10,20,0,0,0.0020078750094398856,4.737504059448838e-05,0.0008850839803926647,6.708299042657018e-05,0.003007417020853609,0.0038569169701077044,-0.0008494999492540956
96136,11,27,0,0,0.00214320799568668,3.658304922282696e-05,0.0016733749653212726,6.391701754182577e-05,0.003917083027772605,0.003700207977090031,0.0002168750506825745
96136,12,32,0,0,0.0021549169905483723,3.966700751334429e-05,0.0025636660284362733,6.974994903430343e-05,0.004827999975532293,0.0037570829736068845,0.0010709170019254088
96136,13,38,0,0,0.002359666978009045,3.812502836808562e-05,0.0016447079833596945,6.562500493600965e-05,0.004108124994672835,0.005320375028531998,-0.0012122500338591635
96136,14,49,2,2,0.0026166249881498516,3.400002606213093e-05,0.0013658329844474792,6.762496195733547e-05,0.004084082960616797,0.004203249991405755,-0.00011916703078895807
96136,15,51,2,2,0.002631540992297232,3.825000021606684e-05,0.000994291971437633,6.662501255050302e-05,0.003730707976501435,0.005091750004794449,-0.0013610420282930136
96136,16,51,2,2,0.002593417011667043,3.854098031297326e-05,0.0009402090217918158,6.591598503291607e-05,0.003638082998804748,0.0035730419913306832,6.504100747406483e-05
96136,17,50,3,3,0.002616999961901456,6.437499541789293e-05,0.001652666018344462,7.358402945101261e-05,0.004407625005114824,0.004158583004027605,0.0002490420010872185
96136,18,50,5,5,0.002752250002231449,4.2458006646484137e-05,0.0015554580022580922,6.920902524143457e-05,0.00441937503637746,0.004371999995782971,4.737504059448838e-05
96136,19,46,5,5,0.0026630409993231297,3.7416990380734205e-05,0.0011438330402597785,8.870899910107255e-05,0.003933000029064715,0.0039265420055016875,6.458023563027382e-06
96136,20,41,2,2,0.0026057499926537275,4.962499951943755e-05,0.0010136669734492898,7.191603071987629e-05,0.003740957996342331,0.0051741250208579,-0.0014331670245155692
96136,21,39,2,2,0.0024974170373752713,7.137499051168561e-05,0.0014788749977014959,6.445799954235554e-05,0.004112125025130808,0.004315833037253469,-0.00020370801212266088
96136,22,37,4,4,0.0023417919874191284,5.099998088553548e-05,0.0019846250070258975,8.041702676564455e-05,0.004457834002096206,0.0034610419534146786,0.0009967920486815274
96136,23,33,2,2,0.0022568749845959246,4.208303289487958e-05,0.0018375419895164669,7.016700692474842e-05,0.0042066670139320195,0.004162999975960702,4.366703797131777e-05
96136,24,31,1,1,0.0022242499981075525,3.875000402331352e-05,0.0015008749905973673,8.7958003859967e-05,0.0038518329965882003,0.0033812919864431024,0.00047054101014509797
96136,25,30,0,0,0.0021364580024965107,3.858399577438831e-05,0.0014089579926803708,6.574997678399086e-05,0.0036497499677352607,0.004359584010671824,-0.0007098340429365635
96136,26,30,3,3,0.0021257500047795475,3.479100996628404e-05,0.0009966670186258852,6.741698598489165e-05,0.0032246250193566084,0.004375833028461784,-0.0011512080091051757
96136,27,27,1,1,0.0022251670015975833,3.9832957554608583e-05,0.0016458750469610095,6.641697837039828e-05,0.0039772919844836,0.0037193339667283,0.0002579580177552998
96136,28,26,2,2,0.0020815840107388794,3.9583013858646154e-05,0.0008744579972699285,6.52089947834611e-05,0.003060834016650915,0.0030633750138804317,-2.540997229516506e-06
96136,29,24,2,2,0.0021725420374423265,4.2625004425644875e-05,0.0018631249549798667,7.050001295283437e-05,0.0041487920098006725,0.0032970000174827874,0.0008517919923178852
96136,30,22,3,3,0.0019731249776668847,3.612501313909888e-05,0.0017990409978665411,7.016700692474842e-05,0.003878457995597273,0.0034069170360453427,0.00047154095955193043
96136,31,19,6,6,0.0018779580132104456,3.950000973418355e-05,0.0018942089518532157,7.325003389269114e-05,0.003884917008690536,0.003360083035659045,0.000524833973031491
96136,32,13,3,3,0.0017750000115484,3.850000211969018e-05,0.0013391250395216048,6.616598693653941e-05,0.0032187910401262343,0.0029527919832617044,0.00026599905686452985
96136,33,10,5,5,0.0017107910243794322,3.6833982449024916e-05,0.0012382909771986306,8.129200432449579e-05,0.0030672079883515835,0.0040228330180980265,-0.000955625029746443
96136,34,5,3,3,0.0016380000161007047,4.091695882380009e-05,0.0016920000198297203,6.77499920129776e-05,0.0034386669867672026,0.0034894580021500587,-5.079101538285613e-05
96136,35,2,2,2,0.0016406659851782024,5.2916991990059614e-05,0.0019885420333594084,7.762497989460826e-05,0.0037597499904222786,0.0027106249472126365,0.0010491250432096422
96136,36,0,1,0,0.0015224589733406901,4.187499871477485e-05,0.0018051250372081995,6.758299423381686e-05,0.0034370420034974813,0.003279375028796494,0.00015766697470098734
96136,37,0,3,0,0.0015548340161330998,4.3082982301712036e-05,0.002471500018145889,7.299997378140688e-05,0.004142416990362108,0.0033046670141629875,0.0008377499761991203
96136,38,0,4,0,0.0016843330231495202,4.4249987695366144e-05,0.0017973340000025928,7.37910158932209e-05,0.0035997080267407,0.0034817500272765756,0.00011795799946412444
96136,39,0,9,0,0.0015077919815666974,3.525003558024764e-05,0.0009274579933844507,6.308400770649314e-05,0.002533584018237889,0.0031593330204486847,-0.0006257490022107959
96136,40,0,9,0,0.0015378749812953174,3.6167039070278406e-05,0.0013377919676713645,6.42079976387322e-05,0.0029760419856756926,0.002453666995279491,0.0005223749903962016
96136,41,0,10,0,0.0015069999499246478,3.5375007428228855e-05,0.0015669160056859255,8.24590097181499e-05,0.003191749972756952,0.0024757920182310045,0.0007159579545259476
96136,42,0,15,0,0.0015141250332817435,3.5416975151747465e-05,0.0018967920332215726,6.587500683963299e-05,0.0035122090484946966,0.0040238749934360385,-0.0005116659449413419
96136,43,0,21,0,0.001514374976977706,3.4791999496519566e-05,0.0012572919949889183,6.454100366681814e-05,0.002870999975129962,0.003068040998186916,-0.00019704102305695415
96136,44,0,27,0,0.0015126660000532866,4.779204027727246e-05,0.0018038749694824219,6.395799573510885e-05,0.0034282910055480897,0.0033679589978419244,6.0332007706165314e-05
96136,45,0,28,0,0.0015663329977542162,4.3625012040138245e-05,0.001321875024586916,6.337498780339956e-05,0.00299520802218467,0.003698832995723933,-0.000703624973539263
96136,46,0,29,0,0.00156579096801579,3.762502456083894e-05,0.0010836669825948775,6.166700040921569e-05,0.002748749975580722,0.0026223749737255275,0.00012637500185519457
96137,0,3,30,0,0.0015478749992325902,4.495802568271756e-05,0.0019662919803522527,6.42079976387322e-05,0.0036233330029062927,0.003399625013116747,0.00022370798978954554
96137,1,5,30,0,0.001671500038355589,4.474999150261283e-05,0.0011642919853329659,7.683300646021962e-05,0.002957375021651387,0.003820209007244557,-0.0008628339855931699
96137,2,6,30,0,0.0017015839694067836,6.020802538841963e-05,0.0019675829680636525,7.383403135463595e-05,0.0038032089942134917,0.0027962499880231917,0.0010069590061903
96137,3,9,30,0,0.0017973750364035368,3.7624966353178024e-05,0.0019207500154152513,6.204197416082025e-05,0.0038177919923327863,0.0027308749849908054,0.001086917007341981
96137,4,16,30,0,0.0019122500088997185,3.954098792746663e-05,0.0015646250103600323,6.304198177531362e-05,0.003579457988962531,0.003387124976143241,0.00019233301281929016
96137,5,22,30,0,0.002046499983407557,3.554200520738959e-05,0.0016102499794214964,6.275001214817166e-05,0.0037550419801846147,0.0036673329886980355,8.770899148657918e-05
96137,6,24,30,0,0.002152708009816706,0.00010545901022851467,0.001342040952295065,6.64590043015778e-05,0.0036666669766418636,0.0035851660068146884,8.150096982717514e-05
96137,7,28,30,4,0.0021316250204108655,3.6958022974431515e-05,0.0009524999768473208,6.666698027402163e-05,0.0031877500005066395,0.0038789159734733403,-0.0006911659729667008
96137,8,33,26,26,0.0022224169806577265,3.829202614724636e-05,0.0019652079790830612,0.00011412502499297261,0.004340042010881007,0.004118042008485645,0.00022200000239536166
96137,9,11,0,0,0.0020402090158313513,4.495796747505665e-05,0.0025089170085266232,6.47500273771584e-05,0.00465883401921019,0.003432709025219083,0.0012261249939911067
96137,10,18,0,0,0.0018989589880220592,4.716595867648721e-05,0.002296250022482127,0.00023537501692771912,0.0044777499861083925,0.004569208016619086,-9.145803051069379e-05
96137,11,26,0,0,0.002050124981906265,3.6416982766240835e-05,0.0015220410423353314,6.495899287983775e-05,0.003673541999887675,0.004429708002135158,-0.0007561660022474825
96137,12,32,1,1,0.0022444999776780605,4.3584033846855164e-05,0.001276583003345877,6.466696504503489e-05,0.0036293339799158275,0.0037645830307155848,-0.00013524905079975724
96137,13,37,2,2,0.002360000042244792,3.587501123547554e-05,0.0015380839467979968,6.320804823189974e-05,0.003997167048510164,0.004066833003889769,-6.96659553796053e-05
96137,14,41,2,2,0.0023427910055033863,3.791699418798089e-05,0.001346500008367002,7.154198829084635e-05,0.0037987499963492155,0.003666625008918345,0.00013212498743087053
96137,15,44,5,5,0.002419208991341293,3.666599513962865e-05,0.0018870839849114418,6.874999962747097e-05,0.004411708971019834,0.0035762080224230886,0.0008355009485967457
96137,16,43,5,5,0.0024062920128926635,3.791699418798089e-05,0.0017617910052649677,7.308402564376593e-05,0.004279084037989378,0.0035128340241499245,0.0007662500138394535
96137,17,43,3,3,0.0024348750011995435,3.691599704325199e-05,0.001157917024102062,6.612495053559542e-05,0.003695832972880453,0.004849499964620918,-0.0011536669917404652
96137,18,41,4,4,0.0024498329730704427,3.875000402331352e-05,0.000877375015988946,6.783398566767573e-05,0.003433791978750378,0.004516249988228083,-0.0010824580094777048
96137,19,38,6,6,0.002525791001971811,3.870902583003044e-05,0.0018327909638173878,9.216699982061982e-05,0.004489457991439849,0.003927708952687681,0.0005617490387521684
96137,20,32,2,2,0.0022443339694291353,3.9416016079485416e-05,0.00164620898431167,6.704102270305157e-05,0.003996999992523342,0.0037159170024096966,0.0002810829901136458
96137,21,30,1,1,0.002231125021353364,3.7457968574017286e-05,0.0016782089951448143,6.23750383965671e-05,0.004009167023468763,0.0036599169834516943,0.0003492500400170684
96137,22,29,0,0,0.0021367919980548322,4.554202314466238e-05,0.0014259159797802567,7.758400170132518e-05,0.0036858340026810765,0.004010292002931237,-0.0003244580002501607
96137,23,29,0,0,0.0022848329972475767,3.98330157622695e-05,0.0012819590047001839,6.66659907437861e-05,0.003673291008453816,0.003948208992369473,-0.0002749179839156568
96137,24,29,0,0,0.0022047499660402536,4.4208019971847534e-05,0.0011153750238008797,7.037498289719224e-05,0.003434707992710173,0.0035896659828722477,-0.00015495799016207457
96137,25,29,0,0,0.002136041992343962,3.845803439617157e-05,0.0016140419756993651,6.65830448269844e-05,0.0038551250472664833,0.00374829099746421,0.00010683404980227351
96137,26,29,1,1,0.002227416029199958,3.933400148525834e-05,0.0013660829863511026,6.699998630210757e-05,0.0036998330033384264,0.003606166981626302,9.366602171212435e-05
96137,27,28,3,3,0.0022626660065725446,4.1584018617868423e-05,0.0015395000227726996,7.279100827872753e-05,0.00391654105624184,0.00438233301974833,-0.00046579196350649
96137,28,25,9,9,0.0020691250101663172,4.51250234618783e-05,0.0013262919965200126,6.883300375193357e-05,0.0035093750339001417,0.004514375003054738,-0.0010049999691545963
96137,29,16,6,6,0.0018699169741012156,3.56250093318522e-05,0.0014294160064309835,6.975000724196434e-05,0.0034047079971060157,0.0033718330087140203,3.287498839199543e-05
96137,30,10,3,3,0.0017137500108219683,4.012498538941145e-05,0.0017347920220345259,6.754096830263734e-05,0.003556207986548543,0.0036539590219035745,-9.775103535503149e-05
96137,31,7,6,6,0.001689333003014326,4.62090247310698e-05,0.0016119159990921617,7.691700011491776e-05,0.0034243750269524753,0.0038116250070743263,-0.00038724998012185097
96137,32,1,2,1,0.0015384579892270267,4.529202124103904e-05,0.001859333016909659,7.037498289719224e-05,0.003513458010274917,0.0030720839858986437,0.00044137402437627316
96137,33,0,1,0,0.0015351669862866402,3.8416997995227575e-05,0.0010695410310290754,6.250001024454832e-05,0.0027056250255554914,0.002435125003103167,0.00027050002245232463
96137,34,0,3,0,0.0015073749818839133,3.4415978007018566e-05,0.0016017919988371432,8.058303501456976e-05,0.003224165993742645,0.003115875006187707,0.0001082909875549376
96137,35,0,7,0,0.0015213749720714986,3.7917052395641804e-05,0.0021254579769447446,6.808398757129908e-05,0.003752833988983184,0.002957375021651387,0.0007954589673317969
96137,36,0,14,0,0.00150862499140203,3.658398054540157e-05,0.0009213750017806888,6.262498209252954e-05,0.00252920895582065,0.002916041004937142,-0.00038683204911649227
96137,37,0,24,0,0.0015195829910226166,3.554200520738959e-05,0.0015011670184321702,6.808299804106355e-05,0.00312437501270324,0.0026488330331631005,0.00047554197954013944
96137,38,0,28,0,0.0014907090226188302,3.649998689070344e-05,0.0019309580093249679,7.124996045604348e-05,0.003529416979290545,0.0025747499894350767,0.0009546669898554683
96138,0,1,30,0,0.0015432920190505683,3.754097269847989e-05,0.001342875009868294,6.412499351426959e-05,0.002987832995131612,0.0029724169871769845,1.5416007954627275e-05
96138,1,1,30,0,0.0015852920478209853,8.574995445087552e-05,0.0016166249988600612,6.450002547353506e-05,0.003352167026605457,0.0026337919989600778,0.0007183750276453793
96138,2,9,30,0,0.0017614160315133631,4.287500632926822e-05,0.0014009999576956034,6.533402483910322e-05,0.003270625020377338,0.003934959007892758,-0.0006643339875154197
96138,3,12,30,0,0.0018374169594608247,8.870800957083702e-05,0.0016033329884521663,6.658403435721993e-05,0.003596041991841048,0.0036396670038811862,-4.3625012040138245e-05
96138,4,16,30,0,0.0018671249854378402,3.5999983083456755e-05,0.0012978750164620578,6.991601549088955e-05,0.0032709160004742444,0.003542750026099384,-0.0002718340256251395
96138,5,20,30,0,0.001875957997981459,3.5750039387494326e-05,0.001307374972384423,6.454199319705367e-05,0.00328362500295043,0.0034069159883074462,-0.00012329098535701632
96138,6,24,30,0,0.002000875014346093,3.720802487805486e-05,0.001619082991965115,7.30419997125864e-05,0.0037302080309018493,0.004541083006188273,-0.0008108749752864242
96138,7,27,30,6,0.00220379198435694,3.866601036861539e-05,0.0016064170049503446,8.38330015540123e-05,0.003932708001229912,0.004055666038766503,-0.0001229580375365913
96138,8,30,24,24,0.0021520000300370157,4.5249995309859514e-05,0.002058124984614551,0.00010891701094806194,0.004364292020909488,0.0035343749914318323,0.0008299170294776559
96138,9,12,0,0,0.0017136660171672702,3.6375015042722225e-05,0.00250566698377952,7.179199019446969e-05,0.004327500006183982,0.003645499993581325,0.0006820000126026571
96138,10,18,0,0,0.0019043339998461306,3.829097840934992e-05,0.0018085420015268028,7.641705451533198e-05,0.0038275840342976153,0.0033657909953035414,0.00046179303899407387
96138,11,28,0,0,0.002170707972254604,4.1834020521491766e-05,0.0009676250047050416,6.608298281207681e-05,0.0032462499802932143,0.00401112501276657,-0.0007648750324733555
96138,12,36,3,3,0.002447041042614728,3.7041958421468735e-05,0.0016135420300997794,6.854097591713071e-05,0.004166166007053107,0.0037309170002117753,0.0004352490068413317
96138,13,40,2,2,0.0024097919813357294,4.637503297999501e-05,0.0017690410022623837,7.433397695422173e-05,0.00429954199353233,0.003842499980237335,0.00045704201329499483
96138,14,40,1,1,0.0024477909901179373,3.774999640882015e-05,0.0017537919920869172,7.054203888401389e-05,0.0043098750174976885,0.0035351659753359854,0.0007747090421617031
96138,15,44,3,3,0.0025640419917181134,4.474999150261283e-05,0.0009906250052154064,7.025001104921103e-05,0.0036696669994853437,0.003846457984764129,-0.00017679098527878523
96138,16,43,8,8,0.002370583009906113,3.895896952599287e-05,0.0016936250030994415,7.245800225064158e-05,0.004175624984782189,0.004381708975415677,-0.0002060839906334877
96138,17,39,3,3,0.0024552909890189767,4.8874993808567524e-05,0.0009280419908463955,6.849999772384763e-05,0.0035007079713977873,0.00483820796944201,-0.0013374999980442226
96138,18,39,8,8,0.002463167009409517,4.416599404066801e-05,0.0012312090257182717,7.599999662488699e-05,0.0038145420257933438,0.0037218750221654773,9.26670036278665e-05
96138,19,32,3,3,0.0022407909855246544,4.454201553016901e-05,0.0019612080068327487,6.787496386095881e-05,0.004314415971748531,0.004103417042642832,0.00021099892910569906
96138,20,29,1,1,0.002216292021330446,3.9000005926936865e-05,0.00121795799350366,6.841699359938502e-05,0.003541667014360428,0.0037912080297246575,-0.0002495410153642297
96138,21,28,0,0,0.002146249986253679,3.5167031455785036e-05,0.0022003749618306756,6.729102460667491e-05,0.004449083004146814,0.0040079589816741645,0.0004411240224726498
96138,22,28,2,2,0.0021491670049726963,4.1624996811151505e-05,0.001622250012587756,7.54169886931777e-05,0.0038884590030647814,0.004477209004107863,-0.0005887500010430813
96138,23,26,2,2,0.002124207967426628,4.125002305954695e-05,0.0020017920178361237,6.945797940716147e-05,0.00423670798772946,0.004619874991476536,-0.0003831670037470758
96138,24,24,4,4,0.0020342920324765146,4.908296978101134e-05,0.0021260419744066894,6.462505552917719e-05,0.0042740420321933925,0.003892917011398822,0.00038112502079457045
96138,25,20,5,5,0.0020091249607503414,8.787499973550439e-05,0.002550291013903916,0.00010699999984353781,0.0047542909742332995,0.0035607499885372818,0.0011935409856960177
96138,26,15,1,1,0.0019279169500805438,4.645803710445762e-05,0.0019047919777221978,7.887498941272497e-05,0.003958041954319924,0.004165041958913207,-0.00020700000459328294
96138,27,14,5,5,0.001867417013272643,4.75830165669322e-05,0.0024187499657273293,0.00021174998255446553,0.00454549997812137,0.0038832499994896352,0.0006622499786317348
96138,28,9,6,6,0.0016611249884590507,5.3958967328071594e-05,0.002370041038375348,0.00010195898357778788,0.004187083977740258,0.003698208020068705,0.0004888759576715529
96138,29,3,7,3,0.0016147919814102352,4.0583021473139524e-05,0.001169124967418611,7.583299884572625e-05,0.002900332969147712,0.0032935000490397215,-0.0003931670798920095
96138,30,0,8,0,0.001625250035431236,6.083300104364753e-05,0.0012361669796518981,7.520802319049835e-05,0.00299745803931728,0.0024150829995051026,0.0005823750398121774
96138,31,0,13,0,0.001524624996818602,4.374998388811946e-05,0.0018278330098837614,0.00020583299919962883,0.0036020409897901118,0.0033294169697910547,0.00027262401999905705
96138,32,0,14,0,0.001562916033435613,4.312500823289156e-05,0.001864833990111947,7.408298552036285e-05,0.0035449580173008144,0.003220584010705352,0.00032437400659546256
96138,33,0,16,0,0.001497790974099189,3.587501123547554e-05,0.0008409590227529407,6.570795085281134e-05,0.0024403329589404166,0.0027181670302525163,-0.0002778340713120997
96138,34,0,19,0,0.0015699589857831597,3.608298720791936e-05,0.0010105419787578285,6.308301817625761e-05,0.002679666969925165,0.003124958020634949,-0.00044529105070978403
96138,35,0,20,0,0.0015684579848311841,3.8375030271708965e-05,0.0016079169581644237,6.733305053785443e-05,0.0032820830238051713,0.0028814589604735374,0.0004006240633316338
96138,36,0,20,0,0.001541915989946574,3.704201662912965e-05,0.001042167015839368,6.42910017631948e-05,0.0026854160241782665,0.002759958035312593,-7.454201113432646e-05
96138,37,0,23,0,0.0015682920347899199,3.9666949305683374e-05,0.002322083048056811,8.44579772092402e-05,0.0040145000093616545,0.0028962920187041163,0.0011182079906575382
96138,38,0,28,0,0.0015373330097645521,4.0917017031461e-05,0.00087554199853912,6.616598693653941e-05,0.0025199580122716725,0.0028687920421361923,-0.00034883402986451983
96139,0,0,30,0,0.0016285000019706786,3.9624981582164764e-05,0.000945459003560245,6.979104364290833e-05,0.0026833750307559967,0.0030142919858917594,-0.0003309169551357627
96139,1,1,30,0,0.0015360830002464354,3.5792007111012936e-05,0.0009236659971065819,6.312498589977622e-05,0.0025586659903638065,0.0029063329566270113,-0.0003476669662632048
96139,2,4,30,0,0.001536083989776671,5.1250040996819735e-05,0.0011258749873377383,7.37080117687583e-05,0.0027869170298799872,0.0036132079549133778,-0.0008262909250333905
96139,3,8,30,0,0.0017617919947952032,4.779204027727246e-05,0.0018617910100147128,6.491696694865823e-05,0.0037362920120358467,0.0031334160012193024,0.0006028760108165443
96139,4,15,30,0,0.0020257090218365192,4.3665990233421326e-05,0.0027194590074941516,9.108299855142832e-05,0.0048799170181155205,0.004207583027891815,0.0006723339902237058
96139,5,23,30,0,0.002115582989063114,4.558399086818099e-05,0.0012063750182278454,7.262500002980232e-05,0.0034401669981889427,0.0036906669847667217,-0.00025049998657777905
96139,6,28,30,0,0.002138083043973893,3.4999975468963385e-05,0.0013427499798126519,8.637504652142525e-05,0.0036022080457769334,0.003928791964426637,-0.00032658391864970326
96139,7,33,30,14,0.00227687502047047,4.2458006646484137e-05,0.0014626249903813004,7.999996887519956e-05,0.0038619579863734543,0.0042713749571703374,-0.0004094169707968831
96139,8,25,16,16,0.002042124979197979,3.458303399384022e-05,0.0016972919693216681,8.579203858971596e-05,0.0038597920211032033,0.0033829170279204845,0.00047687499318271875
96139,9,12,0,0,0.0018440419808030128,4.487502155825496e-05,0.002639707992784679,6.454199319705367e-05,0.004593166988343,0.0035400419728830457,0.0010531250154599547
96139,10,19,0,0,0.0019897500169463456,4.604196874424815e-05,0.0015997500158846378,6.9500005338341e-05,0.0037050420069135725,0.0035039999638684094,0.00020104204304516315
96139,11,26,1,1,0.0021057919948361814,3.9790989831089973e-05,0.0018571250257082283,6.70839799568057e-05,0.004069791990332305,0.004326250054873526,-0.00025645806454122066
96139,12,32,0,0,0.0022535830503329635,4.087499110028148e-05,0.0018441249849274755,7.570802699774504e-05,0.004214291053358465,0.00422120897565037,-6.917922291904688e-06
96139,13,35,2,2,0.0023623749730177224,4.1457999031990767e-05,0.001643708033952862,6.616697646677494e-05,0.00411370798246935,0.003860750002786517,0.00025295797968283296
96139,14,37,1,1,0.002295500016771257,3.533397102728486e-05,0.0016566250124014914,6.283301627263427e-05,0.0040502920164726675,0.003945584001485258,0.00010470801498740911
96139,15,42,0,0,0.002539584005717188,4.3000036384910345e-05,0.0015007909969426692,6.41669612377882e-05,0.004147542000282556,0.004862083005718887,-0.000714541005436331
96139,16,50,2,2,0.0027095419936813414,8.212501415982842e-05,0.0015588749665766954,6.520800525322556e-05,0.004415749979671091,0.004445707949344069,-2.9957969672977924e-05
96139,17,50,1,1,0.0028532500145956874,4.866597009822726e-05,0.0010602920083329082,6.766704609617591e-05,0.004029875039122999,0.004423582984600216,-0.00039370794547721744
96139,18,52,7,7,0.0026967499870806932,7.26659782230854e-05,0.0017082090489566326,7.291598012670875e-05,0.00455054099438712,0.004688291985075921,-0.0001377509906888008
96139,19,46,2,2,0.002602207998279482,3.7624966353178024e-05,0.0016265420126728714,7.004098733887076e-05,0.004336415964644402,0.004042458953335881,0.00029395701130852103
96139,20,44,5,5,0.0025109160342253745,4.85840137116611e-05,0.001259957964066416,7.524999091401696e-05,0.0038947080029174685,0.004067208035849035,-0.00017250003293156624
96139,21,39,6,6,0.0025598329957574606,4.591699689626694e-05,0.001832249981816858,7.529201684519649e-05,0.004513291991315782,0.003500875027384609,0.001012416963931173
96139,22,33,3,3,0.0022818329744040966,4.1834020521491766e-05,0.0021417909883894026,0.00021129200467839837,0.004676749987993389,0.003321334021165967,0.0013554159668274224
96139,23,30,1,1,0.002239709021523595,3.937497967854142e-05,0.0012158750323578715,6.408296758309007e-05,0.003559042001143098,0.0033557499991729856,0.00020329200197011232
96139,24,29,0,0,0.002243708004243672,3.812502836808562e-05,0.001196583965793252,7.025001104921103e-05,0.0035486670094542205,0.004035249992739409,-0.0004865829832851887
96139,25,29,0,0,0.0021992080146446824,3.825000021606684e-05,0.0011793329613283277,7.570901652798057e-05,0.0034924999927170575,0.0032244999893009663,0.0002680000034160912
96139,26,29,1,1,0.0021225420059636235,3.604101948440075e-05,0.0008032089681364596,6.704102270305157e-05,0.0030288330162875354,0.0032086250139400363,-0.00017979199765250087
96139,27,28,1,1,0.002199124952312559,3.862503217533231e-05,0.0012930419761687517,6.570800906047225e-05,0.003596499969717115,0.0039341250085271895,-0.00033762503881007433
96139,28,27,2,2,0.002163624973036349,3.604200901463628e-05,0.0015024999738670886,6.591703277081251e-05,0.003768083988688886,0.0032591669587418437,0.0005089170299470425
96139,29,25,0,0,0.002087458036839962,4.1041988879442215e-05,0.001626916986424476,0.00023100001271814108,0.003986417024862021,0.003900082956533879,8.633406832814217e-05
96139,30,25,0,0,0.0019830840174108744,5.2458024583756924e-05,0.0014324169605970383,6.458302959799767e-05,0.0035325420321896672,0.004201833973638713,-0.0006692919414490461
96139,31,25,2,2,0.002111709036398679,4.0665967389941216e-05,0.0011104170116595924,7.333297980949283e-05,0.0033361249952577055,0.004123374994378537,-0.0007872499991208315
96139,32,23,0,0,0.0020901670213788748,3.97919793613255e-05,0.001117333013098687,6.7666987888515e-05,0.003314959001727402,0.003833124996162951,-0.0005181659944355488
96139,33,23,7,7,0.0019171250169165432,3.4207943826913834e-05,0.002095333009492606,9.145902004092932e-05,0.004138124990276992,0.0030029999907128513,0.001135124999564141
96139,34,16,5,5,0.0018817909876815975,3.85420280508697e-05,0.0008252079715020955,6.783404387533665e-05,0.0028133750311098993,0.003905041958205402,-0.0010916669270955026
96139,35,11,3,3,0.0019291670178063214,4.362495383247733e-05,0.0008890830213204026,7.629202445968986e-05,0.002938167017418891,0.003836542018689215,-0.000898375001270324
96139,36,8,6,6,0.0016796249547041953,3.991700941696763e-05,0.0016363750328309834,7.058295886963606e-05,0.0034264999558217824,0.0031234999769367278,0.0003029999788850546
96139,37,2,5,2,0.0015938330325298011,4.095799522474408e-05,0.0010285419994033873,6.754201604053378e-05,0.0027308750431984663,0.002553707978222519,0.00017716706497594714
96139,38,0,8,0,0.001565749989822507,3.7958030588924885e-05,0.001246917003300041,6.499997107312083e-05,0.0029156249947845936,0.00262937496881932,0.0002862500259652734
96139,39,0,14,0,0.0015207080286927521,3.5457953345030546e-05,0.0011390839936211705,6.329105235636234e-05,0.0027585410280153155,0.0032042080420069396,-0.0004456670139916241
96139,40,0,18,0,0.0015938750002533197,4.2666972149163485e-05,0.0017022080137394369,7.816700963303447e-05,0.0034169169957749546,0.0024922919692471623,0.0009246250265277922
96139,41,0,21,0,0.001506832952145487,3.666704287752509e-05,0.0009402079740539193,8.683401392772794e-05,0.0025705419830046594,0.003753083001356572,-0.0011825410183519125
96139,42,0,23,0,0.001433375000488013,3.5750039387494326e-05,0.0008351669530384243,6.350001785904169e-05,0.0023677920107729733,0.0027230000123381615,-0.00035520800156518817
96139,43,0,23,0,0.0014301249757409096,3.379205008968711e-05,0.0014274159912019968,6.295897765085101e-05,0.0029542919946834445,0.002455167006701231,0.0004991249879822135
96139,44,0,23,0,0.0015464159660041332,4.3584033846855164e-05,0.0013141660019755363,6.420898716896772e-05,0.0029683749889954925,0.0028527090325951576,0.00011566595640033484
96139,45,0,28,0,0.0015597500023432076,4.270800855010748e-05,0.0016476670280098915,6.48329732939601e-05,0.0033149580121971667,0.0025516250170767307,0.000763332995120436
96140,0,1,30,0,0.0015452500083483756,4.212500061839819e-05,0.0016319169662892818,8.08330369181931e-05,0.0033001250121742487,0.0030494999955408275,0.0002506250166334212
96140,1,4,30,0,0.0016343329916708171,4.1458988562226295e-05,0.0009353329660370946,6.854202365502715e-05,0.002679666969925165,0.0032679159776307642,-0.0005882490077055991
96140,2,6,30,0,0.0016641669790260494,3.6582991015166044e-05,0.0010243330034427345,6.36249897070229e-05,0.002788707963190973,0.0026480829692445695,0.00014062499394640326
96140,3,14,30,0,0.0018741670064628124,4.008301766589284e-05,0.0012431249488145113,6.316701183095574e-05,0.0032205419847741723,0.003654708038084209,-0.00043416605331003666
96140,4,16,30,0,0.0019059590413235128,3.674998879432678e-05,0.0017487499862909317,6.612500874325633e-05,0.0037575840251520276,0.004313417011871934,-0.0005558329867199063
96140,5,21,30,0,0.002079083991702646,3.737496444955468e-05,0.001579208008479327,6.579200271517038e-05,0.003761458967346698,0.003381082962732762,0.00038037600461393595
96140,6,24,30,0,0.002080832957290113,3.6917044781148434e-05,0.001165541005320847,6.312498589977622e-05,0.0033464159932918847,0.004271958954632282,-0.0009255429613403976
96140,7,28,30,4,0.002129332977347076,3.574998117983341e-05,0.0027162079932168126,7.533404277637601e-05,0.004956624994520098,0.0032176669919863343,0.0017389580025337636
96140,8,27,26,26,0.0020996250095777214,5.545798921957612e-05,0.0009326669969595969,0.00012041698209941387,0.0032081669778563082,0.003986625000834465,-0.0007784580229781568
96140,9,10,0,0,0.0018069999641738832,4.137499490752816e-05,0.0017075000214390457,6.70420122332871e-05,0.003622916992753744,0.002782791038043797,0.0008401259547099471
96140,10,19,0,0,0.002311458985786885,5.35410363227129e-05,0.002494916960131377,9.26670036278665e-05,0.004952583985868841,0.004378749988973141,0.0005738339968957007
96140,11,30,0,0,0.002236542000900954,4.754198016598821e-05,0.0017355410382151604,7.870898116379976e-05,0.004098334000445902,0.004052750009577721,4.558399086818099e-05
96140,12,35,1,1,0.0023498329683206975,4.891701973974705e-05,0.0014460000093095005,7.004197686910629e-05,0.003914791974239051,0.004806457960512489,-0.0008916659862734377
96140,13,40,2,2,0.0022898329771123827,3.3791991882026196e-05,0.0019279160187579691,7.312500383704901e-05,0.004324665991589427,0.003556708979886025,0.0007679570117034018
96140,14,45,6,6,0.002563499961979687,4.658399848267436e-05,0.0021430000197142363,7.000000914558768e-05,0.0048230839893221855,0.006050832977052778,-0.0012277489877305925
96140,15,46,4,4,0.002611125004477799,7.308402564376593e-05,0.001533915987238288,0.00010420900071039796,0.004322334018070251,0.004647833004128188,-0.00032549898605793715
96140,16,45,5,5,0.0025021659675985575,4.2041996493935585e-05,0.0009384580189362168,6.795901572331786e-05,0.0035506249987520278,0.004298833024222404,-0.000748208025470376
96140,17,41,2,2,0.0025315830134786665,7.35839712433517e-05,0.0026152909849770367,9.966699872165918e-05,0.005320124968420714,0.0035563749843277037,0.0017637499840930104
96140,18,40,3,3,0.0023897909559309483,4.137499490752816e-05,0.002301459026057273,8.533301297575235e-05,0.004817957989871502,0.004162375000305474,0.0006555829895660281
96140,19,37,1,1,0.0023272500257007778,3.595795715227723e-05,0.0013757499982602894,7.595901843160391e-05,0.0038149169995449483,0.0035089579760096967,0.0003059590235352516
96140,20,36,1,1,0.0029059579828754067,4.183303099125624e-05,0.0013094169553369284,6.804201984778047e-05,0.004325249989051372,0.005091375031042844,-0.0007661250419914722
96140,21,35,3,3,0.0022618749644607306,3.649998689070344e-05,0.002360417041927576,0.0002246249932795763,0.004883416986558586,0.003563040983863175,0.0013203760026954114
96140,22,32,2,2,0.002205124997999519,3.420800203457475e-05,0.0009060839656740427,6.583303911611438e-05,0.003211250004824251,0.00373708299594,-0.0005258329911157489
96140,23,30,1,1,0.002213958010543138,5.870795575901866e-05,0.001612250052858144,7.783394539728761e-05,0.003962749964557588,0.0036625410430133343,0.0003002089215442538
96140,24,29,2,2,0.0021585419890470803,3.791600465774536e-05,0.001529625034891069,6.337498780339956e-05,0.003789458016399294,0.004126708023250103,-0.00033725000685080886
96140,25,27,6,6,0.0021739170188084245,9.979098103940487e-05,0.0011035000206902623,0.00010562496026977897,0.0034828329808078706,0.003153667028527707,0.00032916595228016376
96140,26,21,3,3,0.0020094580249860883,3.9624981582164764e-05,0.0016202499973587692,7.53339845687151e-05,0.0037446669884957373,0.004605374997481704,-0.0008607080089859664
96140,27,18,4,4,0.0021450420026667416,4.549999721348286e-05,0.0014235000126063824,7.050001295283437e-05,0.003684542025439441,0.0038977080257609487,-0.00021316600032150745
96140,28,14,5,5,0.0018671670113690197,7.049995474517345e-05,0.0025103750522248447,8.674996206536889e-05,0.004534791980404407,0.004111582995392382,0.00042320898501202464
96140,29,9,4,4,0.0018052919767796993,6.866600597277284e-05,0.0023553339997306466,8.149998029693961e-05,0.004310791962780058,0.003818625002168119,0.0004921669606119394
96140,30,5,3,3,0.0017175839748233557,5.1499984692782164e-05,0.0009805409936234355,8.00840207375586e-05,0.002829708973877132,0.003960125031881034,-0.0011304160580039024
96140,31,2,1,1,0.0015413750079460442,3.579101758077741e-05,0.0008195419795811176,6.758299423381686e-05,0.002464290999341756,0.003288124979007989,-0.0008238339796662331
96140,32,1,4,1,0.0015397919923998415,5.395803600549698e-05,0.0017706669750623405,8.758297190070152e-05,0.0034519999753683805,0.003076624998357147,0.00037537497701123357
96140,33,0,6,0,0.0015564999775961041,4.8457994125783443e-05,0.0014056250220164657,0.00020633399253711104,0.0032169169862754643,0.003858791955281049,-0.0006418749690055847
96140,34,0,15,0,0.0015979160089045763,4.541699308902025e-05,0.0008934999932534993,7.295800605788827e-05,0.002609791001304984,0.0036475000088103116,-0.0010377090075053275
96140,35,0,17,0,0.0020235409610904753,6.41250517219305e-05,0.0015925419866107404,7.770798401907086e-05,0.003757915983442217,0.003919958020560443,-0.0001620420371182263
96140,36,0,22,0,0.002053542004432529,5.05829812027514e-05,0.0016868340317159891,7.845798972994089e-05,0.0038694170070812106,0.0030966660124249756,0.000772750994656235
96140,37,0,27,0,0.0015649999841116369,3.9417005609720945e-05,0.000925166008528322,6.287498399615288e-05,0.0025924579822458327,0.003441666020080447,-0.0008492080378346145
96140,38,0,29,0,0.0015106669743545353,3.545801155269146e-05,0.002369082998484373,6.604200461879373e-05,0.003981249989010394,0.0031644589616917074,0.0008167910273186862
96141,0,2,30,0,0.001605207973625511,4.416698357090354e-05,0.0010365000343881547,6.574997678399086e-05,0.00275162496836856,0.003250082954764366,-0.0004984579863958061
96141,1,3,30,0,0.0016312499647028744,4.287500632926822e-05,0.0012666250113397837,6.437499541789293e-05,0.0030051249777898192,0.0032349160173907876,-0.00022979103960096836
96141,2,6,30,0,0.0016900410410016775,3.666698466986418e-05,0.0013499169726856053,6.500002928078175e-05,0.0031416250276379287,0.0035380409681238234,-0.0003964159404858947
96141,3,8,30,0,0.0016664580325596035,3.44999716617167e-05,0.0013459170004352927,6.279104854911566e-05,0.0031096660532057285,0.003086083976086229,2.3582077119499445e-05
96141,4,12,30,0,0.0018355840002186596,4.0624989196658134e-05,0.0020979580003768206,0.00020629202481359243,0.004180459014605731,0.004152666020672768,2.7792993932962418e-05
96141,5,16,30,0,0.0017750000115484,3.529200330376625e-05,0.001551375025883317,6.295798812061548e-05,0.0034246250288560987,0.003471124975476414,-4.649994662031531e-05
96141,6,25,30,1,0.0020273749832995236,4.8666028305888176e-05,0.0009269170113839209,7.599999662488699e-05,0.0030789580196142197,0.002948792011011392,0.0001301660086028278
96141,7,30,29,22,0.002222083043307066,4.604196874424815e-05,0.000910041038878262,0.00012070895172655582,0.003298875002656132,0.0034242909750901163,-0.00012541597243398428
96141,8,12,7,7,0.0017715830472297966,3.737496444955468e-05,0.0016477919998578727,7.629103492945433e-05,0.0035330410464666784,0.003443708992563188,8.93320539034903e-05
96141,9,10,0,0,0.0017128749750554562,3.462500171735883e-05,0.001179250015411526,6.254197796806693e-05,0.002989291970152408,0.0027396249934099615,0.0002496669767424464
96141,10,16,0,0,0.0019705420127138495,4.8290996346622705e-05,0.001184958964586258,7.687503239139915e-05,0.0032806670060381293,0.0031412920216098428,0.00013937498442828655
96141,11,23,0,0,0.0020278329611755908,4.437501775100827e-05,0.0012894169776700437,6.695801857858896e-05,0.0034285829751752317,0.003175750025548041,0.00025283294962719083
96141,12,33,3,3,0.0023162090219557285,4.299997817724943e-05,0.0008487500017508864,6.812502397224307e-05,0.0032760840258561075,0.003542124992236495,-0.00026604096638038754
96141,13,39,3,3,0.0024117089924402535,3.5958015359938145e-05,0.002115666982717812,7.158296648412943e-05,0.004634916957002133,0.004223584022838622,0.0004113329341635108
96141,14,42,2,2,0.0024204159853979945,3.954203566536307e-05,0.0016980829532258213,0.0002292090211994946,0.0043872499954886734,0.004537083033937961,-0.00014983303844928741
96141,15,44,2,2,0.0025621249806135893,3.7375022657215595e-05,0.0011843749671243131,7.291702786460519e-05,0.003856791998259723,0.005250125017482787,-0.0013933330192230642
96141,16,44,2,2,0.0024900000425986946,4.016596358269453e-05,0.0017280839965678751,6.816600216552615e-05,0.00432641600491479,0.003913250053301454,0.0004131659516133368
96141,17,46,3,3,0.002601124986540526,4.316598642617464e-05,0.0017430839943699539,6.90409797243774e-05,0.004456415947061032,0.003922624979168177,0.0005337909678928554
96141,18,44,6,6,0.002687416970729828,4.1624996811151505e-05,0.0019500000053085387,6.95830094628036e-05,0.004748624982312322,0.003936082997824997,0.000812541984487325
96141,19,39,3,3,0.0024126250064000487,3.858399577438831e-05,0.0008881660178303719,6.59999786876142e-05,0.003405374998692423,0.0035477079800330102,-0.00014233298134058714
96141,20,36,0,0,0.0023780829505994916,4.8042042180895805e-05,0.001548499974887818,6.379099795594811e-05,0.004038415965624154,0.003944083000533283,9.433296509087086e-05
96141,21,36,3,3,0.0024429999757558107,4.958303179591894e-05,0.0009536669822409749,7.295800605788827e-05,0.003519207995850593,0.005241082981228828,-0.0017218749853782356
96141,22,33,1,1,0.002331957977730781,9.170902194455266e-05,0.0010135829797945917,7.737503619864583e-05,0.003514625015668571,0.004048000031616539,-0.0005333750159479678
96141,23,32,2,2,0.002224832947831601,3.604200901463628e-05,0.001883958000689745,6.962503539398313e-05,0.004214457992929965,0.0037642079987563193,0.000450249994173646
96141,24,30,1,1,0.0021828750032000244,4.241697024554014e-05,0.001523125043604523,6.654200842604041e-05,0.003814959025476128,0.004046917019877583,-0.00023195799440145493
96141,25,29,1,1,0.0021224169759079814,3.483297768980265e-05,0.0016545000253245234,6.212497828528285e-05,0.0038738749572075903,0.0036492079962044954,0.0002246669610030949
96141,26,28,1,1,0.002170541964005679,4.975002957507968e-05,0.0011072909692302346,6.45840191282332e-05,0.0033921669819392264,0.004155875009018928,-0.0007637080270797014
96141,27,27,3,3,0.0022149590076878667,4.3041014578193426e-05,0.0019368340144865215,6.799999391660094e-05,0.0042628340306691825,0.003576582996174693,0.0006862510344944894
96141,28,24,6,6,0.0020535000367090106,3.608298720791936e-05,0.001134374993853271,7.362500764429569e-05,0.0032975830254144967,0.003035291039850563,0.00026229198556393385
96141,29,18,4,4,0.0019444170175120234,3.783300053328276e-05,0.0018697920022532344,7.220800034701824e-05,0.003924250020645559,0.0032600840204395354,0.0006641660002060235
96141,30,14,3,3,0.0018175410223193467,3.654201282188296e-05,0.0011030419846065342,6.512500112876296e-05,0.003022250020876527,0.004218416986986995,-0.001196166966110468
96141,31,11,2,2,0.0018436670070514083,5.1875016652047634e-05,0.0008885000133886933,7.229100447148085e-05,0.00285633304156363,0.003099041001405567,-0.00024270795984193683
96141,32,9,3,3,0.0016420829924754798,4.720897413790226e-05,0.0017585830064490438,6.933300755918026e-05,0.003517207980621606,0.003467208007350564,4.999997327104211e-05
96141,33,6,4,4,0.0016449170070700347,3.637495683506131e-05,0.001502583036199212,0.00017029198352247477,0.003354166983626783,0.0033027500030584633,5.141698056831956e-05
96141,34,2,3,2,0.0015552080003544688,3.6375015042722225e-05,0.0009843750158324838,6.737501826137304e-05,0.002643333049491048,0.0024712919839657843,0.00017204106552526355
96141,35,0,5,0,0.0014879159862175584,4.1458988562226295e-05,0.0008102079737000167,6.362504791468382e-05,0.0024032079963944852,0.004303291963879019,-0.0019000839674845338
96141,36,0,8,0,0.0014764160150662065,3.712502075359225e-05,0.0024637499591335654,0.00022495898883789778,0.004202249983791262,0.002992708992678672,0.0012095409911125898
96141,37,0,12,0,0.0015394160291180015,3.875000402331352e-05,0.0008287089876830578,6.78329961374402e-05,0.002474708016961813,0.004251375037711114,-0.0017766670207493007
96141,38,0,15,0,0.0014873750042170286,3.641704097390175e-05,0.0011764999944716692,6.324995774775743e-05,0.002763541997410357,0.00308383401716128,-0.0003202920197509229
96141,39,0,16,0,0.0015636670286767185,5.633296677842736e-05,0.00271408399567008,7.18749943189323e-05,0.004405958985444158,0.0032181249698624015,0.0011878340155817568
96141,40,0,19,0,0.00216133298818022,4.57499991171062e-05,0.001781958038918674,6.995897274464369e-05,0.004058999998960644,0.004437415977008641,-0.00037841597804799676
96141,41,0,21,0,0.001571208005771041,4.308403003960848e-05,0.0009330830071121454,6.887497147545218e-05,0.002616250014398247,0.003144416958093643,-0.0005281669436953962
96141,42,0,24,0,0.0015118750161491334,3.566697705537081e-05,0.0014055000501684844,6.574997678399086e-05,0.0030187920201569796,0.0034981670323759317,-0.0004793750122189522
96141,43,0,29,0,0.001525250030681491,3.508297959342599e-05,0.0018953329999931157,7.012503920122981e-05,0.0035257910494692624,0.003993834019638598,-0.0004680429701693356
96142,0,1,30,0,0.0015800829860381782,5.520903505384922e-05,0.0016296659596264362,7.754203397780657e-05,0.0033425000146962702,0.004225792014040053,-0.0008832919993437827
96142,1,4,30,0,0.0016052499995566905,3.887503407895565e-05,0.0015473749954253435,6.31659640930593e-05,0.003254665993154049,0.002877791994251311,0.0003768739989027381
96142,2,4,30,0,0.0015785000286996365,3.5999983083456755e-05,0.0025922920322045684,7.529195863753557e-05,0.004282084002625197,0.0031139999628067017,0.0011680840398184955
96142,3,6,30,0,0.0016477919998578727,3.504101186990738e-05,0.0009152090060524642,6.25409884378314e-05,0.0026605830062180758,0.0027642499771900475,-0.00010366697097197175
96142,4,9,30,0,0.0017086669686250389,3.4415978007018566e-05,0.0010783750331029296,6.304198177531362e-05,0.0028844999615103006,0.0032847500406205654,-0.0004002500791102648
96142,5,13,30,0,0.0017628330388106406,3.637495683506131e-05,0.0014187500346451998,6.391695933416486e-05,0.0032818749896250665,0.0030103749595582485,0.000271500030066818
96142,6,15,30,0,0.001829666958656162,3.458303399384022e-05,0.0014060839894227684,6.366596790030599e-05,0.0033339999499730766,0.0032282090396620333,0.00010579091031104326
96142,7,22,30,3,0.002109499997459352,3.950000973418355e-05,0.0024163330090232193,7.870799163356423e-05,0.004644041007850319,0.0040586250252090394,0.0005854159826412797
96142,8,24,27,24,0.0020724170026369393,3.787496825680137e-05,0.0017763749929144979,0.00012833299115300179,0.00401499995496124,0.003837707976344973,0.00017729197861626744
96142,9,11,3,3,0.0018357089720666409,4.5082997530698776e-05,0.0022911670384928584,8.083297871053219e-05,0.00425279198680073,0.002728375024162233,0.0015244169626384974
96142,10,16,0,0,0.0019350829534232616,5.829200381413102e-05,0.001046791032422334,7.029197877272964e-05,0.0031104579684324563,0.0037189169670455158,-0.0006084589986130595
96142,11,23,0,0,0.0021131670218892395,4.541699308902025e-05,0.0008965409942902625,6.895902333781123e-05,0.0031240840326063335,0.003716041974257678,-0.0005919579416513443
96142,12,31,0,0,0.0021840829867869616,4.387501394376159e-05,0.0011164590250700712,6.812496576458216e-05,0.0034125419915653765,0.0048133329837583005,-0.001400790992192924
96142,13,38,2,2,0.0023477919748984277,3.866699989885092e-05,0.0013013750431127846,7.08329607732594e-05,0.0037586669786833227,0.004075000004377216,-0.00031633302569389343
96142,14,43,3,3,0.002479374990798533,3.895896952599287e-05,0.001880458032246679,6.787502206861973e-05,0.004466667014639825,0.004234249994624406,0.00023241702001541853
96142,15,43,4,4,0.0023765829973854125,3.716698847711086e-05,0.0026111670304089785,0.00022754096426069736,0.005252457980532199,0.004253041988704354,0.0009994159918278456
96142,16,44,5,5,0.002469250001013279,3.908301005139947e-05,0.0014721669722348452,6.87920255586505e-05,0.004049292008858174,0.0040897500002756715,-4.0457991417497396e-05
96142,17,42,8,8,0.00240154197672382,4.7042034566402435e-05,0.0009661659714765847,7.870898116379976e-05,0.003493458963930607,0.003839000011794269,-0.00034554104786366224
96142,18,38,6,6,0.0023691669921390712,4.2041006963700056e-05,0.001447833958081901,7.212499622255564e-05,0.003931166953407228,0.004879790998529643,-0.0009486240451224148
96142,19,32,0,0,0.00235295802121982,4.27919439971447e-05,0.0010469580302014947,6.895902333781123e-05,0.0035116670187562704,0.004401166981551796,-0.0008894999627955258
96142,20,32,0,0,0.002210250007919967,3.6874960642308e-05,0.002518083027098328,0.00022412498947232962,0.004989332985132933,0.004063291009515524,0.0009260419756174088
96142,21,32,0,0,0.002244582981802523,3.966700751334429e-05,0.0009137080051004887,6.3000014051795e-05,0.003260958008468151,0.0036588749499060214,-0.00039791694143787026
96142,22,32,0,0,0.0021910410141572356,3.658403875306249e-05,0.0021136249997653067,7.958296919241548e-05,0.00442083302186802,0.004251458041835576,0.000169374980032444
96142,23,32,0,0,0.0022700840490870178,5.370797589421272e-05,0.0021592919947579503,0.0002209999947808683,0.004704084014520049,0.004711583023890853,-7.499009370803833e-06
96142,24,32,0,0,0.002282375004142523,5.804200191050768e-05,0.0010149580193683505,7.458298932760954e-05,0.0034299580147489905,0.004554374958388507,-0.0011244169436395168
96142,25,32,3,3,0.0022736249957233667,5.09590026922524e-05,0.0010016250307671726,6.812496576458216e-05,0.003394333994947374,0.004059500002767891,-0.0006651660078205168
96142,26,29,5,5,0.0021332920296117663,3.670802107080817e-05,0.0023543330025859177,7.874995935708284e-05,0.004603083012625575,0.0038426670362241566,0.0007604159764014184
96142,27,24,8,8,0.002051167015451938,4.6290981117635965e-05,0.0011500419932417572,8.116703247651458e-05,0.0033286670222878456,0.004164749989286065,-0.0008360829669982195
96142,28,16,4,4,0.001936167012900114,3.620801726356149e-05,0.0013308749767020345,6.716698408126831e-05,0.0033704169909469783,0.0037535830051638186,-0.00038316601421684027
96142,29,12,5,5,0.001714250014629215,3.7040968891233206e-05,0.0012561670155264437,6.812496576458216e-05,0.003075582964811474,0.0029539590468630195,0.00012162391794845462
96142,30,7,3,3,0.0016518339980393648,4.054099554196e-05,0.0009145420044660568,6.649998249486089e-05,0.0026734169805422425,0.0027207909733988345,-4.737399285659194e-05
96142,31,4,2,2,0.0016152080497704446,3.854196984320879e-05,0.0010281249997206032,6.520800525322556e-05,0.002747083024587482,0.004113082948606461,-0.001365999924018979
96142,32,2,2,2,0.0015813330537639558,4.029198316857219e-05,0.0019653330091387033,7.333297980949283e-05,0.003660291025880724,0.0034595420002005994,0.00020074902568012476
96142,33,0,2,0,0.0021302919485606253,4.066701512783766e-05,0.0012662910157814622,6.729201413691044e-05,0.0035045419936068356,0.0030593329574912786,0.00044520903611555696
96142,34,0,13,0,0.0015534579870291054,4.0041981264948845e-05,0.0016525410464964807,0.0002270419499836862,0.003473082964774221,0.003667999990284443,-0.00019491702551022172
96142,35,0,23,0,0.0015223330119624734,3.69579647667706e-05,0.0017980420379899442,6.454199319705367e-05,0.003421875007916242,0.0029050420271232724,0.0005168329807929695
96142,36,0,27,0,0.0014768749824725091,3.7209014408290386e-05,0.0015560410101898015,6.266700802370906e-05,0.00313279201509431,0.003743499983102083,-0.0006107079680077732
96142,37,0,28,0,0.0015440830029547215,3.987498348578811e-05,0.0019601249950937927,6.87920255586505e-05,0.0036128750070929527,0.002896791964303702,0.0007160830427892506
96143,0,1,30,0,0.00154487497638911,4.370801616460085e-05,0.0009121670154854655,6.991595728322864e-05,0.002570665965322405,0.003420666034799069,-0.0008500000694766641
96143,1,7,30,0,0.0016607919824309647,3.5958015359938145e-05,0.0013941669603809714,6.3000014051795e-05,0.0031539169722236693,0.002825958014000207,0.0003279589582234621
96143,2,8,30,0,0.0016327080084010959,5.120801506564021e-05,0.0020158749539405107,7.354200351983309e-05,0.00377333298092708,0.0041346660000272095,-0.0003613330191001296
96143,3,12,30,0,0.001749041024595499,3.879197174683213e-05,0.0011542499996721745,6.329198367893696e-05,0.0030053749796934426,0.004033833043649793,-0.00102845806395635
96143,4,18,30,0,0.001849624968599528,4.229199839755893e-05,0.0018386250012554228,6.78329961374402e-05,0.00379837496438995,0.0030812500044703484,0.0007171249599196017
96143,5,24,30,0,0.0020887500140815973,3.9417005609720945e-05,0.0011740829795598984,6.837502587586641e-05,0.003370625025127083,0.0035677910200320184,-0.00019716599490493536
96143,6,33,30,5,0.002198166970629245,6.625003879889846e-05,0.001756582991220057,8.074997458606958e-05,0.00410174997523427,0.004304083005990833,-0.00020233303075656295
96143,7,33,25,25,0.0021814159699715674,4.2041996493935585e-05,0.0022840829915367067,0.00013337499694898725,0.004640915954951197,0.004216625005938113,0.0004242909490130842
96143,8,11,0,0,0.001675749954301864,3.604200901463628e-05,0.0016850410029292107,7.53339845687151e-05,0.003472166950814426,0.00343316700309515,3.899994771927595e-05
96143,9,21,0,0,0.002031708019785583,3.6416982766240835e-05,0.0008576670079492033,6.391602801159024e-05,0.0029897080385126173,0.0035597080131992698,-0.0005699999746866524
96143,10,27,0,0,0.0020658749854192138,3.766699228435755e-05,0.001181375002488494,6.708299042657018e-05,0.0033519999706186354,0.0039020830299705267,-0.0005500830593518913
96143,11,32,1,1,0.0022721249843016267,3.5999983083456755e-05,0.0015354580245912075,6.229197606444359e-05,0.0039058749680407345,0.0032708750222809613,0.0006349999457597733
96143,12,41,2,2,0.0023360420018434525,5.6124990805983543e-05,0.001966916024684906,6.845896132290363e-05,0.004427541978657246,0.004218874964863062,0.00020866701379418373
96143,13,43,2,2,0.002409125037956983,3.812497016042471e-05,0.0012836250243708491,6.82090176269412e-05,0.003799084050115198,0.004581291985232383,-0.0007822079351171851
96143,14,45,2,2,0.0024093749816529453,3.4958007745444775e-05,0.0008586670155636966,6.458302959799767e-05,0.0033675830345600843,0.003582000033929944,-0.0002144169993698597
96143,15,46,6,6,0.002496332977898419,3.8707978092134e-05,0.0015052500530146062,7.383397314697504e-05,0.004114124982152134,0.0043688329751603305,-0.00025470799300819635
96143,16,43,7,7,0.0024914999958127737,3.7792022339999676e-05,0.001046457968186587,7.491704309359193e-05,0.0036506670294329524,0.005286999978125095,-0.001636332948692143
96143,17,39,4,4,0.0025492500280961394,6.070896051824093e-05,0.002289000025484711,0.00010349997319281101,0.005002458987291902,0.004088249988853931,0.0009142089984379709
96143,18,35,1,1,0.0023355830344371498,3.9624981582164764e-05,0.001701667031738907,6.52919989079237e-05,0.004142167046666145,0.0035600840346887708,0.0005820830119773746
96143,19,35,3,3,0.002280999964568764,7.083400851115584e-05,0.0014351659920066595,9.283400140702724e-05,0.0038798339664936066,0.003480167011730373,0.00039966695476323366
96143,20,32,1,1,0.002216291963122785,4.816701402887702e-05,0.001460790983401239,7.083400851115584e-05,0.003796083969064057,0.004180167044978589,-0.00038408307591453195
96143,21,31,1,1,0.002269375021569431,4.258297849446535e-05,0.002166417019907385,6.833299994468689e-05,0.004546708019915968,0.003944916999898851,0.0006017910200171173
96143,22,30,0,0,0.002204500022344291,5.445798160508275e-05,0.0009710420272313058,6.66659907437861e-05,0.003296666021924466,0.0034905420034192502,-0.00019387598149478436
96143,23,30,2,2,0.002157333947252482,4.2166037019342184e-05,0.0022224169806577265,6.975000724196434e-05,0.004491666972171515,0.0032805409864522517,0.0012111259857192636
96143,24,28,1,1,0.002053542004432529,3.875000402331352e-05,0.0013969999854452908,6.595801096409559e-05,0.003555250004865229,0.0032522910041734576,0.0003029590006917715
96143,25,27,2,2,0.0022026660153642297,4.879198968410492e-05,0.0010334579856134951,6.870902143418789e-05,0.0033536250120960176,0.0037699579843319952,-0.00041633297223597765
96143,26,25,2,2,0.002155542024411261,4.549999721348286e-05,0.0012582920026034117,6.458302959799767e-05,0.0035239170538261533,0.003519457997754216,4.459056071937084e-06
96143,27,23,2,2,0.002050874987617135,4.312500823289156e-05,0.0008557089604437351,6.608304101973772e-05,0.0030157919973134995,0.003139291948173195,-0.00012349995085969567
96143,28,21,3,3,0.001986334042157978,3.93329537473619e-05,0.0009182500070892274,6.849999772384763e-05,0.003012417000718415,0.003383832983672619,-0.0003714159829542041
96143,29,18,5,5,0.0019283750443719327,4.287500632926822e-05,0.0015519579756073654,7.616699440404773e-05,0.003599375020712614,0.003830541973002255,-0.0002311669522896409
96143,30,13,4,4,0.0017182499868795276,3.5582983400672674e-05,0.0014999170089140534,6.849999772384763e-05,0.0033222499769181013,0.0026592499925754964,0.0006629999843426049
96143,31,9,3,3,0.0017452500178478658,4.1624996811151505e-05,0.0009618750191293657,6.441696314141154e-05,0.0028131669969297945,0.0035377920139580965,-0.000724625017028302
96143,32,6,6,6,0.0015774579951539636,3.4167023841291666e-05,0.0011424169642850757,6.891600787639618e-05,0.002822957991156727,0.0025845830095931888,0.0002383749815635383
96143,33,0,6,0,0.0014537500101141632,3.383401781320572e-05,0.0009900409495458007,6.362504791468382e-05,0.0025412500253878534,0.0023923750268295407,0.00014887499855831265
96143,34,0,11,0,0.0014465409913100302,3.3875054214149714e-05,0.001932416984345764,6.84579717926681e-05,0.003481291001662612,0.003811999980825931,-0.00033070897916331887
96143,35,0,14,0,0.0015289579750970006,4.6042026951909065e-05,0.0009120000177063048,6.687495624646544e-05,0.00255387497600168,0.0025010420358739793,5.283294012770057e-05
96143,36,0,21,0,0.001978042011614889,4.2458006646484137e-05,0.0013771670055575669,6.937497528269887e-05,0.003467041999101639,0.004313958983402699,-0.0008469169843010604
96143,37,0,26,0,0.0015088329673744738,3.5917037166655064e-05,0.001722124987281859,6.412499351426959e-05,0.0033309999853372574,0.002812916995026171,0.0005180829903110862
96143,38,0,27,0,0.0015225409879349172,3.925000783056021e-05,0.0009830420021899045,6.208301056176424e-05,0.002606916008517146,0.0025586250121705234,4.8290996346622705e-05
96143,39,0,29,0,0.001559042022563517,3.833300434052944e-05,0.0022302919533103704,9.529100498184562e-05,0.003922957985196263,0.004656000004615635,-0.0007330420194193721
96144,0,0,30,0,0.001522707985714078,4.633399657905102e-05,0.0014982499997131526,6.525003118440509e-05,0.0031325420131906867,0.0038534170016646385,-0.0007208749884739518
96144,1,4,30,0,0.0016949159908108413,6.52089947834611e-05,0.0026674160035327077,0.00010104203829541802,0.004528583027422428,0.0036528329947032034,0.0008757500327192247
96144,2,6,30,0,0.0016532919835299253,8.766696555539966e-05,0.0022084160009399056,6.900000153109431e-05,0.004018374951556325,0.004008749965578318,9.624985978007317e-06
96144,3,11,30,0,0.0018849169719032943,9.200000204145908e-05,0.001292583008762449,8.529197657480836e-05,0.003354791959282011,0.004463332996238023,-0.0011085410369560122
96144,4,15,30,0,0.0018367500160820782,6.52919989079237e-05,0.0022872500121593475,9.354198118671775e-05,0.004282834008336067,0.0049374590162187815,-0.0006546250078827143
96144,5,22,30,0,0.002072167000733316,8.916697697713971e-05,0.0011518750106915832,8.037500083446503e-05,0.003393583989236504,0.005192917014937848,-0.001799333025701344
96144,6,28,30,9,0.002257667016237974,8.329196134582162e-05,0.001876833033747971,9.366701124235988e-05,0.004311459022574127,0.0032271670061163604,0.0010842920164577663
96144,7,25,21,21,0.00210191699443385,4.291604273021221e-05,0.0027358339866623282,0.00013087497791275382,0.005011542001739144,0.003856667026411742,0.0011548749753274024
96144,8,8,0,0,0.00174100004369393,5.024997517466545e-05,0.0016124999965541065,7.116602500900626e-05,0.003474916040431708,0.002848000032827258,0.00062691600760445
96144,9,15,0,0,0.0018566660000942647,4.04169550165534e-05,0.002222708018962294,7.737503619864583e-05,0.004197166010271758,0.003423208021558821,0.0007739579887129366
96144,10,25,0,0,0.002099833043757826,5.0333968829363585e-05,0.0016807499923743308,7.095799082890153e-05,0.003901874995790422,0.003964542003814131,-6.266700802370906e-05
96144,11,33,0,0,0.0022746670292690396,5.1292008720338345e-05,0.0016791249508969486,6.95830094628036e-05,0.00407466699834913,0.0032240839791484177,0.0008505830192007124
96144,12,38,1,1,0.00240754202241078,4.954100586473942e-05,0.0014474589843302965,9.016599506139755e-05,0.003994708007667214,0.00464662496233359,-0.0006519169546663761
96144,13,40,1,1,0.0025022499612532556,3.712502075359225e-05,0.0008827500278130174,6.574997678399086e-05,0.003487874986603856,0.003579666023142636,-9.179103653877974e-05
96144,14,44,2,2,0.002505625016056001,6.737501826137304e-05,0.0009778329986147583,8.266698569059372e-05,0.003633500018622726,0.004426917003002018,-0.0007934169843792915
96144,15,45,1,1,0.0025783749879337847,3.704102709889412e-05,0.0014372090226970613,6.479094736278057e-05,0.004117415985092521,0.0039558749995194376,0.00016154098557308316
96144,16,48,1,1,0.0026333749992772937,4.037498729303479e-05,0.0015698749921284616,6.499997107312083e-05,0.004308624949771911,0.0040065000066533685,0.00030212494311854243
96144,17,51,0,0,0.002760959032457322,4.57499991171062e-05,0.0010437499731779099,6.787502206861973e-05,0.003918334026820958,0.0037104589864611626,0.0002078750403597951
96144,18,54,2,2,0.002756000030785799,3.6624958738684654e-05,0.0012787079904228449,9.091704851016402e-05,0.004162250028457493,0.00394645897904411,0.000215791049413383
96144,19,52,5,5,0.002672916976734996,4.762498429045081e-05,0.0012884580064564943,7.858400931581855e-05,0.0040875839767977595,0.004629792005289346,-0.0005422080284915864
96144,20,47,5,5,0.002528749988414347,3.766705049201846e-05,0.0012382499990053475,6.65419502183795e-05,0.0038712089881300926,0.00459299999056384,-0.000721791002433747
96144,21,42,1,1,0.0024353749467991292,3.762502456083894e-05,0.0010539169888943434,7.358303992077708e-05,0.0036005000001750886,0.0034817910054698586,0.00011870899470523
96144,22,41,9,9,0.0024251670110970736,4.0207989513874054e-05,0.0014722920022904873,7.908296538516879e-05,0.004016749968286604,0.004752292006742209,-0.0007355420384556055
96144,23,32,2,2,0.002982167003210634,4.3041014578193426e-05,0.001647625002078712,7.070897845551372e-05,0.004743541998323053,0.004422249970957637,0.0003212920273654163
96144,24,30,0,0,0.0022364999749697745,4.341598832979798e-05,0.0010362500324845314,6.40839571133256e-05,0.0033802499528974295,0.0032758330344222486,0.00010441691847518086
96144,25,30,0,0,0.002219374990090728,7.329101208597422e-05,0.001519041950814426,6.575003499165177e-05,0.0038774579879827797,0.003669917001388967,0.0002075409865938127
96144,26,30,1,1,0.002161625016015023,4.529202124103904e-05,0.00185720797162503,8.600001456215978e-05,0.004150125023443252,0.003531209018547088,0.0006189160048961639
96144,27,29,1,1,0.0021087080240249634,4.541699308902025e-05,0.0011761659989133477,7.424998329952359e-05,0.003404540999326855,0.0032110000029206276,0.00019354099640622735
96144,28,28,2,2,0.0021055000252090394,3.8082944229245186e-05,0.0009587090462446213,6.516597932204604e-05,0.003167457995004952,0.003399958019144833,-0.00023250002413988113
96144,29,26,2,2,0.0021075410186313093,4.120898665860295e-05,0.0008403329993598163,6.65000407025218e-05,0.0030555830453522503,0.003919833980035037,-0.0008642509346827865
96144,30,24,0,0,0.0021677500335499644,4.499999340623617e-05,0.000981207995209843,6.995798321440816e-05,0.0032639160053804517,0.003173291974235326,9.062403114512563e-05
96144,31,24,0,0,0.002061624953057617,3.5916047636419535e-05,0.0009377920068800449,6.295798812061548e-05,0.003098290995694697,0.0033330419682897627,-0.00023475097259506583
96144,32,24,1,1,0.002017540973611176,3.4167023841291666e-05,0.0018269579741172493,0.00020662503084167838,0.004085291002411395,0.0030844169668853283,0.001000874035526067
96144,33,23,3,3,0.002069333044346422,3.879197174683213e-05,0.001808291010092944,6.945902714505792e-05,0.003985875053331256,0.004339666047599167,-0.0003537909942679107
96144,34,20,2,2,0.0018926660413853824,3.879197174683213e-05,0.0014452080358751118,6.499997107312083e-05,0.003441666020080447,0.0030278339982032776,0.0004138320218771696
96144,35,18,2,2,0.0018614169675856829,5.466700531542301e-05,0.0021677499753423035,8.933304343372583e-05,0.004173166991677135,0.0049530420219525695,-0.0007798750302754343
96144,36,16,0,0,0.0018792920163832605,3.966700751334429e-05,0.0018337079673074186,7.48750171624124e-05,0.0038275420083664358,0.0038451249711215496,-1.758296275511384e-05
96144,37,16,5,5,0.0018139170133508742,4.516699118539691e-05,0.0014849160215817392,7.354200351983309e-05,0.0034175420296378434,0.004184582969173789,-0.0007670409395359457
96144,38,11,2,2,0.0017372919828630984,3.9000005926936865e-05,0.0034496249863877892,7.429200923070312e-05,0.005300208984408528,0.00394479202805087,0.001355416956357658
96144,39,9,1,1,0.0017402920057065785,4.39169816672802e-05,0.0011788330157287419,6.42079976387322e-05,0.0030272500007413328,0.003987833973951638,-0.000960583973210305
96144,40,8,1,1,0.0017100410186685622,3.820896381512284e-05,0.0008737079915590584,6.433302769437432e-05,0.0026862910017371178,0.003414458013139665,-0.0007281670114025474
96144,41,7,3,3,0.002299749990925193,4.016701132059097e-05,0.0015355829964391887,6.733299233019352e-05,0.003942832991015166,0.0033457079553045332,0.0005971250357106328
96144,42,4,6,4,0.001582917000632733,3.445800393819809e-05,0.0016080419882200658,8.362502558156848e-05,0.0033090420183725655,0.002533624996431172,0.0007754170219413936
96144,43,0,8,0,0.001567583007272333,4.4874963350594044e-05,0.0007915000314824283,6.812496576458216e-05,0.0024720829678699374,0.0029968339949846268,-0.0005247510271146894
96144,44,0,10,0,0.0015737079665996134,5.683401832357049e-05,0.0013387909857556224,6.920902524143457e-05,0.003038541995920241,0.0026395839522592723,0.00039895804366096854
96144,45,0,11,0,0.0015005829627625644,3.425002796575427e-05,0.0010542090167291462,6.150000263005495e-05,0.00265054201008752,0.00307387497741729,-0.0004233329673297703
96144,46,0,14,0,0.0015303329564630985,4.004203947260976e-05,0.0013724580057896674,6.383395520970225e-05,0.003006666956935078,0.0025661250110715628,0.00044054194586351514
96144,47,0,18,0,0.0016036250162869692,6.866699550300837e-05,0.0019431670079939067,0.00021904095774516463,0.003834499977529049,0.0031382919987663627,0.0006962079787626863
96144,48,0,21,0,0.0014958329848013818,3.658403875306249e-05,0.0010020000045187771,8.937495294958353e-05,0.002623791981022805,0.004070833034347743,-0.0014470410533249378
96144,49,0,22,0,0.0014469590387307107,3.520800964906812e-05,0.0011627919739112258,6.42079976387322e-05,0.002709167019929737,0.0024383339914493263,0.0002708330284804106
96144,50,0,22,0,0.0015294170007109642,4.716595867648721e-05,0.0016911670099943876,0.00020341703202575445,0.0034711670014075935,0.003880124946590513,-0.0004089579451829195
96144,51,0,24,0,0.0015640409546904266,5.2667048294097185e-05,0.0013797080027870834,9.304197737947106e-05,0.0030894579831510782,0.003930874983780086,-0.0008414170006290078
96144,52,0,27,0,0.0015335000352934003,5.283398786559701e-05,0.0011000409722328186,7.59170507080853e-05,0.002762292046099901,0.0041240829741582274,-0.0013617909280583262
96145,0,0,30,0,0.001558624964673072,4.554103361442685e-05,0.0009375419467687607,7.137504871934652e-05,0.002613082993775606,0.0037092079874128103,-0.0010961249936372042
96145,1,2,30,0,0.001589624967891723,4.3791020289063454e-05,0.001102584006730467,6.933300755918026e-05,0.0028053330024704337,0.0036964999744668603,-0.0008911669719964266
96145,2,6,30,0,0.0018136249855160713,4.183303099125624e-05,0.001314332999754697,7.041700882837176e-05,0.0032402080250903964,0.004046749963890761,-0.0008065419388003647
96145,3,8,30,0,0.0016900409827940166,4.433398135006428e-05,0.0009347910527139902,6.199994822964072e-05,0.002731165965087712,0.0028239579987712204,-9.279203368350863e-05
96145,4,12,30,0,0.0017661249730736017,3.529101377353072e-05,0.0022597500355914235,8.72919918037951e-05,0.004148458014242351,0.0032863749656826258,0.0008620830485597253
96145,5,16,30,0,0.0018697089981287718,3.7999998312443495e-05,0.0008563330047763884,6.370799383148551e-05,0.002827749995049089,0.004331457952503115,-0.0015037079574540257
96145,6,24,30,0,0.002127750020008534,3.67090106010437e-05,0.002501874987501651,7.90000194683671e-05,0.004745334037579596,0.0036460410337895155,0.0010992930037900805
96145,7,34,30,9,0.0022683749557472765,4.308304050937295e-05,0.0009236249607056379,8.104200242087245e-05,0.00331612495938316,0.0034533750149421394,-0.0001372500555589795
96145,8,30,21,21,0.0021219999762251973,4.008400719612837e-05,0.0013464160147123039,0.00010804197518154979,0.0036165419733151793,0.004557084001135081,-0.0009405420278199017
96145,9,16,0,0,0.0019213330233469605,3.9624981582164764e-05,0.002312124997843057,0.00024220801424235106,0.004515291017014533,0.003443916968535632,0.0010713740484789014
96145,10,19,0,0,0.0018984160269610584,4.220899427309632e-05,0.0018265830003656447,8.44579772092402e-05,0.0038516659988090396,0.0030787080177105963,0.0007729579810984433
96145,11,27,0,0,0.0020467499853111804,3.529200330376625e-05,0.0023304580245167017,6.624998059123755e-05,0.004478749993722886,0.004138458985835314,0.00034029100788757205
96145,12,32,0,0,0.0022723329602740705,4.858302418142557e-05,0.0008794169989414513,6.449996726587415e-05,0.0032648329506628215,0.004754249996040016,-0.0014894170453771949
96145,13,41,0,0,0.0023999579716473818,4.0457991417497396e-05,0.0025705420412123203,0.0001450830022804439,0.005156041006557643,0.004311416996642947,0.0008446240099146962
96145,14,45,0,0,0.0026167500182054937,3.608298720791936e-05,0.0016258330433629453,6.604194641113281e-05,0.004344707995187491,0.004304542031604797,4.016596358269453e-05
96145,15,51,1,1,0.002667292021214962,4.841701593250036e-05,0.0010204159771092236,9.112502448260784e-05,0.003827250038739294,0.005399874993599951,-0.0015726249548606575
96145,16,54,2,2,0.0027591249672695994,4.5041029807180166e-05,0.0015389170148409903,7.283297600224614e-05,0.004415915987920016,0.004087374953087419,0.0003285410348325968
96145,17,56,4,4,0.0028355829999782145,4.504196112975478e-05,0.0016806659987196326,7.108401041477919e-05,0.004632374970242381,0.004644749977160245,-1.2375006917864084e-05
96145,18,53,9,9,0.002794291009195149,5.058397073298693e-05,0.0017074160277843475,7.174996426329017e-05,0.004624040971975774,0.0047430829727090895,-0.00011904200073331594
96145,19,44,5,5,0.002632124989759177,7.97079992480576e-05,0.0022634590277448297,0.00010033301077783108,0.005075625027529895,0.0034868749789893627,0.0015887500485405326
96145,20,39,2,2,0.0024105419870465994,3.804202424362302e-05,0.002055916003882885,6.562500493600965e-05,0.004570125020109117,0.0041078750509768724,0.0004622499691322446
96145,21,37,5,5,0.002363333012908697,3.574998117983341e-05,0.0011647079954855144,7.00420350767672e-05,0.003633833024650812,0.0037732080090790987,-0.00013937498442828655
96145,22,32,2,2,0.0023123329738155007,3.654201282188296e-05,0.0015957080177031457,6.220897193998098e-05,0.00400679197628051,0.0034041249891743064,0.000602666987106204
96145,23,30,0,0,0.0021617909660562873,4.937499761581421e-05,0.0016981250373646617,7.062498480081558e-05,0.003979915985837579,0.0046563750365749,-0.0006764590507373214
96145,24,30,0,0,0.002104083017911762,3.629195271059871e-05,0.002238832996226847,6.716704228892922e-05,0.004446375009138137,0.0032732909894548357,0.0011730840196833014
96145,25,30,0,0,0.0022197079961188138,4.33750101365149e-05,0.002029750030487776,6.316695362329483e-05,0.004355999990366399,0.004759207949973643,-0.00040320795960724354
96145,26,30,0,0,0.0021469579660333693,5.412503378465772e-05,0.0018341249669902027,7.462501525878906e-05,0.004109832982067019,0.0040687499567866325,4.108302528038621e-05
96145,27,30,0,0,0.0021921670413576066,4.691700451076031e-05,0.0022124579991213977,6.65419502183795e-05,0.004518083995208144,0.0035910000442527235,0.0009270839509554207
96145,28,30,0,0,0.0022180419764481485,4.4249987695366144e-05,0.001533708011265844,6.674998439848423e-05,0.003862749959807843,0.0041599159594625235,-0.0002971659996546805
96145,29,30,0,0,0.0021995000424794853,4.854198778048158e-05,0.0014907909790053964,6.691698217764497e-05,0.003805749991443008,0.004521665978245437,-0.000715915986802429
96145,30,30,0,0,0.002255625033285469,3.879197174683213e-05,0.0017755419830791652,6.450002547353506e-05,0.004134459013585001,0.004272666003089398,-0.00013820698950439692
96145,31,30,0,0,0.002219374990090728,4.295899998396635e-05,0.0019572909804992378,6.93340552970767e-05,0.004288959025871009,0.004123582970350981,0.00016537605552002788
96145,32,30,0,0,0.002398500044364482,3.7999998312443495e-05,0.0025127079570665956,6.654200842604041e-05,0.005015750008169562,0.0035689579672180116,0.00144679204095155
96145,33,30,0,0,0.002578207990154624,3.583298530429602e-05,0.0012577089946717024,7.170805474743247e-05,0.003943458024878055,0.00449337501777336,-0.0005499169928953052
96145,34,30,4,4,0.0022561250370927155,4.495895700529218e-05,0.0015386660234071314,7.887498941272497e-05,0.003918625006917864,0.003485499997623265,0.0004331250092945993
96145,35,26,2,2,0.0020953749772161245,3.629201091825962e-05,0.001472541014663875,7.670896593481302e-05,0.0036809169687330723,0.003790167043916881,-0.0001092500751838088
96145,36,24,9,9,0.0020695829880423844,3.829196793958545e-05,0.0017326660454273224,7.95419909991324e-05,0.003920082992408425,0.0030194579740054905,0.0009006250184029341
96145,37,15,11,11,0.0017578749684616923,3.6999990697950125e-05,0.0015617080498486757,7.454195292666554e-05,0.0034311249619349837,0.002996042021550238,0.0004350829403847456
96145,38,4,4,4,0.0015948330401442945,3.825000021606684e-05,0.0009146250085905194,7.016700692474842e-05,0.002617875055875629,0.003815457981545478,-0.001197582925669849
96145,39,0,0,0,0.0015322910039685667,4.8667017836123705e-05,0.0018158329767175019,6.791698979213834e-05,0.0034647079883143306,0.002619416976813227,0.0008452910115011036
96145,40,0,0,0,0.0015118750161491334,3.6874960642308e-05,0.0013610420282930136,6.508297519758344e-05,0.0029748749802820385,0.002782083989586681,0.00019279099069535732
96145,41,0,0,0,0.0015293749747797847,3.724999260157347e-05,0.0014810410211794078,6.799999391660094e-05,0.003115665982477367,0.002702832978684455,0.00041283300379291177
96145,42,0,0,0,0.0015435420209541917,3.908301005139947e-05,0.0013954999740235507,6.612500874325633e-05,0.0030442500137723982,0.003262958023697138,-0.0002187080099247396
96145,43,0,0,0,0.001452874974347651,3.579101758077741e-05,0.0013011249830015004,6.295903585851192e-05,0.0028527500107884407,0.0029619589913636446,-0.0001092089805752039
96145,44,0,0,0,0.0018778329831548035,8.31669894978404e-05,0.0027409580070525408,6.512500112876296e-05,0.004767082980833948,0.0031452089897356927,0.001621873991098255
96145,45,0,0,0,0.0015905839973129332,3.8832949940115213e-05,0.0008472500485368073,6.558297900483012e-05,0.002542249974794686,0.002973916009068489,-0.00043166603427380323
96145,46,0,2,0,0.0015254999743774533,3.57080134563148e-05,0.0009948340011760592,7.779098814353347e-05,0.002633832977153361,0.0038674160023219883,-0.0012335830251686275
96145,47,0,10,0,0.0015317080542445183,4.354194970801473e-05,0.0018607920501381159,6.66659907437861e-05,0.003502708044834435,0.004206500016152859,-0.0007037919713184237
96145,48,0,17,0,0.001492417010013014,3.666698466986418e-05,0.00138187495758757,6.337504601106048e-05,0.0029743339982815087,0.002785207994747907,0.00018912600353360176
96145,49,0,27,0,0.0014835830079391599,3.612501313909888e-05,0.0009575419826433063,6.53750030323863e-05,0.0025426250067539513,0.0026981669943779707,-0.00015554198762401938
96146,0,0,30,0,0.0014837500057183206,3.63329891115427e-05,0.0008382500382140279,6.299995584413409e-05,0.0024213329888880253,0.0029367500101216137,-0.0005154170212335885
96146,1,4,30,0,0.0016165419947355986,5.870801396667957e-05,0.002114332979544997,0.00010491703869774938,0.0038945000269450247,0.0027275829925201833,0.0011669170344248414
96146,2,10,30,0,0.0023884160327725112,4.583399277180433e-05,0.0015324159758165479,7.562502287328243e-05,0.004042291024234146,0.0038523749681189656,0.00018991605611518025
96146,3,14,30,0,0.0018268749699927866,3.749999450519681e-05,0.002355167001951486,6.975000724196434e-05,0.004289291973691434,0.0038633749936707318,0.0004259169800207019
96146,4,22,30,0,0.002160417032428086,6.0624966863542795e-05,0.002180500014219433,7.170799653977156e-05,0.004473250010050833,0.0044636669917963445,9.583018254488707e-06
96146,5,24,30,1,0.002017916995100677,3.7582998629659414e-05,0.0014860000228509307,6.337498780339956e-05,0.0036048750043846667,0.003363249998074025,0.00024162500631064177
96146,6,30,29,24,0.002140500000678003,3.541703335940838e-05,0.001266458013560623,0.0001057089539244771,0.0035480840015225112,0.003766292007640004,-0.00021820800611749291
96146,7,10,5,5,0.0017428339924663305,3.691599704325199e-05,0.0014342089998535812,6.562500493600965e-05,0.0032795839942991734,0.003208917041774839,7.066695252433419e-05
96146,8,12,0,0,0.0018835000228136778,4.354200791567564e-05,0.0010482079815119505,6.391701754182577e-05,0.0030391670297831297,0.0037203750107437372,-0.0006812079809606075
96146,9,19,0,0,0.0019542090012691915,3.433297388255596e-05,0.0014503330457955599,8.529197657480836e-05,0.0035241669975221157,0.0036165420315228403,-9.237503400072455e-05
96146,10,33,0,0,0.0022524159867316484,3.966700751334429e-05,0.0008534580119885504,7.7791977673769e-05,0.003223332983907312,0.004359791986644268,-0.0011364590027369559
96146,11,39,1,1,0.002413792011793703,3.4582975786179304e-05,0.0016659169923514128,7.524999091401696e-05,0.004189541970845312,0.0038612090284004807,0.00032833294244483113
96146,12,40,1,1,0.0024113330291584134,3.837497206404805e-05,0.001805791980586946,6.945803761482239e-05,0.00432495801942423,0.0035529170418158174,0.0007720409776084125
96146,13,47,0,0,0.002731583022978157,4.966696724295616e-05,0.001951333018951118,0.0001585420104674995,0.0048911250196397305,0.004002083034720272,0.0008890419849194586
96146,14,50,3,3,0.0026210839860141277,3.5916047636419535e-05,0.0010218339739367366,6.716599455103278e-05,0.0037460000021383166,0.004391167021822184,-0.0006451670196838677
96146,15,50,2,2,0.0026765840011648834,3.545801155269146e-05,0.001488666981458664,6.354099605232477e-05,0.0042642499902285635,0.00439225003356114,-0.00012800004333257675
96146,16,51,3,3,0.002697792020626366,4.195800283923745e-05,0.0017245829803869128,6.854202365502715e-05,0.0045328750275075436,0.004350208037067205,0.00018266699044033885
96146,17,49,3,3,0.0026238749851472676,3.654096508398652e-05,0.0011270420509390533,7.374997949227691e-05,0.0038612079806625843,0.0049689580337144434,-0.0011077500530518591
96146,18,47,5,5,0.0025207920116372406,4.691700451076031e-05,0.0017645410262048244,7.650000043213367e-05,0.004408750042784959,0.0040796250104904175,0.0003291250322945416
96146,19,42,2,2,0.0028343340381979942,4.520796937867999e-05,0.00123833300312981,6.691704038530588e-05,0.00418479205109179,0.005312874971423298,-0.001128082920331508
96146,20,40,5,5,0.0024869160261005163,9.79589531198144e-05,0.0014579160488210618,9.858398698270321e-05,0.004141375015024096,0.00397879199590534,0.00016258301911875606
96146,21,35,2,2,0.0023264159681275487,6.258400389924645e-05,0.0020952500053681433,6.749999010935426e-05,0.004551749967504293,0.004544833034742624,6.916932761669159e-06
96146,22,33,3,3,0.00233945797663182,4.995899507775903e-05,0.0015251659788191319,7.666699821129441e-05,0.0039912499487400055,0.004177000024355948,-0.00018575007561594248
96146,23,30,1,1,0.0022050829720683396,3.9375037886202335e-05,0.000887166999746114,6.770796608179808e-05,0.003199332975782454,0.004733624984510243,-0.001534292008727789
96146,24,29,1,1,0.002356541983317584,5.120801506564021e-05,0.0009710419690236449,7.570802699774504e-05,0.003454499994404614,0.003449707990512252,4.792003892362118e-06
96146,25,28,0,0,0.0023737080045975745,6.691698217764497e-05,0.0015495410189032555,6.733398186042905e-05,0.004057499987538904,0.004079125006683171,-2.1625019144266844e-05
96146,26,28,0,0,0.0021498340065591037,3.825000021606684e-05,0.0015371660119853914,7.30419997125864e-05,0.0037982920184731483,0.004155166971031576,-0.00035687495255842805
96146,27,28,0,0,0.002131416986230761,3.812502836808562e-05,0.0016512079746462405,7.104198448359966e-05,0.0038917919737286866,0.004246958997100592,-0.0003551670233719051
96146,28,28,2,2,0.002177041955292225,3.925000783056021e-05,0.001309957995545119,7.087504491209984e-05,0.003597125003580004,0.0042707910179160535,-0.0006736660143360496
96146,29,26,3,3,0.002140166994649917,4.2417028453201056e-05,0.0009944579796865582,6.858300184831023e-05,0.0032456250046379864,0.0038566250004805624,-0.000610999995842576
96146,30,23,1,1,0.002018374972976744,3.4750031773000956e-05,0.0015615829615853727,6.795802619308233e-05,0.0036826659925282,0.0029952499899081886,0.0006874160026200116
96146,31,22,3,3,0.002173166023567319,4.0041981264948845e-05,0.0020162920118309557,6.66659907437861e-05,0.00429616600740701,0.0031220829696394503,0.0011740830377675593
96146,32,19,3,3,0.002111666020937264,3.991700941696763e-05,0.0014947080053389072,6.66249543428421e-05,0.003712915990035981,0.004297290986869484,-0.0005843749968335032
96146,33,16,4,4,0.0019585000118240714,3.766600275412202e-05,0.0023316669976338744,8.849997539073229e-05,0.0044163329876028,0.002856292005162686,0.001560040982440114
96146,34,12,1,1,0.0020367910037748516,4.5459019020199776e-05,0.0008769159903749824,6.970902904868126e-05,0.003028875042218715,0.003674499981570989,-0.0006456249393522739
96146,35,11,3,3,0.0018075410043820739,4.187499871477485e-05,0.001383333990816027,7.412501145154238e-05,0.003306875005364418,0.004032999975606799,-0.0007261249702423811
96146,36,8,1,1,0.0017224169569090009,4.20420547015965e-05,0.002322165993973613,7.591699250042439e-05,0.0041625419980846345,0.0036483340081758797,0.0005142079899087548
96146,37,7,5,5,0.0017216669511981308,4.5082997530698776e-05,0.0021875000093132257,7.162499241530895e-05,0.004025874950457364,0.0033174160053022206,0.0007084589451551437
96146,38,2,2,2,0.0016058749752119184,3.56250093318522e-05,0.0027326670242473483,6.53750030323863e-05,0.004439542011823505,0.0034344999585300684,0.0010050420532934368
96146,39,0,3,0,0.00160304200835526,5.191704258322716e-05,0.0015856249956414104,6.508297519758344e-05,0.003305667021777481,0.004315458994824439,-0.0010097919730469584
96146,40,0,6,0,0.0014375830069184303,3.533397102728486e-05,0.0017551660421304405,6.433395901694894e-05,0.0032924169790931046,0.00395900005241856,-0.0006665830733254552
96146,41,0,10,0,0.0014605000033043325,4.2083964217454195e-05,0.002090958005283028,6.479199510067701e-05,0.0036583339679054916,0.004152584006078541,-0.0004942500381730497
96146,42,0,11,0,0.0016975830076262355,5.4791977163404226e-05,0.0019469159888103604,7.512501906603575e-05,0.003774415992666036,0.003796084027271718,-2.1668034605681896e-05
96146,43,0,13,0,0.0015373749774880707,5.0125003326684237e-05,0.001626916986424476,6.808299804106355e-05,0.0032824999652802944,0.003761832951568067,-0.00047933298628777266
96146,44,0,13,0,0.001547750027384609,3.674998879432678e-05,0.0009810419869609177,6.458302959799767e-05,0.002630125032737851,0.0029210420325398445,-0.00029091699980199337
96146,45,0,14,0,0.0015065839979797602,3.4582975786179304e-05,0.0022908750106580555,6.458297139033675e-05,0.0038966249558143318,0.00348566600587219,0.00041095894994214177
96146,46,0,22,0,0.0015355420182459056,3.6415993236005306e-05,0.0012575839646160603,6.304099224507809e-05,0.0028925829683430493,0.002770458988379687,0.00012212397996336222
96146,47,0,23,0,0.0015598339959979057,3.9040984120219946e-05,0.00206025002989918,6.258400389924645e-05,0.003721709013916552,0.003513417032081634,0.00020829198183491826
96146,48,0,28,0,0.001606708043254912,4.237500252202153e-05,0.0013923749793320894,6.52089947834611e-05,0.003106667019892484,0.0033595410059206188,-0.0002528739860281348
96147,0,1,30,0,0.0015388749889098108,3.591697895899415e-05,0.0008414160110987723,6.258400389924645e-05,0.0024787919828668237,0.0026587499887682498,-0.00017995800590142608
96147,1,2,30,0,0.0016239579999819398,3.591697895899415e-05,0.0016572080203332007,6.720796227455139e-05,0.003384290961548686,0.0028580419602803886,0.0005262490012682974
96147,2,2,30,0,0.0015917919808998704,3.783300053328276e-05,0.0015245829708874226,6.554200081154704e-05,0.0032197499531321228,0.0030989579972811043,0.00012079195585101843
96147,3,6,30,0,0.0018215419840998948,4.274997627362609e-05,0.0012879170244559646,6.787502206861973e-05,0.003220084006898105,0.003733999968972057,-0.000513915962073952
96147,4,7,30,0,0.0017170410137623549,5.9333979152143e-05,0.0013941249926574528,7.55410292185843e-05,0.003246041014790535,0.002754459041170776,0.0004915819736197591
96147,5,14,30,0,0.0017885830020532012,3.566703526303172e-05,0.0009214159799739718,6.28340058028698e-05,0.0028085000230930746,0.003266042040195316,-0.0004575420171022415
96147,6,21,30,2,0.0020042500109411776,4.7833018470555544e-05,0.0014837500057183206,7.079198257997632e-05,0.00360662501771003,0.0045425830176100135,-0.0009359579998999834
96147,7,30,28,28,0.0021013339865021408,3.520800964906812e-05,0.0014286249643191695,0.00011133303632959723,0.0036764999967999756,0.0033213330316357315,0.0003551669651642442
96147,8,10,0,0,0.0018770410097204149,4.895898746326566e-05,0.0014109580079093575,7.199996616691351e-05,0.0034089579712599516,0.002744249999523163,0.0006647079717367887
96147,9,14,0,0,0.001834082999266684,3.650004509836435e-05,0.0015629580011591315,6.512500112876296e-05,0.003498666046652943,0.003130708006210625,0.0003679580404423177
96147,10,20,0,0,0.0020020839874632657,4.895799793303013e-05,0.0012021670117974281,6.333302007988095e-05,0.003316542017273605,0.003539042023476213,-0.00022250000620260835
96147,11,27,0,0,0.002151584019884467,3.883300814777613e-05,0.0025118329795077443,6.658403435721993e-05,0.0047688340418972075,0.004387040971778333,0.0003817930701188743
96147,12,37,1,1,0.002388915978372097,4.320900188758969e-05,0.0011058750096708536,7.512501906603575e-05,0.003613125008996576,0.003875333000905812,-0.0002622079919092357
96147,13,42,3,3,0.002730167005211115,4.7291978262364864e-05,0.001954750041477382,8.658296428620815e-05,0.00481879198923707,0.005069749953690916,-0.0002509579644538462
96147,14,43,3,3,0.0025219580275006592,4.220899427309632e-05,0.0016796659911051393,6.9500005338341e-05,0.004313333018217236,0.003542958991602063,0.0007703740266151726
96147,15,44,4,4,0.0025657080113887787,4.150002496317029e-05,0.0016599579830653965,6.845901953056455e-05,0.00433562503894791,0.004551332967821509,-0.00021570792887359858
96147,16,44,1,1,0.0025311659555882215,4.9291993491351604e-05,0.001051125000230968,7.854204159229994e-05,0.003710124990902841,0.004206915968097746,-0.0004967909771949053
96147,17,45,2,2,0.0025362909655086696,4.1834020521491766e-05,0.001213375013321638,6.708299042657018e-05,0.0038585829897783697,0.004046791000291705,-0.00018820801051333547
96147,18,45,5,5,0.0024217499885708094,3.4999975468963385e-05,0.0009134170250035822,6.633298471570015e-05,0.003436499973759055,0.003788375004660338,-0.000351875030901283
96147,19,41,3,3,0.0025610830052755773,4.295899998396635e-05,0.0015262080123648047,7.070798892527819e-05,0.004200958006549627,0.004606541013345122,-0.00040558300679549575
96147,20,38,6,6,0.0024785830173641443,5.216698627918959e-05,0.0009365830337628722,8.166697807610035e-05,0.0035490000154823065,0.004178584029432386,-0.0006295840139500797
96147,21,32,0,0,0.0022895840229466558,4.0040991734713316e-05,0.0017059589736163616,6.616604514420033e-05,0.004101750033441931,0.004587541043292731,-0.00048579100985080004
96147,22,32,0,0,0.002168542006984353,3.683299291878939e-05,0.0017998749972321093,7.524999091401696e-05,0.004080499988049269,0.003747834009118378,0.00033266597893089056
96147,23,32,1,1,0.0024148329976014793,4.591699689626694e-05,0.002228541998192668,7.437501335516572e-05,0.00476366700604558,0.0049277080106548965,-0.0001640410046093166
96147,24,31,1,1,0.002338874968700111,4.600000102072954e-05,0.0023004580289125443,7.483299123123288e-05,0.004760165989864618,0.0033573329565115273,0.0014028330333530903
96147,25,30,0,0,0.002242624992504716,4.3249980080872774e-05,0.0008750840206630528,6.524997297674417e-05,0.0032262089662253857,0.004017665982246399,-0.0007914570160210133
96147,26,30,3,3,0.002228250028565526,4.545797128230333e-05,0.0016759170102886856,6.70420122332871e-05,0.004016667022369802,0.003947749966755509,6.891705561429262e-05
96147,27,27,4,4,0.002167832979466766,3.608298720791936e-05,0.0015587920206598938,6.758299423381686e-05,0.003830290981568396,0.0031295829685404897,0.0007007080130279064
96147,28,23,3,3,0.0020105409785173833,4.112505121156573e-05,0.0008733749855309725,6.570899859070778e-05,0.0029907500138506293,0.0030957499984651804,-0.00010499998461455107
96147,29,20,7,7,0.0021373750059865415,4.083302337676287e-05,0.000907749985344708,7.295800605788827e-05,0.0031589160207659006,0.003989707969594747,-0.0008307919488288462
96147,30,13,2,2,0.0019062080536969006,4.074996104463935e-05,0.0008731670095585287,6.491702515631914e-05,0.0028850420494563878,0.0036430840264074504,-0.0007580419769510627
96147,31,11,2,2,0.0017644590116105974,4.3665990233421326e-05,0.001022875017952174,8.116697426885366e-05,0.0029121669940650463,0.003438082989305258,-0.0005259159952402115
96147,32,9,4,4,0.0017750000115484,4.258297849446535e-05,0.001851417007856071,6.854202365502715e-05,0.0037375420215539634,0.0038280420121736825,-9.049999061971903e-05
96147,33,5,6,5,0.0016274580266326666,5.058402894064784e-05,0.0009384999866597354,7.137499051168561e-05,0.0026879170327447355,0.003421250032261014,-0.0007333329995162785
96147,34,0,4,0,0.0015830839984118938,3.729097079485655e-05,0.0008393339812755585,6.529100937768817e-05,0.002524999959859997,0.002616249956190586,-9.124999633058906e-05
96147,35,0,5,0,0.0015556670259684324,4.562496906146407e-05,0.0007973330211825669,6.687501445412636e-05,0.0024655000306665897,0.0031752499635331333,-0.0007097499328665435
96147,36,0,9,0,0.0015139160095714033,3.4584023524075747e-05,0.0010879579931497574,6.770796608179808e-05,0.0027041659923270345,0.0030568749643862247,-0.0003527089720591903
96147,37,0,14,0,0.001454667013604194,3.724999260157347e-05,0.0014199159923009574,8.020905079320073e-05,0.0029920420492999256,0.0025691670016385615,0.0004228750476613641
96147,38,0,15,0,0.0015460000140592456,4.2208004742860794e-05,0.0014194579562172294,6.691704038530588e-05,0.0030745830154046416,0.0029364159563556314,0.00013816705904901028
96147,39,0,17,0,0.0015085419872775674,3.5415985621511936e-05,0.0008901249966584146,6.791698979213834e-05,0.0025019999593496323,0.0024416669621132314,6.033299723640084e-05
96147,40,0,18,0,0.0015429590130224824,4.395801806822419e-05,0.001880416995845735,6.991601549088955e-05,0.003537250042427331,0.002544082992244512,0.0009931670501828194
96147,41,0,21,0,0.0015350840403698385,3.545801155269146e-05,0.0012514169793576002,6.558297900483012e-05,0.0028875420102849603,0.0031249590101651847,-0.00023741699988022447
96147,42,0,25,0,0.0015251660370267928,4.541699308902025e-05,0.0019590830197557807,7.033400470390916e-05,0.003600000054575503,0.003937500005122274,-0.0003374999505467713
96147,43,0,26,0,0.0015084589831531048,4.091602750122547e-05,0.001862292003352195,6.433296948671341e-05,0.0034759999834932387,0.003253583039622754,0.00022241694387048483
96147,44,0,27,0,0.0023762499913573265,3.85420280508697e-05,0.0012410409981384873,6.887497147545218e-05,0.0037247079890221357,0.0030892090289853513,0.0006354989600367844
96147,45,0,29,0,0.001580666983500123,4.7083012759685516e-05,0.0009632090223021805,6.454100366681814e-05,0.002655500022228807,0.004050916992127895,-0.0013954169698990881
96148,0,0,30,0,0.002331583993509412,3.833300434052944e-05,0.0014742499915882945,6.687501445412636e-05,0.003911042003892362,0.004539207962807268,-0.0006281659589149058
96148,1,3,30,0,0.0015639159828424454,5.545903695747256e-05,0.0023797079920768738,8.862500544637442e-05,0.004087708017323166,0.002655250020325184,0.0014324579969979823
96148,2,5,30,0,0.0016199579695239663,7.766700582578778e-05,0.0029238329734653234,8.591701043769717e-05,0.004707374959252775,0.004945458029396832,-0.00023808307014405727
96148,3,12,30,0,0.0017174999811686575,4.733301466330886e-05,0.0022674170322716236,9.14999982342124e-05,0.004123750026337802,0.003643666976131499,0.0004800830502063036
96148,4,21,30,0,0.0021897080005146563,5.729199619963765e-05,0.00229479098925367,7.583398837596178e-05,0.004617624974343926,0.0039297500043176115,0.0006878749700263143
96148,5,25,30,0,0.0021373750059865415,6.225000834092498e-05,0.0013144169934093952,7.566699059680104e-05,0.0035897089983336627,0.0035285420017316937,6.1166996601969e-05
96148,6,32,30,6,0.0022201670217327774,4.4041022192686796e-05,0.0009506249916739762,7.54169886931777e-05,0.003290250024292618,0.00453545805066824,-0.0012452080263756216
96148,7,30,24,24,0.0022748339688405395,3.725005080923438e-05,0.0021161249605938792,0.00011979101691395044,0.0045479999971576035,0.003767666989006102,0.0007803330081515014
96148,8,14,0,0,0.0018853329820558429,4.166702274233103e-05,0.0008116249809972942,6.637501064687967e-05,0.0028049999964423478,0.0030140000162646174,-0.00020900001982226968
96148,9,19,0,0,0.0019333339878357947,3.520800964906812e-05,0.0011221669847145677,6.733299233019352e-05,0.003158041974529624,0.0031119579798541963,4.6083994675427675e-05
96148,10,29,0,0,0.002277708030305803,4.458398325368762e-05,0.0016394999693147838,7.520802319049835e-05,0.004037000006064773,0.004186042002402246,-0.0001490419963374734
96148,11,33,0,0,0.0022002499899826944,3.6165991332381964e-05,0.001984250033274293,6.34589814580977e-05,0.004284124996047467,0.003350165963638574,0.0009339590324088931
96148,12,40,0,0,0.002348167006857693,3.566703526303172e-05,0.0016152499592863023,9.958300506696105e-05,0.004098667006473988,0.0033409580355510116,0.0007577089709229767
96148,13,43,0,0,0.0024938329588621855,3.645801916718483e-05,0.0014197090058587492,6.36660261079669e-05,0.004013666009996086,0.0035989999887533486,0.00041466602124273777
96148,14,48,0,0,0.0027504999889060855,5.179201252758503e-05,0.001924541953485459,8.541601710021496e-05,0.004812249972019345,0.005013875022996217,-0.00020162505097687244
96148,15,51,1,1,0.002614583005197346,3.5792007111012936e-05,0.0016897500026971102,8.21659923531115e-05,0.004422291007358581,0.00426029198570177,0.00016199902165681124
96148,16,57,3,3,0.002802375005558133,4.345795605331659e-05,0.0016103750094771385,8.100003469735384e-05,0.004537208005785942,0.005599291995167732,-0.0010620839893817902
96148,17,56,1,1,0.0028648750158026814,6.929197115823627e-05,0.0012292080209590495,8.033303311094642e-05,0.004243708041030914,0.004047334019560367,0.00019637402147054672
96148,18,55,6,6,0.002766457968391478,7.958302740007639e-05,0.0020985419978387654,8.812500163912773e-05,0.0050327079952694476,0.004593165998812765,0.0004395419964566827
96148,19,49,9,9,0.002673166978638619,4.1583029087632895e-05,0.0016427919617854059,8.025002898648381e-05,0.004437791998498142,0.0037822910235263407,0.000655500974971801
96148,20,40,4,4,0.002443959005177021,4.258297849446535e-05,0.0016207080334424973,7.07499566487968e-05,0.00417799997376278,0.0040853339596651495,9.266601409763098e-05
96148,21,36,3,3,0.0022988750133663416,4.295801045373082e-05,0.0016732499934732914,6.841699359938502e-05,0.004083500010892749,0.004105541971512139,-2.204196061939001e-05
96148,22,33,0,0,0.0022430840181186795,3.5582983400672674e-05,0.0016215000068768859,6.829202175140381e-05,0.003968459030147642,0.004615833982825279,-0.0006473749526776373
96148,23,33,3,3,0.0022747080074623227,5.204201443120837e-05,0.0009136669686995447,6.849999772384763e-05,0.0033089169883169234,0.0035648749908432364,-0.00025595800252631307
96148,24,30,0,0,0.0021492919768206775,3.57080134563148e-05,0.0014172500232234597,6.241700612008572e-05,0.0036646670196205378,0.003187375026755035,0.00047729199286550283
96148,25,30,0,0,0.002192458021454513,3.7458958104252815e-05,0.0009527910151518881,6.487499922513962e-05,0.0032475829939357936,0.003837208030745387,-0.0005896250368095934
96148,26,30,0,0,0.002135624992661178,3.508297959342599e-05,0.0008134589879773557,6.42079976387322e-05,0.003048374957870692,0.0037270410102792084,-0.0006786660524085164
96148,27,30,0,0,0.002120375051163137,3.470899537205696e-05,0.001230207970365882,6.166700040921569e-05,0.0034469590173102915,0.0034838750143535435,-3.691599704325199e-05
96148,28,30,2,2,0.0029508749721571803,4.6250002924352884e-05,0.0013927920372225344,6.895797559991479e-05,0.004458874987903982,0.004712208989076316,-0.00025333400117233396
96148,29,28,1,1,0.002043458982370794,3.629102138802409e-05,0.0011050839675590396,6.350001785904169e-05,0.003248333989176899,0.0034013339900411665,-0.00015300000086426735
96148,30,27,2,2,0.0020807500113733113,4.516594344750047e-05,0.0014144590240903199,8.662499021738768e-05,0.0036269999691285193,0.0033751660375855863,0.000251833931542933
96148,31,25,6,6,0.0021235829917714,4.816701402887702e-05,0.0011162079754285514,6.9500005338341e-05,0.0033574579865671694,0.004138541000429541,-0.0007810830138623714
96148,32,19,6,6,0.002077291952446103,4.441605415195227e-05,0.0016202919650822878,8.399999933317304e-05,0.003825999971013516,0.003283041005488485,0.0005429589655250311
96148,33,13,2,2,0.0018458340200595558,4.854099825024605e-05,0.000917874975129962,6.71250163577497e-05,0.0028793750097975135,0.0028895840514451265,-1.0209041647613049e-05
96148,34,11,2,2,0.0017595409881323576,3.4374999813735485e-05,0.0022869170061312616,0.00021195801673457026,0.004292791010811925,0.002719207957852632,0.0015735830529592931
96148,35,9,5,5,0.0017038340447470546,3.4207943826913834e-05,0.0007984170224517584,6.554101128131151e-05,0.0026020000223070383,0.002984291990287602,-0.00038229196798056364
96148,36,4,5,4,0.0016068340046331286,4.595803329721093e-05,0.001759417005814612,7.054099114611745e-05,0.003482750034891069,0.0031714170472696424,0.0003113329876214266
96148,37,0,3,0,0.0015477919951081276,0.00011008302681148052,0.0026337499730288982,9.62500344030559e-05,0.004387875029351562,0.0036492920480668545,0.0007385829812847078
96148,38,0,3,0,0.0015008330228738487,3.683299291878939e-05,0.002180041978135705,0.0002073750365525484,0.0039250830304808915,0.0034672909532673657,0.00045779207721352577
96148,39,0,3,0,0.0014915840001776814,3.737496444955468e-05,0.0008678750018589199,6.433302769437432e-05,0.0024611669941805303,0.003754208970349282,-0.0012930419761687517
96148,40,0,3,0,0.0014878749498166144,4.600000102072954e-05,0.0011795840109698474,6.704102270305157e-05,0.002780499984510243,0.003919458016753197,-0.0011389580322429538
96148,41,0,4,0,0.0015201669884845614,3.5416975151747465e-05,0.0011074999929405749,6.262504030019045e-05,0.0027257089968770742,0.003398750035557896,-0.0006730410386808217
96148,42,0,5,0,0.0014906669966876507,3.749999450519681e-05,0.0012065829942002892,6.35830219835043e-05,0.002798333007376641,0.002944417006801814,-0.0001460839994251728
96148,43,0,14,0,0.0015152919804677367,4.091602750122547e-05,0.001080708985682577,6.345799192786217e-05,0.0027003749855794013,0.0033680410124361515,-0.0006676660268567502
96148,44,0,21,0,0.0015547500224784017,3.9583013858646154e-05,0.001651541970204562,6.595801096409559e-05,0.0033118330175057054,0.002848541014827788,0.0004632920026779175
96148,45,0,23,0,0.0014480000245384872,3.724999260157347e-05,0.0019867090159095824,0.00022258295211941004,0.003694541985169053,0.003236624994315207,0.0004579169908538461
96148,46,0,25,0,0.0015573329874314368,4.079198697581887e-05,0.0017463749973103404,6.941601168364286e-05,0.003413915983401239,0.003359624999575317,5.429098382592201e-05
96148,47,0,29,0,0.0015447500045411289,6.04590168222785e-05,0.0022322909790091217,8.750002598389983e-05,0.003925000026356429,0.0032672500237822533,0.0006577500025741756
96148,48,0,29,0,0.0014899590169079602,3.720802487805486e-05,0.001870166976004839,6.633298471570015e-05,0.003463667002506554,0.003424833994358778,3.883300814777613e-05
96149,0,0,30,0,0.0014845419791527092,3.6541023291647434e-05,0.0010193339549005032,6.570800906047225e-05,0.002606124966405332,0.0025808329810388386,2.5291985366493464e-05
96149,1,3,30,0,0.0015626249951310456,3.712502075359225e-05,0.0014161249855533242,6.754201604053378e-05,0.003083417017478496,0.0030659579788334668,1.7459038645029068e-05
96149,2,7,30,0,0.001729374984279275,5.770899588242173e-05,0.0009190409909933805,7.53339845687151e-05,0.0027814589557237923,0.004024416964966804,-0.0012429580092430115
96149,3,9,30,0,0.0017570829950273037,3.658398054540157e-05,0.0011302910279482603,6.724998820573092e-05,0.0029912079917266965,0.0027775419875979424,0.00021366600412875414
96149,4,13,30,0,0.001807665976230055,3.6375015042722225e-05,0.0010304999887011945,6.366701563820243e-05,0.0029382079956121743,0.0029899579822085798,-5.1749986596405506e-05
96149,5,22,30,0,0.0020172499935142696,4.1000021155923605e-05,0.0009192500147037208,6.654200842604041e-05,0.0030440420377999544,0.003543500031810254,-0.0004994579940102994
96149,6,24,30,0,0.001995833998080343,3.504101186990738e-05,0.0017637090058997273,6.320799002423882e-05,0.0038577920058742166,0.0029847919940948486,0.0008730000117793679
96149,7,28,30,1,0.0021262909867800772,4.9499969463795424e-05,0.0017697919975034893,6.504205521196127e-05,0.004010625008959323,0.003510374983306974,0.000500250025652349
96149,8,30,29,28,0.002136124996468425,3.525003558024764e-05,0.0012637909967452288,0.00012474996037781239,0.0035599159891717136,0.003763749962672591,-0.00020383397350087762
96149,9,8,1,1,0.0017862499807961285,4.254200030118227e-05,0.0016732080257497728,6.604194641113281e-05,0.0035680419532582164,0.003259874996729195,0.00030816695652902126
96149,10,19,0,0,0.0018988329684361815,3.445800393819809e-05,0.0008463340345770121,6.699998630210757e-05,0.0028466249932534993,0.0033616250148043036,-0.0005150000215508044
96149,11,28,0,0,0.002088624984025955,3.962503978982568e-05,0.0013216669904068112,6.524997297674417e-05,0.0035151669871993363,0.0035657499684020877,-5.05829812027514e-05
96149,12,30,0,0,0.002275582985021174,4.6833010856062174e-05,0.0008770839776843786,7.391604594886303e-05,0.0032734160195104778,0.005091583996545523,-0.0018181679770350456
96149,13,35,6,6,0.002324666013009846,3.4999975468963385e-05,0.001516917021945119,7.120799273252487e-05,0.003947791003156453,0.0033346249838359654,0.000613166019320488
96149,14,35,6,6,0.002365750027820468,4.233297659084201e-05,0.001146292022895068,7.045798702165484e-05,0.0036248330143280327,0.004017125000245869,-0.00039229198591783643
96149,15,37,6,6,0.00241499999538064,4.137499490752816e-05,0.002036667021457106,9.737501386553049e-05,0.0045904170256108046,0.003863832971546799,0.0007265840540640056
96149,16,34,4,4,0.002290375006850809,3.80830024369061e-05,0.0015298330108635128,6.52919989079237e-05,0.003923583019059151,0.005280415993183851,-0.0013568329741246998
96149,17,33,4,4,0.0023445829865522683,4.670803900808096e-05,0.0011952919885516167,7.583299884572625e-05,0.003662416012957692,0.003607666993048042,5.474901990965009e-05
96149,18,33,2,2,0.0021977080032229424,4.5666994992643595e-05,0.002083917031995952,6.295798812061548e-05,0.0043902500183321536,0.003167457995004952,0.0012227920233272016
96149,19,32,1,1,0.002186874975450337,4.095799522474408e-05,0.0010950420401059091,6.762496195733547e-05,0.0033904999727383256,0.003127416013740003,0.0002630839589983225
96149,20,31,0,0,0.002164917008485645,3.549997927621007e-05,0.0017392500303685665,6.808299804106355e-05,0.004007750016171485,0.0038235409883782268,0.00018420902779325843
96149,21,31,0,0,0.002242332964669913,3.724999260157347e-05,0.0009831670322455466,6.72080204822123e-05,0.0033299580099992454,0.003622166987042874,-0.0002922089770436287
96149,22,31,4,4,0.002157374983653426,3.545900108292699e-05,0.0015494159888476133,6.679201032966375e-05,0.0038090419839136302,0.003508750000037253,0.00030029198387637734
96149,23,27,1,1,0.0021705409744754434,3.574998117983341e-05,0.0018621670315042138,6.604200461879373e-05,0.004134499991778284,0.003317333001177758,0.0008171669906005263
96149,24,26,6,6,0.0020539169781841338,3.558304160833359e-05,0.0009459579596295953,7.475004531443119e-05,0.003110208024736494,0.003687000018544495,-0.0005767919938080013
96149,25,20,2,2,0.001987249997910112,4.291697405278683e-05,0.0008399999933317304,7.100001676008105e-05,0.0029411669820547104,0.003909958002623171,-0.0009687910205684602
96149,26,18,9,9,0.001975499966647476,3.975001163780689e-05,0.0011315830051898956,7.866701344028115e-05,0.0032254999969154596,0.0029504160047508776,0.000275083992164582
96149,27,9,3,3,0.0017151670181192458,5.616701673716307e-05,0.0017059999518096447,7.850001566112041e-05,0.003555834002327174,0.003859334043227136,-0.0003035000408999622
96149,28,6,3,3,0.0016723330481909215,3.616698086261749e-05,0.0008494160138070583,6.52919989079237e-05,0.002623208041768521,0.0034464170457795262,-0.0008232090040110052
96149,29,3,1,1,0.0015620419871993363,3.829097840934992e-05,0.0025077920290641487,0.00024158298037946224,0.004349707975052297,0.002686167019419372,0.001663540955632925
96149,30,2,1,1,0.0015629169647581875,3.845803439617157e-05,0.001832958951126784,7.737503619864583e-05,0.003511708986479789,0.0037073750281706452,-0.00019566604169085622
96149,31,1,5,1,0.0015424999874085188,3.9792037568986416e-05,0.0024673749576322734,9.191699791699648e-05,0.004141583980526775,0.00438941695028916,-0.0002478329697623849
96149,32,0,11,0,0.0015924579929560423,5.108397454023361e-05,0.001490208029281348,7.208297029137611e-05,0.003205832967069,0.002994249982293695,0.0002115829847753048
96149,33,0,22,0,0.0014889170415699482,3.7416000850498676e-05,0.0010088749695569277,6.550003308802843e-05,0.002600708045065403,0.0031249590101651847,-0.0005242509650997818
96149,34,0,27,0,0.0015624579973518848,5.108397454023361e-05,0.001017875038087368,7.120799273252487e-05,0.0027026250027120113,0.0038486249977722764,-0.001145999995060265
