seed,decision_index,n_pending,n_available,n_committed,t_features_s,t_graph_build_s,t_gnn_forward_s,t_hungarian_s,t_stages_sum_s,t_total_s,t_discrepancy_s
90000,0,0,10,0,0.0008321250206790864,5.062500713393092e-05,0.0010222499840892851,3.883300814777613e-05,0.0019438330200500786,0.0023207920021377504,-0.00037695898208767176
90000,1,1,10,0,0.0008203749894164503,3.370799822732806e-05,0.000848792027682066,3.529101377353072e-05,0.001738166029099375,0.0018519579898566008,-0.00011379196075722575
90000,2,3,10,0,0.000866917020175606,3.183301305398345e-05,0.001537584001198411,6.145797669887543e-05,0.002497792011126876,0.0018586249789223075,0.0006391670322045684
90000,3,6,10,0,0.0009192500147037208,3.3750024158507586e-05,0.0010169169981963933,3.595795715227723e-05,0.002005874994210899,0.002432583016343415,-0.0004267080221325159
90000,4,13,10,2,0.0010979590006172657,3.1916017178446054e-05,0.0011833749595098197,5.441700341179967e-05,0.002367666980717331,0.0021610409603454173,0.0002066260203719139
90000,5,17,8,8,0.0011697089648805559,3.1291041523218155e-05,0.0010732919909060001,5.5917014833539724e-05,0.002330209012143314,0.0025483749923296273,-0.0002181659801863134
90000,6,11,0,0,0.0010422500199638307,4.691601498052478e-05,0.0015373339992947876,4.2208004742860794e-05,0.002668708038982004,0.003154791018459946,-0.000486082979477942
90000,7,13,0,0,0.001083417038898915,3.362499410286546e-05,0.0011787500116042793,3.5040953662246466e-05,0.0023308329982683063,0.002288290997967124,4.254200030118227e-05
90000,8,21,0,0,0.0013515420141629875,4.125002305954695e-05,0.0022380409645847976,5.21670444868505e-05,0.0036830000462941825,0.002524124982301146,0.0011588750639930367
90000,9,23,0,0,0.001340750022791326,5.408300785347819e-05,0.001760167011525482,6.59999786876142e-05,0.0032210000208579004,0.003837833006400615,-0.0006168329855427146
90000,10,26,0,0,0.0014302500057965517,3.633397864177823e-05,0.0012906659976579249,4.1834020521491766e-05,0.0027990840026177466,0.0026944589917548,0.00010462501086294651
90000,11,31,0,0,0.0015267079579643905,5.137501284480095e-05,0.0011722500203177333,4.7084002289921045e-05,0.002797416993416846,0.002645375032443553,0.0001520419609732926
90000,12,32,0,0,0.0015211249701678753,3.312499029561877e-05,0.0008812500163912773,3.3999967854470015e-05,0.0024694999447092414,0.0027414580108597875,-0.0002719580661505461
90000,13,36,0,0,0.001596999994944781,3.062497125938535e-05,0.0009188330150209367,3.550003748387098e-05,0.002581958018708974,0.0026482079993002117,-6.624998059123755e-05
90000,14,38,1,1,0.0017157919937744737,3.608298720791936e-05,0.001102207985240966,4.02920413762331e-05,0.002894375007599592,0.0028513330034911633,4.3042004108428955e-05
90000,15,42,2,2,0.0017481669783592224,4.0457991417497396e-05,0.0009950000094249845,3.933301195502281e-05,0.002822957991156727,0.003289207990746945,-0.00046624999959021807
90000,16,43,3,3,0.001788791036233306,3.4999975468963385e-05,0.0017147919861599803,4.558300133794546e-05,0.003584165999200195,0.002997124975081533,0.0005870410241186619
90000,17,42,1,1,0.0017346669919788837,3.516697324812412e-05,0.0010542910313233733,4.187499871477485e-05,0.002865999995265156,0.0030718750203959644,-0.00020587502513080835
90000,18,42,0,0,0.0017879160004667938,3.4917029552161694e-05,0.0010297499829903245,3.429199568927288e-05,0.002886875008698553,0.0031812910456210375,-0.00029441603692248464
90000,19,43,2,2,0.0017701669712550938,3.250001464039087e-05,0.0008168329950422049,3.5792007111012936e-05,0.0026552919880487025,0.002906416018959135,-0.00025112403091043234
90000,20,41,1,1,0.0017169580096378922,3.791699418798089e-05,0.0011675000423565507,3.712496254593134e-05,0.002959500008728355,0.0032190839992836118,-0.0002595839905552566
90000,21,40,0,0,0.0016767909983173013,4.008400719612837e-05,0.0009955830173566937,3.770802868530154e-05,0.002750166051555425,0.0029428330017253757,-0.00019266695016995072
90000,22,40,0,0,0.0016657920205034316,3.0999945010989904e-05,0.0009638330084271729,4.0417013224214315e-05,0.0027010419871658087,0.0025415830314159393,0.00015945895574986935
90000,23,40,0,0,0.001655499974731356,3.2750016544014215e-05,0.0012214590096846223,3.9457983803004026e-05,0.0029491669847629964,0.003367541008628905,-0.0004183740238659084
90000,24,40,0,0,0.0016712499782443047,3.420800203457475e-05,0.0009092080290429294,3.770901821553707e-05,0.002652375027537346,0.003043707984033972,-0.00039133295649662614
90000,25,40,0,0,0.0017655420233495533,4.179199459031224e-05,0.0008615829865448177,3.812502836808562e-05,0.002707042032852769,0.0029615419916808605,-0.0002544999588280916
90000,26,40,1,1,0.0017213330138474703,3.258301876485348e-05,0.0009147920063696802,4.8749963752925396e-05,0.0027174580027349293,0.00266716699115932,5.0291011575609446e-05
90000,27,39,0,0,0.0016576250200159848,3.4374999813735485e-05,0.0009485000045970082,3.674998879432678e-05,0.0026772500132210553,0.0026190829812549055,5.816703196614981e-05
90000,28,39,0,0,0.0016576250200159848,3.362499410286546e-05,0.001354458974674344,3.6165991332381964e-05,0.0030818749801255763,0.003004583006259054,7.729197386652231e-05
90000,29,39,0,0,0.0016627919976599514,3.683299291878939e-05,0.0014158749836497009,3.970798570662737e-05,0.003155207959935069,0.0028000829624943435,0.00035512499744072556
90000,30,39,2,2,0.001625582983251661,3.1333998776972294e-05,0.0014853330212645233,0.00013691699132323265,0.0032791669946163893,0.0026162919821217656,0.0006628750124946237
90000,31,37,3,3,0.0016717920079827309,3.4624943509697914e-05,0.0015042500454001129,3.779097460210323e-05,0.003248457971494645,0.0027439160039648414,0.0005045419675298035
90000,32,34,1,1,0.001562667021062225,3.258301876485348e-05,0.0008302920032292604,3.470794763416052e-05,0.0024602499906904995,0.0024706670083105564,-1.0417017620056868e-05
90000,33,33,0,0,0.0015786670264787972,3.7457968574017286e-05,0.0008720830082893372,4.474999150261283e-05,0.0025329579948447645,0.0030996249988675117,-0.0005666670040227473
90000,34,33,1,1,0.0015660829958505929,3.712502075359225e-05,0.000874458986800164,3.62499849870801e-05,0.002513916988391429,0.0024296659976243973,8.425099076703191e-05
90000,35,32,1,1,0.001552834000904113,3.637495683506131e-05,0.001083333045244217,4.33750101365149e-05,0.002715917013119906,0.0029027090058661997,-0.00018679199274629354
90000,36,31,1,1,0.001448958006221801,3.2625044696033e-05,0.0010460419580340385,3.845803439617157e-05,0.002566083043348044,0.002611250034533441,-4.516699118539691e-05
90000,37,30,0,0,0.0015352500486187637,3.591697895899415e-05,0.0009319999953731894,3.4999975468963385e-05,0.0025381669984199107,0.0034804160241037607,-0.00094224902568385
90000,38,30,0,0,0.0014302079798653722,2.96669895760715e-05,0.0008406250271946192,3.6958022974431515e-05,0.0023374580196104944,0.0023995409719645977,-6.208295235410333e-05
90000,39,30,0,0,0.0014657499850727618,3.1917006708681583e-05,0.000922582985367626,3.304198617115617e-05,0.0024532919633202255,0.0023975829826667905,5.570898065343499e-05
90000,40,30,2,2,0.0014241249882616103,3.300001844763756e-05,0.001089792000129819,3.3958000130951405e-05,0.002580875006970018,0.0030544999754056334,-0.0004736249684356153
90000,41,28,0,0,0.001400457986164838,3.066699719056487e-05,0.0011849169968627393,3.362499410286546e-05,0.0026496669743210077,0.0022741249995306134,0.0003755419747903943
90000,42,28,2,2,0.0013901250204071403,3.100000321865082e-05,0.0009718749788589776,3.579101758077741e-05,0.002428791020065546,0.002456667018122971,-2.7875998057425022e-05
90000,43,26,1,1,0.0014295839937403798,3.3415970392525196e-05,0.0020793340518139303,0.00014662498142570257,0.003688958997372538,0.0023105830186977983,0.0013783759786747396
90000,44,25,0,0,0.002194749948102981,8.445803541690111e-05,0.0020159580162726343,6.104196654632688e-05,0.004356207966338843,0.015487542026676238,-0.011131334060337394
90000,45,25,1,1,0.0013354169786907732,3.6165991332381964e-05,0.001299499999731779,4.379200981929898e-05,0.0027148749795742333,0.002806207980029285,-9.133300045505166e-05
90000,46,24,1,1,0.0013033750001341105,3.429199568927288e-05,0.000950917019508779,4.187499871477485e-05,0.0023304590140469372,0.002594833029434085,-0.00026437401538714767
90000,47,23,1,1,0.0013308330089785159,3.1999952625483274e-05,0.001140959037002176,3.912497777491808e-05,0.0025429169763810933,0.003177666978444904,-0.0006347500020638108
90000,48,22,0,0,0.0012628749827854335,3.0709023121744394e-05,0.001080040994565934,3.349996404722333e-05,0.002407124964520335,0.0023260419839061797,8.108298061415553e-05
90000,49,22,1,1,0.0012607499957084656,3.241701051592827e-05,0.00089945801300928,3.3334014005959034e-05,0.002225959033239633,0.002698040974792093,-0.0004720819415524602
90000,50,21,1,1,0.0012882500304840505,3.154197474941611e-05,0.0010121660307049751,3.4208991564810276e-05,0.002366167027503252,0.0022384169860742986,0.0001277500414289534
90000,51,20,2,2,0.0012066250201314688,3.0499999411404133e-05,0.001029459002893418,3.69579647667706e-05,0.0023035419872030616,0.0028339169803075492,-0.0005303749931044877
90000,52,18,2,2,0.0011694589629769325,3.108300734311342e-05,0.0008331669960170984,3.5375007428228855e-05,0.0020690839737653732,0.00205800001276657,1.1083960998803377e-05
90000,53,16,0,0,0.0011106249876320362,3.158301115036011e-05,0.0011380829964764416,4.21669683419168e-05,0.0023224579636007547,0.0021753329783678055,0.00014712498523294926
90000,54,16,1,1,0.0011453749611973763,3.991700941696763e-05,0.0011918329983018339,5.324999801814556e-05,0.0024303749669343233,0.0028663339908234775,-0.0004359590238891542
90000,55,15,0,0,0.0012025409960187972,4.45419573225081e-05,0.0009925829945132136,4.066701512783766e-05,0.0022803329629823565,0.0020304169738665223,0.00024991598911583424
90000,56,15,2,2,0.0011444579577073455,3.287498839199543e-05,0.00131762505043298,3.954197745770216e-05,0.002534499973990023,0.0020945839933119714,0.0004399159806780517
90000,57,13,1,1,0.0010880829649977386,3.266701241955161e-05,0.0008763750083744526,3.529101377353072e-05,0.0020324159995652735,0.0022030830150470138,-0.00017066701548174024
90000,58,12,0,0,0.0010412089759483933,3.15410434268415e-05,0.001366416981909424,0.00013337499694898725,0.002572541998233646,0.0019316250109113753,0.0006409169873222709
90000,59,12,2,2,0.0010892910067923367,3.241701051592827e-05,0.0010592499747872353,3.4917029552161694e-05,0.002215875021647662,0.0022812910028733313,-6.541598122566938e-05
90000,60,10,1,1,0.0010159169905818999,3.145803930237889e-05,0.0014828749699518085,4.549999721348286e-05,0.00257574999704957,0.0021789580350741744,0.0003967919619753957
90000,61,9,1,1,0.0010140420054085553,3.38749960064888e-05,0.0008696659933775663,3.5334029234945774e-05,0.0019529170240275562,0.0020401660003699362,-8.724897634238005e-05
90000,62,8,2,2,0.0009540829923935235,2.9958027880638838e-05,0.0008974169613793492,3.774999640882015e-05,0.0019192079780623317,0.002005707996431738,-8.650001836940646e-05
90000,63,6,1,1,0.000909915950614959,3.445899346843362e-05,0.0008797500049695373,3.770802868530154e-05,0.0018618329777382314,0.0026573329814709723,-0.0007955000037327409
90000,64,5,1,1,0.0008855000487528741,2.9791961424052715e-05,0.0014780000201426446,3.3791002351790667e-05,0.002427083032671362,0.0018874999950639904,0.0005395830376073718
90000,65,4,0,0,0.0008804170065559447,3.425002796575427e-05,0.000866832968313247,3.620801726356149e-05,0.0018177080200985074,0.002216958033386618,-0.0003992500132881105
90000,66,4,1,1,0.0008913750061765313,3.191694850102067e-05,0.0013867920497432351,3.508297959342599e-05,0.002345166984014213,0.0018227919936180115,0.0005223749903962016
90000,67,3,2,2,0.000846208946313709,3.137503517791629e-05,0.0007501660147681832,3.458396531641483e-05,0.0016623339615762234,0.0020316659938544035,-0.0003693320322781801
90000,68,1,2,1,0.0007952500018291175,3.0334049370139837e-05,0.0007252499926835299,3.412499791011214e-05,0.0015849590417928994,0.001996207982301712,-0.00041124894050881267
90000,69,0,4,0,0.0013546249829232693,3.241602098569274e-05,0.0014535419759340584,4.050001734867692e-05,0.0028810829971916974,0.0026496669743210077,0.00023141602287068963
90000,70,0,4,0,0.0007958339992910624,3.362499410286546e-05,0.0009047079947777092,3.5582983400672674e-05,0.0017697499715723097,0.0017759590409696102,-6.209069397300482e-06
90000,71,0,5,0,0.0010698330006562173,3.108399687334895e-05,0.0008840410155244172,3.362499410286546e-05,0.002018583007156849,0.00221595901530236,-0.00019737600814551115
90000,72,0,7,0,0.0015497499844059348,3.529200330376625e-05,0.0012344999704509974,3.416603431105614e-05,0.0028537079924717546,0.0023919580271467566,0.0004617499653249979
90000,73,0,8,0,0.000778209010604769,2.887495793402195e-05,0.0008535830420441926,3.3958000130951405e-05,0.001694625010713935,0.0017963750287890434,-0.00010175001807510853
90001,0,0,10,0,0.0007682080031372607,3.0125025659799576e-05,0.0009817499667406082,3.4750031773000956e-05,0.0018148330273106694,0.001862625009380281,-4.779198206961155e-05
90001,1,1,10,0,0.0008056249935179949,3.024999750778079e-05,0.0007441660272888839,3.424996975809336e-05,0.001614290988072753,0.0017220420413650572,-0.00010775105329230428
90001,2,2,10,0,0.0008471249602735043,3.674998879432678e-05,0.0008963330183178186,3.5334029234945774e-05,0.0018155419966205955,0.001756249985191971,5.929201142862439e-05
90001,3,5,10,0,0.0009034580434672534,3.229198046028614e-05,0.000843416026327759,3.445899346843362e-05,0.0018136250437237322,0.0018492499948479235,-3.5624951124191284e-05
90001,4,9,10,0,0.0009922090102918446,3.120797919109464e-05,0.0007395000429823995,3.429199568927288e-05,0.0017972090281546116,0.001942958973813802,-0.00014574994565919042
90001,5,12,10,1,0.0010743329767137766,3.162497887387872e-05,0.0010047920513898134,3.3791002351790667e-05,0.0021445410093292594,0.001991041994187981,0.0001534990151412785
90001,6,16,9,9,0.0011357920011505485,3.062497125938535e-05,0.0009821670246310532,4.733301466330886e-05,0.002195917011704296,0.002031083044130355,0.00016483396757394075
90001,7,13,0,0,0.001565457961987704,7.054203888401389e-05,0.0017485420103184879,0.00015737494686618447,0.0035419169580563903,0.002900124993175268,0.0006417919648811221
90001,8,18,0,0,0.0011929169995710254,3.408303018659353e-05,0.0010824169730767608,3.670802107080817e-05,0.002346125023905188,0.0030544170294888318,-0.0007082920055836439
90001,9,23,0,0,0.0013149160076864064,3.3374992199242115e-05,0.001200874976348132,3.362499410286546e-05,0.002582790970336646,0.002299582993146032,0.00028320797719061375
90001,10,28,0,0,0.0014270410174503922,3.208400448784232e-05,0.0008336249738931656,3.4415978007018566e-05,0.0023271659738384187,0.0025325840106233954,-0.00020541803678497672
90001,11,31,0,0,0.0015563329798169434,5.504203727468848e-05,0.0012055829865857959,4.1458988562226295e-05,0.002858416992239654,0.002470000006724149,0.0003884169855155051
90001,12,34,0,0,0.0015234580496326089,3.374996595084667e-05,0.0008867500000633299,3.358302637934685e-05,0.0024775410420261323,0.0024678329937160015,9.708048310130835e-06
90001,13,39,0,0,0.0016912089777179062,3.420800203457475e-05,0.0010291670332662761,3.362499410286546e-05,0.0027882090071216226,0.0027293750317767262,5.8833975344896317e-05
90001,14,41,1,1,0.0017340410267934203,4.183396231383085e-05,0.0010498750489205122,3.5457953345030546e-05,0.002861207991372794,0.0030449579935520887,-0.00018375000217929482
90001,15,42,1,1,0.0017780839698389173,3.5750039387494326e-05,0.0009738749940879643,5.5374985095113516e-05,0.0028430839884094894,0.002835791965480894,7.292022928595543e-06
90001,16,46,2,2,0.0018002080032601953,3.100000321865082e-05,0.0009737089858390391,3.512500552460551e-05,0.0028400419978424907,0.002849915996193886,-9.87399835139513e-06
90001,17,44,1,1,0.0017366670072078705,2.9916991479694843e-05,0.0009441250003874302,3.4582975786179304e-05,0.002745291974861175,0.00274937495123595,-4.082976374775171e-06
90001,18,45,0,0,0.0018045410397462547,3.370898775756359e-05,0.0008917499799281359,3.420800203457475e-05,0.002764208009466529,0.0030702920048497617,-0.00030608399538323283
90001,19,45,2,2,0.001810958026908338,3.2374984584748745e-05,0.0013700000126846135,3.6375015042722225e-05,0.0032497080392204225,0.0028091659769415855,0.00044054206227883697
90001,20,43,1,1,0.0017676249844953418,3.3165968488901854e-05,0.001374000043142587,3.3999967854470015e-05,0.0032087909639813006,0.0029167080065235496,0.00029208295745775104
90001,21,42,1,1,0.0016932919970713556,3.108300734311342e-05,0.001339208974968642,3.587501123547554e-05,0.0030994589906185865,0.002653667004778981,0.00044579198583960533
90001,22,41,1,1,0.0018006670288741589,3.2415962778031826e-05,0.000869500043336302,3.7458958104252815e-05,0.0027400419930927455,0.0028787500341422856,-0.00013870804104954004
90001,23,40,0,0,0.0016757089761085808,3.341602860018611e-05,0.0008877919754013419,3.445800393819809e-05,0.002631374984048307,0.002587374998256564,4.39999857917428e-05
90001,24,40,0,0,0.00166712497593835,3.15410434268415e-05,0.0008424170082435012,3.345799632370472e-05,0.0025745410239323974,0.002479042042978108,9.549898095428944e-05
90001,25,40,0,0,0.0017291249823756516,3.408303018659353e-05,0.0018074169638566673,3.6582991015166044e-05,0.0036072079674340785,0.0026095419889315963,0.0009976659785024822
90001,26,40,0,0,0.0017051249742507935,3.2333016861230135e-05,0.0008164169848896563,3.3374992199242115e-05,0.002587249968200922,0.0027949580107815564,-0.00020770804258063436
90001,27,40,0,0,0.0016802919562906027,3.1750008929520845e-05,0.001247375039383769,3.587495302781463e-05,0.002995291957631707,0.0027414580108597875,0.00025383394677191973
90001,28,40,0,0,0.0017984589794650674,3.875000402331352e-05,0.0011182079906575382,3.5167031455785036e-05,0.002990584005601704,0.0031123749795369804,-0.00012179097393527627
90001,29,40,1,1,0.0016995000187307596,3.929197555407882e-05,0.0009477080311626196,4.533398896455765e-05,0.0027318340144120157,0.0030552499811165035,-0.0003234159667044878
90001,30,39,0,0,0.0016734999953769147,3.2167008612304926e-05,0.0009880830184556544,3.679195651784539e-05,0.0027305419789627194,0.0025887080118991435,0.00014183396706357598
90001,31,39,0,0,0.0016988750430755317,3.162497887387872e-05,0.0014389579882845283,3.787502646446228e-05,0.003207333036698401,0.0031249590101651847,8.237402653321624e-05
90001,32,39,0,0,0.0016319589922204614,3.604101948440075e-05,0.0007997499778866768,3.587501123547554e-05,0.0025036250008270144,0.003054834029171616,-0.0005512090283446014
90001,33,39,1,1,0.0018134170095436275,3.6041950806975365e-05,0.0012131660478189588,3.8416997995227575e-05,0.003101042006164789,0.003544375009369105,-0.0004433330032043159
90001,34,38,1,1,0.0016202909755520523,3.066699719056487e-05,0.0010061250068247318,3.4582975786179304e-05,0.0026916659553535283,0.002785167016554624,-9.350106120109558e-05
90001,35,37,2,2,0.0015878750127740204,3.44999716617167e-05,0.001865625032223761,0.00015145796351134777,0.003639457980170846,0.0038955420022830367,-0.0002560840221121907
90001,36,35,1,1,0.0015348749584518373,3.0416005756706e-05,0.0009457090054638684,3.774999640882015e-05,0.002548749966081232,0.0026403749943710864,-9.162502828985453e-05
90001,37,34,3,3,0.0015112910186871886,2.9749993700534105e-05,0.0010233750217594206,3.5416975151747465e-05,0.002599833009298891,0.002561667002737522,3.8166006561368704e-05
90001,38,31,0,0,0.0014476249925792217,2.9833056032657623e-05,0.0008817079942673445,4.258396802470088e-05,0.0024017500109039247,0.002447082952130586,-4.5332941226661205e-05
90001,39,31,0,0,0.0015074160182848573,3.329198807477951e-05,0.0017027499852702022,7.00420350767672e-05,0.003313500026706606,0.002743625023867935,0.0005698750028386712
90001,40,31,1,1,0.001480375009123236,4.1040999349206686e-05,0.001444541965611279,3.362499410286546e-05,0.002999582968186587,0.002870374999474734,0.00012920796871185303
90001,41,30,0,0,0.0014497500378638506,4.058296326547861e-05,0.0010791250388137996,4.579196684062481e-05,0.0026152500067837536,0.002738333016168326,-0.0001230830093845725
90001,42,30,0,0,0.0014772089780308306,3.962503978982568e-05,0.0017222909955307841,4.679197445511818e-05,0.0032859169878065586,0.002628792019095272,0.0006571249687112868
90001,43,30,0,0,0.0014693749835714698,3.1333998776972294e-05,0.0008508330211043358,3.2957992516458035e-05,0.002384499995969236,0.0023488339502364397,3.566604573279619e-05
90001,44,30,0,0,0.001446083013433963,7.12089822627604e-05,0.002129165979567915,7.041700882837176e-05,0.0037168749840930104,0.0025407500215806067,0.0011761249625124037
90001,45,30,0,0,0.0015263750101439655,3.383302828297019e-05,0.0021597089944407344,4.824995994567871e-05,0.0037681669928133488,0.0030748340068385005,0.0006933329859748483
90001,46,30,2,2,0.0014746669912710786,3.3333024475723505e-05,0.001187208981718868,4.51250234618783e-05,0.0027403340209275484,0.0027174169663339853,2.291705459356308e-05
90001,47,28,0,0,0.0014057079679332674,3.4917029552161694e-05,0.0013613749761134386,3.7582998629659414e-05,0.002839582972228527,0.0027731250156648457,6.645795656368136e-05
90001,48,28,0,0,0.0014686660142615438,4.2666972149163485e-05,0.001357667031697929,3.6207959055900574e-05,0.0029052079771645367,0.0028107500402256846,9.445793693885207e-05
90001,49,28,2,2,0.001413125020917505,3.1333998776972294e-05,0.0009069999796338379,3.479100996628404e-05,0.0023862500092945993,0.0025918330065906048,-0.0002055829972960055
90001,50,26,1,1,0.0014354579616338015,4.116701893508434e-05,0.0020665000192821026,6.054097320884466e-05,0.003603665973059833,0.0023058330407366157,0.0012978329323232174
90001,51,25,0,0,0.0013710000202991068,3.38749960064888e-05,0.0009807499591261148,3.32500203512609e-05,0.0024188749957829714,0.002437999995891005,-1.912500010803342e-05
90001,52,25,3,3,0.0013541659573093057,3.2292038667947054e-05,0.000805332965683192,3.5584031138569117e-05,0.002227374992799014,0.0022130830329842865,1.4291959814727306e-05
90001,53,22,1,1,0.0013747080229222775,5.983299342915416e-05,0.001010916952509433,4.770804662257433e-05,0.002493166015483439,0.0021754169720225036,0.00031774904346093535
90001,54,21,1,1,0.0012260829680599272,3.062502946704626e-05,0.0008966670138761401,3.549997927621007e-05,0.0021888749906793237,0.002259208995383233,-7.033400470390916e-05
90001,55,20,1,1,0.0012985419598408043,3.516604192554951e-05,0.0013546669506467879,3.462500171735883e-05,0.0027229999541305006,0.0022718750406056643,0.0004511249135248363
90001,56,19,0,0,0.001183166983537376,3.058300353586674e-05,0.001005916972644627,3.908301005139947e-05,0.0022587499697692692,0.0026257919962517917,-0.0003670420264825225
90001,57,19,2,2,0.0012099170126020908,3.5792007111012936e-05,0.001157958002295345,3.9207981899380684e-05,0.0024428750039078295,0.0023820839705877006,6.079103332012892e-05
90001,58,17,1,1,0.0011793330195359886,3.366696182638407e-05,0.000881000014487654,3.3374992199242115e-05,0.0021273749880492687,0.002209166996181011,-8.179200813174248e-05
90001,59,16,2,2,0.0011545000015757978,3.462500171735883e-05,0.0010012079728767276,3.7959020119160414e-05,0.0022282919962890446,0.0022734999656677246,-4.520796937867999e-05
90001,60,14,0,0,0.0010765829938463867,3.108399687334895e-05,0.0013184999697841704,0.0001320409937761724,0.0025582079542800784,0.0021773339831270278,0.00038087397115305066
90001,61,14,0,0,0.00106712500564754,2.920802216976881e-05,0.0012611669953912497,3.591598942875862e-05,0.002393416012637317,0.003003707970492542,-0.0006102919578552246
90001,62,14,2,2,0.0011051670298911631,3.1333009246736765e-05,0.0009574999567121267,3.645900869742036e-05,0.002130459004547447,0.0020656249835155904,6.483402103185654e-05
90001,63,12,2,2,0.001545584003906697,3.037502756342292e-05,0.0009322499972768128,3.424996975809336e-05,0.002542458998505026,0.0030348750296980143,-0.0004924160311929882
90001,64,10,3,3,0.0010134580079466105,3.445899346843362e-05,0.0007900000200606883,3.7165998946875334e-05,0.0018750830204226077,0.0018507909844629467,2.4292035959661007e-05
90001,65,7,0,0,0.0009437080007046461,3.054196713492274e-05,0.0008282080525532365,3.2999960239976645e-05,0.001835457980632782,0.0018272089655511081,8.24901508167386e-06
90001,66,7,2,2,0.0009307920117862523,3.070797538384795e-05,0.0008430000161752105,3.320799442008138e-05,0.001837707997765392,0.0018441249849274755,-6.416987162083387e-06
90001,67,5,2,2,0.0008882909896783531,3.350002225488424e-05,0.0008029169985093176,3.591697895899415e-05,0.001760624989401549,0.0018459160346537828,-8.529104525223374e-05
90001,68,3,0,0,0.0008315839804708958,2.9666000045835972e-05,0.0007402499904856086,3.587501123547554e-05,0.0016373749822378159,0.0017297079903073609,-9.233300806954503e-05
90001,69,3,0,0,0.0008725829538889229,3.1709030736237764e-05,0.0011660829768516123,3.4750031773000956e-05,0.002105124993249774,0.0027845000149682164,-0.0006793750217184424
90001,70,3,0,0,0.0009133340208791196,3.108300734311342e-05,0.0008420000085607171,3.304198617115617e-05,0.0018194590229541063,0.001738124992698431,8.133403025567532e-05
90001,71,3,1,1,0.0008732919814065099,3.091699909418821e-05,0.0009685830445960164,3.433297388255596e-05,0.0019071249989792705,0.0022587080020457506,-0.00035158300306648016
90001,72,2,2,2,0.0008077080128714442,2.96669895760715e-05,0.0015005829627625644,0.00016487500397488475,0.002502832969184965,0.001679500041063875,0.0008233329281210899
90001,73,0,1,0,0.0011380419600754976,3.266602288931608e-05,0.001916209002956748,0.00015249999705702066,0.0032394169829785824,0.0034681250108405948,-0.00022870802786201239
90001,74,0,5,0,0.0008888329612091184,3.304204437881708e-05,0.00143158296123147,0.0001075830077752471,0.0024610409745946527,0.002174750028643757,0.00028629094595089555
90001,75,0,6,0,0.0007958750356920063,3.0416005756706e-05,0.0007486669928766787,3.429199568927288e-05,0.001609250030014664,0.0023297080188058317,-0.0007204579887911677
90001,76,0,6,0,0.0007697909604758024,3.095902502536774e-05,0.0007034160080365837,3.4374999813735485e-05,0.0015385409933514893,0.0017964160069823265,-0.0002578750136308372
90001,77,0,7,0,0.001530334004200995,3.229099093005061e-05,0.0011882500257343054,3.612501313909888e-05,0.00278700003400445,0.0024188749957829714,0.00036812503822147846
90001,78,0,7,0,0.0011266249930486083,4.2208004742860794e-05,0.0016541670192964375,0.00012737500946968794,0.0029503750265575945,0.002287916955538094,0.0006624580710195005
90001,79,0,8,0,0.000769167032558471,2.9749993700534105e-05,0.001111124991439283,3.491697134450078e-05,0.0019449589890427887,0.0019127500127069652,3.2208976335823536e-05
90001,80,0,8,0,0.0007998329820111394,3.2208976335823536e-05,0.0008531660423614085,3.5833974834531546e-05,0.001721041975542903,0.0023499579983763397,-0.0006289160228334367
90001,81,0,9,0,0.000840082997456193,3.6917044781148434e-05,0.0010921249631792307,3.8958038203418255e-05,0.0020080830436199903,0.0017532919882796705,0.00025479105534031987
90002,0,0,10,0,0.0007803750340826809,3.120797919109464e-05,0.0008293749997392297,3.441702574491501e-05,0.0016753750387579203,0.0023587499745190144,-0.0006833749357610941
90002,1,2,10,0,0.001089208002667874,3.462500171735883e-05,0.000811208039522171,3.366696182638407e-05,0.001968708005733788,0.0025962500367313623,-0.0006275420309975743
90002,2,2,10,0,0.0008413339965045452,3.233295865356922e-05,0.0010346670169383287,3.383302828297019e-05,0.0019421670003794134,0.0017703750054351985,0.00017179199494421482
90002,3,4,10,0,0.0008767920080572367,3.2333016861230135e-05,0.0008168749627657235,3.641704097390175e-05,0.001762417028658092,0.0025201660464517772,-0.0007577490177936852
90002,4,7,10,0,0.0009522499749436975,4.116701893508434e-05,0.0008015420171432197,3.4415978007018566e-05,0.00182937498902902,0.002135499962605536,-0.0003061249735765159
90002,5,10,10,0,0.0010065000387839973,3.066699719056487e-05,0.0008834159816615283,3.287498839199543e-05,0.001953458006028086,0.001979208958800882,-2.5750952772796154e-05
90002,6,13,10,0,0.001137249986641109,3.2917014323174953e-05,0.0014896249631419778,3.908301005139947e-05,0.002698874974157661,0.002353707968723029,0.0003451670054346323
90002,7,23,10,10,0.0012800830299966037,3.166700480505824e-05,0.0011052920017391443,4.262494621798396e-05,0.0024596669827587903,0.0026072500040754676,-0.00014758302131667733
90002,8,15,0,0,0.0011492500198073685,3.254198236390948e-05,0.0007815830176696181,3.349996404722333e-05,0.0019968749838881195,0.0019733330118469894,2.3541972041130066e-05
90002,9,19,0,0,0.0012027500197291374,3.1125033274292946e-05,0.0008634579717181623,3.32500203512609e-05,0.0021305830450728536,0.0022342499578371644,-0.00010366691276431084
90002,10,24,0,0,0.0013277079560793936,3.1709030736237764e-05,0.0007772080134600401,3.529200330376625e-05,0.0021719170035794377,0.0027335829799994826,-0.0005616659764200449
90002,11,28,0,0,0.0014155420358292758,3.204098902642727e-05,0.002365124993957579,6.71250163577497e-05,0.003879833035171032,0.002364583022426814,0.0015152500127442181
90002,12,31,0,0,0.00150620803469792,4.579196684062481e-05,0.0008750410052016377,3.687501884996891e-05,0.0024639160255901515,0.0033404999994672835,-0.0008765839738771319
90002,13,35,0,0,0.0016475000302307308,4.5874970965087414e-05,0.000999416981358081,4.2000028770416975e-05,0.0027347920113243163,0.0028887499938718975,-0.0001539579825475812
90002,14,38,1,1,0.0016298749833367765,3.245798870921135e-05,0.0008765000384300947,3.433297388255596e-05,0.0025731659843586385,0.0027175829745829105,-0.000144416990224272
90002,15,41,2,2,0.001767790992744267,3.3750024158507586e-05,0.0009148339740931988,4.083302337676287e-05,0.002757208014372736,0.0027198749594390392,3.7333054933696985e-05
90002,16,40,2,2,0.0017329170368611813,5.112495273351669e-05,0.0009695420158095658,4.187499871477485e-05,0.0027954590041190386,0.002778999973088503,1.6459031030535698e-05
90002,17,43,0,0,0.0017807919648475945,3.383302828297019e-05,0.0007953749736770988,3.354198997840285e-05,0.0026435419567860663,0.002764749980997294,-0.0001212080242112279
90002,18,44,1,1,0.001864542020484805,3.9790989831089973e-05,0.0007606669678352773,4.125002305954695e-05,0.0027062500012107193,0.002485124976374209,0.00022112502483651042
90002,19,44,3,3,0.0017930829781107605,3.258301876485348e-05,0.0005511670024134219,3.616698086261749e-05,0.0024129999801516533,0.0027030420023947954,-0.00029004202224314213
90002,20,41,0,0,0.001742792024742812,3.4374999813735485e-05,0.0008348329574801028,3.654201282188296e-05,0.002648541994858533,0.003042624972295016,-0.0003940829774364829
90002,21,41,1,1,0.00165666698012501,3.21249826811254e-05,0.0007213749922811985,3.791600465774536e-05,0.0024480829597450793,0.0024206669768318534,2.741598291322589e-05
90002,22,40,0,0,0.0016991249867714942,3.21660190820694e-05,0.0006042089662514627,3.845803439617157e-05,0.002373958006501198,0.0025962090003304183,-0.00022225099382922053
90002,23,40,0,0,0.001666791969910264,3.08750313706696e-05,0.0007287079934030771,3.987498348578811e-05,0.002466249978169799,0.002515750005841255,-4.950002767145634e-05
90002,24,40,0,0,0.0017387500265613198,3.3374992199242115e-05,0.000630208000075072,3.416696563363075e-05,0.0024364999844692647,0.002489292004611343,-5.27920201420784e-05
90002,25,40,0,0,0.001715624995995313,3.2709038350731134e-05,0.0005731249693781137,3.404100425541401e-05,0.002355500007979572,0.002533624996431172,-0.00017812498845160007
90002,26,40,1,1,0.0016774170217104256,3.070797538384795e-05,0.0007440000190399587,4.33750101365149e-05,0.002495500026270747,0.002509250014554709,-1.3749988283962011e-05
90002,27,39,1,1,0.001666042022407055,3.21660190820694e-05,0.0005406250129453838,3.44999716617167e-05,0.002273333026096225,0.002362250001169741,-8.891697507351637e-05
90002,28,38,0,0,0.0016934159793891013,3.608397673815489e-05,0.00058562500635162,3.804103471338749e-05,0.0023531659971922636,0.002509084006305784,-0.00015591800911352038
90002,29,38,0,0,0.0016804580227471888,3.308395389467478e-05,0.001369625038933009,0.00012579100439324975,0.0032089580199681222,0.002610958006698638,0.000598000013269484
90002,30,38,1,1,0.0016416659927926958,3.370898775756359e-05,0.0006548329838551581,3.641704097390175e-05,0.002366625005379319,0.0029507080325856805,-0.0005840830272063613
90002,31,37,2,2,0.001715666032396257,5.912495544180274e-05,0.0006432920345105231,4.741700831800699e-05,0.0024655000306665897,0.002706833998672664,-0.00024133396800607443
90002,32,35,2,2,0.0016075840103439987,3.287498839199543e-05,0.001090582984033972,4.895799793303013e-05,0.0027799999807029963,0.002614541968796402,0.00016545801190659404
90002,33,33,0,0,0.001558916992507875,3.6415993236005306e-05,0.0008365000248886645,3.504200140014291e-05,0.0024668750120326877,0.0024415410007350147,2.5334011297672987e-05
90002,34,33,3,3,0.001537624979391694,3.391597419977188e-05,0.0012027090415358543,3.875000402331352e-05,0.002812999999150634,0.0025535000022500753,0.00025949999690055847
90002,35,30,0,0,0.001482957974076271,3.470800584182143e-05,0.0008488749735988677,3.5375007428228855e-05,0.002401915960945189,0.0026710410020314157,-0.0002691250410862267
90002,36,30,0,0,0.001530416018795222,3.350002225488424e-05,0.0005277919699437916,3.8792029954493046e-05,0.002130500040948391,0.002868290990591049,-0.0007377909496426582
90002,37,30,1,1,0.001476417004596442,6.258301436901093e-05,0.0013278329861350358,5.891697946935892e-05,0.0029257499845698476,0.0020952080376446247,0.0008305419469252229
90002,38,29,0,0,0.0015269169816747308,3.408303018659353e-05,0.0007797500002197921,4.7291978262364864e-05,0.0023880419903434813,0.0022245420259423554,0.0001634999644011259
90002,39,29,0,0,0.0014856660272926092,4.5083987060934305e-05,0.0013216660008765757,0.00011495896615087986,0.002967374981380999,0.00263858400285244,0.0003287909785285592
90002,40,29,1,1,0.0014508329913951457,3.14170029014349e-05,0.0005419160006567836,3.6375015042722225e-05,0.0020605410099960864,0.0021132080000825226,-5.266699008643627e-05
90002,41,28,2,2,0.001385167008265853,3.0416005756706e-05,0.0011454169871285558,3.9457983803004026e-05,0.0026004579849541187,0.002084833977278322,0.0005156240076757967
90002,42,26,0,0,0.0014086249866522849,3.2374984584748745e-05,0.0006206250400282443,3.3999967854470015e-05,0.002095624979119748,0.0022997920168563724,-0.00020416703773662448
90002,43,26,0,0,0.001374750048853457,3.1374976970255375e-05,0.0005413750186562538,3.354198997840285e-05,0.001981042034458369,0.003077082976233214,-0.0010960409417748451
90002,44,26,0,0,0.0014346669777296484,3.862503217533231e-05,0.0005396250053308904,4.0207989513874054e-05,0.002053125004749745,0.0022949170088395476,-0.0002417920040898025
90002,45,26,1,1,0.0017423329991288483,3.341701813042164e-05,0.0007992080063559115,3.6999990697950125e-05,0.0026119580143131316,0.003202749998308718,-0.0005907919839955866
90002,46,25,1,1,0.001391666999552399,3.608298720791936e-05,0.0005291250417940319,3.6457960959523916e-05,0.001993332989513874,0.0023026669514365494,-0.00030933396192267537
90002,47,24,1,1,0.0013279159902594984,3.3542048186063766e-05,0.0005348330014385283,3.412499791011214e-05,0.0019304160377942026,0.002607624977827072,-0.0006772089400328696
90002,48,23,1,1,0.0013764999457634985,3.4750031773000956e-05,0.0007612499757669866,3.5584031138569117e-05,0.0022080839844420552,0.002003750007133931,0.0002043339773081243
90002,49,22,3,3,0.0012465000036172569,3.170798299834132e-05,0.000570459000300616,3.80830024369061e-05,0.0018867499893531203,0.0023257500142790377,-0.0004390000249259174
90002,50,19,1,1,0.0011889999732375145,3.054103581234813e-05,0.0011308339890092611,5.629099905490875e-05,0.0024066659971140325,0.002272667014040053,0.00013399898307397962
90002,51,18,0,0,0.001175292010884732,3.0916009563952684e-05,0.0005368340061977506,3.445800393819809e-05,0.0017775000305846334,0.001910791965201497,-0.00013329193461686373
90002,52,18,0,0,0.0012025409960187972,3.083399496972561e-05,0.0008789999992586672,3.724999260157347e-05,0.0021496249828487635,0.0017832499579526484,0.00036637502489611506
90002,53,18,0,0,0.0012283330434001982,3.93329537473619e-05,0.0006003750022500753,3.6334036849439144e-05,0.0019043750362470746,0.002071166003588587,-0.00016679096734151244
90002,54,18,2,2,0.0011833329917863011,2.9999995604157448e-05,0.0006543750059790909,5.299999611452222e-05,0.0019207079894840717,0.0021274579921737313,-0.0002067500026896596
90002,55,16,0,0,0.0012163750361651182,3.6165991332381964e-05,0.0009018749697133899,3.508402733132243e-05,0.0021895000245422125,0.0019362909952178597,0.00025320902932435274
90002,56,16,1,1,0.0012631249846890569,3.63329891115427e-05,0.0013773340033367276,4.754104884341359e-05,0.002724333025980741,0.001689666009042412,0.0010346670169383287
90002,57,15,0,0,0.0011147090117447078,3.1790987122803926e-05,0.0015233749873004854,3.891700180247426e-05,0.0027087919879704714,0.0020630829967558384,0.000645708991214633
90002,58,15,1,1,0.00117125001270324,3.729201853275299e-05,0.0008550829952582717,3.62499849870801e-05,0.0020998750114813447,0.002249999961350113,-0.00015012494986876845
90002,59,14,2,2,0.001102207985240966,3.1208968721330166e-05,0.000565375026781112,3.7999998312443495e-05,0.0017367919790558517,0.0020219170255586505,-0.0002851250465027988
90002,60,12,1,1,0.0011057080118916929,3.354198997840285e-05,0.0005397499771788716,3.6375015042722225e-05,0.0017153749940916896,0.0018613749998621643,-0.00014600000577047467
90002,61,11,1,1,0.001068500045221299,3.2416952308267355e-05,0.0014936250518076122,3.9624981582164764e-05,0.0026341670309193432,0.0018883339944295585,0.0007458330364897847
90002,62,10,2,2,0.0010531659936532378,3.2709038350731134e-05,0.0014057079679332674,3.541703335940838e-05,0.0025270000332966447,0.0020306669757701457,0.000496333057526499
90002,63,8,1,1,0.0010195840150117874,3.774999640882015e-05,0.0010790829546749592,6.758299423381686e-05,0.0022039999603293836,0.0017701670294627547,0.0004338329308666289
90002,64,7,1,1,0.0009365000296384096,3.0207971576601267e-05,0.00045070803025737405,3.329198807477951e-05,0.0014507080195471644,0.0017590000061318278,-0.0003082919865846634
90002,65,6,1,1,0.0009523329790681601,3.250001464039087e-05,0.0005074169603176415,3.912503598257899e-05,0.0015313749900087714,0.0020158750121481717,-0.00048450002213940024
90002,66,5,0,0,0.0009304169798269868,3.270799061283469e-05,0.0007718339911662042,3.5415985621511936e-05,0.0017703749472275376,0.001669666962698102,0.00010070798452943563
90002,67,5,2,2,0.0008918330422602594,2.9624963644891977e-05,0.000994333007838577,3.545900108292699e-05,0.0019512500148266554,0.0021792500047013164,-0.00022799998987466097
90002,68,3,0,0,0.000832833000458777,2.920901170000434e-05,0.00043345795711502433,3.245804691687226e-05,0.0013279580161906779,0.0015902920276857913,-0.00026233401149511337
90002,69,3,0,0,0.0009121669572778046,3.270799061283469e-05,0.0007139170193113387,3.454199759289622e-05,0.0016933339647948742,0.0017830830183811486,-8.974905358627439e-05
90002,70,3,0,0,0.0009089580271393061,3.1750008929520845e-05,0.0012275420012883842,5.370797589421272e-05,0.002221958013251424,0.0016145000117830932,0.0006074580014683306
90002,71,3,2,2,0.0008777499897405505,3.3999967854470015e-05,0.0004935830365866423,3.629201091825962e-05,0.0014416250050999224,0.0015257909544743598,-8.416594937443733e-05
90002,72,1,1,1,0.0008246250217780471,3.037502756342292e-05,0.0004628750029951334,3.479095175862312e-05,0.0013526660040952265,0.0014227090287022293,-7.004302460700274e-05
90002,73,0,2,0,0.0007787909707985818,2.9499991796910763e-05,0.0005297920433804393,3.216695040464401e-05,0.001370249956380576,0.0014674589619971812,-9.720900561660528e-05
90002,74,0,2,0,0.0007725000032223761,2.96669895760715e-05,0.00058562500635162,3.3541000448167324e-05,0.001421332999598235,0.0016330830403603613,-0.00021175004076212645
90002,75,0,4,0,0.0007689169724471867,2.9749993700534105e-05,0.0006901250453665853,3.224995452910662e-05,0.0015210419660434127,0.0016547079430893064,-0.00013366597704589367
90002,76,0,5,0,0.0008329999982379377,3.38749960064888e-05,0.0006850840291008353,3.27499583363533e-05,0.0015847089816816151,0.0013669580221176147,0.00021775095956400037
90002,77,0,5,0,0.0007721669971942902,2.9207963962107897e-05,0.0004823339986614883,3.1875038985162973e-05,0.0013155839988030493,0.0018034169916063547,-0.0004878329928033054
90002,78,0,8,0,0.0008003329858183861,3.14170029014349e-05,0.0005356660112738609,3.5833974834531546e-05,0.0014032499748282135,0.0014786249957978725,-7.537502096965909e-05
90002,79,0,8,0,0.0008139999699778855,3.666599513962865e-05,0.0006751249893568456,3.4292053896933794e-05,0.0015600830083712935,0.0013595829950645566,0.00020050001330673695
90002,80,0,8,0,0.0008341670036315918,3.4791999496519566e-05,0.0007154159829951823,3.3917021937668324e-05,0.001618292008060962,0.0013504170347005129,0.0002678749733604491
90002,81,0,8,0,0.0008335000020451844,3.2708048820495605e-05,0.0008948339964263141,3.875000402331352e-05,0.0017997920513153076,0.0016588339931331575,0.00014095805818215013
90002,82,0,9,0,0.0008142919978126884,3.2167008612304926e-05,0.0006313329795375466,3.4750031773000956e-05,0.0015125420177355409,0.0014139169943518937,9.86250233836472e-05
90003,0,0,10,0,0.0008061249973252416,3.120902692899108e-05,0.001166915986686945,3.5999983083456755e-05,0.0020402499940246344,0.0013717080000787973,0.000668541993945837
90003,1,1,10,0,0.0008141250000335276,3.112497506663203e-05,0.0004581660032272339,3.354198997840285e-05,0.0013369579683057964,0.0016018750029616058,-0.0002649170346558094
90003,2,2,10,0,0.0008404580294154584,3.125000512227416e-05,0.0006060829618945718,3.450002986937761e-05,0.001512291026301682,0.0014039580128155649,0.00010833301348611712
90003,3,5,10,0,0.0011801659711636603,3.7416990380734205e-05,0.0013330420479178429,0.00011545798042789102,0.0026660829898901284,0.002042541978880763,0.0006235410110093653
90003,4,11,10,0,0.0010392920230515301,3.204098902642727e-05,0.0007067089900374413,3.550003748387098e-05,0.0018135420395992696,0.0019159579533152282,-0.0001024159137159586
90003,5,13,10,0,0.0010922499932348728,3.062502946704626e-05,0.0006051249802112579,3.4334021620452404e-05,0.0017623340245336294,0.001681583991739899,8.07500327937305e-05
90003,6,15,10,4,0.0011761250207200646,3.329198807477951e-05,0.0005156249972060323,4.68750367872417e-05,0.0017719170427881181,0.002044708002358675,-0.0002727909595705569
90003,7,14,6,6,0.0011424999684095383,3.245798870921135e-05,0.0005158750573173165,3.866699989885092e-05,0.001729500014334917,0.0017936670337803662,-6.416701944544911e-05
90003,8,14,0,0,0.0011659580050036311,3.320904215797782e-05,0.0006155409500934184,3.9000005926936865e-05,0.0018537080031819642,0.0017498750239610672,0.00010383297922089696
90003,9,21,0,0,0.001256332965567708,3.1542032957077026e-05,0.0005147499614395201,3.245804691687226e-05,0.0018350830068811774,0.0022055840236134827,-0.0003705010167323053
90003,10,27,0,0,0.001864749996457249,3.4582975786179304e-05,0.0005010419990867376,3.3958000130951405e-05,0.0024343329714611173,0.0019743749871850014,0.0004599579842761159
90003,11,32,0,0,0.0015007919864729047,3.287498839199543e-05,0.0005624160403385758,3.712496254593134e-05,0.0021332079777494073,0.002791833016090095,-0.0006586250383406878
90003,12,33,0,0,0.0015844579902477562,3.312499029561877e-05,0.0005497920210473239,3.3374992199242115e-05,0.002200749993789941,0.003310042025987059,-0.0011092920321971178
90003,13,36,0,0,0.0015845830203033984,3.037502756342292e-05,0.000584541994612664,3.608298720791936e-05,0.0022355830296874046,0.002495915978215635,-0.0002603329485282302
90003,14,40,2,2,0.0020389590063132346,3.4374999813735485e-05,0.0007999579538591206,3.700004890561104e-05,0.0029102920088917017,0.0032507500145584345,-0.0003404580056667328
90003,15,41,1,1,0.001758041966240853,3.279204247519374e-05,0.0005360409850254655,3.3750024158507586e-05,0.00236062501790002,0.00257650000276044,-0.00021587498486042023
90003,16,42,3,3,0.0018128340016119182,3.21249826811254e-05,0.0015170830301940441,3.483297768980265e-05,0.0033968749921768904,0.0024738330394029617,0.0009230419527739286
90003,17,41,1,1,0.0017897079815156758,3.254198236390948e-05,0.0006398750119842589,3.5541015677154064e-05,0.0024976659915409982,0.002377541968598962,0.00012012402294203639
90003,18,41,0,0,0.0017148750484921038,3.174995072185993e-05,0.0009055830305442214,3.32500203512609e-05,0.002685458050109446,0.0023608329938724637,0.00032462505623698235
90003,19,43,1,1,0.0017480420065112412,3.145798109471798e-05,0.0008068340248428285,3.504101186990738e-05,0.002621375024318695,0.002621124964207411,2.50060111284256e-07
90003,20,42,0,0,0.0017658750293776393,3.1791976653039455e-05,0.0008856670465320349,3.708299482241273e-05,0.0027204170473851264,0.002459458017256111,0.00026095903012901545
90003,21,42,0,0,0.0018313750042580068,3.2374984584748745e-05,0.0008890420431271195,3.320799442008138e-05,0.0027860000263899565,0.0026746669900603592,0.00011133303632959723
90003,22,42,0,0,0.001741332991514355,3.1584000680595636e-05,0.00067829096224159,3.395904786884785e-05,0.0024851670023053885,0.0023833749582991004,0.00010179204400628805
90003,23,42,1,1,0.0017767079989425838,3.3208983950316906e-05,0.0006334580248221755,3.4917029552161694e-05,0.002478292037267238,0.0024180839536711574,6.020808359608054e-05
90003,24,41,2,2,0.0017506250296719372,3.1790987122803926e-05,0.0007364589837379754,3.479100996628404e-05,0.0025536660104990005,0.0024069169885478914,0.00014674902195110917
90003,25,39,2,2,0.0016866250080056489,3.1374976970255375e-05,0.0005855840281583369,3.6165991332381964e-05,0.002339750004466623,0.0024598329910077155,-0.0001200829865410924
90003,26,37,0,0,0.0015984170022420585,5.329097621142864e-05,0.0015052499948069453,3.583403304219246e-05,0.003192792006302625,0.0023275830317288637,0.0008652089745737612
90003,27,37,2,2,0.0017046249704435468,3.450002986937761e-05,0.0011876249918714166,3.808399196714163e-05,0.0029648339841514826,0.00240958301583305,0.0005552509683184326
90003,28,35,0,0,0.001579916977789253,3.120803739875555e-05,0.0007397499866783619,3.32500203512609e-05,0.0023841250222176313,0.002534499973990023,-0.0001503749517723918
90003,29,35,0,0,0.0015801670379005373,3.3999967854470015e-05,0.0005804160027764738,3.60840349458158e-05,0.002230667043477297,0.0023170000058598816,-8.633296238258481e-05
90003,30,35,0,0,0.0015669160056859255,3.0166993383318186e-05,0.0007970000151544809,3.3333024475723505e-05,0.002427416038699448,0.002285416005179286,0.0001420000335201621
90003,31,35,2,2,0.0015805840375833213,3.083300543949008e-05,0.0008388329879380763,3.38749960064888e-05,0.0024841250269673765,0.0023132499773055315,0.00017087504966184497
90003,32,33,1,1,0.0015259999781847,3.125000512227416e-05,0.0008972500218078494,3.479100996628404e-05,0.0024892910150811076,0.002345625020097941,0.00014366599498316646
90003,33,32,0,0,0.0015552080003544688,3.400002606213093e-05,0.0005332090076990426,3.424996975809336e-05,0.0021566670038737357,0.0024821669794619083,-0.0003254999755881727
90003,34,32,0,0,0.001576708978973329,3.0291033908724785e-05,0.0007800419698469341,3.412499791011214e-05,0.0024211669806391,0.0025537910405546427,-0.0001326240599155426
90003,35,32,1,1,0.0014744579675607383,2.9958027880638838e-05,0.0006084999768063426,3.5208999179303646e-05,0.0021481249714270234,0.002498083980754018,-0.0003499590093269944
90003,36,31,0,0,0.0015102920006029308,3.166700480505824e-05,0.0005792499869130552,3.38749960064888e-05,0.002155083988327533,0.0021416660165414214,1.3417971786111593e-05
90003,37,31,3,3,0.0014896659995429218,3.154197474941611e-05,0.000865417008753866,3.574998117983341e-05,0.0024223749642260373,0.0020932090119458735,0.00032916595228016376
90003,38,28,2,2,0.0014412089949473739,3.079103771597147e-05,0.0009080419549718499,3.5333039704710245e-05,0.0024153750273399055,0.0020075419452041388,0.00040783308213576674
90003,39,26,0,0,0.0013582909596152604,3.166700480505824e-05,0.0005021670367568731,3.4457945730537176e-05,0.001926582946907729,0.0023092920309863985,-0.00038270908407866955
90003,40,26,1,1,0.0013912499998696148,3.066699719056487e-05,0.0006117500015534461,3.3916032407432795e-05,0.0020675830310210586,0.001981500012334436,8.608301868662238e-05
90003,41,25,1,1,0.001373582985252142,3.229198046028614e-05,0.0007671250496059656,3.51249473169446e-05,0.0022081249626353383,0.0021946249762549996,1.3499986380338669e-05
90003,42,24,0,0,0.001323333999607712,3.129098331555724e-05,0.0006705839768983424,3.258301876485348e-05,0.002057791978586465,0.001906124991364777,0.00015166698722168803
90003,43,24,0,0,0.0013455409789457917,3.08750313706696e-05,0.0006242499803192914,3.350002225488424e-05,0.002034166012890637,0.0018888749764300883,0.00014529103646054864
90003,44,24,1,1,0.0013187500298954546,3.120797919109464e-05,0.0007775420090183616,3.6375015042722225e-05,0.002163875033147633,0.002617457997985184,-0.0004535829648375511
90003,45,23,5,5,0.0013220830005593598,3.2791984267532825e-05,0.0005603749887086451,3.9000005926936865e-05,0.0019542499794624746,0.0023141250130720437,-0.00035987503360956907
90003,46,18,2,2,0.0011789159616455436,3.0499999411404133e-05,0.0008406669949181378,3.2917014323174953e-05,0.0020829999702982605,0.002140500000678003,-5.7500030379742384e-05
90003,47,16,0,0,0.001148916024249047,3.0374969355762005e-05,0.0005013340269215405,3.5999983083456755e-05,0.0017166250036098063,0.001759124977979809,-4.2499974370002747e-05
90003,48,16,1,1,0.0011921250261366367,3.308302257210016e-05,0.0008847499848343432,3.629201091825962e-05,0.0021462500444613397,0.0018421249696984887,0.000304125074762851
90003,49,15,1,1,0.001155374979134649,3.283302066847682e-05,0.0005216249846853316,3.512500552460551e-05,0.001744957990013063,0.0017170420032925904,2.7915986720472574e-05
90003,50,14,1,1,0.001150666968896985,3.600004129111767e-05,0.0005607499624602497,3.50000336766243e-05,0.0017824170063249767,0.002379957993980497,-0.0005975409876555204
90003,51,13,0,0,0.0010924169910140336,3.0916009563952684e-05,0.0004646249581128359,3.308401210233569e-05,0.0016210419707931578,0.0019977909978479147,-0.0003767490270547569
90003,52,13,0,0,0.0010813749977387488,3.0125025659799576e-05,0.0004736249684356153,3.2750016544014215e-05,0.0016178750083781779,0.0022409590310417116,-0.0006230840226635337
90003,53,13,0,0,0.0010759580181911588,2.9374961741268635e-05,0.0007836250006221235,3.529200330376625e-05,0.0019242499838583171,0.0016042909701354802,0.00031995901372283697
90003,54,13,1,1,0.0010769590153358877,3.15000070258975e-05,0.0005207500071264803,3.3582968171685934e-05,0.0016627919976599514,0.0018028749618679285,-0.00014008296420797706
90003,55,12,1,1,0.0010356659768149257,2.920901170000434e-05,0.0009617499890737236,3.2125040888786316e-05,0.00205875001847744,0.0018942920141853392,0.00016445800429210067
90003,56,11,5,5,0.0010230840416625142,3.0416005756706e-05,0.0010292499791830778,3.9417005609720945e-05,0.002122167032212019,0.001957333995960653,0.00016483303625136614
90003,57,6,2,2,0.0009591669659130275,3.304198617115617e-05,0.0007541660452261567,3.616698086261749e-05,0.001782541978172958,0.001601374999154359,0.0001811669790185988
90003,58,4,0,0,0.0009333329508081079,3.5167031455785036e-05,0.0005521670100279152,3.4582975786179304e-05,0.0015552499680779874,0.0014503340353257954,0.00010491593275219202
90003,59,4,2,2,0.000917209021281451,3.220798680558801e-05,0.0006672919844277203,3.5165983717888594e-05,0.001651874976232648,0.0017375000170432031,-8.562504081055522e-05
90003,60,2,3,2,0.0008608750067651272,3.3958000130951405e-05,0.00048145896289497614,3.5750039387494326e-05,0.001412042009178549,0.0013520839856937528,5.9958023484796286e-05
90003,61,0,2,0,0.0007897079922258854,2.9958027880638838e-05,0.0004291669465601444,3.241701051592827e-05,0.001281249977182597,0.001359917048830539,-7.866707164794207e-05
90003,62,0,3,0,0.0007755830301903188,2.9999995604157448e-05,0.0012301669921725988,3.6999990697950125e-05,0.0020727500086650252,0.0014464999549090862,0.000626250053755939
90003,63,0,4,0,0.0008356670150533319,3.6416982766240835e-05,0.0005419579683803022,3.583304351195693e-05,0.0014498750097118318,0.0013560000224970281,9.38749872148037e-05
90003,64,0,5,0,0.0007971670129336417,3.1790987122803926e-05,0.000502042006701231,3.287498839199543e-05,0.001363874995149672,0.0016324169700965285,-0.0002685419749468565
90003,65,0,5,0,0.0007981249946169555,3.100000321865082e-05,0.0010929160052910447,3.4334021620452404e-05,0.0019563750247471035,0.0013350420049391687,0.0006213330198079348
90003,66,0,6,0,0.000829625001642853,3.308401210233569e-05,0.00046454102266579866,3.429199568927288e-05,0.0013615420321002603,0.0019087500404566526,-0.0005472080083563924
90004,0,0,10,0,0.000814792001619935,3.200001083314419e-05,0.00048054096987470984,3.408401971682906e-05,0.0013614170020446181,0.0014071250334382057,-4.570803139358759e-05
90004,1,2,10,0,0.0008266250370070338,3.066699719056487e-05,0.0006856659892946482,3.354198997840285e-05,0.0015765000134706497,0.001880333002191037,-0.0003038329887203872
90004,2,2,10,0,0.0008307919488288462,3.1167000997811556e-05,0.0014397500199265778,3.350002225488424e-05,0.00233520899200812,0.0018806669977493584,0.0004545419942587614
90004,3,4,10,0,0.0008709169924259186,3.0458031687885523e-05,0.0006596669554710388,3.441603621467948e-05,0.0015954580157995224,0.0014850420411676168,0.00011041597463190556
90004,4,7,10,0,0.0009814169607125223,3.550003748387098e-05,0.000829625001642853,3.3374992199242115e-05,0.0018799169920384884,0.0014828330022282898,0.00039708398981019855
90004,5,14,10,0,0.001151332980953157,3.4750031773000956e-05,0.00076149997767061,3.487500362098217e-05,0.00198245799401775,0.0017013750039041042,0.0002810829901136458
90004,6,17,10,8,0.00117891700938344,3.200001083314419e-05,0.00090879196068272,3.908301005139947e-05,0.0021587919909507036,0.0023511669714935124,-0.00019237498054280877
90004,7,11,2,2,0.0010136250057257712,3.454199759289622e-05,0.0009402910363860428,3.6874960642308e-05,0.0020253330003470182,0.0022055829758755863,-0.00018024997552856803
90004,8,13,0,0,0.0010705830063670874,3.041699528694153e-05,0.0007441249908879399,3.258301876485348e-05,0.0018777080113068223,0.00245329097378999,-0.0005755829624831676
90004,9,18,0,0,0.0011894169729202986,3.091699909418821e-05,0.0013129580183885992,3.412499791011214e-05,0.002567416988313198,0.0022285840241238475,0.0003388329641893506
90004,10,22,0,0,0.0014039590023458004,6.325001595541835e-05,0.0017302909982390702,3.5584031138569117e-05,0.003233084047678858,0.002083249972201884,0.0011498340754769742
90004,11,24,1,1,0.0013437499874271452,4.5791035518050194e-05,0.001962791953701526,5.150004290044308e-05,0.0034038330195471644,0.003196750010829419,0.00020708300871774554
90004,12,33,0,0,0.0015713339671492577,3.8416008464992046e-05,0.0012044589966535568,6.36660261079669e-05,0.0028778749983757734,0.0032761250040493906,-0.0003982500056736171
90004,13,36,0,0,0.0016337079578079283,3.825000021606684e-05,0.0013122920063324273,3.937497967854142e-05,0.003023624944034964,0.002802708011586219,0.00022091693244874477
90004,14,38,1,1,0.0016916249878704548,4.187499871477485e-05,0.001165167021099478,5.3165946155786514e-05,0.002951832953840494,0.002676291042007506,0.00027554191183298826
90004,15,45,2,2,0.0018714170437306166,5.7790952268987894e-05,0.0007713750237599015,6.308400770649314e-05,0.002763667027465999,0.003363374969922006,-0.000599707942456007
90004,16,46,3,3,0.0019217919907532632,3.774999640882015e-05,0.0006666670087724924,4.962499951943755e-05,0.0026758339954540133,0.0030257920152507722,-0.0003499580197967589
90004,17,43,0,0,0.001803375023882836,4.274997627362609e-05,0.0008725840016268194,3.908301005139947e-05,0.002757792011834681,0.0028868340305052698,-0.00012904201867058873
90004,18,43,1,1,0.0017992079956457019,3.6750047001987696e-05,0.0010814169654622674,5.1458016969263554e-05,0.0029688330250792205,0.0028423749608919024,0.0001264580641873181
90004,19,42,0,0,0.0017474580090492964,3.7833990063518286e-05,0.0018382910056971014,0.00012566702207550406,0.00374925002688542,0.0025802499731071293,0.0011690000537782907
90004,20,42,1,1,0.001808249973692,3.704102709889412e-05,0.0007036669994704425,3.8207974284887314e-05,0.002587165974546224,0.00273070897674188,-0.0001435430021956563
90004,21,41,1,1,0.0017767090466804802,3.374996595084667e-05,0.000623291009105742,3.749999450519681e-05,0.0024712500162422657,0.002702334022615105,-0.0002310840063728392
90004,22,40,0,0,0.0016837919829413295,7.004197686910629e-05,0.0013810410164296627,4.170899046584964e-05,0.003176583966705948,0.002454209025017917,0.000722374941688031
90004,23,40,2,2,0.0017541249981150031,3.6582991015166044e-05,0.000567584007512778,3.866601036861539e-05,0.0023969580070115626,0.002791999955661595,-0.0003950419486500323
90004,24,38,0,0,0.0016445000073872507,3.204203676432371e-05,0.0008173749665729702,3.504200140014291e-05,0.0025289590121246874,0.0023388330009765923,0.00019012601114809513
90004,25,38,1,1,0.0016492920112796128,3.1790987122803926e-05,0.0007897919858805835,3.5792007111012936e-05,0.002506666991394013,0.0025341250002384186,-2.7458008844405413e-05
90004,26,37,2,2,0.0016227500163950026,3.691698657348752e-05,0.000605916022323072,3.362499410286546e-05,0.0022992080193944275,0.002441624994389713,-0.00014241697499528527
90004,27,35,0,0,0.0016606670105829835,3.8040976505726576e-05,0.0005848340224474669,5.508301546797156e-05,0.0023386250250041485,0.002770541002973914,-0.00043191597796976566
90004,28,35,1,1,0.001602709002327174,3.32500203512609e-05,0.0005977500113658607,3.787496825680137e-05,0.002271584002301097,0.0022982910159043968,-2.6707013603299856e-05
90004,29,34,0,0,0.001553917012643069,3.179203486070037e-05,0.0005724999937228858,3.587495302781463e-05,0.00219408399425447,0.002479374990798533,-0.0002852909965440631
90004,30,34,0,0,0.0015276249614544213,4.0583021473139524e-05,0.0007517500198446214,3.3832970075309277e-05,0.0023537909728474915,0.002670957997906953,-0.0003171670250594616
90004,31,34,1,1,0.001585999969393015,3.208400448784232e-05,0.0005743750371038914,3.5040953662246466e-05,0.002227499964646995,0.002669124980457127,-0.000441625015810132
90004,32,33,3,3,0.0015638750046491623,3.38749960064888e-05,0.0012934170081280172,3.929098602384329e-05,0.0029304579948075116,0.0024103340110741556,0.000520123983733356
90004,33,30,3,3,0.0014328340184874833,3.10409814119339e-05,0.0005119169945828617,3.4333032090216875e-05,0.0020101250265724957,0.002844999951776117,-0.0008348749252036214
90004,34,27,0,0,0.001659874978940934,7.266603643074632e-05,0.001144916983321309,6.22920342721045e-05,0.002939750032965094,0.002059207996353507,0.0008805420366115868
90004,35,27,1,1,0.0014287920203059912,6.091600516811013e-05,0.0008269999525509775,3.587501123547554e-05,0.0023525829892605543,0.002722041041124612,-0.0003694580518640578
90004,36,26,1,1,0.0013834580313414335,3.3833959605544806e-05,0.0005336250178515911,3.608298720791936e-05,0.001986999996006489,0.0022090839920565486,-0.0002220839960500598
90004,37,25,0,0,0.0013590839807875454,3.200001083314419e-05,0.0005140409921295941,3.308401210233569e-05,0.0019382089958526194,0.002157541981432587,-0.0002193329855799675
90004,38,25,1,1,0.0013335419935174286,3.1125033274292946e-05,0.000830999983008951,3.462500171735883e-05,0.0022302920115180314,0.0023967919987626374,-0.00016649998724460602
90004,39,24,0,0,0.0013947920524515212,3.62499849870801e-05,0.0010726249893195927,3.5582983400672674e-05,0.0025392500101588666,0.0023127919994294643,0.0002264580107294023
90004,40,24,0,0,0.0013049590052105486,3.066600766032934e-05,0.0008419170044362545,3.374996595084667e-05,0.002211291983257979,0.001976875006221235,0.00023441697703674436
90004,41,24,4,4,0.0013903339859098196,5.5957993026822805e-05,0.000808292010333389,3.787496825680137e-05,0.002292458957526833,0.0026664999895729125,-0.00037404103204607964
90004,42,20,2,2,0.0012870000209659338,3.129098331555724e-05,0.0005524589796550572,5.716603482142091e-05,0.0019279160187579691,0.0019228750024922192,5.041016265749931e-06
90004,43,18,2,2,0.0011931249755434692,3.137503517791629e-05,0.000526999996509403,3.56250093318522e-05,0.0017871250165626407,0.0018270410364493728,-3.99160198867321e-05
90004,44,16,0,0,0.0011722079943865538,3.266701241955161e-05,0.0004905830137431622,3.350002225488424e-05,0.0017289580428041518,0.0019017919548787177,-0.0001728339120745659
90004,45,16,2,2,0.0011931660119444132,3.6375015042722225e-05,0.000667500018607825,4.012498538941145e-05,0.001937166030984372,0.0018031660001724958,0.00013400003081187606
90004,46,14,1,1,0.0011087910388596356,3.2917014323174953e-05,0.0006977499579079449,3.57080134563148e-05,0.0018751660245470703,0.0021474160021170974,-0.0002722499775700271
90004,47,13,0,0,0.0011436669738031924,3.862503217533231e-05,0.0009246249683201313,4.195800283923745e-05,0.0021488749771378934,0.00183908297913149,0.00030979199800640345
90004,48,13,0,0,0.0010637499508447945,3.137503517791629e-05,0.0005034169880673289,3.2540992833673954e-05,0.0016310829669237137,0.0017398750060237944,-0.00010879203910008073
90004,49,13,3,3,0.0011055839713662863,3.195804310962558e-05,0.0009359579998999834,3.887497587129474e-05,0.00211237499024719,0.0020669159712269902,4.5459019020199776e-05
90004,50,10,4,4,0.0010378329898230731,3.3542048186063766e-05,0.0008508749888278544,3.850000211969018e-05,0.0019607500289566815,0.001718208019156009,0.00024254200980067253
90004,51,6,2,2,0.0009018750279210508,3.0750001315027475e-05,0.0004443340003490448,3.404100425541401e-05,0.001411000033840537,0.0015472090453840792,-0.00013620901154354215
90004,52,4,1,1,0.0008854999905452132,3.100000321865082e-05,0.0005878329975530505,3.604200901463628e-05,0.0015403750003315508,0.0016568329883739352,-0.00011645798804238439
90004,53,3,0,0,0.0012422080035321414,3.425002796575427e-05,0.0008246669895015657,0.0001142079709097743,0.0022153329919092357,0.0023079999955371022,-9.26670036278665e-05
90004,54,3,1,1,0.0008761670324020088,3.1333009246736765e-05,0.0006977089797146618,3.308302257210016e-05,0.0016382920439355075,0.0020615410176105797,-0.0004232489736750722
90004,55,2,3,2,0.0008757910109125078,3.5375007428228855e-05,0.00060841697268188,3.724999260157347e-05,0.00155683298362419,0.0024448339827358723,-0.0008880009991116822
90004,56,0,4,0,0.0007659170078113675,3.0166993383318186e-05,0.000692749978043139,3.208301495760679e-05,0.0015209169941954315,0.0018552499823272228,-0.00033433298813179135
90004,57,0,8,0,0.0008028749725781381,3.058300353586674e-05,0.0004901670035906136,3.2750016544014215e-05,0.0013563749962486327,0.0013594580232165754,-3.0830269679427147e-06
90005,0,1,10,0,0.0008307920070365071,3.583298530429602e-05,0.0004820000031031668,3.654201282188296e-05,0.001385167008265853,0.0013451249687932432,4.004203947260976e-05
90005,1,2,10,0,0.0008360830252058804,3.112497506663203e-05,0.00114641705295071,3.649998689070344e-05,0.002050125040113926,0.0024863340076990426,-0.0004362089675851166
90005,2,4,10,0,0.0009197500185109675,3.479100996628404e-05,0.0008130419882945716,3.512500552460551e-05,0.0018027080222964287,0.0017796250176616013,2.3083004634827375e-05
90005,3,8,10,0,0.001014959008898586,3.3999967854470015e-05,0.0007863330538384616,3.579194890335202e-05,0.0018710839794948697,0.0015633750008419156,0.0003077089786529541
90005,4,12,10,0,0.0010406250366941094,3.0790979508310556e-05,0.0004915419849567115,3.32500203512609e-05,0.0015962080215103924,0.0017955829971469939,-0.00019937497563660145
90005,5,17,10,7,0.0011838750215247273,3.4374999813735485e-05,0.0007628750172443688,4.329101648181677e-05,0.0020244160550646484,0.002348167006857693,-0.0003237509517930448
90005,6,11,3,3,0.0010196249932050705,3.137503517791629e-05,0.0005104590090923011,3.683299291878939e-05,0.0015982920303940773,0.002201166993472725,-0.0006028749630786479
90005,7,11,0,0,0.0010796250426210463,3.26669542118907e-05,0.0009430409991182387,5.4292031563818455e-05,0.002109625027514994,0.0023391669965349138,-0.00022954196901991963
90005,8,16,0,0,0.0011265840148553252,3.1832954846322536e-05,0.0007146670250222087,4.2458006646484137e-05,0.0019155420013703406,0.001765000051818788,0.00015054194955155253
90005,9,20,0,0,0.001300834002904594,3.3999967854470015e-05,0.0005398330395109951,3.4999975468963385e-05,0.0019096669857390225,0.0019345410401001573,-2.4874054361134768e-05
90005,10,26,0,0,0.0013517499901354313,3.15000070258975e-05,0.000540791021194309,3.391696373000741e-05,0.001957957982085645,0.0022799999569542706,-0.0003220419748686254
90005,11,31,1,1,0.0015229159616865218,3.662501694634557e-05,0.0006697500357404351,3.858399577438831e-05,0.0022678750101476908,0.0021016669925302267,0.00016620801761746407
90005,12,33,1,1,0.0015254170284606516,3.120797919109464e-05,0.0013328340137377381,3.6999990697950125e-05,0.0029264590120874345,0.0026670829975046217,0.0002593760145828128
90005,13,34,0,0,0.0015667920233681798,3.20419785566628e-05,0.0011142910225316882,3.366696182638407e-05,0.002746791986282915,0.0027120000449940562,3.479194128885865e-05
90005,14,39,2,2,0.0017277500010095537,3.7333054933696985e-05,0.000882791995536536,3.729097079485655e-05,0.002685166022274643,0.002731541986577213,-4.637596430256963e-05
90005,15,41,2,2,0.0017725409707054496,3.6959012504667044e-05,0.0008731660200282931,3.55839729309082e-05,0.002718249976169318,0.0030691669671796262,-0.00035091699101030827
90005,16,40,2,2,0.0017463749973103404,4.437501775100827e-05,0.0015963749610818923,4.495802568271756e-05,0.0034320830018259585,0.0026808750117197633,0.0007512079901061952
90005,17,42,0,0,0.001738124992698431,3.512500552460551e-05,0.000936332973651588,3.4292053896933794e-05,0.0027438750257715583,0.0027167079970240593,2.716702874749899e-05
90005,18,42,1,1,0.001709542004391551,3.2167008612304926e-05,0.0006256250198930502,3.529095556586981e-05,0.002402624988462776,0.0025040830369107425,-0.00010145804844796658
90005,19,41,1,1,0.0017256250139325857,4.9708003643900156e-05,0.0009138339664787054,3.6541023291647434e-05,0.0027257080073468387,0.002353625022806227,0.0003720829845406115
90005,20,40,0,0,0.0017176669789478183,3.3875054214149714e-05,0.0008348329574801028,3.50000336766243e-05,0.002621375024318695,0.002680665988009423,-5.929096369072795e-05
90005,21,40,0,0,0.0016746249748393893,3.2167008612304926e-05,0.000706541002728045,3.474997356534004e-05,0.0024480829597450793,0.0027797920047305524,-0.00033170904498547316
90005,22,40,0,0,0.001776541001163423,7.40840332582593e-05,0.0006877079722471535,3.470800584182143e-05,0.0025730410125106573,0.002563917019870132,9.123992640525103e-06
90005,23,40,0,0,0.0017032500472851098,3.074994310736656e-05,0.0005593750393018126,3.55839729309082e-05,0.002328959002625197,0.002619916049297899,-0.00029095704667270184
90005,24,40,1,1,0.0016781669692136347,3.0792027246207e-05,0.0006534999702125788,3.420800203457475e-05,0.0023966669687069952,0.002313958015292883,8.270895341411233e-05
90005,25,39,0,0,0.0016823330079205334,3.149994881823659e-05,0.0005225420463830233,3.3415970392525196e-05,0.0022697909735143185,0.0024643329670652747,-0.00019454199355095625
90005,26,39,0,0,0.0017533330246806145,3.370898775756359e-05,0.0005254580173641443,3.5999983083456755e-05,0.002348500012885779,0.003516083990689367,-0.001167583977803588
90005,27,39,0,0,0.001667166012339294,3.200001083314419e-05,0.0006223749951459467,3.4791999496519566e-05,0.0023563330178149045,0.0029722920153290033,-0.0006159589975140989
90005,28,39,0,0,0.0016715420060791075,3.2125040888786316e-05,0.0015467919874936342,0.00015799998072907329,0.0034084590151906013,0.0024620420299470425,0.0009464169852435589
90005,29,39,3,3,0.00166787498164922,3.2374984584748745e-05,0.0005365420365706086,3.574998117983341e-05,0.0022725419839844108,0.0027074170066043735,-0.0004348750226199627
90005,30,36,1,1,0.0015587919624522328,3.1125033274292946e-05,0.0006389169720932841,3.3791002351790667e-05,0.0022626249701716006,0.0023834999883547425,-0.00012087501818314195
90005,31,35,2,2,0.001571625005453825,3.179203486070037e-05,0.0005687079974450171,3.7041958421468735e-05,0.002209166996181011,0.002467250043991953,-0.00025808304781094193
90005,32,33,1,1,0.0014870839659124613,2.9666000045835972e-05,0.0013433340354822576,3.4541008062660694e-05,0.0028946250095032156,0.0021169169922359288,0.0007777080172672868
90005,33,32,0,0,0.0015366250299848616,3.1790987122803926e-05,0.0008774999878369272,3.4334021620452404e-05,0.002480250026565045,0.0025753749650903046,-9.51249385252595e-05
90005,34,32,1,1,0.001537624979391694,3.6959012504667044e-05,0.0005641250172629952,3.6040961276739836e-05,0.002174749970436096,0.002688625012524426,-0.0005138750420883298
90005,35,31,1,1,0.001470999966841191,3.2709038350731134e-05,0.000624332984443754,4.63749747723341e-05,0.0021744169644080102,0.0027531249797903,-0.0005787080153822899
90005,36,30,0,0,0.0014576660469174385,3.374996595084667e-05,0.0008014169870875776,3.4333032090216875e-05,0.0023271660320460796,0.0021208340185694396,0.00020633201347663999
90005,37,30,0,0,0.0014256660360842943,3.0499999411404133e-05,0.0005912499618716538,3.787502646446228e-05,0.0020852910238318145,0.002154666988644749,-6.93759648129344e-05
90005,38,30,0,0,0.0014734580181539059,3.091699909418821e-05,0.0006153750000521541,3.262498648837209e-05,0.0021523750037886202,0.0020581669523380697,9.420805145055056e-05
90005,39,30,0,0,0.001459375023841858,3.045797348022461e-05,0.0008132090442813933,3.287498839199543e-05,0.0023359170299954712,0.0022705000010319054,6.541702896356583e-05
90005,40,30,1,1,0.0014792080037295818,3.5582983400672674e-05,0.001272000023163855,3.816699609160423e-05,0.002824958006385714,0.002751833002548665,7.312500383704901e-05
90005,41,29,0,0,0.0014648750075139105,3.354198997840285e-05,0.0006326250149868429,3.5416975151747465e-05,0.0021664589876309037,0.002256082952953875,-8.962396532297134e-05
90005,42,29,1,1,0.001452915952540934,3.241701051592827e-05,0.0005209170049056411,3.420800203457475e-05,0.002040457969997078,0.0025500410120002925,-0.0005095830420032144
90005,43,28,0,0,0.0014370830031111836,3.20419785566628e-05,0.0012637910549528897,3.566697705537081e-05,0.002768583013676107,0.0022986250114627182,0.0004699580022133887
90005,44,28,3,3,0.0013780000153928995,3.0333001632243395e-05,0.0005911249900236726,3.779196413233876e-05,0.0020372499711811543,0.0023581249988637865,-0.0003208750276826322
90005,45,25,1,1,0.0013831669930368662,3.374996595084667e-05,0.0007164999842643738,3.608304541558027e-05,0.002169499988667667,0.001990417018532753,0.00017908297013491392
90005,46,24,0,0,0.0013540000072680414,3.145902883261442e-05,0.0010183749836869538,3.7582998629659414e-05,0.002441417018417269,0.00193070899695158,0.0005107080214656889
90005,47,24,1,1,0.0013308749767020345,3.0957977287471294e-05,0.001008375023957342,3.4917029552161694e-05,0.0024051250074990094,0.0019250829936936498,0.0004800420138053596
90005,48,23,1,1,0.0013412080006673932,4.620896652340889e-05,0.0007711660000495613,4.0417013224214315e-05,0.0021989999804645777,0.002734375011641532,-0.0005353750311769545
90005,49,22,1,1,0.0012978329905308783,4.0000013541430235e-05,0.0009101670002564788,4.0457991417497396e-05,0.0022884579957462847,0.0021425829618237913,0.00014587503392249346
90005,50,21,0,0,0.0013031670241616666,3.2540992833673954e-05,0.0005490420153364539,4.1207997128367424e-05,0.001925958029460162,0.0020387499826028943,-0.00011279195314273238
90005,51,21,0,0,0.0013868749956600368,3.504200140014291e-05,0.001148790994193405,4.933401942253113e-05,0.0026200420106761158,0.002799667010549456,-0.00017962499987334013
90005,52,21,2,2,0.0012656670296564698,3.200001083314419e-05,0.0010540419607423246,3.74580267816782e-05,0.002389167028013617,0.0023392500006593764,4.991702735424042e-05
90005,53,19,0,0,0.0012430420028977096,3.2374984584748745e-05,0.0005887500010430813,3.787502646446228e-05,0.001902042014990002,0.002050416951533407,-0.00014837493654340506
90005,54,19,1,1,0.0012637499603442848,3.266701241955161e-05,0.001094167004339397,3.474997356534004e-05,0.0024253339506685734,0.0026025830302387476,-0.00017724907957017422
90005,55,18,0,0,0.0011739999754354358,3.566598752513528e-05,0.0006952500552870333,3.554194699972868e-05,0.001940457965247333,0.002459915995132178,-0.000519458029884845
90005,56,18,3,3,0.001168707967735827,2.916704397648573e-05,0.0010226249578408897,3.68330511264503e-05,0.0022573330206796527,0.002279458974953741,-2.2125954274088144e-05
90005,57,15,1,1,0.0011378329945728183,3.112497506663203e-05,0.0011269170208834112,4.295801045373082e-05,0.0023388330009765923,0.002122625010088086,0.00021620799088850617
90005,58,14,0,0,0.0011519580148160458,4.6707980800420046e-05,0.0021264590322971344,3.474997356534004e-05,0.0033598750014789402,0.0023858329514041543,0.000974042050074786
90005,59,14,1,1,0.0011177079868502915,3.15000070258975e-05,0.0010084999958053231,3.4374999813735485e-05,0.0021920829894952476,0.0023521659895777702,-0.00016008300008252263
90005,60,13,1,1,0.0010859579779207706,3.0708033591508865e-05,0.0007730840006843209,3.483297768980265e-05,0.001924582989886403,0.002131542016286403,-0.00020695902639999986
90005,61,12,1,1,0.001162583997938782,8.012499893084168e-05,0.001071083010174334,6.304198177531362e-05,0.0023768339888192713,0.002037250029388815,0.00033958395943045616
90005,62,11,0,0,0.0010761250159703195,3.69579647667706e-05,0.001392834004946053,0.000140833028126508,0.002646750013809651,0.0022250000038184226,0.0004217500099912286
90005,63,11,0,0,0.001049000013154,3.2791984267532825e-05,0.0004877499886788428,3.770802868530154e-05,0.0016072500147856772,0.00200674997176975,-0.0003994999569840729
90005,64,11,0,0,0.0010266660246998072,3.2334006391465664e-05,0.0006527499645017087,3.925000783056021e-05,0.0017510000034235418,0.0020452499738894403,-0.0002942499704658985
90005,65,11,2,2,0.001067332981619984,3.270799061283469e-05,0.0007082500378601253,3.662501694634557e-05,0.0018449160270392895,0.0021722909878008068,-0.0003273749607615173
90005,66,9,0,0,0.0010106670088134706,3.1333009246736765e-05,0.00150245800614357,6.608397234231234e-05,0.0026105419965460896,0.0018202090286649764,0.0007903329678811133
90005,67,9,1,1,0.0013909580302424729,3.629201091825962e-05,0.0008351249853149056,3.529101377353072e-05,0.002297666040249169,0.002394749957602471,-9.708391735330224e-05
90005,68,8,1,1,0.0009714580373838544,3.5582983400672674e-05,0.0008270840044133365,4.562496906146407e-05,0.0018797499942593277,0.0015577499871142209,0.0003220000071451068
90005,69,7,1,1,0.0009583329665474594,3.512500552460551e-05,0.00047141703544184566,3.712496254593134e-05,0.0015019999700598419,0.0016596670029684901,-0.00015766703290864825
90005,70,6,1,1,0.000948290980886668,4.070898285135627e-05,0.0008244580239988863,4.170800093561411e-05,0.0018551659886725247,0.0015647499822080135,0.00029041600646451116
90005,71,5,1,1,0.0008942080312408507,3.0333001632243395e-05,0.0004469169653020799,3.5167031455785036e-05,0.001406625029630959,0.0019115000031888485,-0.0005048749735578895
90005,72,4,0,0,0.0008677500300109386,3.0750001315027475e-05,0.00044870900455862284,3.3832970075309277e-05,0.0013810420059598982,0.0014392919838428497,-5.82499778829515e-05
90005,73,4,1,1,0.0009210419957526028,3.333296626806259e-05,0.0016040420159697533,7.075001485645771e-05,0.0026291669928468764,0.0018277079798281193,0.0008014590130187571
90005,74,3,1,1,0.0008867080323398113,3.187498077750206e-05,0.0013381249736994505,0.00012858305126428604,0.00238529103808105,0.0015895409742370248,0.0007957500638440251
90005,75,2,1,1,0.0008155410178005695,2.983398735523224e-05,0.0011092079803347588,0.00011000002268701792,0.0020645830081775784,0.001349708007182926,0.0007148750009946525
90005,76,1,0,0,0.000825249997433275,3.3374992199242115e-05,0.0007703329902142286,4.729203647002578e-05,0.0016762500163167715,0.0016693329671397805,6.917049176990986e-06
90005,77,1,1,1,0.0008214999688789248,5.758303450420499e-05,0.0007461250061169267,3.837497206404805e-05,0.0016635829815641046,0.0013932500150986016,0.000270332966465503
90005,78,0,2,0,0.0008558749686926603,3.4791999496519566e-05,0.0015012080548331141,4.533299943432212e-05,0.002437208022456616,0.0015020829741843045,0.0009351250482723117
90005,79,0,2,0,0.0007711250218562782,2.9666000045835972e-05,0.0008787499973550439,3.6959012504667044e-05,0.001716500031761825,0.0018064999603666365,-8.999992860481143e-05
90005,80,0,2,0,0.0007927080150693655,3.066699719056487e-05,0.0008607080089859664,3.995897714048624e-05,0.001724041998386383,0.0017039589583873749,2.008303999900818e-05
90005,81,0,2,0,0.0007782909669913352,3.650004509836435e-05,0.0011948749888688326,3.666698466986418e-05,0.0020463329856283963,0.002095625037327409,-4.929205169901252e-05
90005,82,0,4,0,0.0008030830067582428,3.633397864177823e-05,0.0010681250132620335,4.499999340623617e-05,0.0019525419920682907,0.002261625020764768,-0.0003090830286964774
90005,83,0,5,0,0.0008016249630600214,4.4832995627075434e-05,0.0011614169925451279,6.491603562608361e-05,0.0020727909868583083,0.0025113329757004976,-0.0004385419888421893
90005,84,0,7,0,0.0008110000053420663,4.15419926866889e-05,0.0010422909981571138,3.7624966353178024e-05,0.001932457962539047,0.0023050830350257456,-0.00037262507248669863
90005,85,0,8,0,0.0007944999961182475,5.062500713393092e-05,0.0012049590004608035,3.687501884996891e-05,0.002086959022562951,0.002712624962441623,-0.0006256659398786724
90005,86,0,8,0,0.0007815830176696181,5.254201823845506e-05,0.0009664999670349061,4.02920413762331e-05,0.0018409170443192124,0.002593624987639487,-0.0007527079433202744
90005,87,0,8,0,0.0008009999874047935,3.120803739875555e-05,0.0007092499872669578,3.433297388255596e-05,0.0015757909859530628,0.0017419580253772438,-0.00016616703942418098
90005,88,0,9,0,0.0008506670128554106,8.033303311094642e-05,0.0014660829911008477,6.937497528269887e-05,0.0024664580123499036,0.00194920803187415,0.0005172499804757535
90005,89,0,9,0,0.0008203749894164503,3.866601036861539e-05,0.0009500419837422669,3.4582975786179304e-05,0.0018436659593135118,0.0018157500308007002,2.791592851281166e-05
90005,90,0,9,0,0.0008801249787211418,5.600001895800233e-05,0.0007337499991990626,4.3290958274155855e-05,0.0017131659551523626,0.0020944579737260938,-0.0003812920185737312
90006,0,0,10,0,0.000786250049713999,3.591697895899415e-05,0.0005239999736659229,3.887503407895565e-05,0.0013850420364178717,0.002464457997120917,-0.0010794159607030451
90006,1,2,10,0,0.0008392920135520399,3.108300734311342e-05,0.0009872919763438404,4.550005542114377e-05,0.0019031670526601374,0.0015102089964784682,0.00039295805618166924
90006,2,5,10,0,0.0008889169548638165,3.241602098569274e-05,0.0007445840165019035,3.370799822732806e-05,0.0016996249905787408,0.0020422920351848006,-0.0003426670446060598
90006,3,7,10,0,0.0009497500141151249,3.404199378564954e-05,0.00105720799183473,3.791699418798089e-05,0.0020789169939234853,0.0022550830035470426,-0.00017616600962355733
90006,4,11,10,1,0.0010931669967249036,3.44999716617167e-05,0.000691708002705127,3.616698086261749e-05,0.0018555419519543648,0.0019520000205375254,-9.645806858316064e-05
90006,5,13,9,9,0.0010979590006172657,3.2540992833673954e-05,0.0009688750142231584,5.1749986596405506e-05,0.0021511249942705035,0.0022507919929921627,-9.966699872165918e-05
90006,6,7,0,0,0.0009456250118091702,3.125000512227416e-05,0.000754999986384064,3.466702764853835e-05,0.0017665420309640467,0.0019454589928500354,-0.0001789169618859887
90006,7,10,0,0,0.0010632090270519257,3.4207943826913834e-05,0.0006857920088805258,3.724999260157347e-05,0.0018204589723609388,0.0019925000378862023,-0.00017204106552526355
90006,8,16,0,0,0.0012018749839626253,3.270799061283469e-05,0.0005297920433804393,3.5207951441407204e-05,0.0017995829693973064,0.0020683329785242677,-0.00026875000912696123
90006,9,21,0,0,0.0012588329846039414,3.0166993383318186e-05,0.000809375022072345,3.370799822732806e-05,0.0021320829982869327,0.0025292080244980752,-0.00039712502621114254
90006,10,26,1,1,0.0013531249715015292,3.14170029014349e-05,0.000532749982085079,3.3374992199242115e-05,0.0019506669486872852,0.00241295900195837,-0.000462292053271085
90006,11,29,0,0,0.0014215419651009142,4.391703987494111e-05,0.001313457963988185,4.650000482797623e-05,0.0028254169737920165,0.0027134999982081354,0.00011191697558388114
90006,12,30,1,1,0.001472167030442506,3.129197284579277e-05,0.0009668329730629921,3.404205199331045e-05,0.0025043340283446014,0.003030208987183869,-0.0005258749588392675
90006,13,38,1,1,0.0016378749860450625,3.0499999411404133e-05,0.0005147919873706996,3.3374992199242115e-05,0.0022165419650264084,0.0025892499834299088,-0.0003727080184035003
90006,14,41,1,1,0.001734208024572581,3.391696373000741e-05,0.0007838750025257468,3.362499410286546e-05,0.0025856249849312007,0.0032995420042425394,-0.0007139170193113387
90006,15,41,1,1,0.0018041249713860452,7.24170240573585e-05,0.0011723749921657145,3.7457968574017286e-05,0.0030863749561831355,0.0027707500266842544,0.0003156249294988811
90006,16,41,1,1,0.0017628750065341592,3.887497587129474e-05,0.0009202910005114973,4.437501775100827e-05,0.0027664160006679595,0.003379834000952542,-0.0006134180002845824
90006,17,42,1,1,0.0017566249589435756,3.104202914983034e-05,0.0011687909718602896,5.87090034969151e-05,0.0030151669634506106,0.0028103330405429006,0.00020483392290771008
90006,18,43,1,1,0.0017502909759059548,3.829202614724636e-05,0.0005952080246061087,3.7458958104252815e-05,0.0024212499847635627,0.0029757500160485506,-0.0005545000312849879
90006,19,42,0,0,0.001793542003724724,3.691698657348752e-05,0.0006429160130210221,4.120898665860295e-05,0.0025145839899778366,0.0030638339812867343,-0.0005492499913088977
90006,20,42,1,1,0.001824666978791356,3.554200520738959e-05,0.001055374974384904,3.9958045817911625e-05,0.002955542004201561,0.002725625003222376,0.0002299170009791851
90006,21,41,0,0,0.0017782499780878425,4.425004590302706e-05,0.0006019579595886171,4.016701132059097e-05,0.0024646249949000776,0.002367875014897436,9.674998000264168e-05
90006,22,41,0,0,0.001717874954920262,3.241701051592827e-05,0.0008562080329284072,3.5208999179303646e-05,0.002641708997543901,0.002586624992545694,5.508400499820709e-05
90006,23,41,1,1,0.0017394580063410103,3.787496825680137e-05,0.0008471250184811652,3.470899537205696e-05,0.002659166988451034,0.0026561670238152146,2.9999646358191967e-06
90006,24,40,1,1,0.0016823330079205334,3.524997737258673e-05,0.0013104170211590827,3.5792007111012936e-05,0.0030637920135632157,0.0027626670198515058,0.00030112499371171
90006,25,39,0,0,0.0016368749784305692,3.341602860018611e-05,0.0005411249585449696,3.662501694634557e-05,0.0022480409825220704,0.00261274998774752,-0.0003647090052254498
90006,26,39,0,0,0.0016952079604379833,3.220903454348445e-05,0.000936791009735316,3.424996975809336e-05,0.002698457974474877,0.0024941660230979323,0.00020429195137694478
90006,27,39,0,0,0.0016294170054607093,3.1957984901964664e-05,0.0008222500327974558,3.2750016544014215e-05,0.002516375039704144,0.0025101250503212214,6.249989382922649e-06
90006,28,39,0,0,0.0016267499886453152,3.1709030736237764e-05,0.0008226249483413994,3.204104723408818e-05,0.0025131250149570405,0.002242875052616,0.00027024996234104037
90006,29,39,0,0,0.0016437499434687197,3.183301305398345e-05,0.0005272920243442059,3.374996595084667e-05,0.0022366249468177557,0.002929624984972179,-0.0006930000381544232
90006,30,39,0,0,0.0016553750028833747,3.162497887387872e-05,0.0007318340358324349,3.2832962460815907e-05,0.002451666980050504,0.003284999984316528,-0.0008333330042660236
90006,31,39,0,0,0.00165125000057742,3.245903644710779e-05,0.0005607500206679106,3.4999975468963385e-05,0.0022794590331614017,0.002293833007570356,-1.4373974408954382e-05
90006,32,39,0,0,0.0016342499875463545,3.108399687334895e-05,0.0009594580042175949,3.4917029552161694e-05,0.00265970901818946,0.002303624991327524,0.00035608402686193585
90006,33,39,0,0,0.0017248750082217157,3.270799061283469e-05,0.000543624977581203,3.587501123547554e-05,0.002337082987651229,0.0026892080204561353,-0.00035212503280490637
90006,34,39,0,0,0.0016110000433400273,2.945796586573124e-05,0.0009582919883541763,3.7375022657215595e-05,0.0026361250202171504,0.0022881249897181988,0.0003480000304989517
90006,35,39,1,1,0.0016863750061020255,3.266596468165517e-05,0.0005659169983118773,3.545801155269146e-05,0.0023204159806482494,0.0022958749905228615,2.4540990125387907e-05
90006,36,38,1,1,0.0016257090028375387,3.0416005756706e-05,0.0008717920281924307,3.6207959055900574e-05,0.002564124995842576,0.0026367080281488597,-7.258303230628371e-05
90006,37,37,1,1,0.0016429589595645666,3.1916017178446054e-05,0.0008477499941363931,3.441702574491501e-05,0.0025570419966243207,0.0024984580231830478,5.8583973441272974e-05
90006,38,36,1,1,0.0015842090360820293,3.0790979508310556e-05,0.0008904170244932175,3.333296626806259e-05,0.00253875000635162,0.002334666030947119,0.00020408397540450096
90006,39,35,1,1,0.0015753329498693347,3.0458031687885523e-05,0.0007675840170122683,5.937495734542608e-05,0.0024327499559149146,0.002184292010497302,0.0002484579454176128
90006,40,34,3,3,0.0015687919803895056,3.0750001315027475e-05,0.001010666019283235,3.929197555407882e-05,0.002649499976541847,0.0027713339659385383,-0.00012183398939669132
90006,41,31,2,2,0.0014468750450760126,3.124994691461325e-05,0.0009960000170394778,3.6959012504667044e-05,0.0025110840215347707,0.002413625014014542,9.745900752022862e-05
90006,42,29,0,0,0.0014116670354269445,2.9499991796910763e-05,0.000967125000897795,3.408297197893262e-05,0.002442375000100583,0.00199554197024554,0.0004468330298550427
90006,43,29,0,0,0.0014249999658204615,3.0792027246207e-05,0.0006422079750336707,3.2334006391465664e-05,0.002130333974491805,0.002391874964814633,-0.0002615409903228283
90006,44,29,0,0,0.0014284999924711883,3.0957977287471294e-05,0.0008837080094963312,3.295904025435448e-05,0.0023761250195093453,0.002037000027485192,0.00033912499202415347
90006,45,29,1,1,0.0014190420042723417,2.9582995921373367e-05,0.0005270419642329216,3.3125048503279686e-05,0.0020087920129299164,0.002285374968778342,-0.0002765829558484256
90006,46,28,0,0,0.0014134590164758265,3.0124967452138662e-05,0.0005562910228036344,3.2374984584748745e-05,0.0020322499913163483,0.002024416986387223,7.833004929125309e-06
90006,47,28,0,0,0.0014114999794401228,2.9916001949459314e-05,0.0005035000503994524,3.2374984584748745e-05,0.0019772910163737833,0.0023204159806482494,-0.00034312496427446604
90006,48,28,1,1,0.0014469579909928143,5.066697485744953e-05,0.0005887500010430813,3.7165998946875334e-05,0.0021235409658402205,0.002591500000562519,-0.0004679590347222984
90006,49,27,0,0,0.0013765829498879611,3.0750001315027475e-05,0.0006696670316159725,3.4374999813735485e-05,0.0021113749826326966,0.0026252090465277433,-0.0005138340638950467
90006,50,27,1,1,0.0013785000192001462,3.208301495760679e-05,0.000655833980999887,3.491598181426525e-05,0.0021013329969719052,0.001992542005609721,0.00010879099136218429
90006,51,26,1,1,0.001435791957192123,4.191702464595437e-05,0.0009356659720651805,4.33750101365149e-05,0.0024567499640397727,0.002280334010720253,0.00017641595331951976
90006,52,25,3,3,0.0013375830021686852,3.024999750778079e-05,0.0011844999971799552,3.6457960959523916e-05,0.002588790957815945,0.002307582995854318,0.000281207961961627
90006,53,22,1,1,0.0012652080040425062,2.9834045562893152e-05,0.0008347499533556402,3.5916047636419535e-05,0.002165708050597459,0.002004416019190103,0.00016129203140735626
90006,54,21,1,1,0.001349083031527698,3.4582975786179304e-05,0.0008939590188674629,3.604101948440075e-05,0.002313666045665741,0.001995959028135985,0.00031770701752975583
90006,55,20,0,0,0.0012236660113558173,2.9709015507251024e-05,0.0005108329933136702,3.2832962460815907e-05,0.0017970409826375544,0.0019350419752299786,-0.00013800099259242415
90006,56,20,6,6,0.001970292010810226,3.370799822732806e-05,0.0005130830104462802,4.116696072742343e-05,0.002558249980211258,0.003100625006482005,-0.0005423750262707472
90006,57,14,3,3,0.001113042002543807,3.2750016544014215e-05,0.0006222919910214841,3.400002606213093e-05,0.0018020840361714363,0.0016325839678756893,0.00016950006829574704
90006,58,11,1,1,0.0010564579861238599,3.225001273676753e-05,0.0008141669677570462,3.541703335940838e-05,0.001938291999977082,0.002344749984331429,-0.000406457984354347
90006,59,10,1,1,0.0010054170270450413,3.129197284579277e-05,0.0009246660047210753,3.6375015042722225e-05,0.0019977500196546316,0.002054333977866918,-5.6583958212286234e-05
90006,60,9,2,2,0.0010137080098502338,3.2374984584748745e-05,0.0012381670530885458,3.4999975468963385e-05,0.0023192500229924917,0.0015498329885303974,0.0007694170344620943
90006,61,7,1,1,0.0009505419875495136,4.379200981929898e-05,0.000985999999102205,5.4165953770279884e-05,0.0020344999502412975,0.001604542019777,0.00042995793046429753
90006,62,6,3,3,0.0009601669735275209,3.6792014725506306e-05,0.0005551659851334989,4.8250018153339624e-05,0.0016003749915398657,0.0018700420041568577,-0.000269667012616992
90006,63,3,0,0,0.0008988750050775707,3.38749960064888e-05,0.0009800420375540853,3.5375007428228855e-05,0.0019481670460663736,0.0019539580098353326,-5.790963768959045e-06
90006,64,3,0,0,0.0008667919901199639,3.8958038203418255e-05,0.0004830000107176602,3.404199378564954e-05,0.0014227920328266919,0.002202874980866909,-0.0007800829480402172
90006,65,3,3,3,0.0008701250189915299,3.545900108292699e-05,0.0005344160017557442,4.183396231383085e-05,0.001481833984144032,0.0015669999993406236,-8.516601519659162e-05
90006,66,0,4,0,0.0008033750345930457,3.149994881823659e-05,0.0014930420438759029,0.00012670800788328052,0.0024546250351704657,0.0015508339856751263,0.0009037910494953394
90006,67,0,5,0,0.0007772920071147382,2.9332994017750025e-05,0.0004324999754317105,3.3958989661186934e-05,0.0012730839662253857,0.0021899170242249966,-0.0009168330579996109
90006,68,0,5,0,0.0008056249935179949,3.095803549513221e-05,0.0013152079773135483,3.3791991882026196e-05,0.0021855829982087016,0.0014794999733567238,0.0007060830248519778
90006,69,0,7,0,0.000800624955445528,3.2625044696033e-05,0.00048325001262128353,3.2999960239976645e-05,0.0013494999730028212,0.001877749979030341,-0.0005282500060275197
90006,70,0,9,0,0.0007829160313121974,3.1374976970255375e-05,0.0004932500305585563,3.2958982046693563e-05,0.0013405000208877027,0.0013620000099763274,-2.1499989088624716e-05
90007,0,2,10,0,0.0008345000096596777,3.1957984901964664e-05,0.0006993330316618085,3.249995643272996e-05,0.0015982909826561809,0.002362916013225913,-0.0007646250305697322
90007,1,2,10,0,0.0008697090088389814,4.3665990233421326e-05,0.0008952089701779187,3.4916040021926165e-05,0.0018435000092722476,0.001788875029888004,5.462497938424349e-05
90007,2,4,10,0,0.0008811249863356352,3.241701051592827e-05,0.0007582909893244505,3.362499410286546e-05,0.0017054579802788794,0.002019750012550503,-0.0003142920322716236
90007,3,8,10,0,0.0009565410437062383,3.270898014307022e-05,0.0014422910171560943,3.5416975151747465e-05,0.0024669580161571503,0.0024449590127915144,2.1999003365635872e-05
90007,4,9,10,0,0.0009807089809328318,3.15000070258975e-05,0.0004887079703621566,3.2917014323174953e-05,0.0015338339726440609,0.0023511250037699938,-0.0008172910311259329
90007,5,13,10,2,0.0010807500220835209,3.358395770192146e-05,0.0009091250249184668,3.3541000448167324e-05,0.0020570000051520765,0.0020678339642472565,-1.0833959095180035e-05
90007,6,16,8,8,0.0011674159904941916,3.362499410286546e-05,0.0009362920536659658,5.12079568579793e-05,0.002188540995121002,0.0020977919921278954,9.074900299310684e-05
90007,7,14,0,0,0.0010994169861078262,3.1917006708681583e-05,0.0005731660057790577,3.358395770192146e-05,0.001738083956297487,0.0018067499622702599,-6.866600597277284e-05
90007,8,17,0,0,0.0012308330042287707,3.2917014323174953e-05,0.0005404159892350435,3.412499791011214e-05,0.0018382910056971014,0.002217583009041846,-0.00037929200334474444
90007,9,20,0,0,0.0012719169608317316,3.166601527482271e-05,0.000951958994846791,3.508297959342599e-05,0.0022906249505467713,0.0019809160148724914,0.00030970893567427993
90007,10,25,0,0,0.001371417019981891,3.1750008929520845e-05,0.0013067909749224782,3.3917021937668324e-05,0.0027438750257715583,0.002795749984215945,-5.187495844438672e-05
90007,11,31,0,0,0.0014585420140065253,2.9707967769354582e-05,0.0009366670274175704,4.0624989196658134e-05,0.0024655419983901083,0.002418957999907434,4.658399848267436e-05
90007,12,33,0,0,0.0015392079949378967,3.145803930237889e-05,0.0005119999987073243,3.2791984267532825e-05,0.0021154580172151327,0.002402917016297579,-0.0002874589990824461
90007,13,39,0,0,0.0016533340094611049,2.9540969990193844e-05,0.0008258749730885029,3.1917006708681583e-05,0.002540666959248483,0.002396458003204316,0.00014420895604416728
90007,14,44,1,1,0.0017683329642750323,2.962502185255289e-05,0.0005402499809861183,3.258301876485348e-05,0.002370790985878557,0.002640541992150247,-0.00026975100627169013
90007,15,46,0,0,0.0018335420172661543,3.0750001315027475e-05,0.0013582499814219773,5.520798731595278e-05,0.003277749987319112,0.002650915994308889,0.0006268339930102229
90007,16,47,2,2,0.0019090420100837946,3.8207974284887314e-05,0.0006413750234059989,3.754196222871542e-05,0.0026261669700033963,0.003108042001258582,-0.0004818750312551856
90007,17,47,1,1,0.0018061250448226929,3.94159578718245e-05,0.0013065420207567513,3.466696944087744e-05,0.003186749992892146,0.0033252919674851,-0.00013854197459295392
90007,18,46,2,2,0.0018522920436225832,3.925000783056021e-05,0.0008968749898485839,3.8790982216596603e-05,0.002827208023518324,0.002605999994557351,0.00022120802896097302
90007,19,44,2,2,0.0017752500134520233,3.20419785566628e-05,0.000917916011530906,3.487500362098217e-05,0.002760083007160574,0.0029196670511737466,-0.0001595840440131724
90007,20,42,1,1,0.0017562920111231506,3.408297197893262e-05,0.001031166990287602,3.629102138802409e-05,0.0028578329947777092,0.002366167027503252,0.0004916659672744572
90007,21,41,0,0,0.001763832988217473,3.533298149704933e-05,0.0007409999961964786,3.6167039070278406e-05,0.0025763330049812794,0.0027517920243553817,-0.00017545901937410235
90007,22,41,0,0,0.0016681249835528433,2.96669895760715e-05,0.0008075000368990004,3.8457976188510656e-05,0.002543749986216426,0.002307542017661035,0.00023620796855539083
90007,23,41,0,0,0.0016685000155121088,2.879201201722026e-05,0.0010317499982193112,3.250001464039087e-05,0.002761542040389031,0.0027500000433064997,1.1541997082531452e-05
90007,24,41,1,1,0.001826082996558398,3.408401971682906e-05,0.0005732080317102373,3.587495302781463e-05,0.002469250001013279,0.003418334003072232,-0.000949084002058953
90007,25,40,0,0,0.0016928749973885715,2.9749993700534105e-05,0.0013618330121971667,3.362499410286546e-05,0.0031180829973891377,0.0026584159932099283,0.00045966700417920947
90007,26,40,0,0,0.001699417014606297,3.358302637934685e-05,0.0010378329898230731,3.5959004890173674e-05,0.0028067920356988907,0.002355750009883195,0.0004510420258156955
90007,27,40,0,0,0.0017508339951746166,3.3415970392525196e-05,0.0005279169999994338,3.450002986937761e-05,0.002346666995435953,0.0023668750072829425,-2.0208011846989393e-05
90007,28,40,0,0,0.0016557500348426402,2.924998989328742e-05,0.0009679169743321836,3.6167039070278406e-05,0.0026890840381383896,0.0023560000117868185,0.0003330840263515711
90007,29,40,0,0,0.0016607079887762666,3.433297388255596e-05,0.0007003340288065374,3.245798870921135e-05,0.0024278329801745713,0.0024382080300711095,-1.0375049896538258e-05
90007,30,40,1,1,0.0017222909955307841,5.0499977078288794e-05,0.000750000006519258,4.3459003791213036e-05,0.002566249982919544,0.002264375041704625,0.0003018749412149191
90007,31,39,1,1,0.0016587080317549407,3.129197284579277e-05,0.0007987500284798443,3.529200330376625e-05,0.002524042036384344,0.002434499969240278,8.95420671440661e-05
90007,32,38,2,2,0.0016495409654453397,3.38749960064888e-05,0.0012000839924439788,4.0416023693978786e-05,0.002923915977589786,0.0025324170128442347,0.00039149896474555135
90007,33,36,1,1,0.0016479589976370335,4.037498729303479e-05,0.0009978330344893038,3.9207981899380684e-05,0.0027253750013187528,0.0030116249690763652,-0.00028624996775761247
90007,34,35,1,1,0.0016643329872749746,3.433297388255596e-05,0.001208542031235993,3.408297197893262e-05,0.002941290964372456,0.0024677500477992,0.00047354091657325625
90007,35,34,1,1,0.001523124985396862,3.0417053494602442e-05,0.0004922919906675816,3.3582968171685934e-05,0.002079416997730732,0.00215216598007828,-7.274898234754801e-05
90007,36,33,0,0,0.0014983749715611339,2.9125018045306206e-05,0.0008513330249115825,3.812497016042471e-05,0.0024169579846784472,0.0020875410409644246,0.00032941694371402264
90007,37,33,2,2,0.0015274169854819775,3.21249826811254e-05,0.0010119579965248704,3.7792022339999676e-05,0.002609291987027973,0.002330999996047467,0.00027829199098050594
90007,38,31,1,1,0.0015140839968807995,3.258301876485348e-05,0.0014087079907767475,4.7124980483204126e-05,0.0030024999869056046,0.002524042036384344,0.0004784579505212605
90007,39,30,0,0,0.0014291250263340771,2.9709015507251024e-05,0.0008670829702168703,3.2917014323174953e-05,0.0023588340263813734,0.002093166986014694,0.00026566704036667943
90007,40,30,0,0,0.0015662920195609331,4.0832965169101954e-05,0.0008545840391889215,3.5415985621511936e-05,0.0024971250095404685,0.002975334005896002,-0.0004782089963555336
90007,41,30,0,0,0.0014449579757638276,2.9916991479694843e-05,0.0009808330214582384,4.479201743379235e-05,0.002500500006135553,0.002960291050840169,-0.00045979104470461607
90007,42,30,1,1,0.0014358750195242465,2.9332994017750025e-05,0.0010704579763114452,3.84590239264071e-05,0.002574125013779849,0.002232625032775104,0.00034149998100474477
90007,43,29,1,1,0.0014382080407813191,3.770797047764063e-05,0.0005446670111268759,3.529200330376625e-05,0.002055875025689602,0.003146165981888771,-0.0010902909561991692
90007,44,28,0,0,0.0014774170122109354,3.308302257210016e-05,0.0013734169770032167,3.308302257210016e-05,0.0029170000343583524,0.0028460000175982714,7.100001676008105e-05
90007,45,28,0,0,0.001679500041063875,3.412499791011214e-05,0.0008740839548408985,3.733299672603607e-05,0.0026250419905409217,0.003110208024736494,-0.00048516603419557214
90007,46,28,1,1,0.001463000022340566,3.937497967854142e-05,0.000575500016566366,3.7999998312443495e-05,0.002115875016897917,0.002246541960630566,-0.0001306669437326491
90007,47,27,1,1,0.0013811249518767,3.0458031687885523e-05,0.0010122500243596733,4.1624996811151505e-05,0.00246545800473541,0.0021640000049956143,0.0003014579997397959
90007,48,26,2,2,0.0014027499710209668,3.308302257210016e-05,0.0008539999835193157,3.5375007428228855e-05,0.0023252079845406115,0.0019464160432107747,0.00037879194132983685
90007,49,24,1,1,0.0013586659915745258,3.1709030736237764e-05,0.0012423329753801227,3.625004319474101e-05,0.0026689580408856273,0.002161541022360325,0.0005074170185253024
90007,50,23,2,2,0.0013054999872110784,3.0125025659799576e-05,0.0006209999555721879,3.345805453136563e-05,0.0019900830229744315,0.0019174169865436852,7.266603643074632e-05
90007,51,21,2,2,0.0012445409665815532,2.9875023756176233e-05,0.0005142500158399343,3.362499410286546e-05,0.0018222910002805293,0.0020593749941326678,-0.00023708399385213852
90007,52,19,0,0,0.00119237502804026,3.312499029561877e-05,0.0008764159865677357,3.354198997840285e-05,0.0021354579948820174,0.0023848749697208405,-0.0002494169748388231
90007,53,19,0,0,0.0012304169940762222,3.1957984901964664e-05,0.0006080000312067568,3.349996404722333e-05,0.001903874974232167,0.002100790967233479,-0.00019691599300131202
90007,54,19,1,1,0.0012140829931013286,3.308296436443925e-05,0.001238709024619311,4.0624989196658134e-05,0.002526499971281737,0.0022262500133365393,0.0003002499579451978
90007,55,18,0,0,0.0011976659880019724,3.083399496972561e-05,0.0007497910410165787,3.4416967537254095e-05,0.002012707991525531,0.002373000024817884,-0.00036029203329235315
90007,56,18,0,0,0.0011682920157909393,3.0333001632243395e-05,0.0006144999642856419,3.266701241955161e-05,0.0018457919941283762,0.0026695409906096756,-0.0008237489964812994
90007,57,18,3,3,0.0011669580126181245,3.145897062495351e-05,0.0006733750342391431,3.487500362098217e-05,0.0019066670211032033,0.0019445830257609487,-3.791600465774536e-05
90007,58,15,0,0,0.0011082920245826244,3.125000512227416e-05,0.00091029197210446,3.50830378010869e-05,0.0020849170396104455,0.0017209170036949217,0.00036400003591552377
90007,59,15,0,0,0.0011122080031782389,2.9583985451608896e-05,0.0006561250193044543,4.533299943432212e-05,0.0018432500073686242,0.0024032079963944852,-0.000559957989025861
90007,60,15,1,1,0.0010983330430462956,3.666698466986418e-05,0.0011323749786242843,3.62499849870801e-05,0.002303624991327524,0.0027305829571560025,-0.00042695796582847834
90007,61,14,1,1,0.0011563749867491424,3.166700480505824e-05,0.0017480000387877226,0.00019687495660036802,0.0031329169869422913,0.0028053749701939523,0.00032754201674833894
90007,62,13,1,1,0.001107957970816642,3.1374976970255375e-05,0.0007462920038960874,3.774999640882015e-05,0.001923374948091805,0.0025201250100508332,-0.0005967500619590282
90007,63,12,0,0,0.0010599159868434072,3.300001844763756e-05,0.0005003340193070471,3.479095175862312e-05,0.001628040976356715,0.0017770419945009053,-0.0001490010181441903
90007,64,12,2,2,0.0010414579883217812,3.0957977287471294e-05,0.0010260420385748148,3.354198997840285e-05,0.00213199999416247,0.002073666953947395,5.8333040215075016e-05
90007,65,10,1,1,0.0009940839954651892,3.0957977287471294e-05,0.0004955829936079681,3.5375007428228855e-05,0.0015559999737888575,0.0022425830247811973,-0.0006865830509923398
90007,66,9,1,1,0.0010064579546451569,3.32500203512609e-05,0.0010391250252723694,3.495794953778386e-05,0.002113790949806571,0.0020552919595502317,5.849899025633931e-05
90007,67,8,0,0,0.0009690840379334986,3.3582968171685934e-05,0.0008330420241691172,3.404100425541401e-05,0.0018697500345297158,0.0017753749853000045,9.43750492297113e-05
90007,68,8,0,0,0.000967875006608665,3.091699909418821e-05,0.0010523750097490847,3.566598752513528e-05,0.002086833002977073,0.002656124997884035,-0.0005692919949069619
90007,69,8,0,0,0.0009545840439386666,3.125000512227416e-05,0.0005407079588621855,3.2374984584748745e-05,0.001558916992507875,0.001796458032913506,-0.00023754104040563107
90007,70,8,0,0,0.0010256249806843698,3.73339862562716e-05,0.0014779579942114651,3.5917037166655064e-05,0.0025768339983187616,0.001681957975961268,0.0008948760223574936
90007,71,8,2,2,0.0009437080007046461,2.9999995604157448e-05,0.00044774997513741255,3.412499791011214e-05,0.0014555829693563282,0.0015512089594267309,-9.562599007040262e-05
90007,72,6,3,3,0.0015363339916802943,3.2916024792939425e-05,0.0008401249651797116,3.758404636755586e-05,0.002446959028020501,0.0028661249671131372,-0.0004191659390926361
90007,73,3,0,0,0.0008323750225827098,3.0207971576601267e-05,0.0008642920292913914,3.287498839199543e-05,0.0017597500118426979,0.00193500000750646,-0.0001752499956637621
90007,74,3,2,2,0.0008311669807881117,2.9499991796910763e-05,0.0010175410425290465,3.5416975151747465e-05,0.0019136249902658165,0.001557874958962202,0.0003557500313036144
90007,75,1,0,0,0.0008051669574342668,3.116601146757603e-05,0.0004901670035906136,3.412499791011214e-05,0.0013606249704025686,0.001603082986548543,-0.0002424580161459744
90007,76,1,1,1,0.000785832991823554,2.9375019948929548e-05,0.0014811669825576246,0.00012033298844471574,0.002416707982774824,0.0017632499802857637,0.0006534580024890602
90007,77,0,2,0,0.0008011250174604356,3.154197474941611e-05,0.000989333027973771,3.704201662912965e-05,0.0018590420368127525,0.001731499971356243,0.0001275420654565096
90007,78,0,2,0,0.000814375001937151,3.3167016226798296e-05,0.0005383329698815942,3.4999975468963385e-05,0.0014208749635145068,0.002048750000540167,-0.0006278750370256603
90007,79,0,2,0,0.0008373750024475157,3.1917006708681583e-05,0.0007546250126324594,3.416696563363075e-05,0.0016580839874222875,0.001488792011514306,0.0001692919759079814
90007,80,0,2,0,0.0007634999928995967,2.9999995604157448e-05,0.000745709054172039,3.5999983083456755e-05,0.00157520902575925,0.0016858750022947788,-0.0001106659765355289
90007,81,0,4,0,0.0007822089828550816,3.112497506663203e-05,0.0005114160012453794,3.400002606213093e-05,0.001358749985229224,0.0013708749902434647,-1.2125005014240742e-05
90007,82,0,6,0,0.0007927080150693655,3.2791984267532825e-05,0.0005937080131843686,3.529200330376625e-05,0.0014545000158250332,0.0017786670359782875,-0.00032416702015325427
90007,83,0,8,0,0.0008005419513210654,3.0292023438960314e-05,0.0005358749767765403,3.3125048503279686e-05,0.0013998340000398457,0.0021810830221511424,-0.0007812490221112967
90008,0,0,10,0,0.0007806660141795874,3.08750313706696e-05,0.00105441699270159,3.408297197893262e-05,0.0019000410102307796,0.001869040948804468,3.100006142631173e-05
90008,1,3,10,0,0.0008330000564455986,3.0166993383318186e-05,0.0010837079607881606,3.295904025435448e-05,0.001979834050871432,0.0015846670139580965,0.0003951670369133353
90008,2,6,10,0,0.0009082920150831342,3.391597419977188e-05,0.0008579590357840061,3.3999967854470015e-05,0.0018341669929213822,0.002564583031926304,-0.0007304160390049219
90008,3,9,10,0,0.0009822500287555158,3.0207971576601267e-05,0.0004877090104855597,3.425002796575427e-05,0.001534417038783431,0.0016051669954322278,-7.07499566487968e-05
90008,4,12,10,1,0.0010714170057326555,3.0750001315027475e-05,0.001294041983783245,3.650004509836435e-05,0.0024327090359292924,0.0016600419767200947,0.0007726670592091978
90008,5,11,9,9,0.0010969999711960554,3.4958997275680304e-05,0.0010327500058338046,4.629103932529688e-05,0.002211000013630837,0.003056832996662706,-0.0008458329830318689
90008,6,5,0,0,0.0009004579624161124,2.9999995604157448e-05,0.0009831670322455466,3.8707978092134e-05,0.0019523329683579504,0.0015229170094244182,0.00042941595893353224
90008,7,9,0,0,0.0009869170025922358,3.270799061283469e-05,0.000489375030156225,5.316699389368296e-05,0.0015621670172549784,0.0017584579763934016,-0.0001962909591384232
90008,8,14,0,0,0.0010921669891104102,3.2750016544014215e-05,0.0010893329745158553,3.483303589746356e-05,0.0022490830160677433,0.0019545420072972775,0.00029454100877046585
90008,9,16,0,0,0.001121042005252093,3.870803629979491e-05,0.001277332950849086,3.3542048186063766e-05,0.002470625040587038,0.0026136250235140324,-0.00014299998292699456
90008,10,20,0,0,0.0013665829901583493,3.32500203512609e-05,0.001245416991878301,3.416603431105614e-05,0.0026794160366989672,0.0018660000059753656,0.0008134160307236016
90008,11,22,2,2,0.001278083014767617,3.1957984901964664e-05,0.0009752920013852417,3.533298149704933e-05,0.0023206659825518727,0.002294125035405159,2.6540947146713734e-05
90008,12,28,1,1,0.001454374985769391,3.4750031773000956e-05,0.0015047079650685191,4.004203947260976e-05,0.003033875022083521,0.0026353750145062804,0.00039850000757724047
90008,13,31,1,1,0.001453625038266182,3.170798299834132e-05,0.0007794999983161688,3.574998117983341e-05,0.0023005830007605255,0.0027836249792017043,-0.0004830419784411788
90008,14,35,0,0,0.0015300000086426735,2.924998989328742e-05,0.001438792038243264,0.00013937498442828655,0.0031374170212075114,0.0021284579997882247,0.0010089590214192867
90008,15,38,2,2,0.001682375033851713,3.754196222871542e-05,0.0017722080228850245,6.495899287983775e-05,0.0035570840118452907,0.003505125001538545,5.195901030674577e-05
90008,16,39,1,1,0.0017172080115415156,6.795802619308233e-05,0.001438374980352819,4.933401942253113e-05,0.003272875037509948,0.0027813329943455756,0.0004915420431643724
90008,17,42,0,0,0.0017752089770510793,3.887503407895565e-05,0.0007312909583561122,3.645900869742036e-05,0.0025818339781835675,0.00304154196055606,-0.00045970798237249255
90008,18,43,1,1,0.001740290957968682,3.774999640882015e-05,0.0013155000051483512,3.5375007428228855e-05,0.0031289159669540823,0.0031033330014906824,2.5582965463399887e-05
90008,19,42,0,0,0.001744291977956891,3.412499791011214e-05,0.0006222910014912486,3.566703526303172e-05,0.0024363750126212835,0.002387499960605055,4.887505201622844e-05
90008,20,42,1,1,0.0016882920172065496,3.087497316300869e-05,0.0008486250299029052,3.524997737258673e-05,0.0026030419976450503,0.0027503750170581043,-0.000147333019413054
90008,21,41,1,1,0.001670417026616633,2.9999995604157448e-05,0.0010908750118687749,3.6624958738684654e-05,0.00282791699282825,0.0024919999996200204,0.00033591699320822954
90008,22,40,0,0,0.0017289160168729722,3.629201091825962e-05,0.001123166992329061,5.12909609824419e-05,0.002939665981102735,0.0028128749690949917,0.00012679101200774312
90008,23,40,2,2,0.0017939580138772726,3.3416959922760725e-05,0.0012385830050334334,4.016701132059097e-05,0.0031061249901540577,0.002955875010229647,0.00015024997992441058
90008,24,38,0,0,0.0015891249640844762,3.125000512227416e-05,0.0010662080021575093,3.3374992199242115e-05,0.002719957963563502,0.002332957985345274,0.0003869999782182276
90008,25,38,0,0,0.0015986249782145023,3.625004319474101e-05,0.0007223339634947479,3.9207981899380684e-05,0.002396416966803372,0.003101042006164789,-0.0007046250393614173
90008,26,38,1,1,0.001680999994277954,3.38749960064888e-05,0.0006890420336276293,3.3541000448167324e-05,0.0024374580243602395,0.0024958339636214077,-5.837593926116824e-05
90008,27,37,1,1,0.0016097920015454292,3.875000402331352e-05,0.0010535000474192202,3.69579647667706e-05,0.0027390000177547336,0.0028638329822570086,-0.000124832964502275
90008,28,36,0,0,0.0015769579913467169,4.325003828853369e-05,0.0016737079713493586,5.1333976443856955e-05,0.003345249977428466,0.0034270830219611526,-8.183304453268647e-05
90008,29,36,0,0,0.001622708048671484,5.4999953135848045e-05,0.0009005420142784715,4.3208012357354164e-05,0.0026214580284431577,0.0030403329874388874,-0.0004188749589957297
90008,30,36,2,2,0.0016944169765338302,7.095799082890153e-05,0.0008048340096138418,4.670803900808096e-05,0.0026169170159846544,0.002237292006611824,0.0003796250093728304
90008,31,34,2,2,0.00150862499140203,5.566602339968085e-05,0.0014209169894456863,5.6791992392390966e-05,0.003041999996639788,0.003192042000591755,-0.00015004200395196676
90008,32,32,0,0,0.0015594590222463012,6.416597170755267e-05,0.0011398750357329845,4.600000102072954e-05,0.002809500030707568,0.0028303340077400208,-2.0833977032452822e-05
90008,33,32,0,0,0.0015326249995268881,3.2709038350731134e-05,0.0011371249565854669,3.408303018659353e-05,0.0027365420246496797,0.002442041994072497,0.00029450003057718277
90008,34,32,0,0,0.0014584169839508832,3.100000321865082e-05,0.0005356250330805779,3.312499029561877e-05,0.0020581670105457306,0.0026025830302387476,-0.000544416019693017
90008,35,32,2,2,0.0015290419687516987,4.1000021155923605e-05,0.0006230829749256372,3.912503598257899e-05,0.0022322500008158386,0.002391959016676992,-0.0001597090158611536
90008,36,30,0,0,0.0014402499655261636,3.1540985219180584e-05,0.0007042920333333313,3.312499029561877e-05,0.0022092079743742943,0.0023429589928127825,-0.00013375101843848825
90008,37,30,0,0,0.0014870419981889427,6.541702896356583e-05,0.0007614579517394304,4.787504440173507e-05,0.002361792023293674,0.0022836250136606395,7.816700963303447e-05
90008,38,30,2,2,0.0014243340119719505,3.045797348022461e-05,0.0008628750219941139,3.566697705537081e-05,0.00235333398450166,0.0021708339918404818,0.0001824999926611781
90008,39,28,0,0,0.0013807080104015768,2.987496554851532e-05,0.0009545829962007701,3.241701051592827e-05,0.0023975829826667905,0.0019932499853894114,0.00040433299727737904
90008,40,28,2,2,0.001384458038955927,3.120797919109464e-05,0.0011394169996492565,3.833300434052944e-05,0.0025934160221368074,0.0022272500209510326,0.0003661660011857748
90008,41,26,0,0,0.0013452920247800648,2.9957969672977924e-05,0.001164458051789552,3.674998879432678e-05,0.0025764580350369215,0.002401250007096678,0.00017520802794024348
90008,42,26,0,0,0.0014240830205380917,3.6624958738684654e-05,0.0005472089978866279,3.6541023291647434e-05,0.0020444580004550517,0.0019433749839663506,0.0001010830164887011
90008,43,26,0,0,0.0013741659931838512,3.3833959605544806e-05,0.000521291047334671,3.4416967537254095e-05,0.001963707967661321,0.003012667002622038,-0.001048959034960717
90008,44,26,0,0,0.0013527499977499247,3.479100996628404e-05,0.0012662500375881791,3.579194890335202e-05,0.00268958299420774,0.0029641250148415565,-0.0002745420206338167
90008,45,26,1,1,0.0013316249824129045,2.9375019948929548e-05,0.001218249963130802,3.408401971682906e-05,0.002613333985209465,0.0026649999781511724,-5.166599294170737e-05
90008,46,25,1,1,0.0013235840015113354,3.4374999813735485e-05,0.0011616250267252326,4.095799522474408e-05,0.0025605420232750475,0.002619916049297899,-5.937402602285147e-05
90008,47,24,2,2,0.0012950000236742198,2.9416987672448158e-05,0.001341374998446554,3.9000005926936865e-05,0.002704792015720159,0.0025362499873153865,0.00016854202840477228
90008,48,22,0,0,0.0012387500028125942,3.0499999411404133e-05,0.0010886249947361648,4.029198316857219e-05,0.0023981669801287353,0.0024562919861637056,-5.8125006034970284e-05
90008,49,22,0,0,0.0013203340349718928,3.44999716617167e-05,0.0006832910003140569,3.4791999496519566e-05,0.002072917006444186,0.001913250016514212,0.00015966698992997408
90008,50,22,1,1,0.0012801249977201223,2.9458024073392153e-05,0.00048337498446926475,3.3334014005959034e-05,0.0018262920202687383,0.0022367920028045774,-0.0004104999825358391
90008,51,21,1,1,0.0012604580260813236,3.0166993383318186e-05,0.000710124964825809,4.387501394376159e-05,0.0020446249982342124,0.002215834043454379,-0.00017120904522016644
90008,52,20,3,3,0.001246958039700985,3.208400448784232e-05,0.00111008295789361,3.600004129111767e-05,0.002425125043373555,0.0027179999742656946,-0.0002928749308921397
90008,53,17,1,1,0.0011425410048104823,3.3750024158507586e-05,0.000861374952364713,4.0417013224214315e-05,0.002078082994557917,0.00234250002540648,-0.0002644170308485627
90008,54,16,0,0,0.0011490840115584433,3.062502946704626e-05,0.0007607080042362213,3.324996214359999e-05,0.001973667007405311,0.0023306250222958624,-0.00035695801489055157
90008,55,16,1,1,0.0011567919864319265,3.991700941696763e-05,0.001049000013154,3.3415970392525196e-05,0.0022791249793954194,0.0017882499960251153,0.0004908749833703041
90008,56,15,0,0,0.0011244170018471777,3.1875038985162973e-05,0.000992082990705967,3.925000783056021e-05,0.002187625039368868,0.0017265829956158996,0.0004610420437529683
90008,57,15,0,0,0.001201709033921361,3.470800584182143e-05,0.0009333330090157688,3.73339862562716e-05,0.0022070840350352228,0.0022634589695371687,-5.637493450194597e-05
90008,58,15,1,1,0.0011804579989984632,3.487500362098217e-05,0.000560707994736731,3.850000211969018e-05,0.0018145409994758666,0.0023005830007605255,-0.0004860420012846589
90008,59,14,1,1,0.001077249995432794,2.9499991796910763e-05,0.0008325419621542096,3.5375007428228855e-05,0.0019746669568121433,0.002221125003416091,-0.0002464580466039479
90008,60,13,0,0,0.001053959014825523,2.8875016141682863e-05,0.00102937500923872,3.7457968574017286e-05,0.002149667008779943,0.0018827500171028078,0.00026691699167713523
90008,61,13,1,1,0.0010899999761022627,3.837497206404805e-05,0.0009417080436833203,3.854196984320879e-05,0.00210862496169284,0.0024209580151364207,-0.00031233305344358087
90008,62,12,0,0,0.0011520000407472253,3.724999260157347e-05,0.0008808340062387288,4.220794653519988e-05,0.0021122919861227274,0.0016188329900614917,0.0004934589960612357
90008,63,12,1,1,0.0010772079695016146,3.1917006708681583e-05,0.0007951249717734754,3.316602669656277e-05,0.0019374159746803343,0.0016206250293180346,0.0003167909453622997
90008,64,11,4,4,0.0010732090449891984,3.1540985219180584e-05,0.0005769999697804451,3.5917037166655064e-05,0.0017176670371554792,0.0016090000281110406,0.0001086670090444386
90008,65,7,1,1,0.0009797500097192824,3.774999640882015e-05,0.0007745419861748815,3.662501694634557e-05,0.0018286670092493296,0.0015117080183699727,0.00031695899087935686
90008,66,6,0,0,0.0009380409610457718,3.0542025342583656e-05,0.00046604196541011333,3.270799061283469e-05,0.0014673329424113035,0.0018988329684361815,-0.000431500026024878
90008,67,6,3,3,0.0009421249851584435,3.912503598257899e-05,0.0007192500052042305,3.4999975468963385e-05,0.0017355000018142164,0.0024398340028710663,-0.00070433400105685
90008,68,3,0,0,0.0008767910185270011,3.0166993383318186e-05,0.0005457079969346523,3.450002986937761e-05,0.0014871660387143493,0.0018164170323871076,-0.00032925099367275834
90008,69,3,1,1,0.0009200420463457704,3.487500362098217e-05,0.000484999967738986,3.5167031455785036e-05,0.0014750840491615236,0.0014029169688001275,7.216708036139607e-05
90008,70,2,3,2,0.0008252920233644545,3.070797538384795e-05,0.0011712919804267585,3.812502836808562e-05,0.0020654170075431466,0.0014287919620983303,0.0006366250454448164
90008,71,0,4,0,0.0008217499707825482,3.929197555407882e-05,0.00048812502063810825,3.3791991882026196e-05,0.0013829589588567615,0.00184058299055323,-0.0004576240316964686
90008,72,0,4,0,0.0007940829964354634,3.50000336766243e-05,0.0007638329989276826,3.4416967537254095e-05,0.0016273329965770245,0.001933957973960787,-0.0003066249773837626
90008,73,0,5,0,0.0008053339552134275,3.020802978426218e-05,0.0011048329761251807,3.774999640882015e-05,0.0019781249575316906,0.0015590419643558562,0.0004190829931758344
90008,74,0,5,0,0.0008494590292684734,3.479100996628404e-05,0.0008159169810824096,3.6792014725506306e-05,0.0017369590350426733,0.001813374983612448,-7.641594856977463e-05
90008,75,0,6,0,0.0008019169908948243,5.299999611452222e-05,0.001258582982700318,4.487502155825496e-05,0.0021583749912679195,0.0019412920228205621,0.00021708296844735742
90008,76,0,7,0,0.0008070839685387909,3.137503517791629e-05,0.0008447080035693944,3.320799442008138e-05,0.001716375001706183,0.0018095419509336352,-9.316694922745228e-05
90008,77,0,9,0,0.0007736670086160302,3.354198997840285e-05,0.0009898329735733569,3.400002606213093e-05,0.0018310419982299209,0.0023051250027492642,-0.0004740830045193434
90009,0,0,10,0,0.0007670000195503235,2.9458955395966768e-05,0.0010060000349767506,3.32500203512609e-05,0.0018357090302743018,0.0016431669937446713,0.00019254203652963042
90009,1,1,10,0,0.0008068750030361116,2.9875023756176233e-05,0.001039166992995888,3.7165998946875334e-05,0.0019130830187350512,0.0024839170509949327,-0.0005708340322598815
90009,2,2,10,0,0.0008203749894164503,3.1333009246736765e-05,0.0013318330165930092,3.412499791011214e-05,0.0022176660131663084,0.0024695840547792614,-0.00025191804161295295
90009,3,3,10,0,0.0009105000062845647,5.979195702821016e-05,0.00102620804682374,4.274997627362609e-05,0.002039249986410141,0.0022832920076325536,-0.00024404202122241259
90009,4,3,10,0,0.0008604999748058617,3.116601146757603e-05,0.0008356670150533319,3.5457953345030546e-05,0.0017627909546718001,0.001892334024887532,-0.00012954307021573186
90009,5,9,10,3,0.0010805000201798975,0.00010916695464402437,0.0016756660188548267,7.329200161620975e-05,0.0029386249952949584,0.002008959010709077,0.0009296659845858812
90009,6,7,7,7,0.0009473339887335896,3.283302066847682e-05,0.0008012499893084168,3.933301195502281e-05,0.0018207500106655061,0.002163291967008263,-0.00034254195634275675
90009,7,8,0,0,0.0009446670301258564,3.0333001632243395e-05,0.0010520420037209988,3.370799822732806e-05,0.0020607500337064266,0.001959207991603762,0.00010154204210266471
90009,8,14,0,0,0.0010757079580798745,3.0333001632243395e-05,0.0007650420302525163,3.308296436443925e-05,0.0019041659543290734,0.0025522089563310146,-0.0006480430020019412
90009,9,18,0,0,0.001183624961413443,3.345799632370472e-05,0.0011939170071855187,4.316703416407108e-05,0.0024541669990867376,0.002180584007874131,0.00027358299121260643
90009,10,20,0,0,0.0011963750002905726,2.9166985768824816e-05,0.0011288329842500389,3.2334006391465664e-05,0.002386708976700902,0.0023876670165918767,-9.5803989097476e-07
90009,11,25,0,0,0.001386667019687593,5.2332994528114796e-05,0.0012615420273505151,6.274995394051075e-05,0.0027632919955067337,0.00291741598630324,-0.0001541239907965064
90009,12,33,0,0,0.0015405419981107116,5.204201443120837e-05,0.0013387500075623393,5.933298962190747e-05,0.0029906670097261667,0.004641750012524426,-0.0016510830027982593
90009,13,37,0,0,0.0016192499897442758,3.287498839199543e-05,0.0014663340407423675,4.841596819460392e-05,0.0031668749870732427,0.0026004580431617796,0.000566416943911463
90009,14,40,0,0,0.0017626250046305358,3.825000021606684e-05,0.001287749968469143,4.26670303568244e-05,0.00313129200367257,0.0028092499705962837,0.0003220420330762863
90009,15,44,0,0,0.0018241669749841094,3.9207981899380684e-05,0.0013115830370225012,4.354200791567564e-05,0.003218500001821667,0.0024990829988382757,0.0007194170029833913
90009,16,48,2,2,0.001892249973025173,3.429199568927288e-05,0.0005607500206679106,3.608298720791936e-05,0.0025233749765902758,0.002699374977964908,-0.00017600000137463212
90009,17,47,1,1,0.001837667019572109,3.283302066847682e-05,0.0008036670042201877,3.7041958421468735e-05,0.002711209002882242,0.0029254580149427056,-0.00021424901206046343
90009,18,47,2,2,0.0018740000086836517,3.583298530429602e-05,0.001087792043108493,4.595797508955002e-05,0.003043583012185991,0.0027014579973183572,0.0003421250148676336
90009,19,45,2,2,0.0018452919903211296,4.1040999349206686e-05,0.0006067919894121587,3.766699228435755e-05,0.0025307919713668525,0.0025785830221138895,-4.7791050747036934e-05
90009,20,43,1,1,0.001764165994245559,4.287500632926822e-05,0.0011320420308038592,3.629201091825962e-05,0.002975375042296946,0.0030431249761022627,-6.774993380531669e-05
90009,21,42,2,2,0.0017246250063180923,3.1333009246736765e-05,0.0009899589931592345,3.5375007428228855e-05,0.0027812920161522925,0.002519458008464426,0.0002618340076878667
90009,22,40,0,0,0.0017266249633394182,3.8541038520634174e-05,0.0006153339636512101,3.504101186990738e-05,0.00241554097738117,0.0030247080139815807,-0.0006091670366004109
90009,23,40,0,0,0.001707000017631799,3.10409814119339e-05,0.0005442920373752713,3.429199568927288e-05,0.002316625032108277,0.0023097499506548047,6.875081453472376e-06
90009,24,40,0,0,0.0016472910065203905,2.8542010113596916e-05,0.000613124982919544,7.450004341080785e-05,0.0023634580429643393,0.0028479170287027955,-0.00048445898573845625
90009,25,40,0,0,0.001726499991491437,3.712502075359225e-05,0.0009307499858550727,3.4582975786179304e-05,0.0027289579738862813,0.0024735829792916775,0.0002553749945946038
90009,26,40,0,0,0.0016649580211378634,3.466696944087744e-05,0.0006149160326458514,4.0666956920176744e-05,0.002355207980144769,0.0026846660184673965,-0.00032945803832262754
90009,27,40,0,0,0.0016858330345712602,3.2957992516458035e-05,0.0005416669882833958,3.862503217533231e-05,0.0022990830475464463,0.0029920830274932086,-0.0006929999799467623
90009,28,40,0,0,0.0017092080088332295,3.1917006708681583e-05,0.000781790993642062,3.424996975809336e-05,0.0025571659789420664,0.002811916987411678,-0.0002547510084696114
90009,29,40,1,1,0.0016448749811388552,3.062502946704626e-05,0.0009026249754242599,3.766699228435755e-05,0.002615791978314519,0.002361958962865174,0.0002538330154493451
90009,30,39,0,0,0.0016925829695537686,3.350002225488424e-05,0.0005963339935988188,3.549997927621007e-05,0.0023579169646836817,0.003033125016372651,-0.0006752080516889691
90009,31,39,1,1,0.0016150420415215194,2.9499991796910763e-05,0.0007031660061329603,4.7291978262364864e-05,0.0023950000177137554,0.00267541705397889,-0.0002804170362651348
90009,32,38,0,0,0.0016264999867416918,3.137503517791629e-05,0.0007644160068593919,3.8624973967671394e-05,0.0024609160027466714,0.0028160419897176325,-0.0003551259869709611
90009,33,38,0,0,0.0016160419909283519,3.208301495760679e-05,0.0012277919449843466,4.295801045373082e-05,0.002918874961324036,0.002404958999250084,0.000513915962073952
90009,34,38,1,1,0.001647291996050626,3.545801155269146e-05,0.001032250002026558,3.4999975468963385e-05,0.002749999985098839,0.002892624994274229,-0.00014262500917539
90009,35,37,0,0,0.001671541016548872,3.674998879432678e-05,0.0011771669960580766,3.6750047001987696e-05,0.002922208048403263,0.0026441660011187196,0.0002780420472845435
90009,36,37,4,4,0.0016596250352449715,3.812497016042471e-05,0.0008277500164695084,4.795799031853676e-05,0.0025734580121934414,0.002461374970152974,0.00011208304204046726
90009,37,33,0,0,0.0015370419714599848,3.533298149704933e-05,0.0009395829983986914,3.570900298655033e-05,0.002547666954342276,0.002270583005156368,0.00027708394918590784
90009,38,33,0,0,0.0015040000434964895,3.024999750778079e-05,0.0006309580057859421,4.600000102072954e-05,0.002211208047810942,0.002601124986540526,-0.0003899169387295842
90009,39,33,0,0,0.0015424999874085188,3.587501123547554e-05,0.000990667031146586,3.4999975468963385e-05,0.0026040420052595437,0.002280541986692697,0.00032350001856684685
90009,40,33,0,0,0.0015008340124040842,3.220798680558801e-05,0.0006919580046087503,3.391696373000741e-05,0.00225891696754843,0.0023344579967670143,-7.55410292185843e-05
90009,41,33,0,0,0.0015018749982118607,3.029097570106387e-05,0.0012296250206418335,3.283401019871235e-05,0.0027946250047534704,0.0023350840201601386,0.0004595409845933318
90009,42,33,0,0,0.0015794169739820063,4.791602259501815e-05,0.0007609999738633633,3.866699989885092e-05,0.0024269999703392386,0.002206375007517636,0.00022062496282160282
90009,43,33,0,0,0.001597000053152442,3.145798109471798e-05,0.0008406249689869583,3.366702003404498e-05,0.002502750023268163,0.0022819589939899743,0.00022079102927818894
90009,44,33,1,1,0.0015135839930735528,3.0041032005101442e-05,0.0011827499838545918,0.00012779200915247202,0.002854167018085718,0.0023905420093797147,0.00046362500870600343
90009,45,32,2,2,0.0015025839675217867,3.0291033908724785e-05,0.0007934590103104711,5.5582961067557335e-05,0.00238191697280854,0.002583458030130714,-0.0002015410573221743
90009,46,30,1,1,0.0014162500156089664,2.924998989328742e-05,0.0009065829799510539,3.354198997840285e-05,0.0023856249754317105,0.00208079197909683,0.0003048329963348806
90009,47,29,0,0,0.0014039580128155649,2.887495793402195e-05,0.0009767920128069818,3.308302257210016e-05,0.002442708006128669,0.00211929198121652,0.0003234160249121487
90009,48,29,1,1,0.0014584580203518271,4.46249614469707e-05,0.0006287090363912284,3.5375007428228855e-05,0.002167167025618255,0.00246545800473541,-0.0002982909791171551
90009,49,28,0,0,0.0014613749808631837,4.812504630535841e-05,0.0006982499617151916,4.420900950208306e-05,0.002251958998385817,0.0020127909956499934,0.0002391680027358234
90009,50,28,1,1,0.0014423330430872738,3.2832962460815907e-05,0.0005724590155296028,3.5375007428228855e-05,0.0020830000285059214,0.002624749962706119,-0.0005417499342001975
90009,51,27,1,1,0.0014637080021202564,3.712502075359225e-05,0.0005673340056091547,3.991596167907119e-05,0.0021080829901620746,0.0021363330306485295,-2.8250040486454964e-05
90009,52,26,1,1,0.0014012919855304062,3.3832970075309277e-05,0.0006046670023351908,3.4292053896933794e-05,0.00207408401183784,0.0022684589494019747,-0.0001943749375641346
90009,53,25,3,3,0.001358791021630168,3.333395579829812e-05,0.0005163330351933837,3.474997356534004e-05,0.0019432079861871898,0.0022171669988892972,-0.00027395901270210743
90009,54,22,0,0,0.001277666015084833,3.350002225488424e-05,0.0007358340080827475,3.6207959055900574e-05,0.002083208004478365,0.002902084030210972,-0.0008188760257326066
90009,55,22,1,1,0.0013109170249663293,3.133295103907585e-05,0.0004961670492775738,3.433297388255596e-05,0.001872749999165535,0.0021416249801404774,-0.00026887498097494245
90009,56,21,0,0,0.0012542500044219196,3.070797538384795e-05,0.0008555420208722353,3.470800584182143e-05,0.0021752080065198243,0.0018176659941673279,0.0003575420123524964
90009,57,21,0,0,0.0012844160082750022,2.979201963171363e-05,0.0005904170102439821,3.6874960642308e-05,0.001941499998793006,0.002024833986070007,-8.333398727700114e-05
90009,58,21,0,0,0.001258875010535121,3.32500203512609e-05,0.0005505000008270144,3.349996404722333e-05,0.0018761249957606196,0.002451915992423892,-0.0005757909966632724
90009,59,21,0,0,0.0012751249596476555,3.0333001632243395e-05,0.0004790829843841493,3.379205008968711e-05,0.0018183329957537353,0.0021011249627918005,-0.0002827919670380652
90009,60,21,2,2,0.0012932499521411955,3.095803549513221e-05,0.0004987919819541276,3.429199568927288e-05,0.0018572919652797282,0.001838708994910121,1.858297036960721e-05
90009,61,19,2,2,0.0012147919624112546,3.1875038985162973e-05,0.0007880830089561641,3.5999983083456755e-05,0.0020707499934360385,0.002089541987515986,-1.879199407994747e-05
90009,62,17,1,1,0.0011660829768516123,3.15000070258975e-05,0.000921208004001528,4.941702354699373e-05,0.0021682080114260316,0.0021120000164955854,5.620799493044615e-05
90009,63,16,0,0,0.001156457990873605,3.062502946704626e-05,0.0011194589897058904,3.5415985621511936e-05,0.0023419579956680536,0.002168125007301569,0.00017383298836648464
90009,64,16,1,1,0.0011452080216258764,3.070797538384795e-05,0.0006038339924998581,3.429100615903735e-05,0.0018140409956686199,0.0021423749858513474,-0.0003283339901827276
90009,65,15,1,1,0.0011379159986972809,3.279204247519374e-05,0.0006990829715505242,3.466702764853835e-05,0.0019044580403715372,0.002201042021624744,-0.00029658398125320673
90009,66,14,0,0,0.001120916975196451,3.187498077750206e-05,0.001364958006888628,3.7209014408290386e-05,0.0025549589772708714,0.0020067919977009296,0.0005481669795699418
90009,67,14,1,1,0.001116959028877318,3.1415955163538456e-05,0.0005239589954726398,3.566604573279619e-05,0.0017080000252462924,0.0017349999980069697,-2.6999972760677338e-05
90009,68,13,0,0,0.0010701669962145388,3.158301115036011e-05,0.0005149170174263418,3.474997356534004e-05,0.0016514169983565807,0.0016290830099023879,2.2333988454192877e-05
90009,69,13,3,3,0.0011121249990537763,3.5582983400672674e-05,0.0016556670307181776,0.00014104100409895182,0.0029444160172715783,0.0022059589973650873,0.000738457019906491
90009,70,10,2,2,0.0010909580159932375,3.308401210233569e-05,0.0006393749499693513,3.666605334728956e-05,0.001800083031412214,0.002773165993858129,-0.0009730829624459147
90009,71,8,1,1,0.0009538750164210796,2.9999995604157448e-05,0.0008250420214608312,3.5207951441407204e-05,0.0018441249849274755,0.0026396249886602163,-0.0007955000037327409
90009,72,7,0,0,0.0009363749995827675,2.983299782499671e-05,0.0021161669865250587,9.679101640358567e-05,0.0031791660003364086,0.0019604580011218786,0.00121870799921453
90009,73,7,2,2,0.0009591670241206884,3.2999960239976645e-05,0.0010645000147633255,3.57080134563148e-05,0.0020923750125803053,0.001973791979253292,0.00011858303332701325
90009,74,5,0,0,0.0009029579814523458,3.058405127376318e-05,0.0005268329987302423,3.433297388255596e-05,0.0014947080053389072,0.0014698749873787165,2.4833017960190773e-05
90009,75,5,1,1,0.0008994590025395155,3.0041032005101442e-05,0.0004794169799424708,3.3167016226798296e-05,0.001442084030713886,0.0015026669716462493,-6.058294093236327e-05
90009,76,4,1,1,0.0008754999726079404,2.9958027880638838e-05,0.001287457998842001,3.4374999813735485e-05,0.0022272909991443157,0.0021754170302301645,5.187396891415119e-05
90009,77,3,1,1,0.0008827910060063004,3.629201091825962e-05,0.0006181250209920108,3.8416997995227575e-05,0.0015756250359117985,0.0014340829802677035,0.00014154205564409494
90009,78,2,1,1,0.0008447919972240925,3.129098331555724e-05,0.0008757920004427433,4.150002496317029e-05,0.0017933750059455633,0.0014807499828748405,0.0003126250230707228
90009,79,1,3,1,0.0008030000026337802,2.96669895760715e-05,0.0005008330335840583,3.391696373000741e-05,0.0013674169895239174,0.0014686670037917793,-0.00010125001426786184
90009,80,0,3,0,0.0007811670075170696,3.029097570106387e-05,0.000954875024035573,3.3416959922760725e-05,0.0017997499671764672,0.0017619170248508453,3.783294232562184e-05
90009,81,0,4,0,0.001255250012036413,3.8833997678011656e-05,0.0008069159812293947,3.895896952599287e-05,0.002139958960469812,0.0022244169958867133,-8.445803541690111e-05
90009,82,0,6,0,0.0008129579946398735,3.6334036849439144e-05,0.0009477499988861382,4.420796176418662e-05,0.0018412499921396375,0.001827125030104071,1.4124962035566568e-05
90009,83,0,7,0,0.0007932499866001308,3.1167000997811556e-05,0.00044833298306912184,3.300001844763756e-05,0.0013057499891147017,0.0021509999642148614,-0.0008452499751001596
90009,84,0,7,0,0.0007721250294707716,3.220798680558801e-05,0.0014155000098980963,3.654195461422205e-05,0.002256374980788678,0.0020364999654702842,0.0002198750153183937
90009,85,0,7,0,0.0008055000216700137,3.345799632370472e-05,0.0009694169857539237,0.0001456660102121532,0.0019540410139597952,0.0018730839947238564,8.095701923593879e-05
90009,86,0,9,0,0.0007758749998174608,3.083300543949008e-05,0.0004927499685436487,3.32500203512609e-05,0.0013327079941518605,0.0014042090042494237,-7.150101009756327e-05
90010,0,0,10,0,0.0007686660392209888,2.9958959203213453e-05,0.0012490410008467734,3.60840349458158e-05,0.0020837500342167914,0.001680457964539528,0.0004032920696772635
90010,1,1,10,0,0.0008021660032682121,3.087497316300869e-05,0.0004752500099129975,3.350002225488424e-05,0.0013417910085991025,0.0014088330208323896,-6.70420122332871e-05
90010,2,6,10,0,0.0009311250178143382,3.249995643272996e-05,0.0005367500125430524,3.4374999813735485e-05,0.001534749986603856,0.0020272080437280238,-0.0004924580571241677
90010,3,12,10,0,0.0010307920165359974,2.8582988306879997e-05,0.0004975000047124922,3.250001464039087e-05,0.0015893750241957605,0.0018209170084446669,-0.00023154198424890637
90010,4,16,10,5,0.0011391249718144536,2.9916001949459314e-05,0.0007210840121842921,3.566598752513528e-05,0.0019257909734733403,0.0016688330215401947,0.0002569579519331455
90010,5,15,5,5,0.0011807919945567846,3.38749960064888e-05,0.0006362080457620323,4.058296326547861e-05,0.0018914579995907843,0.0017697080038487911,0.00012174999574199319
90010,6,12,0,0,0.0010936249746009707,3.350002225488424e-05,0.0012991669937036932,3.6165991332381964e-05,0.00246245798189193,0.0020926250144839287,0.0003698329674080014
90010,7,15,0,0,0.0011311250273138285,3.1791976653039455e-05,0.001103375048842281,3.374996595084667e-05,0.0023000420187599957,0.0019397090072743595,0.00036033301148563623
90010,8,17,0,0,0.001160459010861814,3.0333001632243395e-05,0.0005789169808849692,3.3958000130951405e-05,0.001803666993509978,0.0030480000423267484,-0.0012443330488167703
90010,9,22,0,0,0.0012885000323876739,2.96669895760715e-05,0.000680041965097189,3.162503708153963e-05,0.002029834024142474,0.002781833987683058,-0.0007519999635405838
90010,10,27,0,0,0.0013681250275112689,3.38749960064888e-05,0.0006089999806135893,3.458303399384022e-05,0.002045583038125187,0.003393875027541071,-0.001348291989415884
90010,11,31,0,0,0.0014508749591186643,2.8709007892757654e-05,0.0019091250142082572,5.52500132471323e-05,0.0034439589944668114,0.002022625005338341,0.0014213339891284704
90010,12,32,1,1,0.0015133750275708735,3.766699228435755e-05,0.0010557500063441694,3.7457968574017286e-05,0.0026442499947734177,0.0031731250346638262,-0.0005288750398904085
90010,13,36,0,0,0.0015521669993177056,2.924998989328742e-05,0.0012499580043368042,3.3958000130951405e-05,0.0028653329936787486,0.0023388330009765923,0.0005264999927021563
90010,14,39,3,3,0.0016456249868497252,3.045797348022461e-05,0.001093875034712255,3.4833967220038176e-05,0.002804791962262243,0.0022954170126467943,0.0005093749496154487
90010,15,37,0,0,0.0016519579803571105,7.624999852851033e-05,0.001823832979425788,5.8959005400538445e-05,0.003610999963711947,0.002574290963821113,0.001036708999890834
90010,16,41,1,1,0.0016802079626359046,3.5375007428228855e-05,0.0006972090341150761,3.574998117983341e-05,0.002448541985359043,0.00310700002592057,-0.000658458040561527
90010,17,43,2,2,0.0017252909601666033,3.2917014323174953e-05,0.0005809580325149,3.55839729309082e-05,0.0023747499799355865,0.0024162919726222754,-4.15419926866889e-05
90010,18,43,2,2,0.0018050000071525574,3.3167016226798296e-05,0.0015047499909996986,3.833300434052944e-05,0.0033812500187195837,0.0029635000391863286,0.0004177499795332551
90010,19,41,1,1,0.0020403750240802765,3.879197174683213e-05,0.0006216660258360207,3.716698847711086e-05,0.00273800001014024,0.0031833749962970614,-0.00044537498615682125
90010,20,40,0,0,0.0017405420076102018,3.0125025659799576e-05,0.0005279159522615373,3.762502456083894e-05,0.0023362080100923777,0.0024396670050919056,-0.00010345899499952793
90010,21,40,0,0,0.0016816669958643615,3.3791002351790667e-05,0.0011976250098086894,3.470899537205696e-05,0.0029477920033968985,0.002766749996226281,0.00018104200717061758
90010,22,40,0,0,0.0017535000224597752,3.187498077750206e-05,0.0008169999928213656,3.5375007428228855e-05,0.0026377500034868717,0.0029191659996286035,-0.00028141599614173174
90010,23,40,0,0,0.001746124995406717,3.704201662912965e-05,0.0007191660115495324,3.691698657348752e-05,0.0025392500101588666,0.0023003749665804207,0.0002388750435784459
90010,24,40,0,0,0.0017438330105505884,3.229198046028614e-05,0.0006980419857427478,3.3958000130951405e-05,0.0025081249768845737,0.0024893750087358057,1.8749968148767948e-05
90010,25,40,0,0,0.0016980000073090196,3.229099093005061e-05,0.0005619589937850833,3.412499791011214e-05,0.0023263749899342656,0.002628625021316111,-0.0003022500313818455
90010,26,40,1,1,0.0016895419685170054,3.0458031687885523e-05,0.0007770420052111149,3.666599513962865e-05,0.0025337080005556345,0.0022739580017514527,0.0002597499988041818
90010,27,39,1,1,0.0016331669758073986,2.97910301014781e-05,0.0017762500210665166,0.0001347090001218021,0.0035739170270971954,0.002272250014357269,0.0013016670127399266
90010,28,38,2,2,0.001684957998804748,3.404199378564954e-05,0.0012941249879077077,3.820803249254823e-05,0.0030513330129906535,0.002295167010743171,0.0007561660022474825
90010,29,36,2,2,0.0016127499984577298,3.262498648837209e-05,0.0005869999877177179,3.458303399384022e-05,0.00226695800665766,0.002216291963122785,5.0666043534874916e-05
90010,30,34,1,1,0.0015798330423422158,3.308296436443925e-05,0.0014281669864431024,3.304204437881708e-05,0.0030741250375285745,0.002320542000234127,0.0007535830372944474
90010,31,33,0,0,0.001584207988344133,3.3374992199242115e-05,0.0005857090000063181,4.050001734867692e-05,0.00224379199789837,0.0031958329491317272,-0.0009520409512333572
90010,32,33,2,2,0.0014990409836173058,3.162503708153963e-05,0.0005773750017397106,3.4416967537254095e-05,0.00214245798997581,0.0029360420303419232,-0.0007935840403661132
90010,33,31,0,0,0.001430791977327317,3.0292023438960314e-05,0.0005594579852186143,3.225001273676753e-05,0.002052791998721659,0.0023734999704174697,-0.00032070797169581056
90010,34,31,1,1,0.0014970000484026968,5.991599755361676e-05,0.0010138749494217336,4.6459026634693146e-05,0.0026172500220127404,0.0028855829732492566,-0.00026833295123651624
90010,35,30,0,0,0.0014531250344589353,3.1791976653039455e-05,0.0010891249985434115,3.620801726356149e-05,0.0026102500269189477,0.0027667079702951014,-0.0001564579433761537
90010,36,30,1,1,0.0014718329766765237,3.195804310962558e-05,0.0005348339909687638,3.4999975468963385e-05,0.0020736249862238765,0.002922083018347621,-0.0008484580321237445
90010,37,29,0,0,0.0014602079754695296,3.062502946704626e-05,0.0010192079935222864,3.4791999496519566e-05,0.002544832997955382,0.0027257089968770742,-0.00018087599892169237
90010,38,29,2,2,0.0014392500161193311,3.3999967854470015e-05,0.0005146249895915389,3.50830378010869e-05,0.002022958011366427,0.002808749966789037,-0.00078579195542261
90010,39,27,2,2,0.0013810829841531813,3.100000321865082e-05,0.0007723750313743949,3.4999975468963385e-05,0.0022194579942151904,0.001969875011127442,0.0002495829830877483
90010,40,25,0,0,0.0013214999926276505,3.0041032005101442e-05,0.0007763750036247075,3.266701241955161e-05,0.002160583040677011,0.0030167080112732947,-0.0008561249705962837
90010,41,25,2,2,0.0013484999653883278,4.287500632926822e-05,0.0011562500149011612,3.8207974284887314e-05,0.0025858329609036446,0.0020988750038668513,0.00048695795703679323
90010,42,23,0,0,0.0012595410225912929,2.962502185255289e-05,0.0010706670000217855,3.20419785566628e-05,0.002391875023022294,0.0018225840176455677,0.0005692910053767264
90010,43,23,0,0,0.0012724580010399222,3.054196713492274e-05,0.0009466250194236636,4.154100315645337e-05,0.002291165990754962,0.001814542047213763,0.00047662394354119897
90010,44,23,1,1,0.001309499959461391,3.14170029014349e-05,0.0009367080056108534,3.825000021606684e-05,0.002315874968189746,0.0021955419797450304,0.00012033298844471574
90010,45,22,0,0,0.0012764580314978957,3.125000512227416e-05,0.0007435419829562306,3.350002225488424e-05,0.0020847500418312848,0.001896624977234751,0.00018812506459653378
90010,46,22,2,2,0.0012530420208349824,3.0499999411404133e-05,0.0005689159734174609,3.32500203512609e-05,0.0018857080140151083,0.0026678749709390104,-0.000782166956923902
90010,47,20,2,2,0.0012697079801000655,3.4584023524075747e-05,0.0005041250260546803,3.674998879432678e-05,0.0018451670184731483,0.0022577919880859554,-0.00041262496961280704
90010,48,18,1,1,0.001175333047285676,3.045797348022461e-05,0.001103667018469423,3.5582983400672674e-05,0.0023450410226359963,0.002183915989007801,0.00016112503362819552
90010,49,17,1,1,0.0011915000504814088,3.495794953778386e-05,0.0012578340247273445,3.7582998629659414e-05,0.0025218750233761966,0.002402458048891276,0.0001194169744849205
90010,50,16,1,1,0.001147416012827307,3.0124967452138662e-05,0.00046895904233679175,3.3415970392525196e-05,0.0016799159930087626,0.0017330420087091625,-5.3126015700399876e-05
90010,51,15,2,2,0.0011573330266401172,3.308296436443925e-05,0.0009184170048683882,3.670802107080817e-05,0.0021455410169437528,0.0019188330043107271,0.00022670801263302565
90010,52,13,1,1,0.0010961660300381482,3.1416944693773985e-05,0.0010096670011989772,3.400002606213093e-05,0.0021712500019930303,0.0022068750113248825,-3.56250093318522e-05
90010,53,12,1,1,0.0010646670125424862,3.8624973967671394e-05,0.0005330829881131649,3.749999450519681e-05,0.0016738749691285193,0.00236529199173674,-0.0006914170226082206
90010,54,11,0,0,0.0010547079727984965,3.38749960064888e-05,0.0012033340171910822,3.3999967854470015e-05,0.0023259169538505375,0.002178374968934804,0.00014754198491573334
90010,55,11,3,3,0.0010640829568728805,4.795799031853676e-05,0.00048133404925465584,3.9790989831089973e-05,0.001633165986277163,0.002089334011543542,-0.0004561680252663791
90010,56,8,0,0,0.0011716249864548445,4.558300133794546e-05,0.0012089170049875975,3.8665952160954475e-05,0.002464790944941342,0.003008958010468632,-0.0005441670655272901
90010,57,8,2,2,0.0009445409523323178,2.9250048100948334e-05,0.0005182499880902469,3.912497777491808e-05,0.0015311659662984312,0.0024962080060504377,-0.0009650420397520065
90010,58,6,1,1,0.000915041018743068,3.0542025342583656e-05,0.0010245419689454138,3.7165998946875334e-05,0.002007291011977941,0.0014773749862797558,0.000529916025698185
90010,59,5,1,1,0.0016145000117830932,3.504101186990738e-05,0.000811167003121227,3.9041973650455475e-05,0.002499750000424683,0.0031878749723546207,-0.0006881249719299376
90010,60,4,3,3,0.0008903329726308584,3.2333016861230135e-05,0.0009448750060983002,3.774999640882015e-05,0.001905290991999209,0.0014799580094404519,0.00042533298255875707
90010,61,1,1,1,0.0008154580136761069,3.1584000680595636e-05,0.0005231659743003547,3.712502075359225e-05,0.0014073330094106495,0.002033459022641182,-0.0006261260132305324
90010,62,0,2,0,0.0007805830100551248,3.112497506663203e-05,0.0004686250467784703,3.258395008742809e-05,0.0013129169819876552,0.0015004169545136392,-0.00018749997252598405
90010,63,0,4,0,0.0007624999852851033,2.979201963171363e-05,0.0005349580314941704,3.145798109471798e-05,0.0013587080175057054,0.001323999953456223,3.4708064049482346e-05
90010,64,0,5,0,0.00079158297739923,3.1584000680595636e-05,0.0012447499902918935,3.68330511264503e-05,0.0021047500194981694,0.001822209043893963,0.0002825409756042063
90010,65,0,6,0,0.000806500029284507,3.637495683506131e-05,0.0017091670306399465,3.62499849870801e-05,0.002588292001746595,0.001335958018898964,0.001252333982847631
90010,66,0,7,0,0.0007653330103494227,2.8624956030398607e-05,0.000547667033970356,3.166700480505824e-05,0.0013732920051552355,0.0017522500129416585,-0.00037895800778642297
90011,0,0,10,0,0.0007865409716032445,2.9959017410874367e-05,0.0004772500251419842,3.529101377353072e-05,0.0013290410279296339,0.002096167008858174,-0.0007671259809285402
90011,1,4,10,0,0.0008684169733896852,3.162503708153963e-05,0.0005079159745946527,3.67090106010437e-05,0.0014446669956669211,0.0019493750296533108,-0.0005047080339863896
90011,2,6,10,0,0.0009532499825581908,3.21249826811254e-05,0.0009137080051004887,3.84590239264071e-05,0.001937541994266212,0.0017081249970942736,0.00022941699717193842
90011,3,10,10,0,0.0010435410076752305,3.1208968721330166e-05,0.001253750000614673,3.5582983400672674e-05,0.0023640829604119062,0.0017642089514993131,0.0005998740089125931
90011,4,10,10,0,0.001034499960951507,3.2917014323174953e-05,0.0005620410083793104,3.4999975468963385e-05,0.0016644579591229558,0.0018281670054420829,-0.00016370904631912708
90011,5,16,10,5,0.0011254170094616711,3.120797919109464e-05,0.0005712499842047691,4.416704177856445e-05,0.0017720420146360993,0.0021016669925302267,-0.00032962497789412737
90011,6,15,5,5,0.0011159999994561076,3.241701051592827e-05,0.00048587494529783726,3.8375030271708965e-05,0.001672666985541582,0.0018727919668890536,-0.00020012498134747148
90011,7,16,0,0,0.0011350829736329615,3.024999750778079e-05,0.0010616250219754875,3.612501313909888e-05,0.0022630830062553287,0.001823625003453344,0.00043945800280198455
90011,8,23,0,0,0.0013227920280769467,3.0540977604687214e-05,0.0005372089799493551,3.283302066847682e-05,0.001923375006299466,0.002076208998914808,-0.00015283399261534214
90011,9,26,0,0,0.0013940419885329902,3.608298720791936e-05,0.0007464580121450126,3.287498839199543e-05,0.0022094579762779176,0.0027184170321561396,-0.000508959055878222
90011,10,30,0,0,0.002160542004276067,3.0458031687885523e-05,0.0004964999970979989,3.3917021937668324e-05,0.0027214170549996197,0.0036025409935973585,-0.0008811239385977387
90011,11,33,0,0,0.0014788340195082128,2.9499991796910763e-05,0.0014411660376936197,4.554196493700147e-05,0.0029950420139357448,0.0021762910182587802,0.0008187509956769645
90011,12,37,0,0,0.0016565000405535102,3.56250093318522e-05,0.0012348750024102628,3.654195461422205e-05,0.0029635420069098473,0.0022802079911343753,0.0006833340157754719
90011,13,42,1,1,0.0017039580270648003,3.2958982046693563e-05,0.0006015830440446734,3.7999998312443495e-05,0.0023765000514686108,0.0039405839634127915,-0.0015640839119441807
90011,14,42,2,2,0.0017604170134291053,4.274997627362609e-05,0.0008543329895474017,4.5459019020199776e-05,0.002702958998270333,0.003158832958433777,-0.0004558739601634443
90011,15,44,2,2,0.0018127919756807387,5.733297439292073e-05,0.001257374999113381,4.7042034566402435e-05,0.0031745419837534428,0.002515625033993274,0.0006589169497601688
90011,16,43,1,1,0.0018086659838445485,3.837497206404805e-05,0.0011261670151725411,3.6375015042722225e-05,0.00300958298612386,0.0035477500059641898,-0.0005381670198403299
90011,17,44,1,1,0.001812292030081153,4.862499190494418e-05,0.0006400420097634196,3.9624981582164764e-05,0.0025405840133316815,0.0025156670017167926,2.4917011614888906e-05
90011,18,43,0,0,0.0016971250297501683,3.26669542118907e-05,0.0006839160341769457,3.2584008295089006e-05,0.0024462920264340937,0.00252604199340567,-7.974996697157621e-05
90011,19,43,2,2,0.001802499988116324,3.6958022974431515e-05,0.001298332994338125,3.991700941696763e-05,0.003177708014845848,0.0028027910157106817,0.0003749169991351664
90011,20,41,0,0,0.001692958001513034,3.470800584182143e-05,0.001671917038038373,3.970798570662737e-05,0.003439291031099856,0.0024250419810414314,0.0010142490500584245
90011,21,41,0,0,0.0017142919823527336,3.316602669656277e-05,0.002236416970845312,3.504200140014291e-05,0.004018916981294751,0.003911916981451213,0.00010699999984353781
90011,22,41,1,1,0.001700791995972395,3.2125040888786316e-05,0.0005339159979484975,3.4416967537254095e-05,0.002301250002346933,0.0027215000009164214,-0.0004202499985694885
90011,23,40,0,0,0.0016718750121071935,3.0999945010989904e-05,0.0008413750329054892,3.2750016544014215e-05,0.002577000006567687,0.0022571670124307275,0.0003198329941369593
90011,24,40,1,1,0.0016220409888774157,2.9292015824466944e-05,0.0010550000006332994,3.329198807477951e-05,0.0027396249934099615,0.0023118749959394336,0.0004277499974705279
90011,25,39,0,0,0.0016086249961517751,2.9250048100948334e-05,0.0014346249517984688,3.600004129111767e-05,0.00310850003734231,0.002263000002130866,0.0008455000352114439
90011,26,39,1,1,0.0016800829907879233,3.545801155269146e-05,0.0005449170130304992,3.937497967854142e-05,0.0022998329950496554,0.002310624986421317,-1.0791991371661425e-05
90011,27,38,0,0,0.0016103750094771385,3.145798109471798e-05,0.0014814999885857105,3.9083999581635e-05,0.003162416978739202,0.002208208024967462,0.0009542089537717402
90011,28,38,1,1,0.0016392500256188214,3.120797919109464e-05,0.0009803330176509917,3.512500552460551e-05,0.002685916027985513,0.0023301669862121344,0.00035574904177337885
90011,29,37,0,0,0.0016512919683009386,3.1542032957077026e-05,0.0013868329697288573,3.649998689070344e-05,0.0031061669578775764,0.0027699589845724404,0.00033620797330513597
90011,30,37,0,0,0.001590458967257291,3.1333009246736765e-05,0.0005384170217439532,3.466597991064191e-05,0.002194874978158623,0.0022437499719671905,-4.8874993808567524e-05
90011,31,37,1,1,0.0017713340348564088,3.2374984584748745e-05,0.0006009580101817846,4.075001925230026e-05,0.0024454170488752425,0.003334792039822787,-0.0008893749909475446
90011,32,36,1,1,0.001588208950124681,3.0499999411404133e-05,0.0007286660256795585,3.5959004890173674e-05,0.0023833339801058173,0.003583499987144023,-0.0012001660070382059
90011,33,35,1,1,0.0016205830033868551,3.4208991564810276e-05,0.0006668749847449362,4.295801045373082e-05,0.0023646249901503325,0.00299708399688825,-0.0006324590067379177
90011,34,34,1,1,0.001579292002134025,3.504101186990738e-05,0.0012106670183129609,4.341697786003351e-05,0.002868417010176927,0.0024879170232452452,0.00038049998693168163
90011,35,33,0,0,0.0015281250234693289,3.1374976970255375e-05,0.0010963749955408275,3.550003748387098e-05,0.0026913750334642828,0.0026817499892786145,9.62504418566823e-06
90011,36,33,2,2,0.0015037499833852053,3.108300734311342e-05,0.0005685419891960919,3.32500203512609e-05,0.0021366250002756715,0.0024114580010063946,-0.00027483300073072314
90011,37,31,1,1,0.0014689589734189212,3.0458031687885523e-05,0.0009332079789601266,3.32500203512609e-05,0.0024658750044181943,0.0032515000202693045,-0.0007856250158511102
90011,38,30,0,0,0.0014287919620983303,2.962502185255289e-05,0.002348707988858223,3.2167008612304926e-05,0.003839291981421411,0.003651375009212643,0.00018791697220876813
90011,39,30,1,1,0.0014834589674137533,3.070797538384795e-05,0.0005765000241808593,3.3958000130951405e-05,0.002124624967109412,0.002035000012256205,8.962495485320687e-05
90011,40,29,0,0,0.0014615829568356276,3.858399577438831e-05,0.0011718330206349492,3.270799061283469e-05,0.0027047079638577998,0.0025467079831287265,0.00015799998072907329
90011,41,29,1,1,0.001449582981877029,3.4917029552161694e-05,0.0005394580075517297,3.670895239338279e-05,0.002060666971374303,0.0023579580010846257,-0.0002972910297103226
90011,42,28,1,1,0.0014197909622453153,3.0292023438960314e-05,0.0007560829981230199,3.662501694634557e-05,0.002242791000753641,0.002034874982200563,0.00020791601855307817
90011,43,27,0,0,0.0014166670152917504,3.362499410286546e-05,0.0013599160010926425,3.708398435264826e-05,0.0028472919948399067,0.0020502079860307276,0.0007970840088091791
90011,44,27,0,0,0.0013394159614108503,2.962502185255289e-05,0.0011877919896505773,3.608298720791936e-05,0.0025929159601219,0.0020613340311683714,0.0005315819289535284
90011,45,27,0,0,0.0013763329479843378,3.145902883261442e-05,0.0004908749833703041,3.304099664092064e-05,0.001931707956828177,0.001985875016544014,-5.416705971583724e-05
90011,46,27,1,1,0.001410875003784895,3.529200330376625e-05,0.0006691670278087258,3.5999983083456755e-05,0.0021513340179808438,0.0024134580162353814,-0.0002621239982545376
90011,47,26,0,0,0.0013736659893766046,3.087497316300869e-05,0.0006258340436033905,3.374996595084667e-05,0.0020641249720938504,0.0025888329837471247,-0.0005247080116532743
90011,48,26,0,0,0.0013166669523343444,2.8665992431342602e-05,0.0005771670257672668,3.304198617115617e-05,0.00195554195670411,0.0019507500110194087,4.791945684701204e-06
90011,49,26,0,0,0.00135087501257658,3.0333001632243395e-05,0.0011816669721156359,3.2540992833673954e-05,0.0025954159791581333,0.00209650001488626,0.0004989159642718732
90011,50,26,0,0,0.001334833970759064,3.054103581234813e-05,0.0005115839885547757,3.300001844763756e-05,0.0019099590135738254,0.0027013749931938946,-0.0007914159796200693
90011,51,26,1,1,0.0013608750305138528,3.041699528694153e-05,0.0008623329922556877,3.2374984584748745e-05,0.002286000002641231,0.0027160830213688314,-0.0004300830187276006
90011,52,25,2,2,0.0013393330154940486,3.200001083314419e-05,0.0005354169989004731,3.454199759289622e-05,0.0019412920228205621,0.0025591669837012887,-0.0006178749608807266
90011,53,23,3,3,0.0012902920134365559,3.087497316300869e-05,0.0011834580218419433,3.616698086261749e-05,0.0025407919893041253,0.001952416030690074,0.0005883759586140513
90011,54,20,1,1,0.0012204170343466103,3.120797919109464e-05,0.0018899579881690443,0.00014762504724785686,0.003289208048954606,0.0018790829926729202,0.0014101250562816858
90011,55,19,1,1,0.0012155830045230687,3.0750001315027475e-05,0.002045125002041459,0.0001212080242112279,0.003412666032090783,0.0018085420015268028,0.0016041240305639803
90011,56,18,0,0,0.001182959007564932,3.037502756342292e-05,0.00048104097368195653,3.3167016226798296e-05,0.0017275420250371099,0.0025309170014224946,-0.0008033749763853848
90011,57,18,1,1,0.0012004590244032443,3.374996595084667e-05,0.0005221250467002392,3.524997737258673e-05,0.0017915840144269168,0.0018273750320076942,-3.579101758077741e-05
90011,58,17,1,1,0.0011631660163402557,2.962502185255289e-05,0.0005078749964013696,3.329198807477951e-05,0.0017339580226689577,0.0025556249893270433,-0.0008216669666580856
90011,59,16,0,0,0.0011036660289391875,2.8499984182417393e-05,0.0009829170303419232,3.249995643272996e-05,0.002147582999896258,0.0028518339968286455,-0.0007042509969323874
90011,60,16,0,0,0.0011024580453522503,2.879201201722026e-05,0.0009379999828524888,3.2167008612304926e-05,0.0021014170488342643,0.00237183301942423,-0.0002704159705899656
90011,61,16,1,1,0.0012387079768814147,8.887500734999776e-05,0.0006866669864393771,5.966599564999342e-05,0.002073915966320783,0.002802083035930991,-0.0007281670696102083
90011,62,15,2,2,0.0011370829888619483,3.3374992199242115e-05,0.0005530419875867665,3.4917029552161694e-05,0.0017584169982001185,0.002645209024194628,-0.0008867920259945095
90011,63,13,3,3,0.001101875037420541,3.69579647667706e-05,0.0008811670122668147,3.9457983803004026e-05,0.0020594579982571304,0.0016727499896660447,0.00038670800859108567
90011,64,10,2,2,0.001006542006507516,3.083300543949008e-05,0.0015089589869603515,3.574998117983341e-05,0.002582083980087191,0.0015706249978393316,0.0010114589822478592
90011,65,8,0,0,0.0009668339625932276,3.066600766032934e-05,0.0012203340302221477,3.474997356534004e-05,0.0022525839740410447,0.0015508750220760703,0.0007017089519649744
90011,66,8,0,0,0.0009648330160416663,3.083300543949008e-05,0.0010956249898299575,3.425002796575427e-05,0.002125541039276868,0.0015414999797940254,0.0005840410594828427
90011,67,8,1,1,0.0009681669762358069,3.1916017178446054e-05,0.000993249996099621,3.3958989661186934e-05,0.002027291979175061,0.003525167005136609,-0.001497875025961548
90011,68,7,0,0,0.0010810419917106628,5.741702625527978e-05,0.0006939999875612557,4.5666005462408066e-05,0.0018781250109896064,0.002502499963156879,-0.0006243749521672726
90011,69,7,2,2,0.0009667920530773699,3.0790979508310556e-05,0.0023340419866144657,6.195798050612211e-05,0.0033935829997062683,0.001888750004582107,0.0015048329951241612
90011,70,5,3,3,0.0009102500043809414,3.287498839199543e-05,0.0006625830428674817,3.7041958421468735e-05,0.0016427499940618873,0.0015787080046720803,6.404198938980699e-05
90011,71,2,2,2,0.0008821249939501286,4.020897904410958e-05,0.0015042080194689333,3.362499410286546e-05,0.002460166986566037,0.0013659579562954605,0.0010942090302705765
90011,72,0,0,0,0.0007610419997945428,2.9125018045306206e-05,0.0005027910228818655,3.304198617115617e-05,0.0013260000268928707,0.0013107090489938855,1.5290977898985147e-05
90011,73,0,3,0,0.0007624169811606407,2.9332994017750025e-05,0.00043091701809316874,3.2415962778031826e-05,0.0012550829560495913,0.0016776249976828694,-0.00042254204163327813
90011,74,0,3,0,0.000768084020819515,2.8790964279323816e-05,0.0012149590183980763,3.4374999813735485e-05,0.0020462090033106506,0.0024894580128602684,-0.00044324900954961777
90011,75,0,3,0,0.000802457972895354,4.133401671424508e-05,0.0010647909948602319,3.5999983083456755e-05,0.0019445829675532877,0.0017067500157281756,0.0002378329518251121
90011,76,0,6,0,0.00075758300954476,2.924998989328742e-05,0.00046983297215774655,3.204203676432371e-05,0.0012887080083601177,0.001347208977676928,-5.850096931681037e-05
90011,77,0,8,0,0.0007875830051489174,3.2750016544014215e-05,0.001180750026833266,3.4791999496519566e-05,0.0020358750480227172,0.0019027499947696924,0.00013312505325302482
90011,78,0,9,0,0.0007927920087240636,3.0082999728620052e-05,0.0004912500153295696,3.320799442008138e-05,0.0013473330182023346,0.0013679169933311641,-2.058397512882948e-05
90012,0,2,10,0,0.0008469579624943435,3.066699719056487e-05,0.0005261250189505517,3.929098602384329e-05,0.0014430409646593034,0.0015966249629855156,-0.00015358399832621217
90012,1,2,10,0,0.0008689999813213944,3.2542040571570396e-05,0.0008289159741252661,3.487500362098217e-05,0.001765332999639213,0.0014141249703243375,0.0003512080293148756
90012,2,4,10,0,0.0008725000079721212,3.0082999728620052e-05,0.0005226670182310045,3.2791984267532825e-05,0.0014580420101992786,0.001769250025972724,-0.00031120801577344537
90012,3,10,10,0,0.0011074579670093954,3.2208976335823536e-05,0.0010575830237939954,3.366702003404498e-05,0.0022309169871732593,0.0024400000111199915,-0.00020908302394673228
90012,4,12,10,0,0.0010433329734951258,2.962502185255289e-05,0.0009278340148739517,3.2790994737297297e-05,0.0020335830049589276,0.0016285000019706786,0.00040508300298824906
90012,5,17,10,8,0.0011602080194279552,2.979201963171363e-05,0.0009868330089375377,4.158297087997198e-05,0.0022184160188771784,0.00180079200072214,0.00041762401815503836
90012,6,13,2,2,0.0011138750123791397,3.991700941696763e-05,0.001675124978646636,4.800001624971628e-05,0.0028769170166924596,0.0017826670082286,0.0010942500084638596
90012,7,15,0,0,0.0010872500133700669,2.9999995604157448e-05,0.001053375017363578,4.037498729303479e-05,0.002211000013630837,0.0017241250025108457,0.00048687501111999154
90012,8,22,0,0,0.0014141249703243375,3.362499410286546e-05,0.0012808330357074738,3.879197174683213e-05,0.002767374971881509,0.0031719999969936907,-0.0004046250251121819
90012,9,24,0,0,0.0013048750115558505,3.1791976653039455e-05,0.0005486670415848494,3.4415978007018566e-05,0.0019197500078007579,0.0021595419966615736,-0.00023979198886081576
90012,10,29,0,0,0.0017367079854011536,3.629201091825962e-05,0.0013281250139698386,3.508297959342599e-05,0.003136207989882678,0.0032016250188462436,-6.541702896356583e-05
90012,11,31,0,0,0.0014693329576402903,3.1292031053453684e-05,0.0006113749695941806,5.0667033065110445e-05,0.002162666991353035,0.0023788330145180225,-0.00021616602316498756
90012,12,35,1,1,0.0015909170033410192,3.2125040888786316e-05,0.0014660419546999037,3.450002986937761e-05,0.003123584028799087,0.002203167008701712,0.0009204170200973749
90012,13,39,1,1,0.0016502920188941061,3.058300353586674e-05,0.0007147919968701899,3.7582998629659414e-05,0.002433250017929822,0.0026236670091748238,-0.00019041699124500155
90012,14,44,2,2,0.0017957920208573341,3.0540977604687214e-05,0.0008699590107426047,3.429100615903735e-05,0.0027305830153636634,0.003267416963353753,-0.0005368339479900897
90012,15,44,1,1,0.001761667022947222,3.549997927621007e-05,0.0006297079962678254,3.954203566536307e-05,0.0024664170341566205,0.002392000053077936,7.441698107868433e-05
90012,16,44,1,1,0.0017378340126015246,3.108294913545251e-05,0.0005743750371038914,3.466696944087744e-05,0.002377958968281746,0.0030798749648965895,-0.0007019159966148436
90012,17,44,1,1,0.0020099999965168536,3.7167046684771776e-05,0.0010885419906117022,3.579095937311649e-05,0.003171499993186444,0.0023510410101152956,0.0008204589830711484
90012,18,43,0,0,0.0017220409936271608,3.1167000997811556e-05,0.0015803329879418015,3.4374999813735485e-05,0.0033679159823805094,0.003031542000826448,0.0003363739815540612
90012,19,43,1,1,0.0016886249650269747,3.179203486070037e-05,0.0006574169965460896,3.412499791011214e-05,0.002411958994343877,0.0027530420338734984,-0.0003410830395296216
90012,20,42,1,1,0.0017524170107208192,3.1167000997811556e-05,0.0011840409715659916,3.6167039070278406e-05,0.003003792022354901,0.0024029159685596824,0.0006008760537952185
90012,21,41,1,1,0.001698249951004982,3.15000070258975e-05,0.0009180420311167836,3.333296626806259e-05,0.0026811249554157257,0.002398374956101179,0.0002827499993145466
90012,22,40,3,3,0.001657083979807794,3.1540985219180584e-05,0.0005579590215347707,3.3791002351790667e-05,0.002280374988913536,0.0023072909680195153,-2.6915979105979204e-05
90012,23,37,2,2,0.0015735829947516322,3.066699719056487e-05,0.0005297079915180802,3.4125056117773056e-05,0.0021680830395780504,0.0025042500346899033,-0.0003361669951118529
90012,24,35,1,1,0.0015614579897373915,2.9499991796910763e-05,0.0006347079761326313,3.2709038350731134e-05,0.0022583749960176647,0.0022611249587498605,-2.749962732195854e-06
90012,25,34,0,0,0.0014982499997131526,2.9499991796910763e-05,0.0011519999825395644,3.516697324812412e-05,0.002714916947297752,0.003259750024881214,-0.000544833077583462
90012,26,34,0,0,0.0015214580344036222,2.9749993700534105e-05,0.0014217090210877359,0.00013170798774808645,0.0031046250369399786,0.0021192500134930015,0.0009853750234469771
90012,27,34,2,2,0.0015577920130454004,3.362499410286546e-05,0.0012453329982236028,3.5750039387494326e-05,0.002872500044759363,0.002663041988853365,0.00020945805590599775
90012,28,32,0,0,0.001486250024754554,3.0499999411404133e-05,0.0006697909557260573,3.32500203512609e-05,0.0022197910002432764,0.0021222500363364816,9.754096390679479e-05
90012,29,32,0,0,0.001555417024064809,6.120797479525208e-05,0.0014111670316196978,6.033299723640084e-05,0.00308812502771616,0.002751332998741418,0.0003367920289747417
90012,30,32,1,1,0.001473457959946245,2.96669895760715e-05,0.0014417920028790832,5.6333024986088276e-05,0.003001249977387488,0.002523540984839201,0.0004777089925482869
90012,31,31,1,1,0.0014599590213038027,3.124994691461325e-05,0.0010188750457018614,3.487500362098217e-05,0.0025449590175412595,0.0027730839792639017,-0.00022812496172264218
90012,32,30,0,0,0.0014295839937403798,2.9916001949459314e-05,0.0015343750128522515,5.1333976443856955e-05,0.0030452089849859476,0.002040624967776239,0.0010045840172097087
90012,33,30,2,2,0.001512708025984466,3.366702003404498e-05,0.0005351660074666142,3.62089485861361e-05,0.0021177500020712614,0.002745542034972459,-0.0006277920329011977
90012,34,28,1,1,0.0013820420135743916,4.2082974687218666e-05,0.0006084170308895409,3.445800393819809e-05,0.0020670000230893493,0.002744500001426786,-0.0006774999783374369
90012,35,27,1,1,0.0013515829923562706,2.8875016141682863e-05,0.0009911669767461717,0.0001260410062968731,0.0024976659915409982,0.002263292029965669,0.0002343739615753293
90012,36,26,1,1,0.0013412080006673932,3.2875046599656343e-05,0.001837666961364448,3.4374999813735485e-05,0.003246125008445233,0.0032589579932391644,-1.2832984793931246e-05
90012,37,25,3,3,0.00135516602313146,5.80840278416872e-05,0.0015120829921215773,3.612501313909888e-05,0.0029614580562338233,0.0025842919712886214,0.0003771660849452019
90012,38,22,0,0,0.0012471250374801457,2.8916983865201473e-05,0.0005652079707942903,3.483402542769909e-05,0.0018760840175673366,0.0020293340203352273,-0.0001532500027678907
90012,39,22,1,1,0.0013162500108592212,3.508297959342599e-05,0.0005330420099198818,3.787502646446228e-05,0.0019222500268369913,0.002578499959781766,-0.0006562499329447746
90012,40,21,1,1,0.0012908339849673212,3.079103771597147e-05,0.0005569589557126164,3.383302828297019e-05,0.0019124170066788793,0.0023336250451393425,-0.0004212080384604633
90012,41,20,0,0,0.0012265840196050704,3.225001273676753e-05,0.0006542909541167319,3.850000211969018e-05,0.00195162498857826,0.002519542002119124,-0.000567917013540864
90012,42,20,1,1,0.0012047080090269446,3.054196713492274e-05,0.0004983749822713435,3.2708048820495605e-05,0.0017663330072537065,0.0018681249930523336,-0.00010179198579862714
90012,43,19,1,1,0.0012173339491710067,3.15000070258975e-05,0.0013482079957611859,3.366702003404498e-05,0.002630708971992135,0.0023083749692887068,0.00032233400270342827
90012,44,18,1,1,0.001198125013615936,3.095902502536774e-05,0.0005990829668007791,5.1749986596405506e-05,0.0018799169920384884,0.0017484159907326102,0.00013150100130587816
90012,45,17,1,1,0.001139500003773719,2.9749993700534105e-05,0.0008186250342987478,3.529095556586981e-05,0.0020231659873388708,0.0023266670177690685,-0.0003035010304301977
90012,46,16,2,2,0.001131917000748217,2.9374961741268635e-05,0.0005188329960219562,3.462500171735883e-05,0.0017147499602288008,0.0029659169958904386,-0.0012511670356616378
90012,47,14,2,2,0.0010901670320890844,2.987496554851532e-05,0.0006665419787168503,3.3708056434988976e-05,0.001820292032789439,0.001733291952405125,8.700008038431406e-05
90012,48,12,1,1,0.001043416967149824,3.0499999411404133e-05,0.001174542005173862,3.304099664092064e-05,0.0022814999683760107,0.001834415947087109,0.00044708402128890157
90012,49,11,0,0,0.0010434170253574848,3.470800584182143e-05,0.0009719579829834402,3.4958997275680304e-05,0.0020850420114584267,0.0020233329851180315,6.170902634039521e-05
90012,50,11,2,2,0.001036665984429419,3.1167000997811556e-05,0.0005627500358968973,3.9207981899380684e-05,0.0016697910032235086,0.0020885419799014926,-0.000418750976677984
90012,51,9,1,1,0.0014364579692482948,4.650000482797623e-05,0.0012726670247502625,3.554095746949315e-05,0.0027911659562960267,0.002798540983349085,-7.3750270530581474e-06
90012,52,8,0,0,0.0009759580134414136,3.0542025342583656e-05,0.0008915409562177956,3.3542048186063766e-05,0.0019315830431878567,0.0020857499912381172,-0.00015416694805026054
90012,53,8,0,0,0.0009699160000309348,3.1167000997811556e-05,0.0005467080045491457,3.241701051592827e-05,0.0015802080160938203,0.00293329096166417,-0.0013530829455703497
90012,54,8,1,1,0.0009735829662531614,3.200001083314419e-05,0.0007341669988818467,3.50830378010869e-05,0.0017748330137692392,0.001767834008205682,6.999005563557148e-06
90012,55,7,2,2,0.0009337919764220715,3.083300543949008e-05,0.0009208749979734421,4.254200030118227e-05,0.0019280419801361859,0.001579499978106469,0.00034854200202971697
90012,56,5,0,0,0.000909249996766448,3.1333009246736765e-05,0.0009384590084664524,3.308302257210016e-05,0.0019121250370517373,0.0019842920009978116,-7.216696394607425e-05
90012,57,5,4,4,0.0008742500212974846,2.9624963644891977e-05,0.0005326250102370977,3.950000973418355e-05,0.001476000004913658,0.0016977909835986793,-0.0002217909786850214
90012,58,1,2,1,0.0007856249576434493,2.9250048100948334e-05,0.0009275839547626674,3.445800393819809e-05,0.0017769169644452631,0.0013765410403721035,0.0004003759240731597
90012,59,0,2,0,0.0007652919739484787,2.862501423805952e-05,0.0004651250201277435,3.320799442008138e-05,0.001292250002734363,0.001270833017770201,2.141698496416211e-05
90012,60,0,2,0,0.0007725000032223761,3.2790994737297297e-05,0.000576208985876292,3.308296436443925e-05,0.0014145829482004046,0.0017508750315755606,-0.0003362920833751559
90012,61,0,2,0,0.00136283301981166,3.187498077750206e-05,0.001293292036280036,3.825000021606684e-05,0.002726250037085265,0.002705582999624312,2.0667037460952997e-05
90012,62,0,2,0,0.0007667909958399832,2.9292015824466944e-05,0.0007141249952837825,3.57080134563148e-05,0.0015459160204045475,0.002004500012844801,-0.0004585839924402535
90012,63,0,4,0,0.0007761659799143672,2.9709015507251024e-05,0.0004884999943897128,3.250001464039087e-05,0.001326875004451722,0.001388832984957844,-6.195798050612211e-05
90012,64,0,6,0,0.0007817919831722975,2.924998989328742e-05,0.0007100829971022904,3.2292038667947054e-05,0.0015534170088358223,0.0014420839725062251,0.00011133303632959723
90012,65,0,9,0,0.0007776249549351633,2.879102248698473e-05,0.0004886250244453549,3.187498077750206e-05,0.001326915982645005,0.001389833982102573,-6.291799945756793e-05
90013,0,0,10,0,0.0007999169756658375,3.137503517791629e-05,0.00048474996583536267,3.2333016861230135e-05,0.0013483749935403466,0.0015128329978324473,-0.00016445800429210067
90013,1,0,10,0,0.0007848750101402402,3.1832954846322536e-05,0.00135087501257658,3.466702764853835e-05,0.002202250005211681,0.0014212499954737723,0.0007810000097379088
90013,2,3,10,0,0.0008475420181639493,3.8457976188510656e-05,0.0011826250120066106,4.354200791567564e-05,0.002112167014274746,0.0015784170245751739,0.0005337499896995723
90013,3,7,10,0,0.0009453750099055469,3.162497887387872e-05,0.0006832500221207738,3.474997356534004e-05,0.0016949999844655395,0.0017128749750554562,-1.7874990589916706e-05
90013,4,9,10,0,0.000961375015322119,2.929195761680603e-05,0.0016656250227242708,0.00014170800568535924,0.002798000001348555,0.0016312079969793558,0.0011667920043691993
90013,5,14,10,2,0.0011137499823234975,3.1917006708681583e-05,0.0012107499642297626,3.445800393819809e-05,0.0023908749572001398,0.0022543329978361726,0.00013654195936396718
90013,6,15,8,8,0.0010943750385195017,2.8999987989664078e-05,0.0011334170121699572,4.2041006963700056e-05,0.002298833045642823,0.0020926669822074473,0.0002061660634353757
90013,7,8,0,0,0.0009688329882919788,2.9916991479694843e-05,0.0005765000241808593,3.370799822732806e-05,0.001608958002179861,0.0015129169914871454,9.604101069271564e-05
90013,8,15,0,0,0.0011117079993709922,2.9459013603627682e-05,0.0007186249713413417,3.204098902642727e-05,0.0018918329733423889,0.001702709007076919,0.0001891239662654698
90013,9,21,1,1,0.0012597499880939722,3.045797348022461e-05,0.00046562502393499017,3.287498839199543e-05,0.0017887079739011824,0.0023135420051403344,-0.000524834031239152
90013,10,22,0,0,0.0012444580206647515,2.8999987989664078e-05,0.00048049999168142676,3.220903454348445e-05,0.0017861670348793268,0.001925540971569717,-0.0001393739366903901
90013,11,28,0,0,0.0014150000060908496,3.6582991015166044e-05,0.0010301670408807695,3.3958000130951405e-05,0.0025157080381177366,0.0019747919868677855,0.0005409160512499511
90013,12,31,1,1,0.0014618749846704304,3.250001464039087e-05,0.0005130419740453362,3.5333039704710245e-05,0.002042750013060868,0.0024235830060206354,-0.0003808329929597676
90013,13,36,1,1,0.0015753330080769956,3.454199759289622e-05,0.0020008329884149134,3.4333032090216875e-05,0.003645041026175022,0.002192000043578446,0.0014530409825965762
90013,14,38,1,1,0.0015925420448184013,2.9082992114126682e-05,0.0016057919710874557,3.812502836808562e-05,0.0032655420363880694,0.002220958995167166,0.0010445830412209034
90013,15,41,3,3,0.0017870829906314611,3.408297197893262e-05,0.0016647090087644756,3.766600275412202e-05,0.0035235409741289914,0.003477749996818602,4.579097731038928e-05
90013,16,39,1,1,0.0016993749886751175,4.833302227780223e-05,0.0016765419859439135,5.0708011258393526e-05,0.0034749580081552267,0.0024304999969899654,0.0010444580111652613
90013,17,40,1,1,0.0016769999638199806,3.445800393819809e-05,0.0008167920168489218,3.479100996628404e-05,0.0025630409945733845,0.0025292090140283108,3.383198054507375e-05
90013,18,41,0,0,0.0017265000496990979,3.570795524865389e-05,0.0011941250413656235,3.374996595084667e-05,0.002990083012264222,0.002943374973256141,4.670803900808096e-05
90013,19,41,0,0,0.0017141670105047524,3.383302828297019e-05,0.0008018749649636447,3.604200901463628e-05,0.0025859170127660036,0.0034240829991176724,-0.0008381659863516688
90013,20,41,0,0,0.001782250008545816,7.366703357547522e-05,0.0014876669738441706,6.441603181883693e-05,0.0034080000477842987,0.0034914580173790455,-8.345796959474683e-05
90013,21,41,2,2,0.0017019999795593321,4.0917017031461e-05,0.001681957975961268,4.499999340623617e-05,0.0034698749659582973,0.002921834005974233,0.0005480409599840641
90013,22,39,1,1,0.0016752920346334577,3.229198046028614e-05,0.0011402079835534096,4.008301766589284e-05,0.0028878750163130462,0.0027607090305536985,0.00012716598575934768
90013,23,38,0,0,0.0016516250325366855,3.2832962460815907e-05,0.001729459036141634,4.8749963752925396e-05,0.0034626669948920608,0.0028179999790154397,0.000644667015876621
90013,24,38,2,2,0.0016250830376520753,3.8207974284887314e-05,0.0012051670346409082,3.825000021606684e-05,0.0029067080467939377,0.0036001669941470027,-0.000693458947353065
90013,25,36,2,2,0.0015652080182917416,3.112497506663203e-05,0.0006498749717138708,3.845803439617157e-05,0.002284665999468416,0.0025712079950608313,-0.00028654199559241533
90013,26,34,2,2,0.001609708007890731,3.8583006244152784e-05,0.0010768750216811895,3.97089752368629e-05,0.0027648750110529363,0.002790624974295497,-2.5749963242560625e-05
90013,27,32,3,3,0.0014710419927723706,3.200001083314419e-05,0.0005171669763512909,3.512500552460551e-05,0.0020553339854814112,0.0026469999575056136,-0.0005916659720242023
90013,28,29,0,0,0.0013931249850429595,3.100000321865082e-05,0.0005190829979255795,3.2584008295089006e-05,0.001975791994482279,0.0022132500307634473,-0.00023745803628116846
90013,29,29,0,0,0.001398166990838945,3.091699909418821e-05,0.0007417909801006317,3.4167023841291666e-05,0.0022050419938750565,0.002296541992109269,-9.14999982342124e-05
90013,30,29,1,1,0.0014775830204598606,3.020802978426218e-05,0.0006306249997578561,3.362499410286546e-05,0.0021720410441048443,0.002051625051535666,0.00012041599256917834
90013,31,28,2,2,0.0014242500183172524,3.129197284579277e-05,0.0004977500066161156,3.358302637934685e-05,0.0019868750241585076,0.0026413329760544,-0.0006544579518958926
90013,32,26,0,0,0.001370707992464304,3.020802978426218e-05,0.0004931250005029142,3.225001273676753e-05,0.0019262910354882479,0.0019801249727606773,-5.3833937272429466e-05
90013,33,26,1,1,0.0014236249844543636,4.520901711657643e-05,0.001167957962024957,4.016701132059097e-05,0.002676958974916488,0.0022416249848902225,0.0004353339900262654
90013,34,25,2,2,0.0013788749929517508,3.2542040571570396e-05,0.0016341249574907124,3.829202614724636e-05,0.00308383401716128,0.0021365410066209733,0.0009472930105403066
90013,35,23,3,3,0.001291416003368795,3.15000070258975e-05,0.001420958957169205,3.4541008062660694e-05,0.002778415975626558,0.0024496670230291784,0.0003287489525973797
90013,36,20,0,0,0.0012370000476948917,0.00011258397717028856,0.0015018329722806811,6.18330086581409e-05,0.0029132500058040023,0.003515792021062225,-0.0006025420152582228
90013,37,20,1,1,0.0013525409740395844,3.487500362098217e-05,0.0009671670268289745,3.520800964906812e-05,0.002389791014138609,0.0029392910073511302,-0.0005494999932125211
90013,38,19,2,2,0.0012022499577142298,3.320805262774229e-05,0.0005369999562390149,3.604200901463628e-05,0.0018084999755956233,0.0025336670223623514,-0.0007251670467667282
90013,39,17,0,0,0.0012442090082913637,3.3791002351790667e-05,0.00124224997125566,3.749999450519681e-05,0.0025577499764040112,0.002141915960237384,0.0004158340161666274
90013,40,17,0,0,0.0012189159751869738,3.462500171735883e-05,0.0005354590248316526,3.487500362098217e-05,0.0018238750053569674,0.0024959580041468143,-0.0006720829987898469
90013,41,17,1,1,0.0011779170017689466,3.0374969355762005e-05,0.0010146659915335476,3.262498648837209e-05,0.0022555829491466284,0.0022116670152172446,4.3915933929383755e-05
90013,42,16,2,2,0.001128292002249509,3.0542025342583656e-05,0.00046279095113277435,3.408401971682906e-05,0.0016557089984416962,0.001841540972236544,-0.00018583197379484773
90013,43,14,1,1,0.0010831670369952917,3.220798680558801e-05,0.0004921670188196003,3.429100615903735e-05,0.0016418330487795174,0.0018682500231079757,-0.0002264169743284583
90013,44,13,2,2,0.0010613329941406846,3.3334014005959034e-05,0.0006432500085793436,4.0000013541430235e-05,0.0017779170302674174,0.0026166250463575125,-0.000838708016090095
90013,45,11,2,2,0.0010255419765599072,3.516604192554951e-05,0.001262041972950101,0.00012699997751042247,0.00244974996894598,0.002469208964612335,-1.9458995666354895e-05
90013,46,9,2,2,0.0009550420218147337,3.045797348022461e-05,0.0010882500209845603,3.524997737258673e-05,0.0021089999936521053,0.0022251249756664038,-0.00011612498201429844
90013,47,7,1,1,0.0009562500054016709,3.125000512227416e-05,0.000530583958607167,3.362499410286546e-05,0.0015517089632339776,0.0018892919761128724,-0.0003375830128788948
90013,48,6,0,0,0.0009144170326180756,2.9749993700534105e-05,0.0010942909866571426,3.2750016544014215e-05,0.0020712080295197666,0.00211312499595806,-4.191696643829346e-05
90013,49,6,1,1,0.0009244169923476875,3.0916009563952684e-05,0.0007965840050019324,6.383302388712764e-05,0.0018157500308007002,0.002084749983623624,-0.00026899995282292366
90013,50,5,1,1,0.0009231250151060522,3.1167000997811556e-05,0.0010068329866044223,4.816701402887702e-05,0.002009292016737163,0.002522750000935048,-0.0005134579841978848
90013,51,4,1,1,0.001071374979801476,4.754198016598821e-05,0.0006374579970724881,3.6375015042722225e-05,0.0017927499720826745,0.00232449994655326,-0.0005317499744705856
90013,52,3,2,2,0.000959541997872293,3.80830024369061e-05,0.0005781250074505806,3.929197555407882e-05,0.0016150419833138585,0.0017497909720987082,-0.00013474898878484964
90013,53,1,3,1,0.0008601250010542572,3.466597991064191e-05,0.0010167500004172325,3.583403304219246e-05,0.001947375014424324,0.0014955420047044754,0.00045183300971984863
90013,54,0,3,0,0.0013195420033298433,4.137499490752816e-05,0.0014420829829759896,0.00010449998080730438,0.0029074999620206654,0.002804166986607015,0.00010333297541365027
90013,55,0,4,0,0.000788042030762881,3.1750008929520845e-05,0.0007937499904073775,3.304099664092064e-05,0.0016465830267407,0.001711042015813291,-6.445898907259107e-05
90013,56,0,4,0,0.0007767080096527934,3.1333998776972294e-05,0.0004724999889731407,3.229099093005061e-05,0.001312832988332957,0.0018037499976344407,-0.0004909170093014836
90013,57,0,7,0,0.0007757499697618186,3.0792027246207e-05,0.000526999996509403,3.225001273676753e-05,0.0013657920062541962,0.0013837500009685755,-1.795799471437931e-05
90013,58,0,8,0,0.0007992499740794301,3.516604192554951e-05,0.0005359999486245215,4.308403003960848e-05,0.0014134999946691096,0.0014382500085048378,-2.475001383572817e-05
90014,0,1,10,0,0.0008106250315904617,3.154197474941611e-05,0.0010768750216811895,0.00014716602163389325,0.0020662080496549606,0.001648375007789582,0.0004178330418653786
90014,1,5,10,0,0.0009792089695110917,3.50000336766243e-05,0.0005730830016545951,3.724999260157347e-05,0.0016245419974438846,0.0020612910157069564,-0.0004367490182630718
90014,2,7,10,0,0.0010220840340480208,4.9540947657078505e-05,0.0015747920260764658,5.745800444856286e-05,0.002703875012230128,0.002471374988090247,0.00023250002413988113
90014,3,10,10,0,0.0010114579927176237,3.0542025342583656e-05,0.0012605829979293048,3.98330157622695e-05,0.0023424160317517817,0.002099374949466437,0.0002430410822853446
90014,4,14,10,3,0.0010805000201798975,3.770802868530154e-05,0.001370374986436218,3.724999260157347e-05,0.0025258330279029906,0.0030507500050589442,-0.0005249169771559536
90014,5,16,7,7,0.0012922919704578817,3.62499849870801e-05,0.0028740420239046216,6.545800715684891e-05,0.004268041986506432,0.0024951669620350003,0.001772875024471432
90014,6,12,0,0,0.001031292020343244,3.370799822732806e-05,0.0011900829849764705,3.570900298655033e-05,0.002290792006533593,0.0029080829699523747,-0.0006172909634187818
90014,7,17,0,0,0.0011620000004768372,3.179203486070037e-05,0.0006574579747393727,3.262498648837209e-05,0.0018838749965652823,0.0027952910168096423,-0.00091141602024436
90014,8,22,0,0,0.0012492919922806323,3.0292023438960314e-05,0.001170082949101925,3.566703526303172e-05,0.002485334000084549,0.002760874980594963,-0.00027554098051041365
90014,9,26,0,0,0.001462375046685338,3.62499849870801e-05,0.0007875419687479734,3.583304351195693e-05,0.0023220000439323485,0.002926292014308274,-0.0006042919703759253
90014,10,30,0,0,0.00149125000461936,3.6416982766240835e-05,0.000912124989554286,3.416603431105614e-05,0.002473958011250943,0.0023460000520572066,0.00012795795919373631
90014,11,33,1,1,0.001574958034325391,3.174995072185993e-05,0.0012024170137010515,3.56250093318522e-05,0.0028447500080801547,0.002255041035823524,0.0005897089722566307
90014,12,37,1,1,0.0015872909571044147,3.708404256030917e-05,0.0007200409891083837,3.566697705537081e-05,0.0023800829658284783,0.003031542000826448,-0.0006514590349979699
90014,13,40,0,0,0.0016609160229563713,3.108399687334895e-05,0.0008647909853607416,3.366702003404498e-05,0.002590458025224507,0.0023502910044044256,0.00024016702082008123
90014,14,41,1,1,0.0016902079805731773,3.0583993066102266e-05,0.0011705830111168325,3.412499791011214e-05,0.0029254999826662242,0.0025896250153891742,0.00033587496727705
90014,15,44,0,0,0.0017608330235816538,3.529200330376625e-05,0.0013654999784193933,3.462500171735883e-05,0.003196250007022172,0.0027454999508336186,0.00045075005618855357
90014,16,44,1,1,0.001740999985486269,2.9916991479694843e-05,0.0005447500152513385,3.329099854454398e-05,0.0023489579907618463,0.0023943750420585275,-4.5417051296681166e-05
90014,17,44,1,1,0.0018038339912891388,3.566598752513528e-05,0.0012597090099006891,3.374996595084667e-05,0.00313295895466581,0.002660208032466471,0.0004727509221993387
90014,18,44,1,1,0.001772874966263771,3.100000321865082e-05,0.0005469159805215895,3.350002225488424e-05,0.0023842909722588956,0.002420915989205241,-3.662501694634557e-05
90014,19,44,1,1,0.0017532079946249723,3.0082999728620052e-05,0.000740625022444874,3.829202614724636e-05,0.002562208042945713,0.0023813340230844915,0.0001808740198612213
90014,20,43,2,2,0.0019670839537866414,3.625004319474101e-05,0.0011172909871675074,3.6959012504667044e-05,0.003157583996653557,0.0035764590138569474,-0.0004188750172033906
90014,21,41,1,1,0.001795708027202636,3.637495683506131e-05,0.001835209026467055,4.391599213704467e-05,0.003711208002641797,0.003438625019043684,0.00027258298359811306
90014,22,40,0,0,0.0017788750119507313,3.5582983400672674e-05,0.0011830839794129133,3.7375022657215595e-05,0.003034916997421533,0.003280874982010573,-0.0002459579845890403
90014,23,40,0,0,0.0016760420403443277,2.9916001949459314e-05,0.000556624960154295,3.400002606213093e-05,0.002296583028510213,0.0023159999982453883,-1.941696973517537e-05
90014,24,40,0,0,0.001700832974165678,6.779201794415712e-05,0.0008389579597860575,5.21670444868505e-05,0.002659749996382743,0.0023032089811749756,0.0003565410152077675
90014,25,40,0,0,0.0016513750306330621,3.0916009563952684e-05,0.0009576249867677689,3.758398815989494e-05,0.0026775000151246786,0.0027621250483207405,-8.462503319606185e-05
90014,26,40,0,0,0.001645167008973658,2.983299782499671e-05,0.0005256250151433051,3.354198997840285e-05,0.0022341670119203627,0.0031246250146068633,-0.0008904580026865005
90014,27,40,0,0,0.0017242499743588269,3.4333032090216875e-05,0.001129666983615607,3.608298720791936e-05,0.00292433297727257,0.002477541973348707,0.00044679100392386317
90014,28,40,0,0,0.0016529170097783208,3.0166993383318186e-05,0.001371457998175174,3.370799822732806e-05,0.003088249999564141,0.002866916998755187,0.00022133300080895424
90014,29,40,1,1,0.0017578750266693532,3.283302066847682e-05,0.0019117919728159904,3.774999640882015e-05,0.0037402500165626407,0.0024395420332439244,0.0013007079833187163
90014,30,39,1,1,0.0016574579640291631,3.529200330376625e-05,0.0005366660188883543,3.508402733132243e-05,0.002264500013552606,0.0025669580209068954,-0.0003024580073542893
90014,31,38,1,1,0.0019200419774278998,3.241602098569274e-05,0.00206025002989918,3.73339862562716e-05,0.004050042014569044,0.002902915992308408,0.001147126022260636
90014,32,37,2,2,0.001636708970181644,2.9958027880638838e-05,0.0006892500096000731,3.533298149704933e-05,0.0023912499891594052,0.003788582980632782,-0.0013973329914733768
90014,33,35,1,1,0.0015435420209541917,3.15000070258975e-05,0.0015395829686895013,3.487500362098217e-05,0.0031495000002905726,0.003761207975912839,-0.0006117079756222665
90014,34,34,1,1,0.0015478330315090716,4.39999857917428e-05,0.0016211670008488,3.8707978092134e-05,0.0032517079962417483,0.0022647909936495125,0.0009869170025922358
90014,35,33,1,1,0.0016219999524764717,3.341602860018611e-05,0.0005912089836783707,3.350002225488424e-05,0.0022801249870099127,0.0024122080067172647,-0.00013208301970735192
90014,36,32,1,1,0.0015295409830287099,4.45000478066504e-05,0.0008536249515600502,4.1375053115189075e-05,0.0024690410355105996,0.002249165961984545,0.00021987507352605462
90014,37,31,0,0,0.0014439590158872306,2.9499991796910763e-05,0.0007847910164855421,3.362499410286546e-05,0.002291875018272549,0.00207537499954924,0.00021650001872330904
90014,38,31,0,0,0.00153329101158306,3.3167016226798296e-05,0.001235292002093047,3.4165976103395224e-05,0.0028359160060063004,0.0021945839980617166,0.0006413320079445839
90014,39,31,1,1,0.0014491670299321413,3.045797348022461e-05,0.000647209002636373,3.3374992199242115e-05,0.002160208998247981,0.0028357909759506583,-0.0006755819777026772
90014,40,30,0,0,0.0015672920271754265,3.374996595084667e-05,0.0015136250294744968,3.549997927621007e-05,0.00315016700187698,0.0029582909774035215,0.00019187602447345853
90014,41,30,0,0,0.0014596669934689999,3.129098331555724e-05,0.0010049170232377946,3.487500362098217e-05,0.002530750003643334,0.002119750017300248,0.00041099998634308577
90014,42,30,0,0,0.0014733749558217824,3.120803739875555e-05,0.0007984169642440975,4.2750034481287e-05,0.0023457499919459224,0.0021009169868193567,0.0002448330051265657
90014,43,30,0,0,0.001468875037971884,4.416599404066801e-05,0.0012042089947499335,5.0125003326684237e-05,0.0027673750300891697,0.0026382089708931744,0.00012916605919599533
90014,44,30,1,1,0.0014900829992257059,3.4958997275680304e-05,0.0013792499667033553,3.587501123547554e-05,0.002940166974440217,0.003400541958399117,-0.0004603749839589
90014,45,29,2,2,0.0014475829666480422,3.070797538384795e-05,0.0014726670342497528,3.370799822732806e-05,0.002984665974508971,0.002070832997560501,0.0009138329769484699
90014,46,27,1,1,0.0013660420081578195,3.0499999411404133e-05,0.000783249968662858,3.3791002351790667e-05,0.0022135829785838723,0.00227891601389274,-6.533303530886769e-05
90014,47,26,1,1,0.0013752090162597597,3.3999967854470015e-05,0.001984375005122274,7.229100447148085e-05,0.0034658749937079847,0.0019399999873712659,0.0015258750063367188
90014,48,25,1,1,0.0014679590240120888,4.962499951943755e-05,0.001320375013165176,4.391599213704467e-05,0.002881875028833747,0.0034402500023134053,-0.0005583749734796584
90014,49,24,1,1,0.001351208018604666,3.404199378564954e-05,0.000530624995008111,3.829103661701083e-05,0.0019541660440154374,0.002094374969601631,-0.0001402089255861938
90014,50,23,0,0,0.0013677090173587203,3.833300434052944e-05,0.0005836249911226332,3.62499849870801e-05,0.002025916997808963,0.002448124985676259,-0.00042220798786729574
90014,51,23,1,1,0.0013176249922253191,3.5415985621511936e-05,0.0011303750216029584,3.44999716617167e-05,0.0025179159711115062,0.0025064999936148524,1.1415977496653795e-05
90014,52,22,2,2,0.0013458750327117741,5.5999960750341415e-05,0.000771666003856808,3.8959027733653784e-05,0.0022125000250525773,0.0026049999869428575,-0.00039249996189028025
90014,53,20,0,0,0.0014820420183241367,3.679195651784539e-05,0.0017708330415189266,4.1499966755509377e-05,0.003331166983116418,0.002955292002297938,0.00037587498081848025
90014,54,20,0,0,0.0012577080051414669,3.087497316300869e-05,0.0010329170036129653,3.724999260157347e-05,0.0023587499745190144,0.0027325000264681876,-0.0003737500519491732
90014,55,20,0,0,0.0012529579689726233,3.5584031138569117e-05,0.0005239580059424043,3.912497777491808e-05,0.0018516249838285148,0.0019491250277496874,-9.750004392117262e-05
90014,56,20,1,1,0.0012517499853856862,3.312499029561877e-05,0.0006245829863473773,3.6167039070278406e-05,0.0019456250010989606,0.0026657500420697033,-0.0007201250409707427
90014,57,19,1,1,0.001233540999237448,4.579202504828572e-05,0.0006042500026524067,3.729196032509208e-05,0.0019208749872632325,0.002136250026524067,-0.00021537503926083446
90014,58,18,1,1,0.0012146250228397548,3.225001273676753e-05,0.0014081249828450382,3.63329891115427e-05,0.0026913330075331032,0.002436208014842123,0.00025512499269098043
90014,59,17,1,1,0.001165500027127564,3.004097379744053e-05,0.0013735839747823775,3.4374999813735485e-05,0.0026034999755211174,0.002927208028268069,-0.0003237080527469516
90014,60,16,1,1,0.0011377499904483557,3.2125040888786316e-05,0.0014233329566195607,3.766699228435755e-05,0.0026308749802410603,0.0017858329811133444,0.0008450419991277158
90014,61,15,2,2,0.0012031669612042606,3.670802107080817e-05,0.0017427499988116324,3.929197555407882e-05,0.00302191695664078,0.0018855829839594662,0.0011363339726813138
90014,62,13,1,1,0.0010548750287853181,3.174995072185993e-05,0.001335958018898964,3.5167031455785036e-05,0.002457750029861927,0.0025089579867199063,-5.12079568579793e-05
90014,63,12,0,0,0.0010782500030472875,3.300001844763756e-05,0.0005087089957669377,3.445800393819809e-05,0.0016544170212000608,0.002434291993267834,-0.0007798749720677733
90014,64,12,1,1,0.0010336249833926558,2.983299782499671e-05,0.0004728750209324062,3.391696373000741e-05,0.0015702499658800662,0.001692082965746522,-0.0001218329998664558
90014,65,11,1,1,0.0010437080054543912,3.2374984584748745e-05,0.0005999170243740082,3.370799822732806e-05,0.0017097080126404762,0.0028338750125840306,-0.0011241669999435544
90014,66,10,0,0,0.0010244169970974326,3.204203676432371e-05,0.001405874965712428,5.183299072086811e-05,0.0025141669902950525,0.001760624989401549,0.0007535420008935034
90014,67,10,0,0,0.00103704200591892,3.9417005609720945e-05,0.0005281249759718776,3.733299672603607e-05,0.0016419169842265546,0.0029627920011989772,-0.0013208750169724226
90014,68,10,1,1,0.0011421249946579337,3.466702764853835e-05,0.0005360000068321824,3.566697705537081e-05,0.0017484590061940253,0.0018669159617275,-0.00011845695553347468
90014,69,9,2,2,0.0009791250340640545,3.058300353586674e-05,0.0014708339585922658,4.491605795919895e-05,0.002525458054151386,0.0017303330241702497,0.0007951250299811363
90014,70,7,0,0,0.0010255419765599072,4.212500061839819e-05,0.0005315830348990858,3.8707978092134e-05,0.0016379579901695251,0.002455625042784959,-0.0008176670526154339
90014,71,7,0,0,0.0009335829527117312,3.225001273676753e-05,0.001746458001434803,7.804197957739234e-05,0.002790332946460694,0.0017050830065272748,0.0010852499399334192
90014,72,7,1,1,0.0009528329828754067,4.016701132059097e-05,0.001140250009484589,3.683299291878939e-05,0.002170082996599376,0.0029925000271759927,-0.0008224170305766165
90014,73,6,2,2,0.0009351670159958303,3.066600766032934e-05,0.0004789169761352241,3.3917021937668324e-05,0.001478667021729052,0.0015439160051755607,-6.524898344650865e-05
90014,74,4,2,2,0.0008839590009301901,3.270799061283469e-05,0.0016087499679997563,4.516704939305782e-05,0.002570584008935839,0.0021912920055910945,0.00037929200334474444
90014,75,2,0,0,0.0008159580174833536,2.9375019948929548e-05,0.0004806669894605875,3.4958007745444775e-05,0.0013609580346383154,0.0023392500006593764,-0.000978291966021061
90014,76,2,2,2,0.0008743329672142863,3.320904215797782e-05,0.0005620409501716495,3.612501313909888e-05,0.0015057079726830125,0.0014570420025847852,4.866597009822726e-05
90014,77,0,2,0,0.0008257080335170031,3.27499583363533e-05,0.0004675000091083348,3.412499791011214e-05,0.0013600829988718033,0.002336665987968445,-0.0009765829890966415
90014,78,0,3,0,0.0009651249856688082,0.0001818750170059502,0.0008328749681822956,3.237504279240966e-05,0.0020122500136494637,0.0014985839952714741,0.0005136660183779895
90014,79,0,3,0,0.0007870830013416708,2.9749993700534105e-05,0.0008652500109747052,3.858399577438831e-05,0.0017206670017912984,0.0013027919922024012,0.00041787500958889723
90014,80,0,4,0,0.0007891249842941761,3.5165983717888594e-05,0.0007680000271648169,3.9666949305683374e-05,0.001631957944482565,0.0020589170162566006,-0.0004269590717740357
90014,81,0,4,0,0.0007835830328986049,3.087497316300869e-05,0.0005852500326000154,3.691698657348752e-05,0.0014366250252351165,0.0023263749899342656,-0.0008897499646991491
90014,82,0,5,0,0.0007886249804869294,3.2957992516458035e-05,0.0009343330166302621,3.3917021937668324e-05,0.001789833011571318,0.0020497090299613774,-0.00025987601839005947
90014,83,0,6,0,0.0007770839729346335,3.166601527482271e-05,0.0014825420221313834,0.00015112495748326182,0.0024424169678241014,0.001709875010419637,0.0007325419574044645
90014,84,0,6,0,0.0007681669667363167,2.90420139208436e-05,0.0004564999835565686,3.2790994737297297e-05,0.0012864999589510262,0.0013547089765779674,-6.82090176269412e-05
90014,85,0,9,0,0.0007813330157659948,3.125000512227416e-05,0.001779042009729892,3.5457953345030546e-05,0.0026270829839631915,0.00134170800447464,0.0012853749794885516
90014,86,0,9,0,0.0008128749905154109,3.208301495760679e-05,0.0023206669720821083,3.558304160833359e-05,0.0032012080191634595,0.001380167028401047,0.0018210409907624125
90015,0,0,10,0,0.000766957993619144,3.08750313706696e-05,0.0009931669919751585,3.383302828297019e-05,0.0018248330452479422,0.0013941669603809714,0.0004306660848669708
90015,1,1,10,0,0.0007932080188766122,2.8916983865201473e-05,0.0013112080050632358,3.583298530429602e-05,0.0021691659931093454,0.0019374580006115139,0.00023170799249783158
90015,2,2,10,0,0.0008186670020222664,3.108300734311342e-05,0.00047149998135864735,3.362499410286546e-05,0.0013548749848268926,0.0013741250149905682,-1.9250030163675547e-05
90015,3,4,10,0,0.000861832988448441,2.9458955395966768e-05,0.0007902500219643116,3.320799442008138e-05,0.0017147499602288008,0.0013997500063851476,0.0003149999538436532
90015,4,5,10,0,0.0008921250118874013,3.0750001315027475e-05,0.0005239999736659229,3.395904786884785e-05,0.0014808340347371995,0.0021452500368468463,-0.0006644160021096468
90015,5,8,10,0,0.0009506249916739762,2.9291026294231415e-05,0.0009893339592963457,3.679102519527078e-05,0.002006041002459824,0.0015690000145696104,0.00043704098789021373
90015,6,15,10,9,0.0011052920017391443,3.1125033274292946e-05,0.0011104170116595924,4.0082959458231926e-05,0.0022869170061312616,0.001949541037902236,0.0003373759682290256
90015,7,13,1,1,0.0010980409570038319,3.1917006708681583e-05,0.0006276250351220369,3.504200140014291e-05,0.0017926250002346933,0.002466375008225441,-0.0006737500079907477
90015,8,16,0,0,0.001181083032861352,3.645801916718483e-05,0.0014672089600935578,3.620801726356149e-05,0.002720958029385656,0.002791167004033923,-7.020897464826703e-05
90015,9,20,0,0,0.0012231249711476266,2.979201963171363e-05,0.0005270830006338656,3.287498839199543e-05,0.0018128749798052013,0.0019403749611228704,-0.00012749998131766915
90015,10,26,0,0,0.0013607500004582107,2.924998989328742e-05,0.0008701669867150486,3.229099093005061e-05,0.0022924579679965973,0.002507208031602204,-0.00021475006360560656
90015,11,31,0,0,0.0014589999918825924,2.92909680865705e-05,0.0010879590408876538,3.1790987122803926e-05,0.0026080409879796207,0.0021787089644931257,0.000429332023486495
90015,12,35,0,0,0.0015430410276167095,2.9499991796910763e-05,0.0013987919664941728,4.375004209578037e-05,0.0030150830280035734,0.0021612500422634184,0.000853832985740155
90015,13,38,2,2,0.0016018750029616058,3.3582968171685934e-05,0.0005359170027077198,3.5333039704710245e-05,0.0022067080135457218,0.0024394170031882823,-0.00023270898964256048
90015,14,39,0,0,0.0017019579536281526,3.4167023841291666e-05,0.0006356249796226621,3.683299291878939e-05,0.0024085829500108957,0.0029196669929660857,-0.0005110840429551899
90015,15,43,1,1,0.0017389159766025841,3.0583993066102266e-05,0.0007004159851931036,3.5375007428228855e-05,0.002505290962290019,0.0023626670008525252,0.00014262396143749356
90015,16,44,1,1,0.001783040992449969,3.412499791011214e-05,0.0007648750324733555,3.6624958738684654e-05,0.0026186659815721214,0.002445249992888421,0.00017341598868370056
90015,17,46,4,4,0.0017912089824676514,3.158301115036011e-05,0.0015471670194528997,3.520800964906812e-05,0.0034051670227199793,0.0024470000062137842,0.0009581670165061951
90015,18,42,0,0,0.00175183400278911,3.266602288931608e-05,0.001405416987836361,4.6667002607136965e-05,0.003236584016121924,0.002895458019338548,0.00034112599678337574
90015,19,42,1,1,0.0016842909972183406,3.0499999411404133e-05,0.0005196249694563448,4.416704177856445e-05,0.002278583007864654,0.002804166986607015,-0.0005255839787423611
90015,20,41,1,1,0.0017461670213378966,3.487500362098217e-05,0.0005620000301860273,3.879197174683213e-05,0.002381834026891738,0.0026794159784913063,-0.00029758195159956813
90015,21,40,0,0,0.0017241250025108457,3.0957977287471294e-05,0.0005461670225486159,3.7624966353178024e-05,0.002338874968700111,0.003115625004284084,-0.0007767500355839729
90015,22,40,0,0,0.0017399999778717756,3.341701813042164e-05,0.0005419160006567836,3.549997927621007e-05,0.002350832975935191,0.003103916998952627,-0.0007530840230174363
90015,23,40,0,0,0.0016371249803341925,3.429100615903735e-05,0.0008917090017348528,3.529101377353072e-05,0.0025984160020016134,0.0028992920415475965,-0.0003008760395459831
90015,24,40,0,0,0.0016888329992070794,3.474997356534004e-05,0.0014711249968968332,3.3542048186063766e-05,0.0032282500178553164,0.0034885420463979244,-0.000260292028542608
90015,25,40,1,1,0.0016437910380773246,3.0374969355762005e-05,0.0009854999952949584,3.4584023524075747e-05,0.0026942500262521207,0.00236062501790002,0.00033362500835210085
90015,26,39,2,2,0.001689625030849129,3.358395770192146e-05,0.0007857080199755728,3.616698086261749e-05,0.0025450839893892407,0.002259708009660244,0.00028537597972899675
90015,27,37,2,2,0.0016405420028604567,2.9707967769354582e-05,0.002010334050282836,4.474999150261283e-05,0.00372533401241526,0.0025589169817976654,0.0011664170306175947
90015,28,35,1,1,0.0015772079932503402,3.125000512227416e-05,0.000545124989002943,3.383401781320572e-05,0.002187417005188763,0.0028745000017806888,-0.0006870829965919256
90015,29,34,2,2,0.0015262500382959843,3.420800203457475e-05,0.00076149997767061,3.3791991882026196e-05,0.002355750009883195,0.0027772089815698564,-0.00042145897168666124
90015,30,32,1,1,0.0015443340525962412,3.16659570671618e-05,0.0005469589959830046,3.470800584182143e-05,0.002157667011488229,0.0027405419968999922,-0.0005828749854117632
90015,31,31,1,1,0.0014642080059275031,3.6458950489759445e-05,0.0016668750322423875,3.4415978007018566e-05,0.0032019579666666687,0.004240249982103705,-0.0010382920154370368
90015,32,30,0,0,0.0015385000151582062,4.254200030118227e-05,0.0005627499776892364,4.308304050937295e-05,0.002186875033657998,0.002033166994806379,0.00015370803885161877
90015,33,30,0,0,0.0015232499572448432,3.1333009246736765e-05,0.0005238330340944231,3.545900108292699e-05,0.00211387500166893,0.0024318749783560634,-0.0003179999766871333
90015,34,30,0,0,0.001485167013015598,3.466597991064191e-05,0.0005193340475670993,4.029099363833666e-05,0.002079458034131676,0.0029648750205524266,-0.0008854169864207506
90015,35,30,0,0,0.0014646669733338058,3.0166993383318186e-05,0.0013047910179011524,3.9083999581635e-05,0.0028387089841999114,0.0026267910143360496,0.0002119179698638618
90015,36,30,0,0,0.0014133750228211284,3.1374976970255375e-05,0.0009304169798269868,3.308302257210016e-05,0.0024082500021904707,0.002193791966419667,0.0002144580357708037
90015,37,30,0,0,0.0014237500145100057,2.9749993700534105e-05,0.0018058749847114086,5.354202585294843e-05,0.003312917018774897,0.002635624958202243,0.000677292060572654
90015,38,30,4,4,0.001410875003784895,2.9790971893817186e-05,0.0011203340254724026,4.29159845225513e-05,0.002603915985673666,0.002848167030606419,-0.00024425104493275285
90015,39,26,3,3,0.0013647500309161842,3.7207966670393944e-05,0.00129725004080683,5.6541990488767624e-05,0.0027557500288821757,0.002121416968293488,0.0006343330605886877
90015,40,23,2,2,0.001278791984077543,3.250001464039087e-05,0.0010328329517506063,3.5792007111012936e-05,0.002379916957579553,0.0020662909955717623,0.0003136259620077908
90015,41,21,1,1,0.001262041972950101,2.9541028197854757e-05,0.0005288340034894645,3.366597229614854e-05,0.0018540829769335687,0.0018167499802075326,3.733299672603607e-05
90015,42,20,0,0,0.0012372499913908541,2.9541959520429373e-05,0.0008225830388255417,3.570900298655033e-05,0.0021250839927233756,0.0018335420172661543,0.00029154197545722127
90015,43,20,0,0,0.0012198330368846655,3.083300543949008e-05,0.0014733749558217824,4.1834020521491766e-05,0.0027658750186674297,0.0022206659778021276,0.0005452090408653021
90015,44,20,0,0,0.001255958981346339,3.316602669656277e-05,0.0013938749907538295,3.591697895899415e-05,0.0027189169777557254,0.0024055420071817935,0.00031337497057393193
90015,45,20,0,0,0.0012215839815326035,3.15410434268415e-05,0.0007523339590989053,3.512500552460551e-05,0.002040583989582956,0.0025947500253096223,-0.0005541660357266665
90015,46,20,0,0,0.0012340419925749302,2.962502185255289e-05,0.0005227910005487502,3.4167023841291666e-05,0.001820625038817525,0.002500540984328836,-0.0006799159455113113
90015,47,20,4,4,0.0012525829952210188,3.100000321865082e-05,0.001062750001437962,3.583298530429602e-05,0.0023821659851819277,0.0021439589909277856,0.00023820699425414205
90015,48,16,2,2,0.0011095830122940242,3.020901931449771e-05,0.00045391597086563706,3.400002606213093e-05,0.00162770802853629,0.0022546250256709754,-0.0006269169971346855
90015,49,14,3,3,0.0011534160003066063,7.90000194683671e-05,0.0006240420043468475,5.22919581271708e-05,0.0019087499822489917,0.0016504579689353704,0.0002582920133136213
90015,50,11,1,1,0.0010282080038450658,3.3292046282440424e-05,0.0005236669676378369,3.620801726356149e-05,0.0016213750350289047,0.0023810830316506326,-0.0007597079966217279
90015,51,10,0,0,0.0010357910068705678,3.2292038667947054e-05,0.001222291961312294,3.470800584182143e-05,0.0023250830126926303,0.0023304170463234186,-5.334033630788326e-06
90015,52,10,0,0,0.0010347500210627913,3.1790987122803926e-05,0.0009415000095032156,3.383401781320572e-05,0.0020418750355020165,0.004249332996550947,-0.002207457961048931
90015,53,10,1,1,0.0011240420280955732,3.7041958421468735e-05,0.000594375014770776,3.929098602384329e-05,0.0017947499873116612,0.002525333024095744,-0.0007305830367840827
90015,54,9,0,0,0.001010167005006224,3.408297197893262e-05,0.0011384590179659426,3.508297959342599e-05,0.002217791974544525,0.0017035420169122517,0.0005142499576322734
90015,55,9,1,1,0.0009762499830685556,3.083300543949008e-05,0.0014553330256603658,4.520901711657643e-05,0.002507625031284988,0.00190641701919958,0.000601208012085408
90015,56,8,2,2,0.0009790839976631105,3.545801155269146e-05,0.0006975419819355011,3.770802868530154e-05,0.0017497920198366046,0.0016310829669237137,0.00011870905291289091
90015,57,6,1,1,0.0012640419881790876,3.1791976653039455e-05,0.00106170802609995,3.566697705537081e-05,0.002393208967987448,0.0021089999936521053,0.00028420897433534265
90015,58,5,3,3,0.0008906250004656613,2.9791961424052715e-05,0.0017952080233953893,3.691698657348752e-05,0.002752541971858591,0.0014142500003799796,0.0013382919714786112
90015,59,2,1,1,0.0008679999737069011,3.0750001315027475e-05,0.0010492500150576234,3.412499791011214e-05,0.001982124987989664,0.002214666979853064,-0.00023254199186339974
90015,60,1,1,1,0.0008004580158740282,3.2208976335823536e-05,0.0007784580229781568,3.349996404722333e-05,0.0016446249792352319,0.002396667026914656,-0.0007520420476794243
90015,61,0,3,0,0.0007960409857332706,3.100000321865082e-05,0.0005783340311609209,3.433297388255596e-05,0.0014397079939953983,0.0013320829602889717,0.00010762503370642662
90015,62,0,5,0,0.0008164999890141189,3.14170029014349e-05,0.0004516250337474048,3.391696373000741e-05,0.001333458989392966,0.001399374974425882,-6.591598503291607e-05
90015,63,0,5,0,0.0007767500355839729,3.0166993383318186e-05,0.0007141669630073011,3.304099664092064e-05,0.0015541249886155128,0.0014404579997062683,0.00011366698890924454
90015,64,0,6,0,0.0007934590103104711,3.091595135629177e-05,0.0005559170385822654,3.404199378564954e-05,0.0014143339940346777,0.0013620000099763274,5.2333984058350325e-05
90015,65,0,7,0,0.0007604589918628335,2.9541028197854757e-05,0.00056170899188146,3.508297959342599e-05,0.0013867919915355742,0.0016676660161465406,-0.00028087402461096644
90015,66,0,7,0,0.0007994580082595348,3.004202153533697e-05,0.0004559579538181424,3.366702003404498e-05,0.0013191250036470592,0.0013470419798977673,-2.7916976250708103e-05
90015,67,0,8,0,0.0007599579985253513,2.9999995604157448e-05,0.004549750010482967,0.00016195798525586724,0.005501665989868343,0.0013604579726234078,0.004141208017244935
90015,68,0,9,0,0.0008328749681822956,5.816703196614981e-05,0.002935374970547855,6.849999772384763e-05,0.003894916968420148,0.009043124970048666,-0.005148208001628518
90016,0,0,10,0,0.0008190409862436354,4.15419926866889e-05,0.0004879999905824661,3.85420280508697e-05,0.0013871249975636601,0.0017145409947261214,-0.0003274159971624613
90016,1,1,10,0,0.0008267919765785336,3.004097379744053e-05,0.00058637501206249,3.4791999496519566e-05,0.0014779999619349837,0.0018891250365413725,-0.0004111250746063888
90016,2,3,10,0,0.0008525410084985197,2.96669895760715e-05,0.00047212501522153616,3.374996595084667e-05,0.001388082979246974,0.0013719580019824207,1.612497726455331e-05
90016,3,6,10,0,0.0009152920101769269,2.9375019948929548e-05,0.0009330830071121454,3.366696182638407e-05,0.0019114169990643859,0.001512667047791183,0.0003987499512732029
90016,4,9,10,0,0.0009972500265575945,3.533298149704933e-05,0.0011647079954855144,3.91670037060976e-05,0.002236458007246256,0.00269875000230968,-0.0004622919950634241
90016,5,12,10,3,0.0010589580051600933,3.270799061283469e-05,0.0005055840010754764,3.812502836808562e-05,0.00163537502521649,0.0030993749969638884,-0.0014639999717473984
90016,6,14,7,7,0.0011054169735871255,4.254200030118227e-05,0.0009173749713227153,3.758305683732033e-05,0.0021029170020483434,0.002985082974191755,-0.0008821659721434116
90016,7,11,0,0,0.0010299169807694852,3.120803739875555e-05,0.0004766249912790954,3.324996214359999e-05,0.0015709999715909362,0.0019313329830765724,-0.00036033301148563623
90016,8,14,0,0,0.0011699579772539437,3.804202424362302e-05,0.0018884160090237856,3.7416990380734205e-05,0.0031338330009020865,0.0018108750227838755,0.001322957978118211
90016,9,19,0,0,0.0012351250043138862,3.3791002351790667e-05,0.0009936669957824051,3.462500171735883e-05,0.002297208004165441,0.0022100830101408064,8.712499402463436e-05
90016,10,22,0,0,0.0013023329665884376,3.7792022339999676e-05,0.001338207977823913,3.925000783056021e-05,0.0027175829745829105,0.003195541969034821,-0.00047795899445191026
90016,11,28,0,0,0.0014140830026008189,3.6333047319203615e-05,0.0006067499634809792,3.8792029954493046e-05,0.0020959580433554947,0.00209070899290964,5.249050445854664e-06
90016,12,30,1,1,0.0014808750129304826,3.454199759289622e-05,0.0014779579942114651,3.991700941696763e-05,0.0030332920141518116,0.003129584016278386,-9.629200212657452e-05
90016,13,29,0,0,0.0014464579871855676,4.291703226044774e-05,0.0009538329904899001,3.44999716617167e-05,0.002477707981597632,0.002852582954801619,-0.0003748749732039869
90016,14,34,0,0,0.0016586249694228172,3.608298720791936e-05,0.0005440830136649311,3.929197555407882e-05,0.0022780829458497465,0.00251987500814721,-0.00024179206229746342
90016,15,39,3,3,0.0016461670165881515,3.241602098569274e-05,0.0005659589660353959,4.0958053432404995e-05,0.002285500057041645,0.002946541993878782,-0.0006610419368371367
90016,16,38,0,0,0.001650625024922192,3.20419785566628e-05,0.0011834580218419433,3.5375007428228855e-05,0.002901500032749027,0.002905624976847321,-4.124944098293781e-06
90016,17,43,1,1,0.001771500043105334,3.683299291878939e-05,0.0006339589599519968,3.791600465774536e-05,0.0024802080006338656,0.0029718750156462193,-0.0004916670150123537
90016,18,44,2,2,0.001767166017089039,3.095896681770682e-05,0.0007736249826848507,3.641605144366622e-05,0.002608166018035263,0.0035893749445676804,-0.0009812089265324175
90016,19,43,2,2,0.001772125018760562,3.958400338888168e-05,0.0009950829553417861,3.829202614724636e-05,0.002845084003638476,0.0035224580205976963,-0.0006773740169592202
90016,20,41,0,0,0.0017097910167649388,3.2791984267532825e-05,0.0007872080313973129,3.8416997995227575e-05,0.002568208030425012,0.002819666056893766,-0.0002514580264687538
90016,21,41,0,0,0.0017223329632543027,3.4750031773000956e-05,0.0005731249693781137,3.812502836808562e-05,0.002368332992773503,0.0036156249698251486,-0.0012472919770516455
90016,22,41,2,2,0.0016973329475149512,3.1708041206002235e-05,0.0007437499589286745,3.5750039387494326e-05,0.0025085409870371222,0.002380667021498084,0.00012787396553903818
90016,23,39,1,1,0.001659250003285706,3.249995643272996e-05,0.0010401250328868628,3.737496444955468e-05,0.0027692499570548534,0.0034661670215427876,-0.0006969170644879341
90016,24,38,1,1,0.0016315000248141587,3.066600766032934e-05,0.0015683749807067215,3.491697134450078e-05,0.0032654579845257103,0.0023538339883089066,0.0009116239962168038
90016,25,37,0,0,0.0016275419620797038,2.983299782499671e-05,0.0007606670260429382,3.362499410286546e-05,0.002451666980050504,0.0023462079698219895,0.00010545901022851467
90016,26,37,0,0,0.0015964580234140158,3.3750024158507586e-05,0.0009147919481620193,3.337505040690303e-05,0.0025783750461414456,0.0022405830095522106,0.00033779203658923507
90016,27,37,0,0,0.0016297919792123139,3.0166003853082657e-05,0.0017897500074468553,0.00012524996418505907,0.003574957954697311,0.0031024999916553497,0.0004724579630419612
90016,28,37,0,0,0.0016204999992623925,3.129197284579277e-05,0.0011962500284425914,4.2874948121607304e-05,0.002890916948672384,0.002841582987457514,4.9333961214870214e-05
90016,29,37,1,1,0.001616791996639222,2.97910301014781e-05,0.0010153339826501906,3.404100425541401e-05,0.0026959580136463046,0.002341457991860807,0.00035450002178549767
90016,30,36,1,1,0.0015865829773247242,3.14170029014349e-05,0.0018947080243378878,4.904199158772826e-05,0.003561749996151775,0.0026568329776637256,0.0009049170184880495
90016,31,35,1,1,0.0015829160111024976,3.300001844763756e-05,0.0009677499765530229,3.7209014408290386e-05,0.0026208750205114484,0.002432583016343415,0.0001882920041680336
90016,32,34,2,2,0.0016137500060722232,5.0915987230837345e-05,0.0008453750051558018,3.925000783056021e-05,0.0025492910062894225,0.0026642910088412464,-0.00011500000255182385
90016,33,32,1,1,0.0015148749807849526,3.024999750778079e-05,0.0006568329990841448,3.629201091825962e-05,0.002238249988295138,0.0025672500487416983,-0.0003290000604465604
90016,34,31,1,1,0.0014358750195242465,3.091699909418821e-05,0.0014890829916112125,5.6582968682050705e-05,0.003012457978911698,0.0029682079912163317,4.4249987695366144e-05
90016,35,30,0,0,0.0014487499720416963,4.445802187547088e-05,0.0005823749816045165,4.2458006646484137e-05,0.002118040982168168,0.0028419169830158353,-0.0007238760008476675
90016,36,30,0,0,0.0014494169736281037,3.162497887387872e-05,0.0013648750027641654,3.57080134563148e-05,0.0028816249687224627,0.0025884999777190387,0.00029312499100342393
90016,37,30,1,1,0.0014515419607050717,3.604101948440075e-05,0.0011551249772310257,3.408401971682906e-05,0.002676791977137327,0.0024426670279353857,0.0002341249492019415
90016,38,29,0,0,0.0014476669603027403,3.179203486070037e-05,0.0016289579798467457,0.0001366669894196093,0.0032450839644297957,0.002115249983035028,0.0011298339813947678
90016,39,29,0,0,0.0014446249697357416,3.2167008612304926e-05,0.0010677080135792494,3.933400148525834e-05,0.0025838339934125543,0.002673792012501508,-8.995801908895373e-05
90016,40,29,3,3,0.0014474999625235796,3.0499999411404133e-05,0.0017307920497842133,0.00016679096734151244,0.0033755829790607095,0.002062333980575204,0.0013132489984855056
90016,41,26,0,0,0.0013467079843394458,3.108399687334895e-05,0.0012297080247662961,6.054196273908019e-05,0.002668041968718171,0.0023472499451600015,0.0003207920235581696
90016,42,26,0,0,0.0013894999865442514,3.512500552460551e-05,0.0005375000182539225,3.854196984320879e-05,0.002000666980165988,0.0026761670014820993,-0.0006755000213161111
90016,43,26,0,0,0.0014023750554770231,3.416696563363075e-05,0.0012552919797599316,3.3125048503279686e-05,0.002724959049373865,0.0027786659775301814,-5.370692815631628e-05
90016,44,26,1,1,0.001459082996007055,3.4334021620452404e-05,0.0007635409710928798,5.4917007219046354e-05,0.0023118749959394336,0.0031569169950671494,-0.0008450419991277158
90016,45,25,3,3,0.001328666985500604,3.158301115036011e-05,0.0012356250081211329,3.833399387076497e-05,0.002634208998642862,0.0023819999769330025,0.00025220902170985937
90016,46,22,0,0,0.0013220419641584158,3.245804691687226e-05,0.0004805839853361249,3.6582991015166044e-05,0.001871666987426579,0.0018893330125138164,-1.7666025087237358e-05
90016,47,22,0,0,0.0012691669980995357,3.0082999728620052e-05,0.0013231249758973718,3.366702003404498e-05,0.0026560419937595725,0.0018605830264277756,0.0007954589673317969
90016,48,22,1,1,0.0012897090055048466,2.987496554851532e-05,0.000550166005268693,3.408401971682906e-05,0.001903833996038884,0.0018590420368127525,4.479195922613144e-05
90016,49,21,2,2,0.001248708984348923,4.308304050937295e-05,0.0009774169884622097,3.908301005139947e-05,0.002308292023371905,0.002480125054717064,-0.00017183303134515882
90016,50,19,0,0,0.0011766250245273113,3.187498077750206e-05,0.0008378750062547624,3.4958007745444775e-05,0.0020813330193050206,0.002208166988566518,-0.00012683396926149726
90016,51,19,1,1,0.0012138749589212239,3.1333998776972294e-05,0.0005097500397823751,3.466597991064191e-05,0.0017896249773912132,0.0022149999858811498,-0.0004253750084899366
90016,52,18,0,0,0.001213249983265996,4.079198697581887e-05,0.0005634999834001064,3.441603621467948e-05,0.0018519579898566008,0.0032367079984396696,-0.0013847500085830688
90016,53,18,1,1,0.00118283397750929,3.145803930237889e-05,0.001445291971322149,3.4541008062660694e-05,0.0026941249961964786,0.002634250035043806,5.987496115267277e-05
90016,54,17,0,0,0.0011894169729202986,3.5999983083456755e-05,0.0010147500433959067,3.429199568927288e-05,0.002274458995088935,0.0024638749891892076,-0.00018941599410027266
90016,55,17,3,3,0.0011829170398414135,3.162497887387872e-05,0.0010302920127287507,4.154100315645337e-05,0.0022863750346004963,0.0019229589961469173,0.00036341603845357895
90016,56,14,0,0,0.0011209160438738763,3.149994881823659e-05,0.0013064590166322887,3.533298149704933e-05,0.002494207990821451,0.0018487920169718564,0.0006454159738495946
90016,57,14,0,0,0.001111250021494925,3.929197555407882e-05,0.0022001669858582318,0.00011491600889712572,0.0034656249918043613,0.001773958036210388,0.0016916669555939734
90016,58,14,2,2,0.001142249966505915,3.9000005926936865e-05,0.0005465830327011645,3.8624973967671394e-05,0.0017664579791016877,0.002406415995210409,-0.0006399580161087215
90016,59,12,2,2,0.0010917499894276261,3.204203676432371e-05,0.0004826249787583947,3.44999716617167e-05,0.0016409169766120613,0.0016368749784305692,4.04199818149209e-06
90016,60,10,0,0,0.0010429169633425772,3.1291041523218155e-05,0.0010011669946834445,3.391696373000741e-05,0.0021092919632792473,0.001647625002078712,0.0004616669612005353
90016,61,10,1,1,0.0010034159640781581,2.979201963171363e-05,0.00047199998516589403,3.229198046028614e-05,0.001537499949336052,0.0020442079985514283,-0.0005067080492153764
90016,62,9,1,1,0.000997958006337285,3.145897062495351e-05,0.0009865830070339143,3.508297959342599e-05,0.002051082963589579,0.0019898749887943268,6.120797479525208e-05
90016,63,8,0,0,0.0009830000344663858,3.100000321865082e-05,0.0004801250179298222,3.316695801913738e-05,0.0015272920136339962,0.0015388330211862922,-1.1541007552295923e-05
90016,64,8,1,1,0.0017093340284191072,3.145798109471798e-05,0.001230333000421524,3.812497016042471e-05,0.003009249980095774,0.002703541947994381,0.00030570803210139275
90016,65,7,2,2,0.0009387499885633588,3.08750313706696e-05,0.0015373749774880707,4.312500823289156e-05,0.0025501250056549907,0.0015278749633580446,0.001022250042296946
90016,66,5,1,1,0.0009112919797189534,3.56250093318522e-05,0.001042082963977009,3.462500171735883e-05,0.0020236249547451735,0.0016318329726345837,0.00039179198211058974
90016,67,4,2,2,0.0008989589987322688,3.116601146757603e-05,0.0004633750068023801,3.408396150916815e-05,0.001427583978511393,0.0014398330240510404,-1.224904553964734e-05
90016,68,2,1,1,0.0008360000210814178,3.100000321865082e-05,0.0007784169865772128,3.733299672603607e-05,0.0016827500076033175,0.0016155840130522847,6.716599455103278e-05
90016,69,1,1,1,0.0008345830137841403,3.262498648837209e-05,0.0007093340391293168,3.6874960642308e-05,0.0016134170000441372,0.0020090839825570583,-0.0003956669825129211
90016,70,0,1,0,0.0007696250104345381,3.0750001315027475e-05,0.0004689579945988953,3.4791999496519566e-05,0.0013041250058449805,0.0018368749879300594,-0.000532749982085079
90016,71,0,2,0,0.0007663749856874347,2.8999987989664078e-05,0.0009237080230377614,3.287498839199543e-05,0.0017519579851068556,0.0012847909820266068,0.00046716700308024883
90016,72,0,4,0,0.0007901249919086695,3.066600766032934e-05,0.0004617919912561774,3.2875046599656343e-05,0.0013154580374248326,0.001693541998974979,-0.00037808396155014634
90016,73,0,5,0,0.0014000419760122895,3.458303399384022e-05,0.0010872919810935855,3.450002986937761e-05,0.002556417020969093,0.0024876249954104424,6.87920255586505e-05
90016,74,0,7,0,0.0007856670417822897,3.0750001315027475e-05,0.0005159999709576368,3.158301115036011e-05,0.0013640000252053142,0.002262874972075224,-0.0008988749468699098
90017,0,0,10,0,0.0010149999870918691,3.250001464039087e-05,0.00070508400676772,3.545801155269146e-05,0.0017880420200526714,0.002631207986269146,-0.0008431659662164748
90017,1,2,10,0,0.0012395420344546437,3.087497316300869e-05,0.001601667026989162,7.349997758865356e-05,0.002945584012195468,0.0025511670392006636,0.0003944169729948044
90017,2,4,10,0,0.000878083985298872,3.1540985219180584e-05,0.0011020840029232204,3.8583006244152784e-05,0.0020502919796854258,0.0017393750022165477,0.00031091697746887803
90017,3,5,10,0,0.0009274169569835067,3.5167031455785036e-05,0.00048400001833215356,3.6165991332381964e-05,0.0014827499981038272,0.0016052499995566905,-0.00012250000145286322
90017,4,8,10,0,0.0009581249905750155,3.004202153533697e-05,0.0018040830036625266,4.2249972466379404e-05,0.0028344999882392585,0.0022589159780181944,0.0005755840102210641
90017,5,10,10,1,0.0010155410273000598,3.1167000997811556e-05,0.0017293330165557563,4.6083994675427675e-05,0.0028221250395290554,0.0017361670034006238,0.0010859580361284316
90017,6,11,9,9,0.0010592910111881793,3.5959004890173674e-05,0.0009232080192305148,4.8457994125783443e-05,0.002066916029434651,0.0028809590148739517,-0.0008140429854393005
90017,7,8,0,0,0.0010411670082248747,3.38749960064888e-05,0.0014856659690849483,3.56250093318522e-05,0.002596332982648164,0.0015423339791595936,0.0010539990034885705
90017,8,15,0,0,0.0011406670091673732,3.541604382917285e-05,0.0006343749701045454,3.791699418798089e-05,0.0018483750172890723,0.0023588339681737125,-0.0005104589508846402
90017,9,21,0,0,0.0013010419788770378,3.38749960064888e-05,0.0015249160351231694,3.833399387076497e-05,0.002898167003877461,0.002160749980248511,0.0007374170236289501
90017,10,26,0,0,0.0013897079625166953,3.004202153533697e-05,0.0005046249716542661,4.712503869086504e-05,0.0019714999943971634,0.002991334011312574,-0.0010198340169154108
90017,11,31,0,0,0.0014838330098427832,3.200001083314419e-05,0.001255249953828752,3.4917029552161694e-05,0.002806000004056841,0.0020692910184152424,0.0007367089856415987
90017,12,35,1,1,0.0016099580097943544,3.1584000680595636e-05,0.0005562080186791718,3.4791999496519566e-05,0.0022325420286506414,0.002515833009965718,-0.00028329098131507635
90017,13,38,0,0,0.0016791249508969486,4.854204598814249e-05,0.0008026669966056943,3.3958000130951405e-05,0.0025642919936217368,0.0035427080001682043,-0.0009784160065464675
90017,14,44,2,2,0.0017868329887278378,3.095902502536774e-05,0.0012072079698555171,3.7792022339999676e-05,0.0030627920059487224,0.004268249962478876,-0.0012054579565301538
90017,15,45,0,0,0.0017783339717425406,3.0291033908724785e-05,0.0022784589673392475,3.470800584182143e-05,0.004121791978832334,0.003548208042047918,0.0005735839367844164
90017,16,45,0,0,0.0017696249997243285,3.3917021937668324e-05,0.0005633750115521252,3.5040953662246466e-05,0.0024019579868763685,0.002675333002116531,-0.0002733750152401626
90017,17,47,0,0,0.0018110409728251398,3.020901931449771e-05,0.0007259999983943999,3.4165976103395224e-05,0.0026014159666374326,0.003308250044938177,-0.0007068340783007443
90017,18,47,2,2,0.0017951669869944453,3.0125025659799576e-05,0.0016718750121071935,4.116701893508434e-05,0.0035383340436965227,0.002467165992129594,0.0010711680515669286
90017,19,45,0,0,0.0017820409848354757,3.0292023438960314e-05,0.000683374993968755,3.3333024475723505e-05,0.0025290410267189145,0.0030390419997274876,-0.0005100009730085731
90017,20,45,2,2,0.0018105839844793081,3.058300353586674e-05,0.0010114579927176237,3.812502836808562e-05,0.002890750009100884,0.0025568329729139805,0.0003339170361869037
90017,21,43,1,1,0.0018059160211123526,3.704201662912965e-05,0.0019066669628955424,3.5375007428228855e-05,0.0037850000080652535,0.002464124991092831,0.0013208750169724226
90017,22,42,2,2,0.0017194999963976443,3.7416990380734205e-05,0.0012598329922184348,4.5666994992643595e-05,0.003062416973989457,0.0024902080185711384,0.0005722089554183185
90017,23,40,0,0,0.0016770000220276415,3.220798680558801e-05,0.0012235000031068921,3.5375007428228855e-05,0.0029680830193683505,0.0023853330058045685,0.000582750013563782
90017,24,40,0,0,0.0017170410137623549,3.2292038667947054e-05,0.0012852079817093909,5.51670091226697e-05,0.0030897080432623625,0.0032030409784056246,-0.00011333293514326215
90017,25,40,0,0,0.0016963329981081188,5.124998278915882e-05,0.0027894999948330224,0.0001457079779356718,0.004682790953665972,0.0030712090083397925,0.0016115819453261793
90017,26,40,0,0,0.0017575829988345504,3.1584000680595636e-05,0.0012468749773688614,3.550003748387098e-05,0.0030715420143678784,0.0026562080020084977,0.0004153340123593807
90017,27,40,0,0,0.0017402090015821159,8.062500273808837e-05,0.0007394159911200404,4.9124995712190866e-05,0.0026093749911524355,0.003565250022802502,-0.0009558750316500664
90017,28,40,0,0,0.0017197090201079845,4.8499961849302053e-05,0.0016414999845437706,4.6208035200834274e-05,0.0034559170017018914,0.0031209170119836926,0.0003349999897181988
90017,29,40,0,0,0.0017143749864771962,3.9000005926936865e-05,0.0017632499802857637,3.6792014725506306e-05,0.003553416987415403,0.0028460000175982714,0.0007074169698171318
90017,30,40,2,2,0.0016800839803181589,3.15000070258975e-05,0.000999332987703383,3.3708056434988976e-05,0.0027446250314824283,0.0031577919726260006,-0.00041316694114357233
90017,31,38,0,0,0.0016945000388659537,3.604200901463628e-05,0.001553791982587427,4.8457994125783443e-05,0.0033327920245938003,0.0031172079616226256,0.00021558406297117472
90017,32,38,0,0,0.0018238750053569674,5.041697295382619e-05,0.0006111250258982182,3.7624966353178024e-05,0.00252304197056219,0.0034485000069253147,-0.0009254580363631248
90017,33,38,1,1,0.0016066250391304493,3.070797538384795e-05,0.0015967499930411577,5.03340270370245e-05,0.0032844170345924795,0.00225499999942258,0.0010294170351698995
90017,34,37,0,0,0.0015974999987520278,3.470800584182143e-05,0.001176375022623688,3.9458973333239555e-05,0.0028480420005507767,0.002757416048552841,9.062595199793577e-05
90017,35,37,2,2,0.0016109999851323664,3.2916024792939425e-05,0.0017335839802399278,3.762502456083894e-05,0.0034151250147260725,0.003085291013121605,0.00032983400160446763
90017,36,35,1,1,0.0016065420350059867,5.445798160508275e-05,0.0010159999947063625,3.429199568927288e-05,0.002711292007006705,0.00283708400093019,-0.00012579199392348528
90017,37,34,1,1,0.0015564580098725855,3.091699909418821e-05,0.0005947079625912011,3.666704287752509e-05,0.0022187500144355,0.002387500018812716,-0.0001687500043772161
90017,38,33,2,2,0.0014801250072196126,2.9749993700534105e-05,0.0008920000400394201,3.370799822732806e-05,0.002435583039186895,0.0025831250241026282,-0.00014754198491573334
90017,39,31,0,0,0.001484750013332814,3.1584000680595636e-05,0.0019480829942040145,4.283303860574961e-05,0.0035072500468231738,0.0021375420037657022,0.0013697080430574715
90017,40,31,0,0,0.0014420420047827065,2.9790971893817186e-05,0.0007629169849678874,4.02920413762331e-05,0.002275042003020644,0.0024923330056481063,-0.00021729100262746215
90017,41,31,1,1,0.0015053750248625875,3.691698657348752e-05,0.000534999999217689,3.716698847711086e-05,0.002114458999130875,0.003037791990209371,-0.000923332991078496
90017,42,30,0,0,0.0014698749873787165,3.0166993383318186e-05,0.0014429999864660203,4.208303289487958e-05,0.0029851250001229346,0.0033303750096820295,-0.0003452500095590949
90017,43,30,0,0,0.0014542920398525894,3.483297768980265e-05,0.0005370000144466758,3.5792007111012936e-05,0.0020619170391000807,0.002694082970265299,-0.0006321659311652184
90017,44,30,0,0,0.001458749989978969,3.1790987122803926e-05,0.000981000019237399,3.9083999581635e-05,0.002510624995920807,0.0025437920121476054,-3.3167016226798296e-05
90017,45,30,0,0,0.001446707989089191,3.1584000680595636e-05,0.0006075829733163118,3.312499029561877e-05,0.002118999953381717,0.002306290960405022,-0.0001872910070233047
90017,46,30,1,1,0.0015023750020191073,3.395904786884785e-05,0.000585207948461175,3.612501313909888e-05,0.002157667011488229,0.0035067080170847476,-0.0013490410055965185
90017,47,29,1,1,0.0014291669940575957,2.97910301014781e-05,0.0009547919617034495,3.629201091825962e-05,0.002450041996780783,0.002330708026420325,0.0001193339703604579
90017,48,28,0,0,0.001408000010997057,3.129098331555724e-05,0.0014009170117788017,4.733301466330886e-05,0.0028875410207547247,0.0023609590134583414,0.0005265820072963834
90017,49,28,1,1,0.0015673330053687096,3.6624958738684654e-05,0.000549832999240607,4.4042011722922325e-05,0.0021978329750709236,0.003843375016003847,-0.0016455420409329236
90017,50,27,1,1,0.0013936249888502061,3.1542032957077026e-05,0.0016538329655304551,3.670802107080817e-05,0.0031157080084085464,0.0020539590041153133,0.0010617490042932332
90017,51,26,3,3,0.0013829590170644224,3.466597991064191e-05,0.0005716670420952141,3.716698847711086e-05,0.0020264590275473893,0.0020899579976685345,-6.349897012114525e-05
90017,52,23,1,1,0.0012685420224443078,3.0166993383318186e-05,0.0005821660161018372,3.27499583363533e-05,0.0019136249902658165,0.002572417026385665,-0.0006587920361198485
90017,53,22,1,1,0.0012426250032149255,2.9708025977015495e-05,0.0006624579546041787,3.295904025435448e-05,0.001967750024050474,0.0019022910273633897,6.545899668708444e-05
90017,54,21,1,1,0.0012964169727638364,4.1457999031990767e-05,0.0017882080283015966,3.954197745770216e-05,0.003165624977555126,0.0028483340283855796,0.00031729094916954637
90017,55,20,0,0,0.0012384169967845082,3.354198997840285e-05,0.0011317910393700004,3.454199759289622e-05,0.0024382920237258077,0.002925209002569318,-0.00048691697884351015
90017,56,20,0,0,0.0012923749745823443,3.8541038520634174e-05,0.0013379169977270067,8.249998791143298e-05,0.002751332998741418,0.002929666021373123,-0.0001783330226317048
90017,57,20,0,0,0.0012507499777711928,3.220798680558801e-05,0.0005073340144008398,3.774999640882015e-05,0.0018280419753864408,0.0023572089849039912,-0.0005291670095175505
90017,58,20,0,0,0.0012368750176392496,3.300001844763756e-05,0.0014838329516351223,0.00014766701497137547,0.002901375002693385,0.002829124976415187,7.225002627819777e-05
90017,59,20,0,0,0.001281999982893467,3.5917037166655064e-05,0.0005586660117842257,3.5208999179303646e-05,0.0019117920310236514,0.003018666000571102,-0.0011068739695474505
90017,60,20,0,0,0.0012275409535504878,3.004202153533697e-05,0.0010930830030702055,3.2208976335823536e-05,0.0023828749544918537,0.0019332919619046152,0.00044958299258723855
90017,61,20,2,2,0.0012232500012032688,2.9749993700534105e-05,0.0010647909948602319,3.304198617115617e-05,0.002350832975935191,0.0019747079932130873,0.0003761249827221036
90017,62,18,1,1,0.0011881670216098428,3.0207971576601267e-05,0.001584624988026917,3.554200520738959e-05,0.0028385419864207506,0.002145416976418346,0.0006931250100024045
90017,63,17,1,1,0.0012062920141033828,3.44999716617167e-05,0.0004902080399915576,3.733299672603607e-05,0.0017683330224826932,0.001789458969142288,-2.1125946659594774e-05
90017,64,16,1,1,0.001166667032521218,3.100000321865082e-05,0.0011668329825624824,3.470899537205696e-05,0.002399209013674408,0.0017177500412799418,0.0006814589723944664
90017,65,15,0,0,0.0011232499964535236,4.479195922613144e-05,0.0006882080342620611,3.4958997275680304e-05,0.0018912089872173965,0.0022034579887986183,-0.0003122490015812218
90017,66,15,0,0,0.0011311660055071115,3.2208976335823536e-05,0.00121720798779279,3.3542048186063766e-05,0.002414125017821789,0.0017257920117117465,0.0006883330061100423
90017,67,15,2,2,0.0011164160096086562,3.3791991882026196e-05,0.0004936669720336795,3.483303589746356e-05,0.0016787080094218254,0.0025931670097634196,-0.0009144590003415942
90017,68,13,2,2,0.0010771250235848129,3.120902692899108e-05,0.001285624981392175,3.908301005139947e-05,0.0024330420419573784,0.0021269170101732016,0.0003061250317841768
90017,69,11,1,1,0.0010235420195385814,2.96669895760715e-05,0.0013952910085208714,3.445899346843362e-05,0.002482959011103958,0.0016113750170916319,0.000871583994012326
90017,70,10,0,0,0.0010070419521071017,2.983299782499671e-05,0.0009093750268220901,3.270898014307022e-05,0.0019789589568972588,0.0017093329806812108,0.000269625976216048
90017,71,10,1,1,0.0011306670494377613,3.366696182638407e-05,0.000822083035018295,3.679195651784539e-05,0.002023209002800286,0.0016336249536834657,0.0003895840491168201
90017,72,9,1,1,0.0010234579676762223,3.0750001315027475e-05,0.0009598330361768603,3.445899346843362e-05,0.0020484999986365438,0.0017827909905463457,0.00026570900809019804
90017,73,8,0,0,0.0009567910456098616,2.9916991479694843e-05,0.0013879999751225114,4.2041996493935585e-05,0.0024167500087060034,0.001878958020824939,0.0005377919878810644
90017,74,8,1,1,0.0009608750115148723,3.258301876485348e-05,0.0013814590056426823,3.508297959342599e-05,0.002410000015515834,0.0016685419832356274,0.0007414580322802067
90017,75,7,3,3,0.0009410830098204315,3.1917006708681583e-05,0.00048429099842906,3.591697895899415e-05,0.0014932079939171672,0.0014934579958207905,-2.500019036233425e-07
90017,76,4,2,2,0.0008729170076549053,3.166601527482271e-05,0.0014093749923631549,3.412499791011214e-05,0.002348083013202995,0.0015610420377925038,0.0007870409754104912
90017,77,2,2,2,0.0012134999851696193,3.620801726356149e-05,0.0006244590040296316,3.8790982216596603e-05,0.001912957988679409,0.0025746250175870955,-0.0006616670289076865
90017,78,0,1,0,0.0007877500029280782,3.158301115036011e-05,0.0008471669862046838,3.5541015677154064e-05,0.0017020410159602761,0.0019462910131551325,-0.0002442499971948564
90017,79,0,1,0,0.0007701250142417848,3.062502946704626e-05,0.000715582980774343,3.341701813042164e-05,0.0015497500426135957,0.0017310419934801757,-0.00018129195086658
90017,80,0,2,0,0.0008028330048546195,3.1542032957077026e-05,0.0006200000061653554,3.474997356534004e-05,0.001489125017542392,0.0020769579568877816,-0.0005878329393453896
90017,81,0,4,0,0.0007750410004518926,3.070896491408348e-05,0.0010064159869216383,3.787502646446228e-05,0.0018500409787520766,0.0015808750176802278,0.00026916596107184887
90017,82,0,6,0,0.0008337910403497517,3.104197094216943e-05,0.0014850000152364373,3.933301195502281e-05,0.0023891660384833813,0.002324957982636988,6.420805584639311e-05
90017,83,0,8,0,0.0007897090399637818,3.129098331555724e-05,0.0008962919819168746,3.891700180247426e-05,0.001756209006998688,0.002188208047300577,-0.0004319990403018892
90017,84,0,8,0,0.0008174169925041497,3.454199759289622e-05,0.0006606660317629576,3.345898585394025e-05,0.0015460840077139437,0.0013727500336244702,0.00017333397408947349
90018,0,0,10,0,0.0007762080058455467,3.108399687334895e-05,0.0014387080445885658,3.533298149704933e-05,0.002281333028804511,0.0015242089866660535,0.0007571240421384573
90018,1,0,10,0,0.000787292025052011,3.08750313706696e-05,0.0012232909793965518,3.524997737258673e-05,0.002076708013191819,0.001998000021558255,7.870799163356423e-05
90018,2,0,10,0,0.0007770830416120589,3.0166993383318186e-05,0.0012929579825140536,3.424996975809336e-05,0.002134457987267524,0.0018768750014714897,0.00025758298579603434
90018,3,3,10,0,0.0008442079997621477,3.0792027246207e-05,0.0007711669895797968,3.4958007745444775e-05,0.0016811250243335962,0.0018006670288741589,-0.00011954200454056263
90018,4,8,10,2,0.0009570829570293427,3.058405127376318e-05,0.000508165976498276,3.73339862562716e-05,0.0015331669710576534,0.0016296670073643327,-9.650003630667925e-05
90018,5,7,8,7,0.0009355830261483788,3.1167000997811556e-05,0.0012332919868640602,3.8416008464992046e-05,0.0022384580224752426,0.001743959030136466,0.0004944989923387766
90018,6,2,1,1,0.0008274999563582242,3.108300734311342e-05,0.0004473330336622894,3.4208991564810276e-05,0.0013401249889284372,0.0020855419570580125,-0.0007454169681295753
90018,7,5,0,0,0.0008966249879449606,2.975005190819502e-05,0.0005413339822553098,3.466597991064191e-05,0.0015023750020191073,0.001477082958444953,2.5292043574154377e-05
90018,8,9,0,0,0.0009789579780772328,5.0833041314035654e-05,0.0015056249685585499,3.991700941696763e-05,0.002575332997366786,0.0017755419830791652,0.0007997910142876208
90018,9,12,0,0,0.001085583004169166,3.2958982046693563e-05,0.0005422499962151051,3.470800584182143e-05,0.0016954999882727861,0.002017916995100677,-0.0003224170068278909
90018,10,19,0,0,0.0011902920086868107,3.0374969355762005e-05,0.0018310000305064023,3.2582960557192564e-05,0.0030842499691061676,0.0021159169846214354,0.0009683329844847322
90018,11,24,1,1,0.0013517499901354313,3.108300734311342e-05,0.000852834025863558,3.670802107080817e-05,0.002272375044412911,0.0025041249464266002,-0.00023174990201368928
90018,12,29,0,0,0.0014884999836795032,4.9124995712190866e-05,0.0012823750148527324,3.8207974284887314e-05,0.002858207968529314,0.003495542041491717,-0.0006373340729624033
90018,13,34,1,1,0.0015213749720714986,2.9542017728090286e-05,0.0005306670209392905,3.362499410286546e-05,0.002115209004841745,0.0022105000098235905,-9.529100498184562e-05
90018,14,38,0,0,0.0016112080193124712,2.96669895760715e-05,0.0009532499825581908,4.325003828853369e-05,0.002637375029735267,0.002176959009375423,0.00046041602035984397
90018,15,44,1,1,0.0017412079614587128,3.125000512227416e-05,0.0008600419969297945,3.2957992516458035e-05,0.0026654579560272396,0.0027368339942768216,-7.137603824958205e-05
90018,16,46,2,2,0.0018039160058833659,2.9416987672448158e-05,0.0006364579894579947,3.312499029561877e-05,0.0025029159733094275,0.0026898750220425427,-0.0001869590487331152
90018,17,44,2,2,0.0017665409832261503,3.091699909418821e-05,0.0006412080256268382,3.529200330376625e-05,0.002473958011250943,0.003336916968692094,-0.0008629589574411511
90018,18,43,0,0,0.0018422920256853104,3.7416990380734205e-05,0.0005728329997509718,5.508301546797156e-05,0.002507625031284988,0.0031629590084776282,-0.0006553339771926403
90018,19,43,2,2,0.0017389580025337636,2.9125018045306206e-05,0.0007308339700102806,3.358302637934685e-05,0.0025325000169686973,0.002480083960108459,5.2416056860238314e-05
90018,20,41,1,1,0.001658499997574836,2.845900598913431e-05,0.000597291043959558,3.245897823944688e-05,0.002316709025762975,0.002476624969858676,-0.00015991594409570098
90018,21,40,0,0,0.0017110829940065742,3.629201091825962e-05,0.0007259160047397017,3.674998879432678e-05,0.0025100409984588623,0.002564958995208144,-5.491799674928188e-05
90018,22,40,0,0,0.0016973339952528477,3.0750001315027475e-05,0.0005715410225093365,3.470899537205696e-05,0.0023343340144492686,0.0029305829666554928,-0.0005962489522062242
90018,23,40,0,0,0.0017555839731357992,3.9375037886202335e-05,0.001662124996073544,0.00013129098806530237,0.003588374995160848,0.002742249984294176,0.0008461250108666718
90018,24,40,0,0,0.0016695830272510648,3.174995072185993e-05,0.0005361670046113431,3.520800964906812e-05,0.002272707992233336,0.002826667041517794,-0.0005539590492844582
90018,25,40,0,0,0.001728624978568405,3.21249826811254e-05,0.0015091670211404562,3.404100425541401e-05,0.0033039579866454005,0.0029694169643335044,0.0003345410223118961
90018,26,40,0,0,0.0016739999991841614,3.354198997840285e-05,0.0006777920061722398,3.6040961276739836e-05,0.002421374956611544,0.0023872500169090927,3.412493970245123e-05
90018,27,40,1,1,0.0017266659997403622,3.383401781320572e-05,0.0006958330050110817,3.549997927621007e-05,0.0024918330018408597,0.0023224169854074717,0.000169416016433388
90018,28,39,0,0,0.001653041981626302,3.020802978426218e-05,0.0005769169656559825,3.525003558024764e-05,0.0022954170126467943,0.00261779100401327,-0.0003223739913664758
90018,29,39,0,0,0.0016571249580010772,3.304204437881708e-05,0.0008570409845560789,3.524997737258673e-05,0.00258245796430856,0.002999583026394248,-0.0004171250620856881
90018,30,39,1,1,0.0016436249716207385,3.0416005756706e-05,0.0005315419984981418,3.425002796575427e-05,0.0022398330038413405,0.0022806660272181034,-4.083302337676287e-05
90018,31,38,0,0,0.001622290990781039,3.0791969038546085e-05,0.0018240830395370722,3.97089752368629e-05,0.00351687497459352,0.003826000029221177,-0.00030912505462765694
90018,32,38,0,0,0.001637917011976242,3.166700480505824e-05,0.0015753329498693347,3.529200330376625e-05,0.0032802089699544013,0.002944457984995097,0.00033575098495930433
90018,33,38,2,2,0.0016861670301295817,3.6874960642308e-05,0.0005533330258913338,3.6792014725506306e-05,0.00231316703138873,0.002624958986416459,-0.00031179195502772927
90018,34,36,0,0,0.0015458330162800848,3.1333009246736765e-05,0.0011189589858986437,3.349996404722333e-05,0.0027296249754726887,0.002623375039547682,0.00010624993592500687
90018,35,36,0,0,0.0015538750449195504,2.9041955713182688e-05,0.0009673750028014183,3.316602669656277e-05,0.002583458030130714,0.002498291025403887,8.516700472682714e-05
90018,36,36,0,0,0.0015515419654548168,2.8958020266145468e-05,0.0009865000029094517,3.2334006391465664e-05,0.0025993339950218797,0.002142000012099743,0.0004573339829221368
90018,37,36,3,3,0.0016411669785156846,3.220798680558801e-05,0.0006162500358186662,3.895896952599287e-05,0.0023285839706659317,0.003073750005569309,-0.0007451660349033773
90018,38,33,2,2,0.0015497090062126517,3.779097460210323e-05,0.001282125012949109,3.62499849870801e-05,0.002905874978750944,0.0023634170065633953,0.0005424579721875489
90018,39,31,0,0,0.0014874160406179726,3.14170029014349e-05,0.0005128330085426569,3.362499410286546e-05,0.00206529104616493,0.002198208007030189,-0.00013291696086525917
90018,40,31,1,1,0.0015170839615166187,3.116601146757603e-05,0.0006159589975140989,3.370799822732806e-05,0.0021979169687256217,0.002116040966939181,8.187600178644061e-05
90018,41,30,0,0,0.0015305000124499202,3.7165998946875334e-05,0.000819458975456655,3.583298530429602e-05,0.0024229579721577466,0.0020572919747792184,0.0003656659973785281
90018,42,30,0,0,0.001426875009201467,2.8958020266145468e-05,0.0010004579671658576,4.7250010538846254e-05,0.0025035410071723163,0.0026315829600207508,-0.00012804195284843445
90018,43,30,0,0,0.001476417004596442,3.058300353586674e-05,0.0009529580129310489,3.670895239338279e-05,0.0024966669734567404,0.002890625037252903,-0.0003939580637961626
90018,44,30,0,0,0.0014925420400686562,3.162497887387872e-05,0.0012810829794034362,3.56250093318522e-05,0.0028408750076778233,0.002153041015844792,0.0006878339918330312
90018,45,30,1,1,0.0014662499888800085,3.004202153533697e-05,0.0005253750132396817,3.474997356534004e-05,0.002056416997220367,0.002457333030179143,-0.00040091603295877576
90018,46,29,0,0,0.0014340420020744205,3.0333001632243395e-05,0.0005239170277491212,3.4582975786179304e-05,0.0020228750072419643,0.002000209002289921,2.2666004952043295e-05
90018,47,29,2,2,0.001425791997462511,3.079103771597147e-05,0.0006469999789260328,3.6999990697950125e-05,0.0021405830048024654,0.002623625041451305,-0.0004830420366488397
90018,48,27,0,0,0.0014131249627098441,3.283302066847682e-05,0.0005528329638764262,3.3167016226798296e-05,0.0020319579634815454,0.002164042030926794,-0.00013208406744524837
90018,49,27,0,0,0.0013702920405194163,3.14170029014349e-05,0.0004819999448955059,3.2125040888786316e-05,0.0019158340292051435,0.0028428329969756305,-0.0009269989677704871
90018,50,27,1,1,0.0013974159955978394,3.183400258421898e-05,0.0004917499609291553,3.529101377353072e-05,0.0019562909728847444,0.0020728749805130064,-0.00011658400762826204
90018,51,26,3,3,0.0013567080022767186,3.0459021218121052e-05,0.0011345410021021962,3.604200901463628e-05,0.002557750034611672,0.001955124957021326,0.0006026250775903463
90018,52,23,1,1,0.0013048750115558505,3.38749960064888e-05,0.0013775420375168324,0.00013862497871741652,0.002854917023796588,0.0019418330048210919,0.0009130840189754963
90018,53,22,2,2,0.0012644170201383531,3.2540992833673954e-05,0.0014740839833393693,3.766600275412202e-05,0.0028087079990655184,0.002308958035428077,0.0004997499636374414
90018,54,20,0,0,0.001257374999113381,3.574998117983341e-05,0.0011769999982789159,4.829204408451915e-05,0.0025184170226566494,0.0017712080152705312,0.0007472090073861182
90018,55,20,0,0,0.001274875015951693,3.925000783056021e-05,0.0012190419947728515,3.370799822732806e-05,0.002566875016782433,0.0028365409816615283,-0.00026966596487909555
90018,56,20,2,2,0.001232834008987993,3.058300353586674e-05,0.0005858750082552433,3.508297959342599e-05,0.001884375000372529,0.002395416027866304,-0.0005110410274937749
90018,57,18,1,1,0.0011756669846363366,3.004202153533697e-05,0.0008608329808339477,3.441702574491501e-05,0.002100959012750536,0.001739499974064529,0.00036145903868600726
90018,58,17,1,1,0.0012026670156046748,5.124998278915882e-05,0.0006040420266799629,4.358298610895872e-05,0.0019015420111827552,0.0018277919734828174,7.375003769993782e-05
90018,59,16,2,2,0.0011793749872595072,3.383302828297019e-05,0.0012707089772447944,3.8958038203418255e-05,0.00252287503099069,0.00252083403756842,2.040993422269821e-06
90018,60,14,0,0,0.0011086249724030495,3.554200520738959e-05,0.000956667005084455,0.00014299998292699456,0.0022438339656218886,0.0027618329622782767,-0.000517998996656388
90018,61,14,2,2,0.0010849999962374568,3.083399496972561e-05,0.0004695410025306046,3.441702574491501e-05,0.001619792019482702,0.0016797080170363188,-5.991599755361676e-05
90018,62,12,0,0,0.0010363750043325126,3.141601337119937e-05,0.0019279589760117233,0.00014637503772974014,0.0031421250314451754,0.0027565420023165643,0.0003855830291286111
90018,63,12,0,0,0.0010819999733939767,3.5167031455785036e-05,0.001052292005624622,3.4999975468963385e-05,0.002204458985943347,0.0020257500000298023,0.0001787089859135449
90018,64,12,1,1,0.0010658330284059048,3.833300434052944e-05,0.0008006250136531889,3.758398815989494e-05,0.001942375034559518,0.0028237910009920597,-0.0008814159664325416
90018,65,11,3,3,0.0010333749814890325,3.445800393819809e-05,0.0005418340442702174,3.9457983803004026e-05,0.001649125013500452,0.0017131660133600235,-6.404099985957146e-05
90018,66,8,0,0,0.0009879579884000123,3.100000321865082e-05,0.0013587090070359409,3.6207959055900574e-05,0.0024138749577105045,0.0016097079496830702,0.0008041670080274343
90018,67,8,3,3,0.0009815830271691084,3.433297388255596e-05,0.0007078340277075768,3.629096318036318e-05,0.0017600409919396043,0.0018675419851206243,-0.00010750099318102002
90018,68,5,2,2,0.0009072910179384053,2.8959009796380997e-05,0.0004943329840898514,3.516697324812412e-05,0.0014657499850727618,0.001501082966569811,-3.533298149704933e-05
90018,69,3,0,0,0.0008557920227758586,3.0750001315027475e-05,0.0007150829769670963,3.383401781320572e-05,0.0016354590188711882,0.0015115420101210475,0.00012391700875014067
90018,70,3,0,0,0.0008537920075468719,3.162497887387872e-05,0.0004847500240430236,3.404100425541401e-05,0.0014042080147191882,0.001961582980584353,-0.000557374965865165
90018,71,3,1,1,0.0014538749819621444,3.183301305398345e-05,0.0011489579919725657,0.0001057499903254211,0.0027404159773141146,0.0028337090043351054,-9.329302702099085e-05
90018,72,2,1,1,0.0008156659896485507,2.9500050004571676e-05,0.0006152919959276915,3.4374999813735485e-05,0.0014948330353945494,0.0025118329795077443,-0.001016999944113195
90018,73,1,1,1,0.000816916988696903,3.520800964906812e-05,0.0012682080268859863,5.929195322096348e-05,0.002179624978452921,0.0019757080008275807,0.00020391697762534022
90018,74,0,2,0,0.0008463750127702951,5.687499651685357e-05,0.0007656249799765646,4.8208050429821014e-05,0.0017170830396935344,0.0013974999892525375,0.0003195830504409969
90018,75,0,3,0,0.0010723340092226863,3.445800393819809e-05,0.0008106249733828008,3.529200330376625e-05,0.0019527089898474514,0.002825792005751282,-0.0008730830159038305
90018,76,0,4,0,0.000778582994826138,3.0208961106836796e-05,0.00042529101483523846,3.3208983950316906e-05,0.0012672919547185302,0.0013047499815002084,-3.74580267816782e-05
90018,77,0,6,0,0.0007767920033074915,2.9374961741268635e-05,0.000561417022254318,3.208301495760679e-05,0.001399667002260685,0.0013163750409148633,8.329196134582162e-05
90018,78,0,7,0,0.0007799169979989529,2.975005190819502e-05,0.0007340000011026859,3.245798870921135e-05,0.0015761250397190452,0.0018227919936180115,-0.0002466669538989663
90018,79,0,8,0,0.0007954169996082783,3.0499999411404133e-05,0.0004963750252500176,3.5582983400672674e-05,0.0013578750076703727,0.0014935829676687717,-0.00013570795999839902
90018,80,0,8,0,0.00078766600927338,3.808399196714163e-05,0.0008722500060684979,3.4750031773000956e-05,0.0017327500390820205,0.0021912080119363964,-0.00045845797285437584
90018,81,0,8,0,0.0008662919863127172,3.10409814119339e-05,0.0010785000049509108,3.300001844763756e-05,0.0020088329911231995,0.0013674169895239174,0.000641416001599282
90018,82,0,8,0,0.0007935830508358777,3.091699909418821e-05,0.001012332970276475,4.3832988012582064e-05,0.0018806660082191229,0.0016404169728048146,0.0002402490354143083
90018,83,0,8,0,0.0007998339715413749,3.2333016861230135e-05,0.0009996250155381858,5.704199429601431e-05,0.0018888339982368052,0.002137875009793788,-0.000249041011556983
90018,84,0,9,0,0.0008067499729804695,3.104202914983034e-05,0.0009171249694190919,3.962503978982568e-05,0.0017945420113392174,0.0014761670026928186,0.0003183750086463988
90019,0,0,10,0,0.0007863329956308007,3.108399687334895e-05,0.000497290981002152,3.404199378564954e-05,0.0013487499672919512,0.002105165971443057,-0.0007564160041511059
90019,1,3,10,0,0.0008374580065719783,3.0124967452138662e-05,0.0008490830077789724,3.3374992199242115e-05,0.0017500409740023315,0.001674042025115341,7.599894888699055e-05
90019,2,5,10,0,0.0008894999627955258,2.9542017728090286e-05,0.0004854580038227141,3.362499410286546e-05,0.0014381249784491956,0.0015422090073116124,-0.00010408402886241674
90019,3,7,10,0,0.0009335830109193921,3.504200140014291e-05,0.0016631659818813205,3.866699989885092e-05,0.0026704579940997064,0.0021527920034714043,0.0005176659906283021
90019,4,7,10,0,0.0015197080210782588,3.5416975151747465e-05,0.0004997500218451023,3.654201282188296e-05,0.0020914170308969915,0.002834875020198524,-0.0007434579893015325
90019,5,15,10,8,0.0011058750096708536,3.208301495760679e-05,0.0005120420246385038,3.958295565098524e-05,0.0016895830049179494,0.0024702500086277723,-0.0007806670037098229
90019,6,11,2,2,0.00102320802398026,3.154197474941611e-05,0.0008715830044820905,3.466696944087744e-05,0.001960999972652644,0.0022862920304760337,-0.00032529205782338977
90019,7,14,0,0,0.0018602500203996897,3.549997927621007e-05,0.0007873330032452941,3.787502646446228e-05,0.002720958029385656,0.002767374971881509,-4.641694249585271e-05
90019,8,17,0,0,0.0011782920337282121,3.3165968488901854e-05,0.000957000011112541,3.566697705537081e-05,0.0022041249903850257,0.0022403329494409263,-3.6207959055900574e-05
90019,9,21,0,0,0.0012417079997248948,3.024999750778079e-05,0.0010239590192213655,3.579095937311649e-05,0.0023317079758271575,0.001867417013272643,0.0004642909625545144
90019,10,22,0,0,0.0012900420115329325,3.241701051592827e-05,0.0005198330036364496,3.312499029561877e-05,0.0018754170159809291,0.003127583011519164,-0.0012521659955382347
90019,11,25,0,0,0.0013748750207014382,3.766699228435755e-05,0.0005461249966174364,3.5333039704710245e-05,0.0019940000493079424,0.0023949170135892928,-0.0004009169642813504
90019,12,31,0,0,0.001460875035263598,3.024999750778079e-05,0.00131312501616776,3.4416967537254095e-05,0.0028386670164763927,0.003177875012625009,-0.0003392079961486161
90019,13,35,1,1,0.001542583981063217,2.9999995604157448e-05,0.001277458039112389,3.629195271059871e-05,0.002886333968490362,0.0021933329990133643,0.0006930009694769979
90019,14,40,0,0,0.0017324169748462737,3.666599513962865e-05,0.0005871670437045395,3.712496254593134e-05,0.002393374976236373,0.0030784590053372085,-0.0006850840291008353
90019,15,43,0,0,0.0017317910096608102,3.0124967452138662e-05,0.0005505839944817126,3.254105104133487e-05,0.0023450410226359963,0.0024123330367729068,-6.729201413691044e-05
90019,16,45,1,1,0.001767124980688095,2.97910301014781e-05,0.0005560419522225857,3.2750016544014215e-05,0.002385707979556173,0.0026608339976519346,-0.00027512601809576154
90019,17,47,2,2,0.0018371659680269659,3.566697705537081e-05,0.0006521250470541418,3.5999983083456755e-05,0.002560957975219935,0.0024947919882833958,6.616598693653941e-05
90019,18,46,2,2,0.0017922499682754278,3.1916017178446054e-05,0.0019289999618194997,0.0001479170168749988,0.0039010829641483724,0.0025913339923135936,0.0013097489718347788
90019,19,44,3,3,0.0017170829814858735,2.8917042072862387e-05,0.0012063749600201845,3.712502075359225e-05,0.0029895000043325126,0.002524124982301146,0.0004653750220313668
90019,20,41,0,0,0.001773624971974641,5.441700341179967e-05,0.001131958037149161,4.287500632926822e-05,0.00300287501886487,0.0024068339844234288,0.0005960410344414413
90019,21,41,0,0,0.0016956250183284283,3.0041963327676058e-05,0.0006865410250611603,3.2584008295089006e-05,0.0024447920150123537,0.0024002090212889016,4.458299372345209e-05
90019,22,41,0,0,0.001788749999832362,4.700000863522291e-05,0.0006035420228727162,3.583298530429602e-05,0.002475125016644597,0.0031899999594315886,-0.0007148749427869916
90019,23,41,1,1,0.0017087500309571624,3.083399496972561e-05,0.0009728749864734709,3.383302828297019e-05,0.002746292040683329,0.0027245840174145997,2.170802326872945e-05
90019,24,40,0,0,0.0016926249954849482,3.1167000997811556e-05,0.0014614579849876463,4.7083012759685516e-05,0.0032323329942300916,0.002815541985910386,0.0004167910083197057
90019,25,40,0,0,0.0016436660080216825,3.1374976970255375e-05,0.0008795420289970934,3.454199759289622e-05,0.0025891250115819275,0.0025322920409962535,5.683297058567405e-05
90019,26,40,1,1,0.0017891249735839665,3.466702764853835e-05,0.0016635419451631606,4.195800283923745e-05,0.003529291949234903,0.0024858330143615603,0.0010434589348733425
90019,27,39,0,0,0.001640375005081296,3.21249826811254e-05,0.0008106660097837448,3.362499410286546e-05,0.0025167909916490316,0.0026971669867634773,-0.00018037599511444569
90019,28,39,0,0,0.001642499992158264,3.024999750778079e-05,0.0006947090150788426,3.304099664092064e-05,0.002400500001385808,0.002257084008306265,0.00014341599307954311
90019,29,39,0,0,0.0016282500000670552,3.15000070258975e-05,0.0015073749818839133,3.2584008295089006e-05,0.003199708997271955,0.0023484579869545996,0.0008512510103173554
90019,30,39,1,1,0.0016869580140337348,3.412499791011214e-05,0.0015982919721864164,3.4541008062660694e-05,0.003353915992192924,0.0024202499771490693,0.0009336660150438547
90019,31,38,0,0,0.0016044169897213578,3.0082999728620052e-05,0.0005893750349059701,3.312499029561877e-05,0.0022570000146515667,0.0021856669918633997,7.1333022788167e-05
90019,32,38,0,0,0.0016872499836608768,3.1167000997811556e-05,0.001192583004012704,3.4374999813735485e-05,0.0029453749884851277,0.0025645410059951246,0.0003808339824900031
90019,33,38,0,0,0.0016322919982485473,3.545801155269146e-05,0.0005781669751740992,3.5958015359938145e-05,0.002281875000335276,0.002328709000721574,-4.68340003862977e-05
90019,34,38,3,3,0.0015920000150799751,2.9582995921373367e-05,0.0017538749962113798,3.3958000130951405e-05,0.0034094160073436797,0.0022084999945946038,0.0012009160127490759
90019,35,35,1,1,0.0016234999638982117,3.5958015359938145e-05,0.0005562920123338699,3.8707978092134e-05,0.002254457969684154,0.0022622919641435146,-7.833994459360838e-06
90019,36,34,2,2,0.0016065000090748072,3.312499029561877e-05,0.0015044999890960753,3.6167039070278406e-05,0.0031802920275367796,0.002465665980707854,0.0007146260468289256
90019,37,32,2,2,0.001467041962314397,2.9499991796910763e-05,0.0007824579952284694,3.341701813042164e-05,0.002312416967470199,0.003411749959923327,-0.001099332992453128
90019,38,30,1,1,0.0014609170029871166,3.0957977287471294e-05,0.0004967090208083391,3.3541000448167324e-05,0.0020221250015310943,0.002447624981869012,-0.0004254999803379178
90019,39,29,0,0,0.0014149160124361515,2.9416987672448158e-05,0.0005294580478221178,3.2416952308267355e-05,0.002006208000238985,0.001986042014323175,2.016598591580987e-05
90019,40,29,0,0,0.0014528330066241324,4.549999721348286e-05,0.0013019589823670685,3.98330157622695e-05,0.0028401250019669533,0.0020177910337224603,0.000822333968244493
90019,41,29,0,0,0.001532082969788462,3.8209022022783756e-05,0.000860791013110429,3.995897714048624e-05,0.002471041982062161,0.0019911249983124435,0.0004799169837497175
90019,42,29,0,0,0.0013952080043964088,3.424996975809336e-05,0.0015082500176504254,3.341701813042164e-05,0.0029711250099353492,0.0032576670055277646,-0.00028654199559241533
90019,43,29,0,0,0.0014144169981591403,3.187498077750206e-05,0.00118395802564919,4.4249987695366144e-05,0.0026744999922811985,0.0033784580300562084,-0.0007039580377750099
90019,44,29,1,1,0.00139999995008111,3.120902692899108e-05,0.0004995830240659416,3.333296626806259e-05,0.0019641249673441052,0.0029210830107331276,-0.0009569580433890224
90019,45,28,0,0,0.0014889999874867499,3.3582968171685934e-05,0.0007791669922880828,3.529101377353072e-05,0.0023370409617200494,0.0023098750389181077,2.7165922801941633e-05
90019,46,28,0,0,0.001405125018209219,3.0041963327676058e-05,0.0004842920461669564,3.2790994737297297e-05,0.0019522500224411488,0.0022056669695302844,-0.00025341694708913565
90019,47,28,1,1,0.0013928749831393361,2.983299782499671e-05,0.000886416994035244,3.283302066847682e-05,0.0023419579956680536,0.0019578749779611826,0.00038408301770687103
90019,48,27,4,4,0.0013665829901583493,2.924998989328742e-05,0.0008445840212516487,3.5541015677154064e-05,0.0022759580169804394,0.0020021250238642097,0.00027383299311622977
90019,49,23,0,0,0.0012561670155264437,3.058300353586674e-05,0.0014379170024767518,3.4582975786179304e-05,0.0027592499973252416,0.0018346249707974494,0.0009246250265277922
90019,50,23,3,3,0.0013104589888826013,3.066600766032934e-05,0.002434041991364211,4.116701893508434e-05,0.003816334006842226,0.0024852080387063324,0.0013311259681358933
90019,51,20,1,1,0.0012004579766653478,2.9749993700534105e-05,0.0012820420088246465,4.029198316857219e-05,0.0025525419623591006,0.0018039580318145454,0.0007485839305445552
90019,52,19,0,0,0.0012396249803714454,3.725005080923438e-05,0.00061962497420609,3.4999975468963385e-05,0.0019314999808557332,0.0020795839955098927,-0.00014808401465415955
90019,53,19,0,0,0.0020133329671807587,3.400002606213093e-05,0.0007370829698629677,3.429199568927288e-05,0.0028187079587951303,0.003068000019993633,-0.0002492920611985028
90019,54,19,0,0,0.0011971250060014427,3.462500171735883e-05,0.0013374999980442226,3.829103661701083e-05,0.002607541042380035,0.0026837500045076013,-7.620896212756634e-05
90019,55,19,0,0,0.0012341249966993928,3.3958000130951405e-05,0.0012457079719752073,3.445899346843362e-05,0.002548249962273985,0.0022591669694520533,0.00028908299282193184
90019,56,19,0,0,0.0012565000215545297,3.087497316300869e-05,0.0011570830247364938,3.583298530429602e-05,0.002480291004758328,0.0035558330127969384,-0.0010755420080386102
90019,57,19,0,0,0.0012231250293552876,3.200001083314419e-05,0.0015916669508442283,5.962501745671034e-05,0.0029064170084893703,0.002514875028282404,0.0003915419802069664
90019,58,19,1,1,0.0012307089637033641,3.225001273676753e-05,0.000677958014421165,3.816699609160423e-05,0.001979083986952901,0.002191334031522274,-0.00021225004456937313
90019,59,18,2,2,0.0012696670019067824,4.7457986511290073e-05,0.0006065000197850168,4.212500061839819e-05,0.0019657500088214874,0.0017726250225678086,0.0001931249862536788
90019,60,16,0,0,0.0011814169702120125,3.400002606213093e-05,0.000842333014588803,3.691698657348752e-05,0.002094666997436434,0.002301333996001631,-0.000206666998565197
90019,61,16,0,0,0.0011489580501802266,3.679195651784539e-05,0.0012557920417748392,4.2874948121607304e-05,0.0024844169965945184,0.00302716699661687,-0.0005427500000223517
90019,62,16,3,3,0.0011570000206120312,3.84590239264071e-05,0.000861415988765657,3.879197174683213e-05,0.0020956670050509274,0.0020418339991010725,5.383300594985485e-05
90019,63,13,3,3,0.0018022089498117566,4.091602750122547e-05,0.001158666971605271,5.400000372901559e-05,0.0030557919526472688,0.003311583015602082,-0.00025579106295481324
90019,64,10,1,1,0.0010263330186717212,3.529200330376625e-05,0.002394291979726404,5.0125003326684237e-05,0.0035060420050285757,0.003168208000715822,0.0003378340043127537
90019,65,9,0,0,0.0009879590361379087,3.637495683506131e-05,0.0007979160291142762,5.741702625527978e-05,0.001879667048342526,0.0022636670037172735,-0.0003839999553747475
90019,66,9,0,0,0.0010234169894829392,3.362499410286546e-05,0.0013611250324174762,4.333298420533538e-05,0.0024615000002086163,0.0016572910244576633,0.000804208975750953
90019,67,9,0,0,0.0010151670430786908,3.97919793613255e-05,0.0005849580047652125,3.9041973650455475e-05,0.0016789590008556843,0.0020639579743146896,-0.00038499897345900536
90019,68,9,0,0,0.0011189589858986437,4.295801045373082e-05,0.001691417011898011,3.8040976505726576e-05,0.002891374984756112,0.0030362499528564513,-0.00014487496810033917
90019,69,9,2,2,0.000985541963018477,4.050001734867692e-05,0.001348291989415884,4.691601498052478e-05,0.0024212499847635627,0.0016553749446757138,0.0007658750400878489
90019,70,7,0,0,0.0009732080507092178,3.112497506663203e-05,0.0004569580196402967,3.433396341279149e-05,0.001495625008828938,0.0016170419985428452,-0.00012141698971390724
90019,71,7,2,2,0.000926584005355835,3.070797538384795e-05,0.0006215830217115581,3.645900869742036e-05,0.0016153340111486614,0.002517542045097798,-0.0009022080339491367
90019,72,5,5,5,0.0009304999839514494,3.5959004890173674e-05,0.0013492910075001419,4.9499969463795424e-05,0.0023652499658055604,0.00149500003317371,0.0008702499326318502
90019,73,0,0,0,0.0008043750422075391,3.462500171735883e-05,0.0010108749847859144,4.0584011003375053e-05,0.0018904590397141874,0.0017241670284420252,0.0001662920112721622
90019,74,0,1,0,0.0008297919994220138,3.383302828297019e-05,0.0008482499979436398,3.670802107080817e-05,0.0017485830467194319,0.001775457989424467,-2.687494270503521e-05
90019,75,0,2,0,0.0007934169843792915,3.100000321865082e-05,0.0004371670074760914,3.525003558024764e-05,0.0012968340306542814,0.001455416961107403,-0.00015858293045312166
90019,76,0,2,0,0.0007977919885888696,3.0540977604687214e-05,0.0010514170280657709,3.654201282188296e-05,0.0019162920070812106,0.001316166017204523,0.0006001259898766875
90019,77,0,4,0,0.0007681659772060812,3.137503517791629e-05,0.0007278340053744614,3.829097840934992e-05,0.0015656659961678088,0.0014943329733796418,7.1333022788167e-05
90019,78,0,6,0,0.0007999580120667815,3.112497506663203e-05,0.0004664169973693788,3.400002606213093e-05,0.0013315000105649233,0.0015753339976072311,-0.00024383398704230785
90019,79,0,8,0,0.0007896249881014228,2.987496554851532e-05,0.0008081250125542283,3.3167016226798296e-05,0.0016607919824309647,0.0017744590295478702,-0.00011366704711690545
90019,80,0,8,0,0.0007942920201458037,2.924998989328742e-05,0.0009285829728469253,3.708398435264826e-05,0.0017892089672386646,0.0017363749793730676,5.283398786559701e-05
90019,81,0,9,0,0.0007700420101173222,3.433297388255596e-05,0.00046087498776614666,3.3958000130951405e-05,0.0012992079718969762,0.0020443330286070704,-0.0007451250567100942
90020,0,2,10,0,0.0008134170202538371,3.145798109471798e-05,0.0014185840263962746,3.370799822732806e-05,0.0022971670259721577,0.0013925000093877316,0.0009046670165844262
90020,1,4,10,0,0.0009269589791074395,3.2957992516458035e-05,0.0005217500147409737,3.612501313909888e-05,0.0015177919995039701,0.001599124982021749,-8.133298251777887e-05
90020,2,6,10,0,0.0009554999996908009,3.3958000130951405e-05,0.0004974579787813127,3.6209006793797016e-05,0.001523124985396862,0.0019995830371044576,-0.0004764580517075956
90020,3,13,10,0,0.0010857500019483268,3.02919652312994e-05,0.0018505420302972198,0.00013937498442828655,0.0031059589819051325,0.001708832976873964,0.0013971260050311685
90020,4,17,10,4,0.0011868749861605465,3.358302637934685e-05,0.0010760839795693755,3.712502075359225e-05,0.002333667012862861,0.0018048750353045762,0.000528791977558285
90020,5,15,6,6,0.0011291659902781248,3.2334006391465664e-05,0.000565375026781112,3.9790989831089973e-05,0.0017666660132817924,0.0017867920105345547,-2.0125997252762318e-05
90020,6,11,0,0,0.0010198340169154108,3.133295103907585e-05,0.0004907920374535024,3.445800393819809e-05,0.0015764170093461871,0.0020121250418014824,-0.0004357080324552953
90020,7,16,0,0,0.0011292920098640025,3.083300543949008e-05,0.0016694170190021396,0.0001427079550921917,0.002972249989397824,0.0023575000232085586,0.0006147499661892653
90020,8,20,0,0,0.0013640419929288328,3.312499029561877e-05,0.0017649169894866645,3.704102709889412e-05,0.00319912499981001,0.0031311250058934093,6.799999391660094e-05
90020,9,22,0,0,0.0013069169945083559,3.170798299834132e-05,0.001590792031493038,3.587495302781463e-05,0.0029652919620275497,0.002372999966610223,0.0005922919954173267
90020,10,29,1,1,0.001470249961130321,4.600000102072954e-05,0.0006114580319263041,4.716700641438365e-05,0.0021748750004917383,0.0026224160101264715,-0.0004475410096347332
90020,11,31,1,1,0.0014574159868061543,3.1584000680595636e-05,0.0013497500331141055,3.649998689070344e-05,0.002875250007491559,0.0026499590021558106,0.0002252910053357482
90020,12,35,2,2,0.0015367500018328428,3.0207971576601267e-05,0.0006013750098645687,3.416696563363075e-05,0.0022024999489076436,0.002148917003069073,5.3582945838570595e-05
90020,13,36,1,1,0.0016047079698182642,3.520800964906812e-05,0.001118041982408613,3.716698847711086e-05,0.002795124950353056,0.002328417031094432,0.0004667079192586243
90020,14,39,0,0,0.0016703750006854534,3.200001083314419e-05,0.000786124961450696,3.470800584182143e-05,0.002523207978811115,0.0030429590260609984,-0.0005197510472498834
90020,15,44,2,2,0.0018874999950639904,3.5750039387494326e-05,0.0019210419850423932,0.0001408749958500266,0.0039851670153439045,0.0030329999863170087,0.0009521670290268958
90020,16,42,0,0,0.0017294580466113985,3.1374976970255375e-05,0.000565374968573451,3.57080134563148e-05,0.0023619160056114197,0.002800000016577542,-0.00043808401096612215
90020,17,42,0,0,0.001705207978375256,2.9999995604157448e-05,0.0007989999721758068,3.50000336766243e-05,0.0025692079798318446,0.0026164589799009264,-4.725100006908178e-05
90020,18,42,0,0,0.0017283749766647816,3.270799061283469e-05,0.0008605830371379852,3.691698657348752e-05,0.002658582990989089,0.0023573339567519724,0.0003012490342371166
90020,19,43,0,0,0.0017588329501450062,3.587501123547554e-05,0.012895042018499225,7.050001295283437e-05,0.014760249992832541,0.003613874956499785,0.011146375036332756
90020,20,43,0,0,0.0019172499887645245,4.57499991171062e-05,0.000797417014837265,5.141698056831956e-05,0.0028118339832872152,0.003926999983377755,-0.0011151660000905395
90020,21,43,3,3,0.0017777910106815398,3.4374999813735485e-05,0.0008792920270934701,3.783300053328276e-05,0.002729291038122028,0.002603124943561852,0.00012616609456017613
90020,22,40,0,0,0.0018257909687235951,6.941700121387839e-05,0.001860083022620529,5.6374992709606886e-05,0.0038116659852676094,0.0032210000208579004,0.000590665964409709
90020,23,40,0,0,0.002001208020374179,4.479201743379235e-05,0.00060224998742342,3.8707978092134e-05,0.002686958003323525,0.0035983750130981207,-0.0009114170097745955
90020,24,40,2,2,0.0017643339815549552,3.425002796575427e-05,0.0009422500152140856,3.533298149704933e-05,0.0027761670062318444,0.0024543339968658984,0.00032183300936594605
90020,25,38,0,0,0.0016532090376131237,3.883300814777613e-05,0.0005559999844990671,4.0917017031461e-05,0.002288959047291428,0.0033945419709198177,-0.0011055829236283898
90020,26,38,0,0,0.0016110000433400273,3.416696563363075e-05,0.0005275830044411123,3.429199568927288e-05,0.0022070420091040432,0.002419459051452577,-0.00021241704234853387
90020,27,38,1,1,0.001663917035330087,3.833294613286853e-05,0.0013156250352039933,3.7833990063518286e-05,0.003055709006730467,0.003432457975577563,-0.00037674896884709597
90020,28,37,2,2,0.001721500011626631,5.974998930469155e-05,0.0019080000347457826,4.9124995712190866e-05,0.003738375031389296,0.0028000419843010604,0.0009383330470882356
90020,29,35,1,1,0.0016376249841414392,4.1207997128367424e-05,0.001030209008604288,5.941599374637008e-05,0.002768457983620465,0.003109582990873605,-0.0003411250072531402
90020,30,34,0,0,0.001663541013840586,3.887497587129474e-05,0.0014011250459589064,3.612495493143797e-05,0.003139665990602225,0.0030806250288151205,5.904096178710461e-05
90020,31,34,0,0,0.0015848749899305403,3.404199378564954e-05,0.0007142079994082451,3.645801916718483e-05,0.0023695830022916198,0.0025340839638374746,-0.0001645009615458548
90020,32,34,1,1,0.001557083975058049,3.183301305398345e-05,0.0005900830146856606,3.56250093318522e-05,0.002214625012129545,0.002357166027650237,-0.00014254101552069187
90020,33,33,1,1,0.0014864580007269979,3.154197474941611e-05,0.0012007500045001507,3.987504169344902e-05,0.0027586250216700137,0.002131416986230761,0.0006272080354392529
90020,34,32,0,0,0.0015170829719863832,3.754202043637633e-05,0.0012054580147378147,4.39169816672802e-05,0.0028039999888278544,0.0029351250268518925,-0.00013112503802403808
90020,35,32,0,0,0.0015358750242739916,3.2582960557192564e-05,0.0010294170351698995,3.424996975809336e-05,0.002632124989759177,0.002442500030156225,0.000189624959602952
90020,36,32,2,2,0.001541582983918488,3.2333016861230135e-05,0.0009462089510634542,3.812502836808562e-05,0.002558249980211258,0.0028241669642739,-0.00026591698406264186
90020,37,30,2,2,0.0014429169823415577,3.037502756342292e-05,0.0014532500063069165,3.4791999496519566e-05,0.0029613340157084167,0.0021314999903552234,0.0008298340253531933
90020,38,28,2,2,0.0013870829716324806,2.96669895760715e-05,0.0004931250005029142,3.445800393819809e-05,0.0019443329656496644,0.0021185409859754145,-0.0001742080203257501
90020,39,26,0,0,0.0013842079788446426,4.008301766589284e-05,0.0007974999607540667,3.78340482711792e-05,0.0022596250055357814,0.002161167038138956,9.845796739682555e-05
90020,40,26,0,0,0.0013452499988488853,3.054196713492274e-05,0.0004995830240659416,3.3584015909582376e-05,0.001908959005959332,0.0027666669921018183,-0.0008577079861424863
90020,41,26,2,2,0.001333541003987193,2.9959017410874367e-05,0.000924416002817452,3.666698466986418e-05,0.0023245830088853836,0.0021286249975673854,0.00019595801131799817
90020,42,24,0,0,0.0012948330258950591,3.1208968721330166e-05,0.0010437500313855708,0.00012795795919373631,0.0024977499851956964,0.0029715829878114164,-0.00047383300261572003
90020,43,24,2,2,0.0013958330382592976,3.229198046028614e-05,0.0005897079827263951,3.67090106010437e-05,0.0020545420120470226,0.0021605840302072465,-0.00010604201816022396
90020,44,22,2,2,0.0013173329643905163,3.08750313706696e-05,0.0007045419770292938,4.029198316857219e-05,0.002093041955959052,0.002182750031352043,-8.97080753929913e-05
90020,45,20,2,2,0.0012155830045230687,3.0125025659799576e-05,0.0006487499922513962,3.929197555407882e-05,0.0019337499979883432,0.00183479196857661,9.895802941173315e-05
90020,46,18,2,2,0.0012073329999111593,3.108294913545251e-05,0.0004982500104233623,3.404199378564954e-05,0.0017707079532556236,0.0019081669743172824,-0.00013745902106165886
90020,47,16,0,0,0.0011946670128963888,3.208301495760679e-05,0.0006370419869199395,3.454199759289622e-05,0.0018983340123668313,0.001871042011771351,2.7292000595480204e-05
90020,48,16,0,0,0.0011716250446625054,3.129197284579277e-05,0.0005294579896144569,3.225001273676753e-05,0.0017646250198595226,0.0027492500375956297,-0.0009846250177361071
90020,49,16,1,1,0.0013242500135675073,4.370900569483638e-05,0.0006287909927777946,4.499999340623617e-05,0.0020417500054463744,0.0028843749896623194,-0.000842624984215945
90020,50,15,1,1,0.0013183329720050097,4.93330298922956e-05,0.00074954197043553,3.74580267816782e-05,0.0021546659991145134,0.0022875419817864895,-0.0001328759826719761
90020,51,14,1,1,0.0011450840393081307,3.308296436443925e-05,0.001071375038009137,4.095799522474408e-05,0.002290500036906451,0.002178374968934804,0.00011212506797164679
90020,52,13,0,0,0.0010752500384114683,3.0750001315027475e-05,0.00046245899284258485,3.3415970392525196e-05,0.0016018750029616058,0.0016717499820515513,-6.987497908994555e-05
90020,53,13,0,0,0.0010602090042084455,2.941599814221263e-05,0.00046141701750457287,3.333296626806259e-05,0.0015843749861232936,0.0018917080014944077,-0.000307333015371114
90020,54,13,2,2,0.0010593750048428774,2.900004619732499e-05,0.0010943749803118408,0.00012041698209941387,0.002303167013451457,0.0025596670457161963,-0.0002565000322647393
90020,55,11,0,0,0.0011988329933956265,3.791699418798089e-05,0.0011410409933887422,3.574998117983341e-05,0.002413540962152183,0.0019125419785268605,0.0005009989836253226
90020,56,11,1,1,0.0011663750046864152,3.554200520738959e-05,0.0005585419712588191,3.566598752513528e-05,0.0017961249686777592,0.0017930419999174774,3.0829687602818012e-06
90020,57,10,2,2,0.0011384160025045276,4.833401180803776e-05,0.0013918749755248427,4.8874993808567524e-05,0.0026274999836459756,0.002323416993021965,0.00030408299062401056
90020,58,8,1,1,0.0010889999684877694,3.6165991332381964e-05,0.001223459024913609,4.0040991734713316e-05,0.0023886659764684737,0.002050084003712982,0.00033858197275549173
90020,59,7,0,0,0.0009907499770633876,3.300001844763756e-05,0.0008714579744264483,3.354198997840285e-05,0.0019287499599158764,0.0016092080040834844,0.000319541955832392
90020,60,7,1,1,0.0009856250253506005,3.195903263986111e-05,0.00045491597848013043,3.645900869742036e-05,0.0015089590451680124,0.0018716249614953995,-0.0003626659163273871
90020,61,6,2,2,0.0008976670214906335,2.9165996238589287e-05,0.0006470420048572123,3.4999975468963385e-05,0.0016088749980553985,0.0016386659699492157,-2.9790971893817186e-05
90020,62,4,0,0,0.0008573330123908818,2.983299782499671e-05,0.0010251670028083026,3.545801155269146e-05,0.0019477910245768726,0.0014069159515202045,0.000540875073056668
90020,63,4,0,0,0.0009067909559234977,3.6209006793797016e-05,0.0012624160153791308,0.00014983402797952294,0.0023552500060759485,0.0014373749727383256,0.0009178750333376229
90020,64,4,1,1,0.0008813330205157399,3.162497887387872e-05,0.000489333993755281,3.729102900251746e-05,0.001439583022147417,0.002885958005208522,-0.001446374983061105
90020,65,3,0,0,0.0008584580500610173,3.154197474941611e-05,0.0016533330199308693,3.324996214359999e-05,0.0025765830068849027,0.0014854580513201654,0.0010911249555647373
90020,66,3,0,0,0.0008407079731114209,3.0125025659799576e-05,0.0009648749837651849,3.612501313909888e-05,0.0018718329956755042,0.0020579579868353903,-0.00018612499115988612
90020,67,3,3,3,0.0008554579690098763,3.341701813042164e-05,0.0007055000169202685,3.766699228435755e-05,0.001632041996344924,0.0014027080032974482,0.00022933399304747581
90020,68,0,3,0,0.0008374999742954969,3.225001273676753e-05,0.0005087919998914003,3.545801155269146e-05,0.0014139999984763563,0.00140879099490121,5.209003575146198e-06
90020,69,0,3,0,0.0008222920005209744,3.1708041206002235e-05,0.001529583998490125,3.6207959055900574e-05,0.002419791999273002,0.0015356249641627073,0.0008841670351102948
90020,70,0,6,0,0.0008233749540522695,3.566703526303172e-05,0.0005032909684814513,3.645900869742036e-05,0.0013987919664941728,0.0014002500101923943,-1.458043698221445e-06
90020,71,0,6,0,0.0007743340102024376,2.9582995921373367e-05,0.0009962499607354403,3.370799822732806e-05,0.0018338749650865793,0.0013990839943289757,0.00043479097075760365
90020,72,0,6,0,0.0007915830356068909,3.070896491408348e-05,0.0009566660155542195,3.304198617115617e-05,0.00181200000224635,0.0013142499956302345,0.0004977500066161156
90020,73,0,7,0,0.0007862920174375176,2.983299782499671e-05,0.00045179197331890464,3.220804501324892e-05,0.001300125033594668,0.0013805420021526515,-8.041696855798364e-05
90020,74,0,7,0,0.0007696250104345381,3.229198046028614e-05,0.0009913750109262764,3.3791002351790667e-05,0.0018270830041728914,0.0022030420368537307,-0.0003759590326808393
90020,75,0,7,0,0.0007840420003049076,3.0082999728620052e-05,0.0021014580270275474,3.3791991882026196e-05,0.002949375018943101,0.0016220830148085952,0.001327292004134506
90020,76,0,7,0,0.0007940420182421803,3.104197094216943e-05,0.0005199160077609122,3.304198617115617e-05,0.0013780419831164181,0.0013306670007295907,4.737498238682747e-05
90020,77,0,8,0,0.0008014999912120402,3.287498839199543e-05,0.0007898330222815275,3.504200140014291e-05,0.001659250003285706,0.0014226670027710497,0.0002365830005146563
90020,78,0,8,0,0.0008198749856092036,3.141601337119937e-05,0.0010655000223778188,3.3374992199242115e-05,0.0019501660135574639,0.0020322080235928297,-8.204201003536582e-05
90021,0,3,10,0,0.0008556250249966979,3.0333001632243395e-05,0.0005757500184699893,3.374996595084667e-05,0.0014954580110497773,0.0017083340208046138,-0.00021287600975483656
90021,1,4,10,0,0.0008781249634921551,3.020802978426218e-05,0.0005095829837955534,3.3958989661186934e-05,0.0014518749667331576,0.0015695409965701401,-0.00011766602983698249
90021,2,6,10,0,0.0010370829841122031,3.600004129111767e-05,0.0006034999969415367,3.412499791011214e-05,0.0017107080202549696,0.0019923329818993807,-0.0002816249616444111
90021,3,8,10,0,0.0009649590356275439,2.9999995604157448e-05,0.0005183329922147095,3.287498839199543e-05,0.0015461670118384063,0.001575249945744872,-2.908293390646577e-05
90021,4,11,10,0,0.0010097089689224958,3.020802978426218e-05,0.0017152079963125288,3.4999975468963385e-05,0.0027901249704882503,0.001768499962054193,0.0010216250084340572
90021,5,16,10,4,0.0012757080257870257,3.604200901463628e-05,0.00139533297624439,3.587501123547554e-05,0.0027429580222815275,0.0031017920118756592,-0.0003588339895941317
90021,6,16,6,6,0.0012739580124616623,3.5208999179303646e-05,0.0007423330098390579,3.6457960959523916e-05,0.0020879579824395478,0.002022208005655557,6.574997678399086e-05
90021,7,15,0,0,0.0012107500224374235,3.612501313909888e-05,0.0012232079752720892,0.0001587080187164247,0.0026287910295650363,0.0018516249838285148,0.0007771660457365215
90021,8,16,0,0,0.001157082966528833,3.1292031053453684e-05,0.0005047500017099082,3.229099093005061e-05,0.0017254159902222455,0.002007666975259781,-0.00028225098503753543
90021,9,21,0,0,0.0013099999632686377,3.8583006244152784e-05,0.0006245829863473773,3.5750039387494326e-05,0.002008915995247662,0.00240154197672382,-0.0003926259814761579
90021,10,25,0,0,0.0014949580072425306,3.533298149704933e-05,0.0008498340030200779,3.4165976103395224e-05,0.002414290967863053,0.002107374952174723,0.00030691601568832994
90021,11,30,0,0,0.0016000000177882612,3.408297197893262e-05,0.0009502089815214276,3.50000336766243e-05,0.0026192920049652457,0.0023665829794481397,0.00025270902551710606
90021,12,35,0,0,0.001561500015668571,3.250001464039087e-05,0.0013795419945381582,3.183301305398345e-05,0.0030053750379011035,0.0024645000230520964,0.0005408750148490071
90021,13,39,1,1,0.0016582499956712127,3.2125040888786316e-05,0.0005531249917112291,3.345898585394025e-05,0.0022769590141251683,0.0027927919873036444,-0.0005158329731784761
90021,14,41,0,0,0.001789625035598874,3.1415955163538456e-05,0.0014549170155078173,3.504200140014291e-05,0.0033110000076703727,0.002428125008009374,0.0008828749996609986
90021,15,42,0,0,0.0018440830172039568,3.825000021606684e-05,0.0005797499907203019,3.5958015359938145e-05,0.0024980410235002637,0.002507500001229346,-9.458977729082108e-06
90021,16,46,1,1,0.0019974170136265457,3.462500171735883e-05,0.0008327499963343143,3.524997737258673e-05,0.0029000419890508056,0.002695084025617689,0.00020495796343311667
90021,17,46,2,2,0.001795249991118908,3.137503517791629e-05,0.0017426659469492733,3.495905548334122e-05,0.0036042500287294388,0.0026862499653361738,0.000918000063393265
90021,18,46,1,1,0.0017640829901210964,3.004202153533697e-05,0.0013919170014560223,3.549997927621007e-05,0.0032215419923886657,0.0025227079750038683,0.0006988340173847973
90021,19,45,0,0,0.0023393750307150185,3.145798109471798e-05,0.0013302919687703252,7.520802319049835e-05,0.00377633300377056,0.0037276250077411532,4.8707996029406786e-05
90021,20,45,3,3,0.0018831670167855918,3.316695801913738e-05,0.0005628330400213599,3.474997356534004e-05,0.002513916988391429,0.002950625028461218,-0.0004367080400697887
90021,21,42,2,2,0.001784791995305568,3.254105104133487e-05,0.0006904999609105289,3.450002986937761e-05,0.0025423330371268094,0.002626375004183501,-8.404196705669165e-05
90021,22,40,1,1,0.001690374978352338,3.270799061283469e-05,0.0009319580276496708,3.504200140014291e-05,0.0026900829980149865,0.003282374993432313,-0.0005922919954173267
90021,23,39,0,0,0.0016839170129969716,4.541600355878472e-05,0.0005942090065218508,3.466597991064191e-05,0.002358208002988249,0.0034591659787110984,-0.0011009579757228494
90021,24,39,0,0,0.0016698749968782067,3.366702003404498e-05,0.0011270000250078738,3.6207959055900574e-05,0.002866750000976026,0.0032981670228764415,-0.0004314170219004154
90021,25,39,0,0,0.001720125030260533,3.808399196714163e-05,0.0010147910215891898,4.39999857917428e-05,0.0028170000296086073,0.003505875007249415,-0.0006888749776408076
90021,26,39,0,0,0.0016603750409558415,3.2791984267532825e-05,0.0012462909799069166,3.5959004890173674e-05,0.0029754170100204647,0.0024574999697506428,0.0005179170402698219
90021,27,39,0,0,0.0016514589660800993,3.116601146757603e-05,0.0011157920234836638,3.9000005926936865e-05,0.002837417006958276,0.002461666997987777,0.00037575000897049904
90021,28,39,0,0,0.0016494590090587735,3.1832954846322536e-05,0.0014378750347532332,3.5999983083456755e-05,0.003155166981741786,0.0034275000216439366,-0.00027233303990215063
90021,29,39,1,1,0.0016549589927308261,3.9375037886202335e-05,0.00153179100016132,3.524997737258673e-05,0.003261375008150935,0.0030482079600915313,0.0002131670480594039
90021,30,38,2,2,0.0017424580291844904,4.9499969463795424e-05,0.001010917010717094,5.3875031881034374e-05,0.002856750041246414,0.004618917009793222,-0.0017621669685468078
90021,31,36,2,2,0.001653083018027246,3.283302066847682e-05,0.0009401249699294567,3.625004319474101e-05,0.0026622910518199205,0.002910875016823411,-0.00024858396500349045
90021,32,34,3,3,0.0015323749976232648,3.1584000680595636e-05,0.0006391659844666719,3.5208999179303646e-05,0.002238333981949836,0.002222082985099405,1.6250996850430965e-05
90021,33,31,1,1,0.0015098750009201467,3.1790987122803926e-05,0.0009905840270221233,3.679096698760986e-05,0.002569040982052684,0.0021366659784689546,0.00043237500358372927
90021,34,30,1,1,0.0016086249961517751,3.63329891115427e-05,0.001197334029711783,3.729097079485655e-05,0.0028795829857699573,0.0021917909616604447,0.0006877920241095126
90021,35,29,0,0,0.0015718340291641653,3.4624943509697914e-05,0.001079708046745509,3.6999990697950125e-05,0.002723167010117322,0.0029211670043878257,-0.00019799999427050352
90021,36,29,0,0,0.0014692919794470072,3.262498648837209e-05,0.0005555410170927644,3.654201282188296e-05,0.0020939999958500266,0.002297750033903867,-0.0002037500380538404
90021,37,29,0,0,0.0014788340195082128,3.445800393819809e-05,0.001149957999587059,3.51249473169446e-05,0.0026983749703504145,0.0020796669996343553,0.0006187079707160592
90021,38,29,0,0,0.0014587919577024877,3.0082999728620052e-05,0.0006066670175641775,3.3374992199242115e-05,0.0021289169671945274,0.0021183339995332062,1.0582967661321163e-05
90021,39,29,0,0,0.0014070420293137431,3.187498077750206e-05,0.0008394169854000211,4.8083020374178886e-05,0.002326417015865445,0.00282566697569564,-0.0004992499598301947
90021,40,29,0,0,0.001434125006198883,5.749997217208147e-05,0.0005234580021351576,3.7999998312443495e-05,0.0020530829788185656,0.0021483750315383077,-9.529205271974206e-05
90021,41,29,0,0,0.0015003340085968375,3.899994771927595e-05,0.0010950830182991922,3.4917029552161694e-05,0.0026693340041674674,0.002145750040654093,0.0005235839635133743
90021,42,29,1,1,0.0014066249714232981,3.1708041206002235e-05,0.0015294589684344828,3.779103280976415e-05,0.0030055830138735473,0.0022306659957394004,0.0007749170181341469
90021,43,28,3,3,0.00147312501212582,3.183400258421898e-05,0.0008656660211272538,3.579194890335202e-05,0.0024064169847406447,0.0027563340263441205,-0.0003499170416034758
90021,44,25,1,1,0.0014206250198185444,4.620797699317336e-05,0.0011690420215018094,4.229199839755893e-05,0.002678167016711086,0.0029421669896692038,-0.0002639999729581177
90021,45,24,4,4,0.001482166990172118,4.133296897634864e-05,0.001844958052970469,4.641700070351362e-05,0.003414875012822449,0.0023646249901503325,0.0010502500226721168
90021,46,20,0,0,0.001217292039655149,3.166700480505824e-05,0.0006075410055927932,4.437495954334736e-05,0.0019008750095963478,0.0029144170111976564,-0.0010135420016013086
90021,47,20,0,0,0.0013003330095671117,5.908298771828413e-05,0.0014928340096957982,4.1040999349206686e-05,0.0028932910063304007,0.0026860409998334944,0.00020725000649690628
90021,48,20,0,0,0.0012909999932162464,3.241602098569274e-05,0.0010089999996125698,3.362499410286546e-05,0.0023660410079173744,0.0020372080034576356,0.00032883300445973873
90021,49,20,1,1,0.0013524580281227827,3.737496444955468e-05,0.0016073340084403753,3.416603431105614e-05,0.003031333035323769,0.0025195000343956053,0.0005118330009281635
90021,50,19,0,0,0.0012605420197360218,4.074996104463935e-05,0.0009435830288566649,5.008297739550471e-05,0.0022949579870328307,0.002610500028822571,-0.0003155420417897403
90021,51,19,0,0,0.0013038749457336962,3.487500362098217e-05,0.0011510420008562505,3.833300434052944e-05,0.0025281249545514584,0.0020615830435417593,0.0004665419110096991
90021,52,19,1,1,0.001207791967317462,3.2167008612304926e-05,0.0006839159759692848,3.5167031455785036e-05,0.0019590419833548367,0.0017911660252138972,0.00016787595814093947
90021,53,18,1,1,0.0012462089653126895,3.2790994737297297e-05,0.0012004590244032443,0.00012991600669920444,0.0026093749911524355,0.0018523749895393848,0.0007570000016130507
90021,54,17,2,2,0.0018563329940661788,3.754202043637633e-05,0.0008739999611862004,3.733299672603607e-05,0.0028052079724147916,0.002569040982052684,0.00023616699036210775
90021,55,15,2,2,0.0010973329772241414,2.9709015507251024e-05,0.0006180829950608313,3.391696373000741e-05,0.001779041951522231,0.001717915991321206,6.112596020102501e-05
90021,56,13,1,1,0.0010541670490056276,2.9540969990193844e-05,0.00048229197273030877,3.2750016544014215e-05,0.0015987500082701445,0.0026096670189872384,-0.001010917010717094
90021,57,12,1,1,0.0011041249963454902,3.579194890335202e-05,0.0005563750164583325,3.529200330376625e-05,0.001731583965010941,0.0018995419959537685,-0.00016795803094282746
90021,58,11,2,2,0.0010585830314084888,3.1374976970255375e-05,0.001126374991144985,3.554200520738959e-05,0.0022518750047311187,0.001670749974437058,0.0005811250302940607
90021,59,9,1,1,0.0010096660116687417,3.0208961106836796e-05,0.000464041018858552,3.245897823944688e-05,0.0015363749698735774,0.0016474999720230699,-0.0001111250021494925
90021,60,8,1,1,0.0009667499689385295,4.0790997445583344e-05,0.0005580420256592333,3.6624958738684654e-05,0.0016022079507820308,0.0016755840042605996,-7.337605347856879e-05
90021,61,7,1,1,0.0010233329958282411,3.4582975786179304e-05,0.0009162920177914202,3.612501313909888e-05,0.0020103330025449395,0.0018212090362794697,0.0001891239662654698
90021,62,6,1,1,0.0009292920003645122,3.666698466986418e-05,0.000493332976475358,3.720802487805486e-05,0.0014964999863877892,0.0018771670293062925,-0.0003806670429185033
90021,63,5,5,5,0.0009652920416556299,3.491697134450078e-05,0.0011798330233432353,3.891700180247426e-05,0.00221895903814584,0.0015840840060263872,0.000634875032119453
90021,64,0,0,0,0.0007817089790478349,3.262498648837209e-05,0.0004795830463990569,3.433297388255596e-05,0.0013282499858178198,0.002015667036175728,-0.000687417050357908
90021,65,0,1,0,0.0024036660324782133,0.00015991699183359742,0.001122416986618191,3.612501313909888e-05,0.0037221250240691006,0.0021077909623272717,0.001614334061741829
90021,66,0,1,0,0.0008293749997392297,3.412499791011214e-05,0.001739958010148257,3.529200330376625e-05,0.002638750011101365,0.001972166995983571,0.0006665830151177943
90021,67,0,3,0,0.0008487079758197069,3.3167016226798296e-05,0.0010198749951086938,3.5582983400672674e-05,0.0019373329705558717,0.0014320409973151982,0.0005052919732406735
90021,68,0,6,0,0.0008560419664718211,3.370799822732806e-05,0.001043541997205466,3.645801916718483e-05,0.0019697499810718,0.0014386660186573863,0.0005310839624144137
90021,69,0,8,0,0.0008270409889519215,3.470899537205696e-05,0.0012146250228397548,3.583298530429602e-05,0.0021122079924680293,0.002103749953676015,8.458038792014122e-06
90022,0,0,10,0,0.0008054580539464951,4.5874970965087414e-05,0.000583500019274652,3.549997927621007e-05,0.0014703330234624445,0.0014772919821552932,-6.958958692848682e-06
90022,1,2,10,0,0.0008282079943455756,3.250001464039087e-05,0.0005002919933758676,3.466597991064191e-05,0.001395665982272476,0.0016322089941240847,-0.00023654301185160875
90022,2,6,10,0,0.00102433399297297,3.56250093318522e-05,0.001721083011943847,3.5582983400672674e-05,0.002816624997649342,0.002271000004839152,0.0005456249928101897
90022,3,11,10,0,0.0010372090036980808,4.254101077094674e-05,0.0017809169949032366,5.441700341179967e-05,0.002915084012784064,0.002725917031057179,0.00018916698172688484
90022,4,11,10,0,0.0010427079978398979,3.154197474941611e-05,0.0009476660052314401,4.020897904410958e-05,0.0020621249568648636,0.0017249580123461783,0.00033716694451868534
90022,5,14,10,0,0.001118833024520427,3.1333998776972294e-05,0.0010830409592017531,3.945903154090047e-05,0.002272667014040053,0.0018582090269774199,0.00041445798706263304
90022,6,18,10,8,0.001307707978412509,4.0375045500695705e-05,0.0006441669538617134,4.891603020951152e-05,0.0020411660079844296,0.0029649590142071247,-0.0009237930062226951
90022,7,11,2,2,0.001032999949529767,3.091699909418821e-05,0.001014583045616746,0.00014724995708093047,0.0022257499513216317,0.0017346669919788837,0.0004910829593427479
90022,8,11,0,0,0.0011142920120619237,4.791701212525368e-05,0.0005383749958127737,3.483297768980265e-05,0.0017354169976897538,0.0028748339973390102,-0.0011394169996492565
90022,9,14,0,0,0.0010897080064751208,3.308401210233569e-05,0.0005401659873314202,4.133401671424508e-05,0.0017042920226231217,0.0027054170495830476,-0.0010011250269599259
90022,10,17,0,0,0.0011388749699108303,3.0166993383318186e-05,0.0008868330041877925,3.300001844763756e-05,0.0020888749859295785,0.002326291985809803,-0.00023741699988022447
90022,11,20,0,0,0.0012036669650115073,2.879102248698473e-05,0.0005698339664377272,3.258301876485348e-05,0.0018348749727010727,0.0017714999848976731,6.337498780339956e-05
90022,12,28,0,0,0.0014247910003177822,3.270898014307022e-05,0.0009661250514909625,3.4999975468963385e-05,0.0024586250074207783,0.002070042013656348,0.0003885829937644303
90022,13,31,0,0,0.0015282909735105932,4.320900188758969e-05,0.0006569999968633056,3.687501884996891e-05,0.0022653749911114573,0.0035973750054836273,-0.00133200001437217
90022,14,35,2,2,0.001558666001074016,3.1750008929520845e-05,0.0008325839880853891,3.408297197893262e-05,0.0024570829700678587,0.0022272089845500886,0.00022987398551777005
90022,15,40,3,3,0.0016505000530742109,3.0790979508310556e-05,0.0008077090024016798,3.3999967854470015e-05,0.002523000002838671,0.0022936249733902514,0.0002293750294484198
90022,16,38,1,1,0.001779375015757978,3.62499849870801e-05,0.0015138330054469407,3.5457953345030546e-05,0.0033649159595370293,0.00333258300088346,3.233295865356922e-05
90022,17,42,3,3,0.0017031659954227507,3.0750001315027475e-05,0.0006319169769994915,3.358302637934685e-05,0.0023994160001166165,0.0029583749710582197,-0.0005589589709416032
90022,18,41,0,0,0.0017616659752093256,5.816703196614981e-05,0.0006481669843196869,5.8125006034970284e-05,0.0025261249975301325,0.0025409579975530505,-1.4833000022917986e-05
90022,19,41,0,0,0.0018529999651946127,3.4791999496519566e-05,0.0014590000500902534,4.4874963350594044e-05,0.0033916669781319797,0.002847417024895549,0.0005442499532364309
90022,20,41,0,0,0.0016835409915074706,3.441702574491501e-05,0.0012685419642366469,3.825000021606684e-05,0.0030247499817050993,0.002644707972649485,0.00038004200905561447
90022,21,41,0,0,0.0016862500342540443,3.187498077750206e-05,0.0016370409866794944,4.0584011003375053e-05,0.003395750012714416,0.0025137910270132124,0.0008819589857012033
90022,22,41,0,0,0.0017388329724781215,3.454199759289622e-05,0.000601958017796278,3.445899346843362e-05,0.0024097919813357294,0.0023968750028871,1.291697844862938e-05
90022,23,41,1,1,0.0017045830027200282,3.329198807477951e-05,0.001169125025626272,3.612501313909888e-05,0.0029431250295601785,0.003261125006247312,-0.0003179999766871333
90022,24,40,2,2,0.002576707978732884,4.8833026085048914e-05,0.0012307919678278267,4.0041981264948845e-05,0.0038963749539107084,0.004082667001057416,-0.00018629204714670777
90022,25,38,2,2,0.0016029590042307973,6.408302579075098e-05,0.0009326669969595969,4.341598832979798e-05,0.002643125015310943,0.0024809170281514525,0.00016220798715949059
90022,26,36,1,1,0.0017059590318240225,4.050001734867692e-05,0.0013201659894548357,3.504200140014291e-05,0.003101667040027678,0.002896666992455721,0.0002050000475719571
90022,27,35,1,1,0.0016249589971266687,3.204104723408818e-05,0.001916249981150031,3.991700941696763e-05,0.0036131670349277556,0.0022431249963119626,0.001370042038615793
90022,28,34,2,2,0.001595166977494955,4.745804471895099e-05,0.0006152499699965119,4.066701512783766e-05,0.0022985420073382556,0.0037490829708985984,-0.0014505409635603428
90022,29,32,1,1,0.0014852909953333437,3.145897062495351e-05,0.0011438330402597785,0.00016566697740927339,0.002826249983627349,0.0020769580150954425,0.0007492919685319066
90022,30,31,0,0,0.001520291029009968,3.21249826811254e-05,0.0005461249966174364,3.404199378564954e-05,0.0021325830020941794,0.0026594999944791198,-0.0005269169923849404
90022,31,31,0,0,0.0015016670222394168,3.374996595084667e-05,0.0010040000197477639,3.9207981899380684e-05,0.002578624989837408,0.0027355420170351863,-0.00015691702719777822
90022,32,31,0,0,0.0015263339737430215,3.3374992199242115e-05,0.0008063330315053463,4.229199839755893e-05,0.002408333995845169,0.0036949999630451202,-0.0012866659671999514
90022,33,31,1,1,0.00151087500853464,3.220798680558801e-05,0.0008920000400394201,3.55839729309082e-05,0.0024706670083105564,0.0021371669718064368,0.00033350003650411963
90022,34,30,0,0,0.001481209008488804,3.108300734311342e-05,0.0016807079664431512,0.000132500019390136,0.0033255000016652048,0.0025761249708011746,0.0007493750308640301
90022,35,30,1,1,0.0014519579708576202,3.0166993383318186e-05,0.0011442920076660812,3.4958007745444775e-05,0.0026613749796524644,0.002236667030956596,0.00042470794869586825
90022,36,29,3,3,0.0015012079966254532,3.8959027733653784e-05,0.0013443329953588545,4.1000021155923605e-05,0.002925500040873885,0.002823290997184813,0.00010220904368907213
90022,37,26,1,1,0.0014529579784721136,3.429199568927288e-05,0.0013993330067023635,0.0001562500256113708,0.0030428330064751208,0.0030255840392783284,1.7248967196792364e-05
90022,38,25,1,1,0.0013810420059598982,4.658300895243883e-05,0.0015669590211473405,4.1665975004434586e-05,0.003036250011064112,0.002466042002197355,0.0005702080088667572
90022,39,24,3,3,0.0013381249736994505,4.070799332112074e-05,0.0016846670187078416,3.7999998312443495e-05,0.0031014999840408564,0.0023619160056114197,0.0007395839784294367
90022,40,21,0,0,0.0012499589938670397,3.070797538384795e-05,0.0009412079816684127,3.4791999496519566e-05,0.00225666695041582,0.0019500000053085387,0.0003066669451072812
90022,41,21,0,0,0.0012420830316841602,3.0333001632243395e-05,0.0017093339702114463,5.9999991208314896e-05,0.003041749994736165,0.0024067919584922493,0.0006349580362439156
90022,42,21,0,0,0.0013023330247960985,3.7999998312443495e-05,0.0009577919845469296,3.4917029552161694e-05,0.0023330420372076333,0.0024405840085819364,-0.0001075419713743031
90022,43,21,1,1,0.0012702919775620103,3.0458031687885523e-05,0.0011392079759389162,3.5959004890173674e-05,0.0024759169900789857,0.002466041943989694,9.875046089291573e-06
90022,44,20,2,2,0.0012710829614661634,4.320900188758969e-05,0.0021541659953072667,5.291705019772053e-05,0.0035213750088587403,0.0020278330193832517,0.0014935419894754887
90022,45,18,3,3,0.0011749169789254665,3.058300353586674e-05,0.0005657500005327165,4.837499000132084e-05,0.0018196249729953706,0.002865958958864212,-0.0010463339858688414
90022,46,15,0,0,0.001129333977587521,3.262498648837209e-05,0.0008043750422075391,3.749999450519681e-05,0.002003834000788629,0.0023534580250270665,-0.0003496240242384374
90022,47,15,1,1,0.0011412500170990825,3.2540992833673954e-05,0.0004793750122189522,3.570894477888942e-05,0.001688874966930598,0.0028197080246172845,-0.0011308330576866865
90022,48,14,1,1,0.0011101249838247895,3.145798109471798e-05,0.0005872499896213412,3.700004890561104e-05,0.0017658330034464598,0.0022185000125318766,-0.0004526670090854168
90022,49,13,0,0,0.0011359580093994737,3.2791984267532825e-05,0.000727540988009423,3.487500362098217e-05,0.0019311659852974117,0.0021299999789334834,-0.00019883399363607168
90022,50,13,2,2,0.0011282089981250465,3.137503517791629e-05,0.0004844159702770412,3.487500362098217e-05,0.0016788750072009861,0.002007249975576997,-0.00032837496837601066
90022,51,11,1,1,0.0010463329963386059,4.366703797131777e-05,0.0005122909788042307,3.5959004890173674e-05,0.001638250018004328,0.001861166034359485,-0.0002229160163551569
90022,52,10,0,0,0.0010456659947521985,3.508402733132243e-05,0.0005763749941252172,3.433297388255596e-05,0.001691457990091294,0.0023194169625639915,-0.0006279589724726975
90022,53,10,2,2,0.0010455409646965563,3.312499029561877e-05,0.0005499999970197678,3.6375015042722225e-05,0.001665040967054665,0.0016811249661259353,-1.6083999071270227e-05
90022,54,8,0,0,0.0009799579856917262,3.0792027246207e-05,0.001432000019121915,3.424996975809336e-05,0.0024770000018179417,0.002010874974075705,0.00046612502774223685
90022,55,8,1,1,0.0009931250242516398,3.56250093318522e-05,0.002092457958497107,3.2957992516458035e-05,0.003154165984597057,0.0020139169646427035,0.0011402490199543536
90022,56,7,3,3,0.0009423749870620668,3.100000321865082e-05,0.0004567920113913715,3.483297768980265e-05,0.0014649999793618917,0.001501374994404614,-3.6375015042722225e-05
90022,57,4,1,1,0.0008735000155866146,3.066699719056487e-05,0.0013284580199979246,0.0001301249722018838,0.002362750004976988,0.0018425419693812728,0.000520208035595715
90022,58,3,0,0,0.000868000031914562,3.091699909418821e-05,0.0005157080013304949,3.308296436443925e-05,0.0014477079967036843,0.002087750006467104,-0.0006400420097634196
90022,59,3,1,1,0.0008598749991506338,3.1333009246736765e-05,0.0012949579977430403,0.00015400000847876072,0.0023401660146191716,0.001990000018849969,0.0003501659957692027
90022,60,2,0,0,0.0008796660113148391,3.508396912366152e-05,0.0004920830251649022,3.56250093318522e-05,0.001442458014935255,0.001478999969549477,-3.654195461422205e-05
90022,61,2,2,2,0.0008298330358229578,3.0333991162478924e-05,0.00047799997264519334,3.4541008062660694e-05,0.0013727080076932907,0.0014024169649928808,-2.970895729959011e-05
90022,62,0,2,0,0.0009986250079236925,3.3958000130951405e-05,0.0006172499852254987,3.520800964906812e-05,0.0016850410029292107,0.002184709010180086,-0.0004996680072508752
90022,63,0,4,0,0.0008126660250127316,3.2999960239976645e-05,0.0005788340349681675,3.524997737258673e-05,0.0014597499975934625,0.002731958986259997,-0.0012722089886665344
90022,64,0,6,0,0.0007974589825607836,3.0416005756706e-05,0.0022743339650332928,3.420800203457475e-05,0.003136416955385357,0.0013532500015571713,0.0017831669538281858
90022,65,0,7,0,0.0007987080025486648,3.129197284579277e-05,0.00046800001291558146,3.2791984267532825e-05,0.0013307919725775719,0.0022639589733444154,-0.0009331670007668436
90022,66,0,8,0,0.0007999169756658375,3.079103771597147e-05,0.0004659169935621321,3.3791991882026196e-05,0.0013304169988259673,0.0017710410174913704,-0.00044062401866540313
90022,67,0,8,0,0.0008074580109678209,3.183301305398345e-05,0.0009703339892439544,3.3374992199242115e-05,0.0018430000054650009,0.0014070829492993653,0.0004359170561656356
90022,68,0,8,0,0.000785500044003129,3.145897062495351e-05,0.0005024580168537796,3.21249826811254e-05,0.0013515420141629875,0.0014879999798722565,-0.00013645796570926905
90022,69,0,9,0,0.0007899170159362257,2.9875023756176233e-05,0.000466583005618304,3.358395770192146e-05,0.0013199590030126274,0.0013365829945541918,-1.6623991541564465e-05
90022,70,0,9,0,0.0007856250158511102,2.9624963644891977e-05,0.00047620799159631133,3.2542040571570396e-05,0.001324000011663884,0.0013532920274883509,-2.9292015824466944e-05
90023,0,0,10,0,0.0007964170072227716,3.020802978426218e-05,0.00046654196921736,3.2750016544014215e-05,0.001325917022768408,0.001398916996549815,-7.299997378140688e-05
90023,1,1,10,0,0.0007960830116644502,3.0750001315027475e-05,0.0004570419550873339,3.200001083314419e-05,0.0013158749788999557,0.0022624999983236194,-0.0009466250194236636
90023,2,5,10,0,0.00087629200424999,2.841599052771926e-05,0.0005415840423665941,3.333296626806259e-05,0.001479625003412366,0.0018122500041499734,-0.0003326250007376075
90023,3,8,10,0,0.000959541997872293,3.200001083314419e-05,0.0012692909804172814,3.354198997840285e-05,0.0022943749791011214,0.0031770829809829593,-0.0008827080018818378
90023,4,13,10,1,0.0010650840122252703,2.9458024073392153e-05,0.0007344579789787531,3.2917014323174953e-05,0.0018619170296005905,0.0023581659770570695,-0.0004962489474564791
90023,5,14,9,9,0.001190165989100933,9.824999142438173e-05,0.0011595000396482646,6.991700502112508e-05,0.0025178330251947045,0.0017865420086309314,0.0007312910165637732
90023,6,9,0,0,0.0010267909965477884,3.100000321865082e-05,0.0005782090011052787,3.420800203457475e-05,0.0016702080029062927,0.0016309579950757325,3.925000783056021e-05
90023,7,13,0,0,0.0010803750483319163,3.149994881823659e-05,0.0005274169961921871,3.429100615903735e-05,0.0016735829995013773,0.0023883330286480486,-0.0007147500291466713
90023,8,19,0,0,0.0012652080040425062,4.191702464595437e-05,0.0006098329904489219,3.954203566536307e-05,0.0019565000548027456,0.002634708012919873,-0.0006782079581171274
90023,9,24,0,0,0.0013056250172667205,3.1333009246736765e-05,0.0020152090000919998,0.00013641599798575044,0.0034885830245912075,0.0025769590283744037,0.0009116239962168038
90023,10,27,0,0,0.001421125023625791,3.620801726356149e-05,0.0017579169943928719,0.00013604096602648497,0.0033512910013087094,0.002371625043451786,0.0009796659578569233
90023,11,34,0,0,0.001557125011458993,3.116601146757603e-05,0.0009115840075537562,3.5040953662246466e-05,0.0025349159841425717,0.002292458026204258,0.00024245795793831348
90023,12,37,0,0,0.001685708004515618,5.4875039495527744e-05,0.0015124169876798987,4.795799031853676e-05,0.0033009580220095813,0.0023952500196173787,0.0009057080023922026
90023,13,39,0,0,0.0017210420337505639,3.2790994737297297e-05,0.0016934169689193368,4.02920413762331e-05,0.003487542038783431,0.00246712495572865,0.001020417083054781
90023,14,40,0,0,0.0016875839792191982,3.166601527482271e-05,0.0005364589742384851,3.462500171735883e-05,0.002290333970449865,0.002914792043156922,-0.000624458072707057
90023,15,44,1,1,0.0018070000223815441,3.470800584182143e-05,0.0009405839955434203,4.0249957237392664e-05,0.0028225419810041785,0.0028930839616805315,-7.054198067635298e-05
90023,16,47,2,2,0.0018591669504530728,3.1291041523218155e-05,0.001369291974697262,3.554200520738959e-05,0.0032952919718809426,0.0025024579954333603,0.0007928339764475822
90023,17,47,1,1,0.001853541994933039,3.083300543949008e-05,0.000873332959599793,3.304204437881708e-05,0.002790750004351139,0.0030874580261297524,-0.00029670802177861333
90023,18,46,0,0,0.0018073749961331487,3.083300543949008e-05,0.0012451669899746776,3.2750016544014215e-05,0.0031161250080913305,0.002506874967366457,0.0006092500407248735
90023,19,46,3,3,0.0018610840197652578,3.116601146757603e-05,0.000534249993506819,3.429199568927288e-05,0.0024607920204289258,0.002509541984181851,-4.8749963752925396e-05
90023,20,43,1,1,0.0017577499966137111,3.2167008612304926e-05,0.0009352079941891134,3.8458965718746185e-05,0.0027635839651338756,0.002511457947548479,0.00025212601758539677
90023,21,42,1,1,0.001708500029053539,3.0082999728620052e-05,0.0008478749659843743,3.366702003404498e-05,0.0026201250148005784,0.002356374985538423,0.0002637500292621553
90023,22,41,1,1,0.001717416977044195,3.600004129111767e-05,0.0013148330035619438,3.466696944087744e-05,0.003102916991338134,0.002667666005436331,0.0004352509859018028
90023,23,40,0,0,0.001662084017880261,2.9875023756176233e-05,0.0009178330074064434,5.512498319149017e-05,0.0026649170322343707,0.002953791990876198,-0.0002888749586418271
90023,24,40,0,0,0.001722124987281859,3.045896301046014e-05,0.0009898330317810178,3.412499791011214e-05,0.002776541979983449,0.0027767089777626097,-1.66997779160738e-07
90023,25,40,1,1,0.0017042499966919422,3.4374999813735485e-05,0.0005740419728681445,3.729102900251746e-05,0.0023499579983763397,0.0025051249540410936,-0.00015516695566475391
90023,26,39,0,0,0.0016594170010648668,2.9916001949459314e-05,0.0005741670029237866,3.445800393819809e-05,0.002297958009876311,0.0025634170160628855,-0.0002654590061865747
90023,27,39,0,0,0.0017580410349182785,5.82499778829515e-05,0.0013960839714854956,3.791600465774536e-05,0.003250290988944471,0.0024078330025076866,0.0008424579864367843
90023,28,39,0,0,0.0017170410137623549,3.445899346843362e-05,0.0018477910198271275,3.4791999496519566e-05,0.0036340830265544355,0.0032094999914988875,0.00042458303505554795
90023,29,39,0,0,0.0017469580052420497,3.487494541332126e-05,0.0015669999993406236,3.4374999813735485e-05,0.00338320794980973,0.0024269589921459556,0.0009562489576637745
90023,30,39,1,1,0.0017058330122381449,3.2167008612304926e-05,0.0007023329962976277,3.62499849870801e-05,0.0024765830021351576,0.0023037499631755054,0.00017283303895965219
90023,31,38,2,2,0.0017002500244416296,3.4582975786179304e-05,0.0013762500020675361,3.6917044781148434e-05,0.0031480000470764935,0.0023894589976407588,0.0007585410494357347
90023,32,36,1,1,0.001671916979830712,3.3958000130951405e-05,0.0008662500185891986,3.512500552460551e-05,0.0026072500040754676,0.0022736660321243107,0.00033358397195115685
90023,33,35,2,2,0.0015989579842425883,3.270799061283469e-05,0.001469917013309896,3.550003748387098e-05,0.00313708302564919,0.002553375030402094,0.0005837079952470958
90023,34,33,0,0,0.0016098340274766088,3.174995072185993e-05,0.0020801660139113665,3.4374999813735485e-05,0.0037561249919235706,0.002241874986793846,0.0015142500051297247
90023,35,33,3,3,0.0015768749872222543,3.3374992199242115e-05,0.0005243340274319053,3.787496825680137e-05,0.002172458975110203,0.003650916973128915,-0.0014784579980187118
90023,36,30,0,0,0.0015399170224554837,3.187498077750206e-05,0.0010497079929336905,3.462500171735883e-05,0.002656124997884035,0.0021865000016987324,0.00046962499618530273
90023,37,30,0,0,0.0014999170089140534,3.4999975468963385e-05,0.0005159580032341182,3.466702764853835e-05,0.0020855420152656734,0.002473916974849999,-0.00038837495958432555
90023,38,30,0,0,0.001426875009201467,2.8749986086040735e-05,0.0005233340198174119,3.270799061283469e-05,0.0020116670057177544,0.002015291014686227,-3.6240089684724808e-06
90023,39,30,0,0,0.0014143749722279608,2.8582988306879997e-05,0.0005170000367797911,3.170897252857685e-05,0.001991666969843209,0.0022444999776780605,-0.00025283300783485174
90023,40,30,1,1,0.0014185419422574341,2.816604683175683e-05,0.0006237499765120447,3.20419785566628e-05,0.0021024999441578984,0.0020488750305958092,5.3624913562089205e-05
90023,41,29,0,0,0.0014751669950783253,3.549997927621007e-05,0.0018360000103712082,0.00015362497651949525,0.0035002919612452388,0.0028379170107655227,0.0006623749504797161
90023,42,29,0,0,0.0014759159530512989,3.220903454348445e-05,0.0007017909665592015,3.6209006793797016e-05,0.002246124960947782,0.0026286669890396297,-0.0003825420280918479
90023,43,29,1,1,0.001503292005509138,3.783300053328276e-05,0.0005468750023283064,3.69579647667706e-05,0.002124957973137498,0.0037877080030739307,-0.0016627500299364328
90023,44,28,2,2,0.0014125839807093143,3.0750001315027475e-05,0.000546499970369041,3.6541023291647434e-05,0.0020263749756850302,0.0033176669967360795,-0.0012912920210510492
90023,45,26,1,1,0.0014346250100061297,3.462500171735883e-05,0.0005478340317495167,3.470794763416052e-05,0.002051791991107166,0.0026809999835677445,-0.0006292079924605787
90023,46,25,2,2,0.0013245419831946492,2.9250048100948334e-05,0.000713749963324517,3.341701813042164e-05,0.002100959012750536,0.002004082954954356,9.687605779618025e-05
90023,47,23,3,3,0.0013146250275895,5.2499992307275534e-05,0.0019313340308144689,5.299999611452222e-05,0.0033514590468257666,0.0027615409926511347,0.0005899180541746318
90023,48,20,0,0,0.0012617079773917794,3.300001844763756e-05,0.0005368340061977506,3.408297197893262e-05,0.0018656249740161002,0.0026906250277534127,-0.0008250000537373126
90023,49,20,0,0,0.001266084029339254,3.1374976970255375e-05,0.0004955410258844495,3.329198807477951e-05,0.0018262920202687383,0.0027070000069215894,-0.0008807079866528511
90023,50,20,0,0,0.0012526249629445374,3.0499999411404133e-05,0.0005051670013926923,3.370799822732806e-05,0.001821999961975962,0.0022676249500364065,-0.0004456249880604446
90023,51,20,0,0,0.001295749971177429,3.350002225488424e-05,0.0010090419673360884,3.370799822732806e-05,0.0023719999589957297,0.0019000000320374966,0.0004719999269582331
90023,52,20,0,0,0.0012615830055437982,3.870902583003044e-05,0.0005886249709874392,3.429100615903735e-05,0.0019232080085203052,0.002045875007752329,-0.00012266699923202395
90023,53,20,1,1,0.0012055829865857959,3.120902692899108e-05,0.0014617909910157323,4.066701512783766e-05,0.002739250019658357,0.0020157499820925295,0.0007235000375658274
90023,54,19,1,1,0.0020086659933440387,3.491697134450078e-05,0.0008407499990426004,3.762502456083894e-05,0.002921957988291979,0.002735040965490043,0.00018691702280193567
90023,55,18,1,1,0.001215792028233409,3.2540992833673954e-05,0.0013306249747984111,4.633399657905102e-05,0.002625291992444545,0.002421958022750914,0.00020333396969363093
90023,56,17,3,3,0.001179249957203865,3.145803930237889e-05,0.0006747499573975801,3.7999998312443495e-05,0.0019234579522162676,0.0018073329702019691,0.00011612498201429844
90023,57,14,2,2,0.0011308750254102051,3.1374976970255375e-05,0.0013177500222809613,5.2749994210898876e-05,0.0025327500188723207,0.0017355000018142164,0.0007972500170581043
90023,58,12,2,2,0.0012020000140182674,3.362499410286546e-05,0.0005717499880120158,3.883300814777613e-05,0.0018462080042809248,0.002655541989952326,-0.000809333985671401
90023,59,10,2,2,0.0009916250128298998,3.0791969038546085e-05,0.0009685829863883555,3.770901821553707e-05,0.0020287089864723384,0.002163166005630046,-0.0001344570191577077
90023,60,8,0,0,0.0009694999898783863,3.187498077750206e-05,0.0010719170095399022,3.445800393819809e-05,0.0021077499841339886,0.0018703749519772828,0.00023737503215670586
90023,61,8,2,2,0.0009745840216055512,3.112497506663203e-05,0.0009485000045970082,4.066602559760213e-05,0.0019948750268667936,0.0015075409901328385,0.00048733403673395514
90023,62,6,2,2,0.0009557910379953682,3.462500171735883e-05,0.0014784169616177678,3.520800964906812e-05,0.002504041010979563,0.001570166030433029,0.0009338749805465341
90023,63,4,1,1,0.0008986670291051269,3.56250093318522e-05,0.0007405829965136945,3.7624966353178024e-05,0.0017125000013038516,0.0028951670392416418,-0.0011826670379377902
90023,64,3,2,2,0.0008876660140231252,3.354198997840285e-05,0.0005994170205667615,3.69579647667706e-05,0.0015575829893350601,0.0014758330071344972,8.174998220056295e-05
90023,65,1,1,1,0.0008137919940054417,3.10409814119339e-05,0.0012197920004837215,3.466702764853835e-05,0.0020992920035496354,0.0013572919997386634,0.000742000003810972
90023,66,0,0,0,0.000789457990322262,3.0542025342583656e-05,0.0004403329803608358,3.466702764853835e-05,0.0012950000236742198,0.0013963329838588834,-0.00010133296018466353
90023,67,0,4,0,0.0008229590021073818,3.329099854454398e-05,0.0009721670066937804,0.00015524995978921652,0.0019836669671349227,0.0013067919644527137,0.000676875002682209
90023,68,0,5,0,0.0008098329999484122,3.258301876485348e-05,0.0008002090035006404,3.57080134563148e-05,0.0016783330356702209,0.0016434999997727573,3.483303589746356e-05
90023,69,0,5,0,0.0008166669867932796,3.258301876485348e-05,0.00048266700468957424,3.5416975151747465e-05,0.0013673339853994548,0.001351832994259894,1.5500991139560938e-05
90023,70,0,5,0,0.0007715839892625809,2.8999987989664078e-05,0.0004955000476911664,3.1790987122803926e-05,0.0013278750120662153,0.0017505409778095782,-0.0004226659657433629
90023,71,0,7,0,0.0007678749971091747,2.8875016141682863e-05,0.0004427079693414271,4.212500061839819e-05,0.0012815829832106829,0.002182541007641703,-0.00090095802443102
90023,72,0,9,0,0.0007675419910810888,2.9582995921373367e-05,0.0009854169911704957,3.120797919109464e-05,0.0018137499573640525,0.0017635839758440852,5.016598151996732e-05
90024,0,1,10,0,0.000842957990244031,3.304198617115617e-05,0.0004639170365408063,3.566598752513528e-05,0.0013755830004811287,0.0014730420080013573,-9.745900752022862e-05
90024,1,2,10,0,0.001122791029047221,3.345898585394025e-05,0.0009590410045348108,3.708398435264826e-05,0.0021523750037886202,0.002475292014423758,-0.00032291701063513756
90024,2,5,10,0,0.0009425839525647461,3.3333024475723505e-05,0.0007460829801857471,3.450002986937761e-05,0.0017564999870955944,0.0015672079753130674,0.00018929201178252697
90024,3,5,10,0,0.0009032500092871487,3.0124967452138662e-05,0.0011151660000905395,3.5375007428228855e-05,0.0020839159842580557,0.0014897920191287994,0.0005941239651292562
90024,4,8,10,0,0.0009980000322684646,3.2415962778031826e-05,0.0011689170496538281,3.6624958738684654e-05,0.002235958003439009,0.002722917008213699,-0.0004869590047746897
90024,5,11,10,1,0.0010670829797163606,3.145902883261442e-05,0.0005126249743625522,3.6541023291647434e-05,0.0016477080062031746,0.001615834014955908,3.187399124726653e-05
90024,6,18,9,9,0.001156834012363106,2.9708025977015495e-05,0.0012582919443957508,3.820803249254823e-05,0.0024830420152284205,0.0021779160015285015,0.000305126013699919
90024,7,15,0,0,0.0011509580072015524,2.9791961424052715e-05,0.0006452500238083303,3.254198236390948e-05,0.0018585419747978449,0.00167908298317343,0.00017945899162441492
90024,8,18,0,0,0.0011780830100178719,3.087497316300869e-05,0.0008532920037396252,3.304099664092064e-05,0.0020952909835614264,0.0022640840034000576,-0.00016879301983863115
90024,9,20,0,0,0.001228082983288914,2.9292015824466944e-05,0.000590332958381623,3.4374999813735485e-05,0.0018820829573087394,0.0020760829793289304,-0.00019400002202019095
90024,10,23,0,0,0.0012808750034309924,2.983299782499671e-05,0.0005830839509144425,3.2708048820495605e-05,0.0019265000009909272,0.0019193749758414924,7.125025149434805e-06
90024,11,29,0,0,0.0014660420129075646,3.1875038985162973e-05,0.0007216669619083405,3.3333024475723505e-05,0.0022529170382767916,0.0023181249853223562,-6.520794704556465e-05
90024,12,35,0,0,0.0015756669454276562,3.037502756342292e-05,0.0004980830126442015,3.345898585394025e-05,0.002137583971489221,0.002248584001790732,-0.00011100003030151129
90024,13,37,0,0,0.0016798750148154795,3.145798109471798e-05,0.0009189589763991535,3.479100996628404e-05,0.002665082982275635,0.002702415979001671,-3.733299672603607e-05
90024,14,38,0,0,0.0016221249825321138,2.9749993700534105e-05,0.0005767919938080013,3.350002225488424e-05,0.0022621669922955334,0.0027330000302754343,-0.00047083303797990084
90024,15,41,1,1,0.0016835000133141875,3.0374969355762005e-05,0.00057591701624915,3.487500362098217e-05,0.0023246670025400817,0.0026359999901615083,-0.0003113329876214266
90024,16,44,1,1,0.001797208038624376,2.983398735523224e-05,0.0005887079751119018,3.38749960064888e-05,0.002449624997097999,0.002398833050392568,5.0791946705430746e-05
90024,17,44,3,3,0.0017354580340906978,3.0082999728620052e-05,0.0010908750118687749,3.470899537205696e-05,0.0028911250410601497,0.002474459004588425,0.0004166660364717245
90024,18,44,0,0,0.0017509579774923623,3.0333001632243395e-05,0.0008098339894786477,4.3041014578193426e-05,0.002634165983181447,0.0024175000144168735,0.00021666596876457334
90024,19,45,2,2,0.0017821660148911178,3.062502946704626e-05,0.0010569999576546252,3.3584015909582376e-05,0.0029033750179223716,0.002868582960218191,3.479205770418048e-05
90024,20,43,1,1,0.0017241250025108457,3.091699909418821e-05,0.001198790967464447,3.412499791011214e-05,0.002987957966979593,0.002340416016522795,0.0006475419504567981
90024,21,42,1,1,0.0017711669788695872,5.258299643173814e-05,0.0010983330430462956,5.504197906702757e-05,0.0029771249974146485,0.0038829579716548324,-0.0009058329742401838
90024,22,41,0,0,0.0016778340213932097,2.9999995604157448e-05,0.0021073329844512045,0.0001372499973513186,0.00395241699879989,0.002973791037220508,0.0009786259615793824
90024,23,41,1,1,0.0017912499606609344,7.854204159229994e-05,0.0006636659963987768,5.3916999604552984e-05,0.002587374998256564,0.002546291972976178,4.108302528038621e-05
90024,24,40,0,0,0.0017316670273430645,3.404100425541401e-05,0.0009865419706329703,3.6416982766240835e-05,0.0027886669849976897,0.0037697090301662683,-0.0009810420451685786
90024,25,40,0,0,0.0017481250106357038,3.7457968574017286e-05,0.001109458040446043,3.391696373000741e-05,0.0029289579833857715,0.002851957979146391,7.700000423938036e-05
90024,26,40,0,0,0.0017050409805960953,2.9334041755646467e-05,0.0007491249707527459,4.091602750122547e-05,0.002524416020605713,0.003289957996457815,-0.000765541975852102
90024,27,40,0,0,0.0016938750050030649,3.654201282188296e-05,0.0010545409750193357,3.6416982766240835e-05,0.0028213749756105244,0.002811791026033461,9.583949577063322e-06
90024,28,40,1,1,0.0016772500239312649,3.283302066847682e-05,0.001235624949913472,3.9209029637277126e-05,0.0029849170241504908,0.00287612498505041,0.00010879203910008073
90024,29,39,1,1,0.001681624969933182,3.1917006708681583e-05,0.000527750002220273,3.583298530429602e-05,0.0022771249641664326,0.0032922920072451234,-0.0010151670430786908
90024,30,38,1,1,0.0016315000248141587,3.0832947231829166e-05,0.0012562500196509063,3.549997927621007e-05,0.0029540829709731042,0.002277707972098142,0.0006763749988749623
90024,31,37,2,2,0.001647000026423484,3.291596658527851e-05,0.0005289170076139271,3.98330157622695e-05,0.0022486660163849592,0.002956041949801147,-0.0007073759334161878
90024,32,35,0,0,0.0016297920374199748,3.3415970392525196e-05,0.0008279589819721878,3.420800203457475e-05,0.0025253749918192625,0.0022097500041127205,0.000315624987706542
90024,33,35,1,1,0.0020825419924221933,5.308300023898482e-05,0.0005611249944195151,3.525003558024764e-05,0.002732000022660941,0.003848541993647814,-0.001116541970986873
90024,34,34,1,1,0.0016064579831436276,3.14170029014349e-05,0.0009005410247482359,3.404199378564954e-05,0.002572458004578948,0.0023977079545147717,0.00017475005006417632
90024,35,33,1,1,0.0015219999477267265,3.32500203512609e-05,0.000554541009478271,3.529200330376625e-05,0.0021450829808600247,0.00295783398905769,-0.0008127510081976652
90024,36,32,1,1,0.001527041953522712,3.095803549513221e-05,0.002040083985775709,3.5375007428228855e-05,0.003633458982221782,0.0026385000091977417,0.0009949589730240405
90024,37,31,0,0,0.0014413329772651196,3.1167000997811556e-05,0.0005605409969575703,3.2334006391465664e-05,0.002065374981611967,0.002356833021622151,-0.00029145804001018405
90024,38,31,0,0,0.00151629198808223,3.220798680558801e-05,0.0011884170235134661,3.420800203457475e-05,0.002771125000435859,0.00283987500006333,-6.874999962747097e-05
90024,39,31,1,1,0.0015079170116223395,3.566598752513528e-05,0.0010406249784864485,3.674998879432678e-05,0.00262095796642825,0.003195083001628518,-0.000574125035200268
90024,40,30,1,1,0.0015119160525500774,3.324996214359999e-05,0.0010298340348526835,3.5040953662246466e-05,0.0026100410032086074,0.0034237499930895865,-0.0008137089898809791
90024,41,29,0,0,0.0014586250181309879,2.920802216976881e-05,0.0014295839937403798,3.1957984901964664e-05,0.002949375018943101,0.002752416010480374,0.00019695900846272707
90024,42,29,0,0,0.0015386660234071314,5.6374992709606886e-05,0.002373291994445026,6.195803871378303e-05,0.004030291049275547,0.00316958298208192,0.0008607080671936274
90024,43,29,0,0,0.0015300000086426735,5.3916999604552984e-05,0.0016469169640913606,0.00013120804214850068,0.0033620420144870877,0.003934749984182417,-0.0005727079696953297
90024,44,29,0,0,0.0014048749580979347,3.024999750778079e-05,0.0013742500450462103,3.2374984584748745e-05,0.0028417499852366745,0.0032295830314978957,-0.00038783304626122117
90024,45,29,4,4,0.0014729999820701778,4.633300704881549e-05,0.0013847500085830688,4.899996565654874e-05,0.002953082963358611,0.0025565000250935555,0.0003965829382650554
90024,46,25,0,0,0.0014029170270077884,3.3999967854470015e-05,0.0012126670335419476,3.391597419977188e-05,0.002683500002603978,0.003484874963760376,-0.0008013749611563981
90024,47,25,2,2,0.0013292499934323132,2.9709015507251024e-05,0.0013160000089555979,3.466597991064191e-05,0.002709624997805804,0.00242341699777171,0.00028620800003409386
90024,48,23,2,2,0.001285957987420261,3.0125025659799576e-05,0.0010505419922992587,3.4374999813735485e-05,0.0024010000051930547,0.002359667036216706,4.133296897634864e-05
90024,49,21,0,0,0.0013118750066496432,4.495796747505665e-05,0.0011364580132067204,5.1042006816715e-05,0.002544332994148135,0.003397791995666921,-0.000853459001518786
90024,50,21,1,1,0.0012517920113168657,3.041699528694153e-05,0.000556332990527153,3.38749960064888e-05,0.001872416993137449,0.002870666969101876,-0.000998249975964427
90024,51,20,1,1,0.0012144589563831687,2.9250048100948334e-05,0.0005041249678470194,3.329099854454398e-05,0.0017811249708756804,0.0018878330010920763,-0.00010670803021639585
90024,52,19,0,0,0.0012538749724626541,3.8416008464992046e-05,0.0021075840340927243,3.4958007745444775e-05,0.0034348330227658153,0.0025000839959830046,0.0009347490267828107
90024,53,19,0,0,0.0011998750269412994,2.908398164436221e-05,0.0006867910269647837,3.191694850102067e-05,0.001947666984051466,0.0018500830046832561,9.758397936820984e-05
90024,54,19,0,0,0.0011920839897356927,2.9291026294231415e-05,0.0007198340026661754,3.1957984901964664e-05,0.001973167003598064,0.001731625001411885,0.00024154200218617916
90024,55,19,0,0,0.0012376250233501196,5.345896352082491e-05,0.0006798750255256891,3.4415978007018566e-05,0.002005374990403652,0.0022653750493191183,-0.00026000005891546607
90024,56,19,0,0,0.0019078330369666219,3.891700180247426e-05,0.0005431669997051358,4.074996104463935e-05,0.0025306669995188713,0.0023847079719416797,0.0001459590275771916
90024,57,19,0,0,0.0011927500017918646,2.879201201722026e-05,0.0010352910030633211,3.208400448784232e-05,0.0022889170213602483,0.0022916659945622087,-2.7489732019603252e-06
90024,58,19,1,1,0.0013119580107741058,3.724999260157347e-05,0.0005270420224405825,3.5457953345030546e-05,0.0019117079791612923,0.002054792013950646,-0.0001430840347893536
90024,59,18,1,1,0.00120674999197945,3.1540985219180584e-05,0.0007274170056916773,3.3750024158507586e-05,0.0019994580070488155,0.002105417021084577,-0.00010595901403576136
90024,60,17,2,2,0.0011854160111397505,3.091699909418821e-05,0.0005453749909065664,3.458303399384022e-05,0.0017962910351343453,0.0019059169571846724,-0.00010962592205032706
90024,61,15,2,2,0.0011168749770149589,3.0125025659799576e-05,0.000980582961346954,3.8959027733653784e-05,0.0021665419917553663,0.0018034590175375342,0.0003630829742178321
90024,62,13,2,2,0.001073583960533142,3.358302637934685e-05,0.0006107079680077732,3.645900869742036e-05,0.0017543339636176825,0.002260458015371114,-0.0005061240517534316
90024,63,11,2,2,0.0010376250138506293,3.0458031687885523e-05,0.0007405829965136945,3.679195651784539e-05,0.0018454579985700548,0.0015848749899305403,0.00026058300863951445
90024,64,9,0,0,0.0009857920231297612,3.108300734311342e-05,0.001319749979302287,3.7792022339999676e-05,0.0023744170321151614,0.0016061670030467212,0.0007682500290684402
90024,65,9,0,0,0.0010154999908991158,3.366702003404498e-05,0.0005893749766983092,3.400002606213093e-05,0.001672542013693601,0.0020282919867895544,-0.00035574997309595346
90024,66,9,0,0,0.001009583007544279,3.933301195502281e-05,0.0009501249878667295,3.766699228435755e-05,0.002036707999650389,0.002010375028476119,2.6332971174269915e-05
90024,67,9,0,0,0.001011208980344236,3.2750016544014215e-05,0.0004902079817838967,3.308302257210016e-05,0.001567250001244247,0.0023058329825289547,-0.0007385829812847078
90024,68,9,0,0,0.0009991669794544578,3.1125033274292946e-05,0.0009981250041164458,3.2416952308267355e-05,0.002060833969153464,0.0017024579574353993,0.00035837601171806455
90024,69,9,0,0,0.0009984170319512486,3.066699719056487e-05,0.0014410829753614962,6.583298090845346e-05,0.002535999985411763,0.0021321249660104513,0.0004038750194013119
90024,70,9,1,1,0.0009839159902185202,3.0292023438960314e-05,0.00046379200648516417,3.366597229614854e-05,0.0015116659924387932,0.0019224999705329537,-0.00041083397809416056
90024,71,8,2,2,0.0009614169830456376,3.116601146757603e-05,0.0006253749597817659,3.4125056117773056e-05,0.0016520830104127526,0.0015778329689055681,7.42500415071845e-05
90024,72,6,1,1,0.0009226250112988055,2.9959017410874367e-05,0.0006177909672260284,3.3584015909582376e-05,0.0016039590118452907,0.001641125010792166,-3.7165998946875334e-05
90024,73,5,0,0,0.0009151249541901052,3.350002225488424e-05,0.001225167012307793,3.545801155269146e-05,0.002209250000305474,0.001619082991965115,0.0005901670083403587
90024,74,5,1,1,0.000882500025909394,3.21249826811254e-05,0.001297334034461528,3.5582983400672674e-05,0.00224754202645272,0.00227462500333786,-2.7082976885139942e-05
90024,75,4,0,0,0.0008899999666027725,3.0417053494602442e-05,0.0010242499993182719,3.1791976653039455e-05,0.0019764589960686862,0.0018003329751081765,0.00017612602096050978
90024,76,4,2,2,0.0008891249890439212,2.962502185255289e-05,0.0005225829663686454,3.341701813042164e-05,0.0014747499953955412,0.001427583978511393,4.716601688414812e-05
90024,77,2,1,1,0.0008334579761140049,2.9875023756176233e-05,0.0017122919671237469,4.316598642617464e-05,0.0026187909534201026,0.0016116669867187738,0.0010071239667013288
90024,78,1,2,1,0.0008385420078411698,3.4415978007018566e-05,0.0004955840413458645,3.554095746949315e-05,0.001404082984663546,0.00150862499140203,-0.0001045420067384839
90024,79,0,1,0,0.0008098329999484122,3.4750031773000956e-05,0.000467624980956316,3.6999990697950125e-05,0.0013492080033756793,0.0013304579770192504,1.875002635642886e-05
90024,80,0,3,0,0.0007840420003049076,3.058300353586674e-05,0.0006188330007717013,3.3709045965224504e-05,0.0014671670505777001,0.001695083046797663,-0.00022791599621996284
90024,81,0,3,0,0.0008006669813767076,2.9999995604157448e-05,0.0005285420338623226,3.2832962460815907e-05,0.0013920419733040035,0.0015987909864634275,-0.00020674901315942407
90024,82,0,3,0,0.0007939170463941991,2.9707967769354582e-05,0.0004748330102302134,3.362499410286546e-05,0.0013320830184966326,0.0015109580126591027,-0.0001788749941624701
90024,83,0,3,0,0.000801375019364059,3.7416990380734205e-05,0.0007942079682834446,3.554200520738959e-05,0.0016685419832356274,0.0022761250147596,-0.0006075830315239727
90024,84,0,6,0,0.0007993750041350722,3.4958007745444775e-05,0.001287124992813915,3.541703335940838e-05,0.0021568750380538404,0.0017719579627737403,0.0003849170752801001
90024,85,0,6,0,0.0007792500546202064,3.362499410286546e-05,0.00045962497824802995,3.2916024792939425e-05,0.0013054160517640412,0.0013495839666575193,-4.4167914893478155e-05
90024,86,0,6,0,0.001245916006155312,3.312499029561877e-05,0.000996834016405046,3.604101948440075e-05,0.0023119160323403776,0.0018353750347159803,0.0004765409976243973
90024,87,0,7,0,0.0008265419746749103,3.6415993236005306e-05,0.001808334025554359,4.691601498052478e-05,0.0027182080084457994,0.001649041019845754,0.0010691669886000454
90024,88,0,7,0,0.0009394169901497662,3.366702003404498e-05,0.0006618329789489508,3.674998879432678e-05,0.0016716669779270887,0.0021304579568095505,-0.0004587909788824618
90024,89,0,7,0,0.0011220000451430678,3.220798680558801e-05,0.0004735830007120967,3.549997927621007e-05,0.0016632910119369626,0.0023582089925184846,-0.000694917980581522
90025,0,1,10,0,0.0008001670357771218,2.9666000045835972e-05,0.0004805839853361249,3.283302066847682e-05,0.0013432500418275595,0.0014038750086911023,-6.0624966863542795e-05
90025,1,1,10,0,0.0008004170376807451,2.9541959520429373e-05,0.0013662910205312073,0.00012029201025143266,0.0023165420279838145,0.0016747499466873705,0.0006417920812964439
90025,2,3,10,0,0.0008614580146968365,3.162497887387872e-05,0.0005180000443942845,3.879197174683213e-05,0.0014498750097118318,0.002032125019468367,-0.0005822500097565353
90025,3,7,10,0,0.000952665985096246,3.145902883261442e-05,0.0012796659721061587,5.4750009439885616e-05,0.0023185409954749048,0.0015359580283984542,0.0007825829670764506
90025,4,12,10,1,0.0010596250067465007,3.2167008612304926e-05,0.001069249992724508,3.704102709889412e-05,0.002198083035182208,0.0022780420258641243,-7.995899068191648e-05
90025,5,14,9,9,0.0011437920038588345,5.874998169019818e-05,0.0005492920172400773,4.258297849446535e-05,0.0017944169812835753,0.013710708008147776,-0.0119162910268642
90025,6,10,0,0,0.0010962499654851854,3.412499791011214e-05,0.0014850000152364373,4.4208019971847534e-05,0.0026595829986035824,0.001984666974749416,0.0006749160238541663
90025,7,18,0,0,0.0013085409882478416,3.583403304219246e-05,0.0006714579649269581,3.749999450519681e-05,0.002053332980722189,0.003490417031571269,-0.00143708405084908
90025,8,23,0,0,0.0013773340033367276,3.6624958738684654e-05,0.0006562080234289169,3.749999450519681e-05,0.002107666980009526,0.003600750002078712,-0.001493083022069186
90025,9,27,0,0,0.0013908330001868308,3.433297388255596e-05,0.0006876669940538704,3.666698466986418e-05,0.0021494999527931213,0.0019844169728457928,0.00016508297994732857
90025,10,32,0,0,0.0016147919814102352,3.2333016861230135e-05,0.0005679589812643826,3.591598942875862e-05,0.0022509999689646065,0.0029830830171704292,-0.0007320830482058227
90025,11,35,0,0,0.0016918330220505595,3.649998689070344e-05,0.0006100839818827808,4.266604082658887e-05,0.0023810830316506326,0.002771958999801427,-0.0003908759681507945
90025,12,39,0,0,0.00164395896717906,3.724999260157347e-05,0.0008160829893313348,3.441702574491501e-05,0.0025317089748568833,0.002882750006392598,-0.00035104103153571486
90025,13,40,3,3,0.0017313339631073177,3.066600766032934e-05,0.0008348750416189432,3.554200520738959e-05,0.00263241701759398,0.00237875001039356,0.0002536670072004199
90025,14,40,1,1,0.0017159999697469175,3.8375030271708965e-05,0.0011378339841030538,3.649998689070344e-05,0.0029287089710123837,0.003412541002035141,-0.0004838320310227573
90025,15,41,1,1,0.0017498749657534063,5.7541998103260994e-05,0.0010667500318959355,4.295801045373082e-05,0.0029171250062063336,0.0022855409770272672,0.0006315840291790664
90025,16,42,1,1,0.0017187090124934912,3.266596468165517e-05,0.0006949169910512865,3.520800964906812e-05,0.002481499977875501,0.0025119169731624424,-3.041699528694153e-05
90025,17,43,1,1,0.0017913339543156326,3.5541015677154064e-05,0.0013368750223889947,3.516697324812412e-05,0.0031989169656299055,0.0023402500082738698,0.0008586669573560357
90025,18,43,1,1,0.0017699580057524145,3.808399196714163e-05,0.0015700830263085663,3.749999450519681e-05,0.0034156250185333192,0.003744916000869125,-0.0003292909823358059
90025,19,42,1,1,0.0018084169714711607,6.574997678399086e-05,0.0014523330028168857,4.495901521295309e-05,0.0033714589662849903,0.00511299999197945,-0.0017415410256944597
90025,20,41,1,1,0.0018183750216849148,4.695798270404339e-05,0.0014845419791527092,6.533303530886769e-05,0.003415208018850535,0.004366000008303672,-0.0009507919894531369
90025,21,40,0,0,0.0017738750320859253,5.3750001825392246e-05,0.0007188329473137856,4.2750034481287e-05,0.00258920801570639,0.0024593329872004688,0.00012987502850592136
90025,22,40,0,0,0.001811916008591652,3.758398815989494e-05,0.0010970410075969994,4.570902092382312e-05,0.0029922500252723694,0.0024637500173412263,0.000528500007931143
90025,23,40,0,0,0.001754041004460305,5.9833982959389687e-05,0.001303124998230487,3.587501123547554e-05,0.0031528749968856573,0.0023688749643042684,0.000784000032581389
90025,24,40,0,0,0.0016686670132912695,3.350002225488424e-05,0.0013068330008536577,6.516696885228157e-05,0.003074167005252093,0.0033678339677862823,-0.0002936669625341892
90025,25,40,0,0,0.0017091670306399465,3.570795524865389e-05,0.001045375014655292,3.649998689070344e-05,0.002826749987434596,0.0036710419808514416,-0.0008442919934168458
90025,26,40,1,1,0.0016983749810606241,3.5792007111012936e-05,0.0017060000100173056,3.712496254593134e-05,0.003477291960734874,0.003083791001699865,0.00039350095903500915
90025,27,39,3,3,0.0016553750028833747,3.004202153533697e-05,0.0005047079757787287,3.341701813042164e-05,0.002223542018327862,0.0023267919896170497,-0.00010324997128918767
90025,28,36,2,2,0.0016191250178962946,3.2750016544014215e-05,0.001268707972485572,0.00013345800107344985,0.0030540410079993308,0.0023640840081498027,0.0006899569998495281
90025,29,34,1,1,0.0015579590108245611,3.191595897078514e-05,0.0007666670135222375,3.9624981582164764e-05,0.0023961669648997486,0.002261499990709126,0.00013466697419062257
90025,30,33,3,3,0.0015095000271685421,3.4167023841291666e-05,0.0013197909574955702,3.5584031138569117e-05,0.002899042039643973,0.0026794170262292027,0.00021962501341477036
90025,31,30,0,0,0.0014409589930437505,3.266602288931608e-05,0.0005482499836944044,3.5375007428228855e-05,0.0020572500070557,0.003620915987994522,-0.001563665980938822
90025,32,30,0,0,0.0014228749787434936,3.0459021218121052e-05,0.0008247499936260283,3.5582983400672674e-05,0.0023136669769883156,0.0020141249988228083,0.0002995419781655073
90025,33,30,0,0,0.0015647090040147305,3.7375022657215595e-05,0.0005693749990314245,3.5958015359938145e-05,0.0022074170410633087,0.0021365000284276903,7.091701263561845e-05
90025,34,30,0,0,0.001478250022046268,3.783300053328276e-05,0.002002333989366889,3.612501313909888e-05,0.0035545420250855386,0.0021825419971719384,0.0013720000279136002
90025,35,30,0,0,0.0014245829661376774,3.083300543949008e-05,0.0005800420185551047,3.3582968171685934e-05,0.002069040958303958,0.0020249999943189323,4.404096398502588e-05
90025,36,30,0,0,0.0014744999934919178,3.100000321865082e-05,0.0005843340186402202,3.537494922056794e-05,0.0021252089645713568,0.002118208969477564,6.999995093792677e-06
90025,37,30,1,1,0.0015343750128522515,5.358300404623151e-05,0.000543291971553117,3.583298530429602e-05,0.002167082973755896,0.00314099999377504,-0.0009739170200191438
90025,38,29,0,0,0.001469916955102235,3.362499410286546e-05,0.0008242910262197256,3.4334021620452404e-05,0.0023621669970452785,0.003625041979830712,-0.0012628749827854335
90025,39,29,0,0,0.001510416972450912,3.200001083314419e-05,0.0005652920226566494,3.391597419977188e-05,0.0021416249801404774,0.002705375023651868,-0.0005637500435113907
90025,40,29,3,3,0.0015270839794538915,3.337505040690303e-05,0.0009361249976791441,3.574998117983341e-05,0.002532334008719772,0.002549832977820188,-1.7498969100415707e-05
90025,41,26,2,2,0.0013872080016881227,3.020802978426218e-05,0.0005509170005097985,3.391696373000741e-05,0.002002249995712191,0.0019835829734802246,1.8667022231966257e-05
90025,42,24,0,0,0.0013144999975338578,3.2790994737297297e-05,0.0009729589801281691,3.3958000130951405e-05,0.0023542079725302756,0.002035499957855791,0.00031870801467448473
90025,43,24,2,2,0.001300125033594668,3.108399687334895e-05,0.0006516249850392342,3.549997927621007e-05,0.002018333994783461,0.0022476250305771828,-0.00022929103579372168
90025,44,22,0,0,0.0015464579919353127,6.254197796806693e-05,0.0012812080094590783,4.308403003960848e-05,0.0029332920094020665,0.0023901659878902137,0.0005431260215118527
90025,45,22,0,0,0.0012601669877767563,3.487500362098217e-05,0.0013762919697910547,3.925000783056021e-05,0.0027105839690193534,0.0024942909949459136,0.00021629297407343984
90025,46,22,1,1,0.0013594170450232923,3.229099093005061e-05,0.0005511670024134219,3.3999967854470015e-05,0.001976875006221235,0.0020597499678842723,-8.287496166303754e-05
90025,47,21,1,1,0.0013223330024629831,3.179203486070037e-05,0.001115957973524928,4.254200030118227e-05,0.002512625011149794,0.002418333024252206,9.429198689758778e-05
90025,48,20,2,2,0.0012445839820429683,3.2750016544014215e-05,0.0009775409707799554,3.545900108292699e-05,0.002290333970449865,0.00201254099374637,0.0002777929767034948
90025,49,18,0,0,0.0011801249929703772,3.0750001315027475e-05,0.0004742079763673246,3.3791991882026196e-05,0.0017188749625347555,0.002444499987177551,-0.0007256250246427953
90025,50,18,0,0,0.0011684169876389205,2.979201963171363e-05,0.0004839160246774554,3.270898014307022e-05,0.0017148340120911598,0.0020893749897368252,-0.0003745409776456654
90025,51,18,0,0,0.0011837500496767461,3.3416959922760725e-05,0.0015434999950230122,3.3958000130951405e-05,0.0027946250047534704,0.0025996670010499656,0.0001949580037035048
90025,52,18,3,3,0.0011716249864548445,2.924998989328742e-05,0.0005104580195620656,3.4582975786179304e-05,0.0017459159716963768,0.0030217909952625632,-0.0012758750235661864
90025,53,15,1,1,0.0011023750412277877,2.9374961741268635e-05,0.0009028330096043646,3.6999990697950125e-05,0.002071583003271371,0.0017260829918086529,0.00034550001146271825
90025,54,14,3,3,0.0011821670341305435,3.574998117983341e-05,0.0015147500089369714,3.995798761025071e-05,0.002772625011857599,0.0018234579474665225,0.0009491670643910766
90025,55,11,1,1,0.0010467079700902104,4.545802948996425e-05,0.0006886670016683638,3.44999716617167e-05,0.0018153329729102552,0.0016978750354610384,0.00011745793744921684
90025,56,10,0,0,0.0009909580112434924,3.0499999411404133e-05,0.0007003339705988765,3.487500362098217e-05,0.0017566669848747551,0.001972625032067299,-0.00021595804719254375
90025,57,10,0,0,0.0009912499808706343,2.962502185255289e-05,0.00047729199286550283,3.21249826811254e-05,0.0015302919782698154,0.0019094999879598618,-0.0003792080096900463
90025,58,10,4,4,0.0010094590252265334,3.958295565098524e-05,0.0010489170090295374,4.270800855010748e-05,0.0021406669984571636,0.0021021669963374734,3.850000211969018e-05
90025,59,6,2,2,0.0008959159604273736,3.0792027246207e-05,0.0005500830011442304,3.6375015042722225e-05,0.0015131660038605332,0.0021104580373503268,-0.0005972920334897935
90025,60,4,0,0,0.000906708010006696,3.445899346843362e-05,0.0011982910218648612,3.674998879432678e-05,0.0021762080141343176,0.0014666669885627925,0.0007095410255715251
90025,61,4,3,3,0.0008949170005507767,3.208295674994588e-05,0.0011768750264309347,3.4791999496519566e-05,0.002138666983228177,0.0015258329804055393,0.0006128340028226376
90025,62,1,1,1,0.0007883330108597875,3.3374992199242115e-05,0.0005254170391708612,3.570795524865389e-05,0.0013828329974785447,0.001887666992843151,-0.0005048339953646064
90025,63,0,1,0,0.0008262500050477684,3.44999716617167e-05,0.0011746670352295041,3.8707978092134e-05,0.002074124990031123,0.0013263330329209566,0.0007477919571101665
90025,64,0,1,0,0.000806041993200779,3.091699909418821e-05,0.0006625410169363022,3.4208991564810276e-05,0.0015337090007960796,0.0027047499897889793,-0.0011710409889928997
90025,65,0,2,0,0.0007674170192331076,2.9958027880638838e-05,0.0005966249736957252,3.245798870921135e-05,0.001426458009518683,0.0013159170048311353,0.00011054100468754768
90025,66,0,4,0,0.0007639999967068434,2.8667040169239044e-05,0.00042279198532924056,3.187498077750206e-05,0.001247334002982825,0.0013170000165700912,-6.96660135872662e-05
90025,67,0,7,0,0.0007615000358782709,2.9082992114126682e-05,0.0011906250147148967,4.220899427309632e-05,0.0020234170369803905,0.0017688339576125145,0.00025458307936787605
90025,68,0,7,0,0.0008035830105654895,3.370799822732806e-05,0.001490916998591274,3.38749960064888e-05,0.0023620830033905804,0.0013851249823346734,0.000976958021055907
90025,69,0,9,0,0.0008315409650094807,3.0583993066102266e-05,0.0012649580021388829,3.5917037166655064e-05,0.002162999997381121,0.001379124994855374,0.0007838750025257468
90026,0,0,10,0,0.0007661250419914722,3.062497125938535e-05,0.0009513749973848462,0.0001342089963145554,0.0018823340069502592,0.002776208973955363,-0.0008938749670051038
90026,1,1,10,0,0.0007838329765945673,2.8500042390078306e-05,0.0004682089784182608,3.200001083314419e-05,0.0013125420082360506,0.0013562090462073684,-4.366703797131777e-05
90026,2,3,10,0,0.0008623750181868672,3.420800203457475e-05,0.0006317090010270476,3.5415985621511936e-05,0.0015637080068700016,0.0016311249928548932,-6.741698598489165e-05
90026,3,4,10,0,0.0008805830148048699,3.249995643272996e-05,0.0005015000351704657,3.445800393819809e-05,0.0014490410103462636,0.0024679999914951622,-0.0010189589811488986
90026,4,6,10,0,0.0009106660145334899,3.008398925885558e-05,0.000508915982209146,3.3584015909582376e-05,0.001483250001911074,0.0016696249949745834,-0.00018637499306350946
90026,5,9,10,0,0.0009903329773806036,3.0499999411404133e-05,0.0012385420268401504,3.445800393819809e-05,0.002293833007570356,0.001568000006955117,0.0007258330006152391
90026,6,11,10,1,0.0010546669946052134,4.6250002924352884e-05,0.0013669580221176147,3.679195651784539e-05,0.0025046669761650264,0.002606790978461504,-0.00010212400229647756
90026,7,16,9,9,0.0011622500023804605,3.2374984584748745e-05,0.0014294160064309835,4.21669683419168e-05,0.0026662079617381096,0.002908417023718357,-0.0002422090619802475
90026,8,12,0,0,0.0010653339559212327,3.183301305398345e-05,0.0005423330003395677,3.4917029552161694e-05,0.0016744169988669455,0.0022443750058300793,-0.0005699580069631338
90026,9,18,0,0,0.0011871249880641699,3.15000070258975e-05,0.0006651249714195728,3.225001273676753e-05,0.0019159999792464077,0.0017313749995082617,0.00018462497973814607
90026,10,22,0,0,0.001290416985284537,3.058300353586674e-05,0.0005263749626465142,3.345904406160116e-05,0.0018808339955285192,0.0020669159712269902,-0.00018608197569847107
90026,11,28,0,0,0.0014079579850658774,2.9499991796910763e-05,0.0010530420113354921,3.304198617115617e-05,0.0025235419743694365,0.0025522090145386755,-2.8667040169239044e-05
90026,12,29,0,0,0.00147237500641495,3.0124967452138662e-05,0.0004925000248476863,3.287498839199543e-05,0.0020278749871067703,0.0026578750112093985,-0.0006300000241026282
90026,13,32,2,2,0.0015291249728761613,3.7582998629659414e-05,0.0007180420216172934,3.549997927621007e-05,0.002320249972399324,0.002548749966081232,-0.00022849999368190765
90026,14,37,1,1,0.001575874979607761,3.108300734311342e-05,0.0005991670186631382,4.112499300390482e-05,0.0022472499986179173,0.0031806250335648656,-0.0009333750349469483
90026,15,36,2,2,0.0015450419741682708,3.0041032005101442e-05,0.001044625008944422,3.3208983950316906e-05,0.002652916999068111,0.002529416000470519,0.00012350099859759212
90026,16,38,1,1,0.0016246250015683472,3.466702764853835e-05,0.0005465829744935036,3.754202043637633e-05,0.0022434170241467655,0.0034635000047273934,-0.001220082980580628
90026,17,42,2,2,0.0018402909627184272,3.3750024158507586e-05,0.000884292006958276,3.6457960959523916e-05,0.0027947909547947347,0.002514790976420045,0.0002799999783746898
90026,18,40,1,1,0.0016577920177951455,3.1374976970255375e-05,0.0005852910107932985,3.4208991564810276e-05,0.0023086669971235096,0.002301833010278642,6.833986844867468e-06
90026,19,41,1,1,0.0016742089646868408,3.037502756342292e-05,0.007116707973182201,3.5958015359938145e-05,0.008857249980792403,0.0025524169905111194,0.006304832990281284
90026,20,40,0,0,0.0016526670078746974,3.179203486070037e-05,0.0013404999626800418,3.412499791011214e-05,0.0030590840033255517,0.002482249983586371,0.0005768340197391808
90026,21,40,0,0,0.0016508749686181545,3.008398925885558e-05,0.0005650829989463091,3.620801726356149e-05,0.0022822499740868807,0.002450958010740578,-0.0001687080366536975
90026,22,40,0,0,0.0018077499698847532,3.350002225488424e-05,0.0012864579912275076,3.666698466986418e-05,0.0031643749680370092,0.002366375003475696,0.0007979999645613134
90026,23,40,0,0,0.0017228329670615494,3.366702003404498e-05,0.0005856669740751386,3.50000336766243e-05,0.0023771669948473573,0.003310833009891212,-0.0009336660150438547
90026,24,40,0,0,0.0016592920292168856,3.9832957554608583e-05,0.007771334028802812,4.8915972001850605e-05,0.009519374987576157,0.00324662501225248,0.006272749975323677
90026,25,40,1,1,0.0016412499826401472,2.9542017728090286e-05,0.0017757079913280904,0.00013370899250730872,0.0035802089842036366,0.002412250032648444,0.0011679589515551925
90026,26,39,1,1,0.0016759579884819686,3.408297197893262e-05,0.0005752090364694595,3.5415985621511936e-05,0.0023206659825518727,0.003276999981608242,-0.0009563339990563691
90026,27,38,0,0,0.001650207967031747,3.3750024158507586e-05,0.0014240419841371477,5.9542013332247734e-05,0.00316754198865965,0.0031088750110939145,5.866697756573558e-05
90026,28,38,4,4,0.0015794580103829503,2.920802216976881e-05,0.0005697499727830291,3.5792007111012936e-05,0.002214208012446761,0.0025937079917639494,-0.00037949997931718826
90026,29,34,1,1,0.0015743330004625022,4.370801616460085e-05,0.0005728339892812073,3.825000021606684e-05,0.0022291250061243773,0.0029317080043256283,-0.000702582998201251
90026,30,33,3,3,0.0016052080318331718,3.91670037060976e-05,0.0006343749701045454,3.7416000850498676e-05,0.0023161660064943135,0.003174250014126301,-0.0008580840076319873
90026,31,30,0,0,0.0014971249620430171,3.691599704325199e-05,0.0007079170318320394,3.524997737258673e-05,0.0022772079682908952,0.003199041006155312,-0.0009218330378644168
90026,32,30,0,0,0.0014080420369282365,3.220798680558801e-05,0.0009446250041946769,3.716698847711086e-05,0.0024220420164056122,0.0021904170280322433,0.00023162498837336898
90026,33,30,0,0,0.0014942919951863587,3.104202914983034e-05,0.0006903330213390291,3.654195461422205e-05,0.00225220900028944,0.002158750023227185,9.345897706225514e-05
90026,34,30,0,0,0.0014812499866820872,3.56250093318522e-05,0.0005021669785492122,3.512500552460551e-05,0.002054166980087757,0.00242770800832659,-0.00037354102823883295
90026,35,30,0,0,0.0014226249768398702,2.962502185255289e-05,0.0005265409708954394,3.220903454348445e-05,0.002011000004131347,0.002202790987212211,-0.00019179098308086395
90026,36,30,0,0,0.0014799589989706874,3.62499849870801e-05,0.000696083006914705,3.587501123547554e-05,0.002248167002107948,0.0020810000132769346,0.00016716698883101344
90026,37,30,2,2,0.001442417036741972,3.20419785566628e-05,0.0005477910162881017,3.56250093318522e-05,0.0020578750409185886,0.0032200830173678696,-0.001162207976449281
90026,38,28,2,2,0.0013619999517686665,2.8500042390078306e-05,0.0005786250112578273,3.329099854454398e-05,0.002002416003961116,0.0033205830259248614,-0.0013181670219637454
90026,39,26,1,1,0.0013192910118959844,2.8749986086040735e-05,0.0007255839882418513,3.62499849870801e-05,0.0021098749712109566,0.0019740419811569154,0.00013583299005404115
90026,40,25,1,1,0.0013792919926345348,3.283302066847682e-05,0.0013177500222809613,3.44999716617167e-05,0.0027643750072456896,0.0020219169673509896,0.0007424580398947
90026,41,24,1,1,0.0013210830511525273,3.104197094216943e-05,0.0006715829949826002,3.3374992199242115e-05,0.002057083009276539,0.0019932090071961284,6.387400208041072e-05
90026,42,23,2,2,0.0012867080513387918,3.0374969355762005e-05,0.0005144579918123782,3.3750024158507586e-05,0.0018652910366654396,0.002221458009444177,-0.00035616697277873755
90026,43,21,1,1,0.0012812080094590783,3.100000321865082e-05,0.0015967499930411577,3.466702764853835e-05,0.002943625033367425,0.001935708976816386,0.0010079160565510392
90026,44,20,0,0,0.0012123750057071447,3.0957977287471294e-05,0.0006364170112647116,3.383302828297019e-05,0.0019135830225422978,0.002138708019629121,-0.000225124997086823
90026,45,20,0,0,0.0012362499837763608,3.141601337119937e-05,0.001045666984282434,3.3958000130951405e-05,0.0023472909815609455,0.002900291990954429,-0.0005530010093934834
90026,46,20,0,0,0.001258125004824251,3.324996214359999e-05,0.0005242080078460276,3.520800964906812e-05,0.0018507909844629467,0.002628000045660883,-0.0007772090611979365
90026,47,20,2,2,0.001584624988026917,3.3334014005959034e-05,0.0013869579997844994,5.1499984692782164e-05,0.0030564169865101576,0.003093042003456503,-3.662501694634557e-05
90026,48,18,1,1,0.0011994170490652323,3.412499791011214e-05,0.0022990419529378414,4.270800855010748e-05,0.0035752920084632933,0.0023097500088624656,0.0012655419996008277
90026,49,17,2,2,0.001147042028605938,3.0916009563952684e-05,0.0016509589622728527,6.683304673060775e-05,0.002895750047173351,0.001857625029515475,0.001038125017657876
90026,50,15,0,0,0.0011542499996721745,3.470800584182143e-05,0.0006644579698331654,3.400002606213093e-05,0.0018874160014092922,0.0021683749509975314,-0.0002809589495882392
90026,51,15,0,0,0.0011233750265091658,3.21660190820694e-05,0.0014914999483153224,3.525003558024764e-05,0.002682291029486805,0.002729457977693528,-4.7166948206722736e-05
90026,52,15,1,1,0.001098083972465247,3.170798299834132e-05,0.001968791999388486,3.420800203457475e-05,0.003132791956886649,0.0024811659823171794,0.0006516259745694697
90026,53,14,1,1,0.0010926660033874214,3.2125040888786316e-05,0.0015468339552171528,0.00015008304035291076,0.0028217080398462713,0.001670084020588547,0.0011516240192577243
90026,54,13,3,3,0.0010936250328086317,3.0374969355762005e-05,0.0008563750307075679,3.591697895899415e-05,0.0020162920118309557,0.0028620000230148435,-0.0008457080111838877
90026,55,10,0,0,0.0009855839889496565,2.9916001949459314e-05,0.00045283400686457753,3.266596468165517e-05,0.0015009999624453485,0.001992416975554079,-0.0004914170131087303
90026,56,10,0,0,0.0009867079788818955,3.354198997840285e-05,0.0004988330183550715,3.283302066847682e-05,0.0015519160078838468,0.002062958956230432,-0.000511042948346585
90026,57,10,2,2,0.0010003329953178763,4.954199539497495e-05,0.0005776250036433339,3.787502646446228e-05,0.0016653750208206475,0.0035237499978393316,-0.0018583749770186841
90026,58,8,1,1,0.0009509169613011181,3.483303589746356e-05,0.0007900840137153864,3.587495302781463e-05,0.0018117089639417827,0.002378708973992616,-0.0005670000100508332
90026,59,7,0,0,0.0009314159979112446,3.2709038350731134e-05,0.0010405409848317504,3.458396531641483e-05,0.002039249986410141,0.002849832992069423,-0.0008105830056592822
90026,60,7,1,1,0.0009325419669039547,3.620801726356149e-05,0.0004825000069104135,3.345799632370472e-05,0.0014847079874016345,0.0024968329817056656,-0.0010121249943040311
90026,61,6,2,2,0.0009869579807855189,3.3208983950316906e-05,0.001182583044283092,3.999995533376932e-05,0.002242749964352697,0.002165250014513731,7.749994983896613e-05
90026,62,4,2,2,0.0008964170119725168,3.170798299834132e-05,0.0005133340018801391,4.16660332120955e-05,0.0014831250300630927,0.0015161249903030694,-3.2999960239976645e-05
90026,63,2,0,0,0.000841916014906019,3.533397102728486e-05,0.0005676660221070051,3.4833967220038176e-05,0.0014797499752603471,0.0014892920153215528,-9.542040061205626e-06
90026,64,2,1,1,0.0008105420274659991,2.9499991796910763e-05,0.0008055830257944763,3.524997737258673e-05,0.0016808750224299729,0.0013690830091945827,0.0003117920132353902
90026,65,1,1,1,0.0008335410384461284,3.200001083314419e-05,0.0006683339597657323,3.383302828297019e-05,0.001567708037327975,0.001440333027858287,0.00012737500946968794
90026,66,0,3,0,0.0007747500203549862,3.0165945645421743e-05,0.0004479170311242342,3.225001273676753e-05,0.0012850830098614097,0.0016084159724414349,-0.0003233329625800252
90026,67,0,5,0,0.0007745000184513628,2.9125018045306206e-05,0.000946833984926343,3.362499410286546e-05,0.0017840840155258775,0.001409208052791655,0.0003748759627342224
90026,68,0,5,0,0.0008359579951502383,5.8416975662112236e-05,0.0010553330066613853,3.5959004890173674e-05,0.0019856669823639095,0.0018233329756185412,0.00016233400674536824
90026,69,0,5,0,0.0007773749530315399,3.0583993066102266e-05,0.00048354105092585087,3.329198807477951e-05,0.0013247919850982726,0.0019809590303339064,-0.0006561670452356339
90026,70,0,8,0,0.0007754580001346767,3.0292023438960314e-05,0.0011518750106915832,3.20419785566628e-05,0.001989667012821883,0.0013734999811276793,0.0006161670316942036
90026,71,0,9,0,0.0008474590140394866,8.816597983241081e-05,0.0016774589894339442,6.77910284139216e-05,0.0026808750117197633,0.002114917035214603,0.0005659579765051603
90026,72,0,9,0,0.000794542022049427,4.054099554196e-05,0.0015320000238716602,7.391697727143764e-05,0.002441000018734485,0.0025359579594805837,-9.495794074609876e-05
90027,0,1,10,0,0.0008062919951044023,3.487500362098217e-05,0.0010781669989228249,3.862503217533231e-05,0.0019579590298235416,0.0020869580330327153,-0.00012899900320917368
90027,1,1,10,0,0.0008473339839838445,4.0790997445583344e-05,0.0011465840507298708,3.93329537473619e-05,0.0020740419859066606,0.002061041013803333,1.3000972103327513e-05
90027,2,2,10,0,0.0008202499593608081,3.225001273676753e-05,0.0018012080108746886,4.2000028770416975e-05,0.0026957080117426813,0.0022018339950591326,0.0004938740166835487
90027,3,3,10,0,0.0008872089674696326,3.2374984584748745e-05,0.001200250000692904,4.4665997847914696e-05,0.0021644999505952,0.0027094159740954638,-0.0005449160235002637
90027,4,8,10,0,0.0009567500092089176,3.125000512227416e-05,0.0005233329720795155,3.3374992199242115e-05,0.0015447079786099494,0.0018825840088538826,-0.0003378760302439332
90027,5,12,10,0,0.0010759169817902148,3.587501123547554e-05,0.0012902910239063203,4.3625012040138245e-05,0.002445708028972149,0.0017019580118358135,0.0007437500171363354
90027,6,14,10,2,0.0011495829676277936,3.320805262774229e-05,0.0010017500026151538,3.695895429700613e-05,0.0022214999771676958,0.0017984590376727283,0.00042304093949496746
90027,7,18,8,8,0.00117666699225083,2.97910301014781e-05,0.0004841670161113143,3.7999998312443495e-05,0.0017286250367760658,0.0018399579566903412,-0.00011133291991427541
90027,8,14,0,0,0.0010762499878183007,3.066600766032934e-05,0.0006115839933045208,3.3541000448167324e-05,0.0017520409892313182,0.0016482910141348839,0.00010374997509643435
90027,9,20,0,0,0.0012471250374801457,3.454094985499978e-05,0.0013811670360155404,4.037498729303479e-05,0.0027032080106437206,0.0018238330376334488,0.0008793749730102718
90027,10,26,0,0,0.0013458339963108301,3.0291033908724785e-05,0.0007477920153178275,3.27499583363533e-05,0.0021566670038737357,0.00195591599913314,0.00020075100474059582
90027,11,31,0,0,0.0014792080037295818,3.63329891115427e-05,0.001911874976940453,5.5334006901830435e-05,0.003482749976683408,0.0033074170351028442,0.00017533294158056378
90027,12,36,0,0,0.0015565829817205667,3.1292031053453684e-05,0.0017032079631462693,4.820903996005654e-05,0.0033392920158803463,0.002903749991673976,0.0004355420242063701
90027,13,38,2,2,0.0016835409915074706,3.2625044696033e-05,0.000953333976212889,3.6999990697950125e-05,0.0027065000031143427,0.003265207982622087,-0.0005587079795077443
90027,14,38,1,1,0.0016246250015683472,3.108300734311342e-05,0.0009099579765461385,3.3334014005959034e-05,0.002598999999463558,0.0023147090105339885,0.0002842909889295697
90027,15,41,2,2,0.001692832971457392,2.9999995604157448e-05,0.0005181669839657843,3.68330511264503e-05,0.002277833002153784,0.0023156669922173023,-3.7833990063518286e-05
90027,16,40,3,3,0.0016538749914616346,3.145798109471798e-05,0.0012868340127170086,3.9790989831089973e-05,0.003011957975104451,0.002458333969116211,0.0005536240059882402
90027,17,39,0,0,0.0016445830115117133,3.1791976653039455e-05,0.0010452920105308294,3.529101377353072e-05,0.002756958012469113,0.0028919579926878214,-0.00013499998021870852
90027,18,42,2,2,0.002271584002301097,3.208301495760679e-05,0.0006624169764108956,3.762502456083894e-05,0.0030037090182304382,0.002936249948106706,6.745907012373209e-05
90027,19,40,0,0,0.0017545419977977872,3.4415978007018566e-05,0.0006595420418307185,3.524997737258673e-05,0.002483749995008111,0.0035792500129900873,-0.0010955000179819763
90027,20,40,2,2,0.0016478339675813913,3.1125033274292946e-05,0.0005446249851956964,3.470800584182143e-05,0.002258291991893202,0.0026042090030387044,-0.00034591701114550233
90027,21,38,1,1,0.0015995000139810145,2.9999995604157448e-05,0.0007048330153338611,3.3999967854470015e-05,0.002368332992773503,0.0023245829506777227,4.375004209578037e-05
90027,22,37,0,0,0.0016090829740278423,3.84590239264071e-05,0.0011474579805508256,3.929197555407882e-05,0.002834291954059154,0.0023466250277124345,0.00048766692634671926
90027,23,37,0,0,0.0016481670318171382,3.466597991064191e-05,0.0012779170065186918,3.574998117983341e-05,0.0029964999994263053,0.0025731659843586385,0.00042333401506766677
90027,24,37,2,2,0.0016257919487543404,3.283302066847682e-05,0.0016067089745774865,4.108302528038621e-05,0.00330641696928069,0.002952875045593828,0.000353541923686862
90027,25,35,3,3,0.0015989590319804847,3.1790987122803926e-05,0.002720583986956626,4.225003067404032e-05,0.004393584036733955,0.0034885419881902635,0.0009050420485436916
90027,26,32,3,3,0.001531457994133234,3.737496444955468e-05,0.0010473750298842788,4.070898285135627e-05,0.0026569169713184237,0.002791416016407311,-0.00013449904508888721
90027,27,29,0,0,0.0013962080120109022,3.02919652312994e-05,0.000955625029746443,3.366597229614854e-05,0.002415790979284793,0.0029660420259460807,-0.0005502510466612875
90027,28,29,0,0,0.0014400830259546638,2.983299782499671e-05,0.0011916249641217291,5.800003418698907e-05,0.0027195410220883787,0.0025089579867199063,0.00021058303536847234
90027,29,29,1,1,0.0014429999864660203,3.466702764853835e-05,0.0013091249857097864,3.9624981582164764e-05,0.00282641698140651,0.0035299169830977917,-0.0007035000016912818
90027,30,28,2,2,0.0014602919691242278,7.158302469179034e-05,0.0014191250083968043,5.504197906702757e-05,0.00300604198127985,0.002885958005208522,0.00012008397607132792
90027,31,26,3,3,0.0013662499841302633,3.4541008062660694e-05,0.001402208989020437,4.9124995712190866e-05,0.002852124976925552,0.003160082967951894,-0.0003079579910263419
90027,32,23,1,1,0.0013364579644985497,4.170899046584964e-05,0.0010238329996354878,4.062504740431905e-05,0.002442625002004206,0.0030520419823005795,-0.0006094169802963734
90027,33,22,2,2,0.0018690829747356474,4.433403955772519e-05,0.0017422079690732062,5.337502807378769e-05,0.0037090000114403665,0.0031635829946026206,0.0005454170168377459
90027,34,20,1,1,0.0012410419876687229,3.2791984267532825e-05,0.0019272080389782786,4.5124965254217386e-05,0.0032461669761687517,0.003021499956957996,0.00022466701921075583
90027,35,19,1,1,0.0012106670183129609,3.470800584182143e-05,0.0021198749891482294,3.995897714048624e-05,0.003405208990443498,0.0023120000259950757,0.0010932089644484222
90027,36,18,0,0,0.0012116249999962747,3.170798299834132e-05,0.002837417006958276,6.0207967180758715e-05,0.004140957957133651,0.00243312498787418,0.0017078329692594707
90027,37,18,3,3,0.0012328330194577575,8.258398156613111e-05,0.001875000016298145,3.950000973418355e-05,0.003229917027056217,0.0029614170198328793,0.0002685000072233379
90027,38,15,0,0,0.0011436670320108533,5.0125003326684237e-05,0.0013124580145813525,3.612495493143797e-05,0.002542375004850328,0.0030889170011505485,-0.0005465419963002205
90027,39,15,5,5,0.0011359589989297092,4.4124957639724016e-05,0.0017217079875990748,3.904203185811639e-05,0.0029408339760266244,0.002932208008132875,8.625967893749475e-06
90027,40,10,2,2,0.001144082983955741,4.895898746326566e-05,0.0016287080361507833,6.35419855825603e-05,0.00288529199315235,0.0031672079931013286,-0.0002819159999489784
90027,41,8,1,1,0.0009644579840824008,3.3333024475723505e-05,0.0007479589548893273,3.412499791011214e-05,0.0017798749613575637,0.002051624993328005,-0.00027175003197044134
90027,42,7,1,1,0.0009298340301029384,3.0416005756706e-05,0.0012421249994076788,3.3334014005959034e-05,0.0022357090492732823,0.0019174170447513461,0.0003182920045219362
90027,43,6,1,1,0.0009103749762289226,3.745901631191373e-05,0.0005017080111429095,4.1417020838707685e-05,0.0014909590245224535,0.0020730000105686486,-0.000582040986046195
90027,44,5,2,2,0.0009122500196099281,3.162497887387872e-05,0.0004699170240201056,3.487500362098217e-05,0.0014486670261248946,0.0015403340221382678,-9.166699601337314e-05
90027,45,3,2,2,0.0008479169919155538,3.108300734311342e-05,0.0015146670048125088,3.63329891115427e-05,0.0024299999931827188,0.0014964590081945062,0.0009335409849882126
90027,46,1,0,0,0.0008080420084297657,2.9875023756176233e-05,0.0008008329896256328,3.21249826811254e-05,0.0016708750044927,0.0013774170074611902,0.0002934579970315099
90027,47,1,4,1,0.0008022919646464288,3.0166003853082657e-05,0.0004970000009052455,3.266701241955161e-05,0.0013621249818243086,0.0014392919838428497,-7.71670020185411e-05
90027,48,0,3,0,0.0007742500165477395,2.924998989328742e-05,0.0011849169968627393,3.1708041206002235e-05,0.0020201250445097685,0.001271541987080127,0.0007485830574296415
90027,49,0,5,0,0.0007777080172672868,3.366702003404498e-05,0.00047870801063254476,3.3791991882026196e-05,0.0013238750398159027,0.0018140830215997994,-0.0004902079817838967
90027,50,0,6,0,0.0007648750324733555,2.983299782499671e-05,0.0009067920036613941,3.7582998629659414e-05,0.0017390830325894058,0.0017130000051110983,2.6083027478307486e-05
90027,51,0,7,0,0.0008107910398393869,3.104197094216943e-05,0.000819833017885685,3.5208999179303646e-05,0.001696875027846545,0.001414082944393158,0.000282792083453387
90027,52,0,9,0,0.0011276250006631017,3.6167039070278406e-05,0.0008041669498197734,9.912502719089389e-05,0.0020670840167440474,0.0024277089978568256,-0.0003606249811127782
90027,53,0,9,0,0.0008052500197663903,3.1333009246736765e-05,0.0004709589993581176,3.666599513962865e-05,0.0013442080235108733,0.0013614999479614198,-1.7291924450546503e-05
90028,0,0,10,0,0.0007754169637337327,2.96669895760715e-05,0.0007806250359863043,3.3541000448167324e-05,0.0016192499897442758,0.0016668749740347266,-4.762498429045081e-05
90028,1,0,10,0,0.0008149160421453416,3.249995643272996e-05,0.0009082500473596156,3.333395579829812e-05,0.0017890000017359853,0.0013260419946163893,0.000462958007119596
90028,2,2,10,0,0.000815457955468446,2.9334041755646467e-05,0.0011454999912530184,3.466597991064191e-05,0.0020249579683877528,0.0013875410077162087,0.0006374169606715441
90028,3,4,10,0,0.0009084580233320594,3.2167008612304926e-05,0.0010839580208994448,3.454199759289622e-05,0.0020591250504367054,0.001753792050294578,0.0003053330001421273
90028,4,9,10,0,0.0009897080017253757,3.170798299834132e-05,0.0012147920206189156,0.00015883299056440592,0.0023950409959070385,0.0028554159798659384,-0.0004603749839589
90028,5,14,10,0,0.0011205420014448464,3.0957977287471294e-05,0.000539999979082495,3.5792007111012936e-05,0.0017272919649258256,0.00330400001257658,-0.0015767080476507545
90028,6,18,10,7,0.0012338749947957695,3.066699719056487e-05,0.0010917909676209092,4.1375053115189075e-05,0.0023977080127224326,0.001855459006037563,0.0005422490066848695
90028,7,12,3,3,0.0011025829589925706,3.470800584182143e-05,0.0012694590259343386,3.483297768980265e-05,0.0024415829684585333,0.0017346670501865447,0.0007069159182719886
90028,8,12,0,0,0.0010524169774726033,3.108300734311342e-05,0.00045845896238461137,3.320805262774229e-05,0.0015751669998280704,0.001707332965452224,-0.00013216596562415361
90028,9,16,0,0,0.0011358329793438315,3.145897062495351e-05,0.000910000002477318,4.658300895243883e-05,0.002123874961398542,0.002072292030788958,5.1582930609583855e-05
90028,10,18,0,0,0.0011898750090040267,3.391696373000741e-05,0.0005446250434033573,3.7582998629659414e-05,0.0018060000147670507,0.0026147079770453274,-0.0008087079622782767
90028,11,23,0,0,0.0013150000013411045,5.908403545618057e-05,0.0018762499676086009,4.191603511571884e-05,0.0032922500395216048,0.0023321660119108856,0.0009600840276107192
90028,12,27,1,1,0.0013946249964646995,5.883298581466079e-05,0.000530291988980025,3.5999983083456755e-05,0.002019749954342842,0.0025458330055698752,-0.0005260830512270331
90028,13,29,0,0,0.0014545829617418349,3.120902692899108e-05,0.0005567909684032202,3.3875054214149714e-05,0.002076458011288196,0.0021748750004917383,-9.841698920354247e-05
90028,14,37,3,3,0.0016040420159697533,2.929195761680603e-05,0.0012859160196967423,3.666698466986418e-05,0.0029559169779531658,0.002495666965842247,0.00046025001211091876
90028,15,41,2,2,0.0017027080175466835,3.445899346843362e-05,0.0005809579743072391,3.6333047319203615e-05,0.00235445803264156,0.0030646250233985484,-0.0007101669907569885
90028,16,42,0,0,0.0018675000173971057,3.895797999575734e-05,0.0006035839905962348,3.674998879432678e-05,0.0025467919767834246,0.002775458968244493,-0.0002286669914610684
90028,17,42,1,1,0.0017283750348724425,3.229198046028614e-05,0.0018140829633921385,4.5625027269124985e-05,0.003620375005993992,0.002679583034478128,0.0009407919715158641
90028,18,42,0,0,0.0017267090152017772,3.583298530429602e-05,0.0010815829737111926,5.1709008403122425e-05,0.0028958339826203883,0.0033174590207636356,-0.00042162503814324737
90028,19,43,2,2,0.0018037920235656202,6.00829953327775e-05,0.0012374999932944775,4.4666987378150225e-05,0.0031460419995710254,0.0024605420185253024,0.000685499981045723
90028,20,41,0,0,0.001779082987923175,3.512500552460551e-05,0.0005947920144535601,3.508297959342599e-05,0.0024440829874947667,0.0033832089975476265,-0.0009391260100528598
90028,21,41,0,0,0.0016992909950204194,3.345904406160116e-05,0.000987707986496389,3.483297768980265e-05,0.002755291003268212,0.0036575000267475843,-0.0009022090234793723
90028,22,41,1,1,0.0017376249888911843,3.3582968171685934e-05,0.001344334043096751,3.554095746949315e-05,0.0031510829576291144,0.0025880419998429716,0.0005630409577861428
90028,23,40,0,0,0.0016668749740347266,3.062497125938535e-05,0.0017355000018142164,4.791701212525368e-05,0.003480916959233582,0.0027271659928373992,0.0007537509663961828
90028,24,40,1,1,0.0017042499966919422,3.450002986937761e-05,0.0010525829857215285,3.38749960064888e-05,0.002825208008289337,0.0023705410421825945,0.0004546669661067426
90028,25,39,1,1,0.001661459042225033,3.070797538384795e-05,0.001158582977950573,3.6999990697950125e-05,0.002887749986257404,0.002967582957353443,-7.983297109603882e-05
90028,26,38,1,1,0.002274167025461793,3.691698657348752e-05,0.0007237499812617898,3.645801916718483e-05,0.003071292012464255,0.0031380829750560224,-6.679096259176731e-05
90028,27,37,2,2,0.0016281669959425926,4.445802187547088e-05,0.001784458989277482,4.966597771272063e-05,0.003506749984808266,0.003435124992392957,7.162499241530895e-05
90028,28,35,2,2,0.0015934159746393561,3.825000021606684e-05,0.0011378339841030538,3.566598752513528e-05,0.002805165946483612,0.003001249977387488,-0.00019608403090387583
90028,29,33,0,0,0.0015482919989153743,7.354101398959756e-05,0.0013607500004582107,5.7958997786045074e-05,0.0030405420111492276,0.0023104160209186375,0.0007301259902305901
90028,30,33,0,0,0.0015706670237705112,4.341598832979798e-05,0.0010854169959202409,3.816699609160423e-05,0.0027376670041121542,0.003797332989051938,-0.0010596659849397838
90028,31,33,2,2,0.0015296670026145875,3.80830024369061e-05,0.0005492079653777182,3.6917044781148434e-05,0.0021538750152103603,0.0025136250187642872,-0.00035975000355392694
90028,32,31,0,0,0.001494124997407198,4.1834020521491766e-05,0.0017479999805800617,5.620805313810706e-05,0.0033401670516468585,0.0032364160288125277,0.0001037510228343308
90028,33,31,0,0,0.001491583010647446,3.7041958421468735e-05,0.000940375030040741,3.729097079485655e-05,0.002506290969904512,0.0034871670068241656,-0.0009808760369196534
90028,34,31,2,2,0.0014914170023985207,4.2082974687218666e-05,0.0010012920247390866,3.687501884996891e-05,0.002571667020674795,0.00361799995880574,-0.001046332938130945
90028,35,29,1,1,0.0013909999979659915,3.041699528694153e-05,0.000886790978256613,3.950000973418355e-05,0.0023477079812437296,0.002489832986611873,-0.00014212500536814332
90028,36,28,1,1,0.0014200840378180146,3.3415970392525196e-05,0.0008225840283557773,3.44999716617167e-05,0.0023105840082280338,0.0023552910424768925,-4.470703424885869e-05
90028,37,27,2,2,0.0014006249839439988,3.204098902642727e-05,0.0010377500439062715,3.779196413233876e-05,0.0025082079810090363,0.0020002080127596855,0.0005079999682493508
90028,38,25,0,0,0.0013439999893307686,3.0790979508310556e-05,0.0008774999878369272,3.400002606213093e-05,0.0022862909827381372,0.0021243749652057886,0.00016191601753234863
90028,39,25,2,2,0.001354500011075288,3.312499029561877e-05,0.0014074170030653477,0.00010333297541365027,0.0028983749798499048,0.002341541985515505,0.0005568329943343997
90028,40,23,1,1,0.0012996249715797603,3.15000070258975e-05,0.001128166972193867,3.783300053328276e-05,0.0024971249513328075,0.0024724159738980234,2.4708977434784174e-05
90028,41,22,0,0,0.0012879169662483037,3.141601337119937e-05,0.0006092499825172126,3.4584023524075747e-05,0.0019631669856607914,0.003152916964609176,-0.0011897499789483845
90028,42,22,2,2,0.001281083037611097,3.024999750778079e-05,0.0013017079909332097,3.470899537205696e-05,0.0026477500214241445,0.0018469159840606153,0.0008008340373635292
90028,43,20,1,1,0.0015066250343807042,3.262498648837209e-05,0.0005350830033421516,3.7792022339999676e-05,0.0021121250465512276,0.002654333016835153,-0.0005422079702839255
90028,44,19,4,4,0.0012149160029366612,3.0459021218121052e-05,0.000986750004813075,3.9000005926936865e-05,0.0022711250348947942,0.0022299999836832285,4.112505121156573e-05
90028,45,15,2,2,0.0011424999684095383,3.0916009563952684e-05,0.0008981249993667006,3.62499849870801e-05,0.0021077909623272717,0.0019828330259770155,0.0001249579363502562
90028,46,13,1,1,0.0010767499916255474,3.091699909418821e-05,0.0006586670060642064,3.44999716617167e-05,0.0018008339684456587,0.0017685829661786556,3.225100226700306e-05
90028,47,12,1,1,0.0010432919953018427,3.112497506663203e-05,0.0009495830163359642,3.3334014005959034e-05,0.002057334000710398,0.0016851659747771919,0.0003721680259332061
90028,48,11,2,2,0.0010326249757781625,3.0166003853082657e-05,0.0005220420425757766,3.370799822732806e-05,0.0016185410204343498,0.0016070000128820539,1.1541007552295923e-05
90028,49,9,4,4,0.000984541024081409,3.149994881823659e-05,0.0006486670463345945,3.5207951441407204e-05,0.0016999159706756473,0.0026601250283420086,-0.0009602090576663613
90028,50,5,1,1,0.000906290952116251,2.979201963171363e-05,0.00045774999307468534,3.4917029552161694e-05,0.0014287499943748116,0.0014987920294515789,-7.00420350767672e-05
90028,51,4,2,2,0.0008725000079721212,3.0041963327676058e-05,0.0004915830213576555,3.491697134450078e-05,0.0014290419640019536,0.001539708988275379,-0.00011066702427342534
90028,52,2,3,2,0.0008441249956376851,3.187498077750206e-05,0.0005090000340715051,3.529200330376625e-05,0.0014202920137904584,0.0017039999947883189,-0.00028370798099786043
90028,53,0,2,0,0.000802125025074929,3.0540977604687214e-05,0.0006354590295813978,3.729097079485655e-05,0.0015054160030558705,0.002040749997831881,-0.0005353339947760105
90028,54,0,6,0,0.0007912919973023236,3.0750001315027475e-05,0.0005065409932285547,3.412499791011214e-05,0.001362707989756018,0.0013883330393582582,-2.5625049602240324e-05
90028,55,0,7,0,0.0007793750264681876,3.037502756342292e-05,0.0011023329570889473,4.0542043279856443e-05,0.0019526250544004142,0.0013569159782491624,0.0005957090761512518
90028,56,0,9,0,0.0007739170105196536,3.233295865356922e-05,0.0005563750164583325,3.258301876485348e-05,0.0013952080043964088,0.0020210830261930823,-0.0006258750217966735
90029,0,0,10,0,0.0007830830290913582,3.354198997840285e-05,0.0006031660013832152,3.445899346843362e-05,0.0014542500139214098,0.002279000007547438,-0.0008247499936260283
90029,1,3,10,0,0.0008331249700859189,3.029097570106387e-05,0.0012426250032149255,3.829202614724636e-05,0.0021443329751491547,0.0015020410064607859,0.0006422919686883688
90029,2,3,10,0,0.0008472920162603259,3.087497316300869e-05,0.0018422080320306122,5.770899588242173e-05,0.0027780840173363686,0.00205445900792256,0.0007236250094138086
90029,3,4,10,0,0.0009726249845698476,4.7208042815327644e-05,0.0013651669723913074,3.6582991015166044e-05,0.0024215829907916486,0.0016285419696941972,0.0007930410210974514
90029,4,6,10,0,0.0009268749854527414,3.820803249254823e-05,0.0005269169923849404,3.99160198867321e-05,0.001531916030216962,0.0023107919842004776,-0.0007788759539835155
90029,5,8,10,1,0.0009587499662302434,3.0708033591508865e-05,0.001455749967135489,0.00013887503882870078,0.002584083005785942,0.0015322500257752836,0.0010518329800106585
90029,6,9,9,9,0.0010016669984906912,3.304099664092064e-05,0.0011909999884665012,4.287500632926822e-05,0.0022685829899273813,0.00179854198358953,0.0004700410063378513
90029,7,3,0,0,0.0008546670433133841,3.145798109471798e-05,0.0005044169956818223,3.320799442008138e-05,0.0014237500145100057,0.002067624998744577,-0.0006438749842345715
90029,8,8,0,0,0.0009601250058040023,3.2167008612304926e-05,0.0009711249731481075,0.00014262500917539,0.0021060419967398047,0.0026101249968633056,-0.0005040830001235008
90029,9,15,0,0,0.0011166249751113355,3.0291033908724785e-05,0.0017469169688411057,3.3374992199242115e-05,0.002927207970060408,0.003074540989473462,-0.000147333019413054
90029,10,21,0,0,0.0012665829854086041,3.283401019871235e-05,0.0012510829837992787,3.4582975786179304e-05,0.0025850829551927745,0.0018495830008760095,0.0007354999543167651
90029,11,27,1,1,0.001408417010679841,3.7375022657215595e-05,0.0016527919797226787,5.337502807378769e-05,0.003151959041133523,0.002107165986672044,0.0010447930544614792
90029,12,31,0,0,0.0015275419573299587,3.2540992833673954e-05,0.0006000000284984708,3.4833967220038176e-05,0.0021949169458821416,0.0022355419932864606,-4.062504740431905e-05
90029,13,35,0,0,0.0015707080019637942,3.254198236390948e-05,0.0006069999653846025,3.525003558024764e-05,0.002245499985292554,0.0031167499837465584,-0.0008712499984540045
90029,14,42,2,2,0.0017088750028051436,3.154197474941611e-05,0.001223375031258911,3.3917021937668324e-05,0.002997709030751139,0.002521792019251734,0.0004759170114994049
90029,15,41,3,3,0.0016992500168271363,3.100000321865082e-05,0.000971166999079287,3.9000005926936865e-05,0.002740417025052011,0.0024618750321678817,0.0002785419928841293
90029,16,41,2,2,0.001694417034741491,3.0791969038546085e-05,0.0009001250145956874,3.62499849870801e-05,0.0026615840033628047,0.0023865830153226852,0.0002750009880401194
90029,17,40,0,0,0.0017299159662798047,3.658403875306249e-05,0.0005770410061813891,3.729196032509208e-05,0.0023808329715393484,0.0023159579723142087,6.487499922513962e-05
90029,18,42,0,0,0.0017794999876059592,3.250001464039087e-05,0.000558457977604121,3.454199759289622e-05,0.0024049999774433672,0.003649291000328958,-0.0012442910228855908
90029,19,42,2,2,0.0017017920035868883,3.108300734311342e-05,0.0007866250234656036,3.516697324812412e-05,0.0025546670076437294,0.0023345830268226564,0.00022008398082107306
90029,20,40,0,0,0.0017051249742507935,3.954197745770216e-05,0.0006393750081770122,3.9166014175862074e-05,0.00242320797406137,0.00254100002348423,-0.00011779204942286015
90029,21,40,0,0,0.0016902920324355364,3.0499999411404133e-05,0.000645000021904707,3.312499029561877e-05,0.0023989170440472662,0.002970708010252565,-0.0005717909662052989
90029,22,40,0,0,0.0016858750022947788,3.5750039387494326e-05,0.0005497499951161444,3.770797047764063e-05,0.002309083007276058,0.003649250022135675,-0.0013401670148596168
90029,23,40,1,1,0.0017440830124542117,3.795797238126397e-05,0.0005901250406168401,3.691698657348752e-05,0.0024090830120258033,0.0027415420045144856,-0.00033245899248868227
90029,24,39,1,1,0.001679833047091961,3.066699719056487e-05,0.0007596659706905484,3.404199378564954e-05,0.0025042080087587237,0.002962541999295354,-0.00045833399053663015
90029,25,38,1,1,0.0016645830473862588,7.483398076146841e-05,0.0006581249763257802,4.8707996029406786e-05,0.002446250000502914,0.0021849999902769923,0.00026125001022592187
90029,26,37,0,0,0.0016473750001750886,4.454201553016901e-05,0.0013395000132732093,4.600000102072954e-05,0.0030774170299991965,0.002788625017274171,0.0002887920127250254
90029,27,37,2,2,0.0016535830218344927,3.8832949940115213e-05,0.0015431670472025871,4.179199459031224e-05,0.0032773750135675073,0.0032936250208877027,-1.6250007320195436e-05
90029,28,35,1,1,0.001522041973657906,3.020802978426218e-05,0.0005337499896995723,3.529200330376625e-05,0.002121291996445507,0.0025855000130832195,-0.0004642080166377127
90029,29,34,0,0,0.0015464169555343688,3.320805262774229e-05,0.0018690419965423644,0.00013595796190202236,0.0035846249666064978,0.002209166996181011,0.0013754579704254866
90029,30,34,0,0,0.0015486250049434602,3.32500203512609e-05,0.0005397920031100512,3.512500552460551e-05,0.002156792033929378,0.0031537499744445086,-0.0009969579405151308
90029,31,34,1,1,0.0015512079698964953,3.266701241955161e-05,0.000521250010933727,3.420800203457475e-05,0.0021393329952843487,0.003378583991434425,-0.0012392509961500764
90029,32,33,2,2,0.0015447089681401849,3.341602860018611e-05,0.0011764169903472066,3.4582975786179304e-05,0.002789124962873757,0.00298475002637133,-0.00019562506349757314
90029,33,31,0,0,0.00146658398443833,3.141601337119937e-05,0.000547249976079911,3.5375007428228855e-05,0.002080624981317669,0.0030791250173933804,-0.0009985000360757113
90029,34,31,1,1,0.0014576669782400131,2.9875023756176233e-05,0.0011572500225156546,3.316695801913738e-05,0.0026779589825309813,0.00258341699372977,9.454198880121112e-05
90029,35,30,1,1,0.0014259159797802567,2.9499991796910763e-05,0.003787624998949468,0.00018500001169741154,0.005428040982224047,0.002045041008386761,0.0033829999738372862
90029,36,29,1,1,0.001416333019733429,5.258299643173814e-05,0.0024508750066161156,6.204197416082025e-05,0.003981832996942103,0.008972000039648265,-0.004990167042706162
90029,37,28,3,3,0.0014062090194784105,3.483297768980265e-05,0.0012167080421932042,3.875000402331352e-05,0.002696500043384731,0.002312708005774766,0.0003837920376099646
90029,38,25,2,2,0.0013542079832404852,3.662501694634557e-05,0.0016059589688666165,3.908301005139947e-05,0.0030358749791048467,0.0022056669695302844,0.0008302080095745623
90029,39,23,1,1,0.001288625004235655,3.112497506663203e-05,0.0005950829945504665,4.291703226044774e-05,0.0019577500061132014,0.0018882090225815773,6.954098353162408e-05
90029,40,22,1,1,0.001284959027543664,3.174995072185993e-05,0.001458665996324271,3.3917021937668324e-05,0.002809291996527463,0.0019282090361230075,0.0008810829604044557
90029,41,21,3,3,0.0012478339485824108,3.000005381181836e-05,0.0004873749567195773,3.812502836808562e-05,0.0018033339874818921,0.002625749970320612,-0.0008224159828387201
90029,42,18,0,0,0.001913999964017421,3.329198807477951e-05,0.0004848330281674862,3.591697895899415e-05,0.002468041959218681,0.002520958019886166,-5.2916060667485e-05
90029,43,18,0,0,0.0012086660135537386,3.512500552460551e-05,0.0010747089982032776,3.874994581565261e-05,0.0023572499630972743,0.002624125045258552,-0.00026687508216127753
90029,44,18,0,0,0.001157166960183531,3.3750024158507586e-05,0.0018853329820558429,5.400000372901559e-05,0.003130249970126897,0.00182712497189641,0.001303124998230487
90029,45,18,4,4,0.0012773750349879265,4.2458006646484137e-05,0.0009757920051924884,4.304095637053251e-05,0.0023386660031974316,0.0026247500209137797,-0.00028608401771634817
90029,46,14,3,3,0.0011192079982720315,3.1957984901964664e-05,0.000484667019918561,3.512500552460551e-05,0.0016709580086171627,0.002160416974220425,-0.0004894589656032622
90029,47,11,1,1,0.0010414999560452998,3.0916009563952684e-05,0.0006821249844506383,3.604200901463628e-05,0.001790582959074527,0.0019087920081801713,-0.00011820904910564423
90029,48,10,1,1,0.0010382499895058572,3.433297388255596e-05,0.0009918750147335231,3.541703335940838e-05,0.0020998750114813447,0.0017590000061318278,0.00034087500534951687
90029,49,9,0,0,0.000988874991890043,3.141601337119937e-05,0.0009424170129932463,3.5457953345030546e-05,0.0019981659715995193,0.0019910840201191604,7.081951480358839e-06
90029,50,9,0,0,0.0009824589942581952,3.2999960239976645e-05,0.000524125003721565,3.358302637934685e-05,0.0015731669845990837,0.0017759589827619493,-0.00020279199816286564
90029,51,9,1,1,0.0009605419472791255,3.400002606213093e-05,0.000506750016938895,3.324996214359999e-05,0.0015345419524237514,0.0020142089924775064,-0.00047966704005375504
90029,52,8,4,4,0.0009429579949937761,2.96669895760715e-05,0.0006214999593794346,3.8375030271708965e-05,0.0016324999742209911,0.0016277919639833272,4.708010237663984e-06
90029,53,4,2,2,0.0008535829838365316,2.9375019948929548e-05,0.0007557090139016509,3.8790982216596603e-05,0.0016774579999037087,0.0021512919920496643,-0.00047383399214595556
90029,54,2,3,2,0.0008292080019600689,3.2333016861230135e-05,0.0009762920089997351,3.754202043637633e-05,0.0018753750482574105,0.0017538749962113798,0.00012150005204603076
90029,55,0,1,0,0.0008115830132737756,3.508297959342599e-05,0.0008489169995300472,3.645801916718483e-05,0.0017320410115644336,0.0013378330040723085,0.00039420800749212503
90029,56,0,1,0,0.000762958952691406,3.095803549513221e-05,0.0005427919677458704,3.645801916718483e-05,0.0013731669750995934,0.001303084020037204,7.008295506238937e-05
90029,57,0,3,0,0.000792624952737242,3.0417053494602442e-05,0.0004742079763673246,3.462500171735883e-05,0.0013318749843165278,0.0015367500018328428,-0.00020487501751631498
90029,58,0,6,0,0.0007931250147521496,3.058300353586674e-05,0.0009536250145174563,3.620801726356149e-05,0.001813541050069034,0.0015660409699194133,0.00024750008014962077
90029,59,0,7,0,0.0008090829942375422,3.412499791011214e-05,0.00047325005289167166,3.51249473169446e-05,0.0013515829923562706,0.0016627079457975924,-0.00031112495344132185
90029,60,0,9,0,0.0007851659902371466,3.0166993383318186e-05,0.00045487500028684735,3.320799442008138e-05,0.0013034159783273935,0.0013560829684138298,-5.266699008643627e-05
90029,61,0,9,0,0.0007850000401958823,3.0041963327676058e-05,0.0004933750024065375,3.341602860018611e-05,0.001341833034530282,0.0021996659925207496,-0.0008578329579904675
90030,0,0,10,0,0.0007854999857954681,3.024999750778079e-05,0.0008981659775599837,0.00012799998512491584,0.0018419159459881485,0.0018588750390335917,-1.6959093045443296e-05
90030,1,2,10,0,0.0008265830110758543,4.187499871477485e-05,0.0005611249944195151,3.6416982766240835e-05,0.0014659999869763851,0.0023682090104557574,-0.0009022090234793723
90030,2,4,10,0,0.0008656670106574893,3.024999750778079e-05,0.001988666015677154,3.975001163780689e-05,0.002924333035480231,0.0015821660053916276,0.0013421670300886035
90030,3,7,10,0,0.0009489160147495568,3.229198046028614e-05,0.0015790830366313457,0.0001437090104445815,0.00270400004228577,0.0027607500087469816,-5.674996646121144e-05
90030,4,10,10,0,0.0012109589879401028,3.3541000448167324e-05,0.0012975839781574905,3.529101377353072e-05,0.0025773749803192914,0.0026040420052595437,-2.6667024940252304e-05
90030,5,15,10,7,0.0011321250349283218,2.924998989328742e-05,0.0007317499839700758,4.066701512783766e-05,0.0019337920239195228,0.0017234170227311552,0.0002103750011883676
90030,6,11,3,3,0.0010542920208536088,3.129098331555724e-05,0.0007962500094436109,4.6042026951909065e-05,0.001927875040564686,0.001640375005081296,0.0002875000354833901
90030,7,12,0,0,0.0010632919729687274,3.095803549513221e-05,0.0004623339627869427,3.3916032407432795e-05,0.001590500003658235,0.0017642080201767385,-0.00017370801651850343
90030,8,20,0,0,0.0012334579951129854,2.9999995604157448e-05,0.0005017080111429095,3.2833951991051435e-05,0.0017979999538511038,0.0018017500406131148,-3.750086762011051e-06
90030,9,21,0,0,0.0012948749936185777,4.5082997530698776e-05,0.0008800420328043401,4.4082989916205406e-05,0.002264083013869822,0.002250624995213002,1.3458018656820059e-05
90030,10,26,0,0,0.0013877079472877085,3.1125033274292946e-05,0.000496583990752697,3.404100425541401e-05,0.0019494579755701125,0.00290545797906816,-0.0009560000034980476
90030,11,30,0,0,0.0014757089666090906,3.116601146757603e-05,0.001418875006493181,3.570900298655033e-05,0.002961458987556398,0.0021450829808600247,0.0008163760066963732
90030,12,32,0,0,0.0015139169991016388,3.087497316300869e-05,0.0005593749810941517,3.300001844763756e-05,0.0021371669718064368,0.002222375012934208,-8.520804112777114e-05
90030,13,36,0,0,0.0015782919945195317,3.354198997840285e-05,0.0016542910016141832,3.504200140014291e-05,0.0033011669875122607,0.0022464580251835287,0.001054708962328732
90030,14,43,1,1,0.0017120420234277844,2.924998989328742e-05,0.0005148329655639827,3.395904786884785e-05,0.0022900840267539024,0.0028082499629817903,-0.0005181659362278879
90030,15,44,0,0,0.0017436670023016632,2.8749986086040735e-05,0.0018854999798350036,3.341602860018611e-05,0.0036913329968228936,0.002395334013272077,0.0012959989835508168
90030,16,48,0,0,0.0018749170121736825,3.670796286314726e-05,0.0012575419968925416,3.529200330376625e-05,0.0032044589752331376,0.0028474589926190674,0.0003569999826140702
90030,17,49,0,0,0.0018540419987402856,3.120797919109464e-05,0.0007198340026661754,3.38749960064888e-05,0.0026389589766040444,0.002812166989315301,-0.00017320801271125674
90030,18,49,3,3,0.0018986249924637377,3.2167008612304926e-05,0.0019373330287635326,3.6416982766240835e-05,0.003904542012605816,0.003359624999575317,0.0005449170130304992
90030,19,46,1,1,0.0018686249968595803,3.225001273676753e-05,0.0005867080180905759,3.833300434052944e-05,0.002525916032027453,0.003883542027324438,-0.001357625995296985
90030,20,45,0,0,0.0017881669919006526,3.170798299834132e-05,0.0005370420403778553,3.574998117983341e-05,0.0023926669964566827,0.0034340830170549452,-0.0010414160205982625
90030,21,45,2,2,0.0017854999750852585,3.095902502536774e-05,0.0005992910009808838,3.5624951124191284e-05,0.0024513749522157013,0.002655041986145079,-0.0002036670339293778
90030,22,43,0,0,0.0017172079533338547,2.9292015824466944e-05,0.0005129160126671195,3.266701241955161e-05,0.0022920829942449927,0.00290645903442055,-0.0006143760401755571
90030,23,43,0,0,0.0017424170509912074,3.02919652312994e-05,0.0008399580256082118,3.729196032509208e-05,0.0026499590021558106,0.0025841249735094607,6.583402864634991e-05
90030,24,43,2,2,0.001744000008329749,3.125000512227416e-05,0.0008917920058593154,3.937497967854142e-05,0.00270641699898988,0.002865333983208984,-0.00015891698421910405
90030,25,41,0,0,0.001717124949209392,3.145803930237889e-05,0.0022366250050254166,0.0001373330014757812,0.004122540995012969,0.0023850409779697657,0.0017375000170432031
90030,26,41,1,1,0.0017202910385094583,3.758398815989494e-05,0.0005642499891109765,3.8166006561368704e-05,0.0023602910223416984,0.003001249977387488,-0.0006409589550457895
90030,27,40,0,0,0.0016969999996945262,3.3415970392525196e-05,0.0007858750177547336,3.504200140014291e-05,0.002551332989241928,0.0029988749884068966,-0.00044754199916496873
90030,28,40,0,0,0.0017122499994002283,3.024999750778079e-05,0.0006592079880647361,3.545801155269146e-05,0.0024371659965254366,0.0032820419874042273,-0.0008448759908787906
90030,29,40,0,0,0.002406915999017656,3.995897714048624e-05,0.001592333021108061,4.21669683419168e-05,0.00408137496560812,0.0038418330368585885,0.0002395419287495315
90030,30,40,0,0,0.0016723339795134962,3.629102138802409e-05,0.0009172919671982527,3.445800393819809e-05,0.002660374972037971,0.002315833989996463,0.00034454098204150796
90030,31,40,1,1,0.0016337080160155892,2.9499991796910763e-05,0.0008641669992357492,4.487502155825496e-05,0.002572250028606504,0.0027307919808663428,-0.00015854195225983858
90030,32,39,0,0,0.001705207978375256,8.200004231184721e-05,0.0017046249704435468,0.00014387501869350672,0.0036357080098241568,0.0024366670404560864,0.0011990409693680704
90030,33,39,0,0,0.0016780419973656535,3.1999952625483274e-05,0.0013606250286102295,4.033301956951618e-05,0.0031109999981708825,0.0030771250021643937,3.38749960064888e-05
90030,34,39,0,0,0.0016742500010877848,3.3791991882026196e-05,0.0005463749985210598,3.708299482241273e-05,0.0022914999863132834,0.003020708041731268,-0.0007292080554179847
90030,35,39,0,0,0.0016839579911902547,5.8750039897859097e-05,0.0008126669563353062,4.441599594429135e-05,0.0025997909833677113,0.0022385410265997052,0.0003612499567680061
90030,36,39,0,0,0.0016490420093759894,3.2125040888786316e-05,0.0005743329529650509,3.620801726356149e-05,0.002291708020493388,0.0028041250188834965,-0.0005124169983901083
90030,37,39,0,0,0.0016494999872520566,3.095803549513221e-05,0.0010777089628390968,3.425002796575427e-05,0.00279241701355204,0.0025997079792432487,0.00019270903430879116
90030,38,39,3,3,0.0016213330090977252,2.9916991479694843e-05,0.0015070000081323087,3.7416990380734205e-05,0.003195666999090463,0.002229749981779605,0.0009659170173108578
90030,39,36,0,0,0.0016328340279869735,3.366597229614854e-05,0.0017786669777706265,3.700004890561104e-05,0.0034821670269593596,0.0025207920116372406,0.000961375015322119
90030,40,36,0,0,0.0015977919683791697,2.9916001949459314e-05,0.0009373340290039778,3.3415970392525196e-05,0.002598457969725132,0.002328000031411648,0.0002704579383134842
90030,41,36,0,0,0.001565833983477205,2.9999995604157448e-05,0.0011185409966856241,3.4334021620452404e-05,0.002748708997387439,0.0023500840179622173,0.0003986249794252217
90030,42,36,1,1,0.0016242910060100257,4.029198316857219e-05,0.0005421250243671238,3.637495683506131e-05,0.002243082970380783,0.0028734999941661954,-0.0006304170237854123
90030,43,35,1,1,0.0015339580131694674,2.983398735523224e-05,0.0006878330023027956,3.433297388255596e-05,0.0022859579767100513,0.0022435419959947467,4.241598071530461e-05
90030,44,34,2,2,0.0015750839957036078,3.350002225488424e-05,0.0005208749789744616,3.8040976505726576e-05,0.00216749997343868,0.0023033750476315618,-0.00013587507419288158
90030,45,32,3,3,0.0015100830351002514,3.1208968721330166e-05,0.0007442079950124025,3.733299672603607e-05,0.00232283299556002,0.0030780829838477075,-0.0007552499882876873
90030,46,29,0,0,0.001406625029630959,3.104197094216943e-05,0.0005050830077379942,3.4167023841291666e-05,0.0019769170321524143,0.0029744160128757358,-0.0009974989807233214
90030,47,29,0,0,0.0014137919642962515,3.0333001632243395e-05,0.0014014579937793314,3.5334029234945774e-05,0.002880916988942772,0.0019974169554188848,0.0008835000335238874
90030,48,29,0,0,0.0014495000359602273,3.045797348022461e-05,0.0005206670030020177,3.245798870921135e-05,0.002033083001151681,0.0029812079737894237,-0.0009481249726377428
90030,49,29,0,0,0.001464082975871861,3.166700480505824e-05,0.0015519160078838468,3.245897823944688e-05,0.003080124966800213,0.0020163339795544744,0.0010637909872457385
90030,50,29,0,0,0.001424292044248432,2.96669895760715e-05,0.0004902079817838967,3.1957984901964664e-05,0.0019761250005103648,0.002037208992987871,-6.10839924775064e-05
90030,51,29,0,0,0.0014110839692875743,3.0041032005101442e-05,0.0006907499628141522,3.404199378564954e-05,0.0021659169578924775,0.002130666980519891,3.524997737258673e-05
90030,52,29,0,0,0.0014463330153375864,2.983299782499671e-05,0.0004986670101061463,3.304198617115617e-05,0.0020078750094398856,0.0024552089744247496,-0.000447333964984864
90030,53,29,0,0,0.001414833008311689,2.9499991796910763e-05,0.0010624999995343387,3.5917037166655064e-05,0.0025427500368095934,0.002513792016543448,2.8958020266145468e-05
90030,54,29,0,0,0.0014342920039780438,4.445802187547088e-05,0.0011556249810382724,5.254201823845506e-05,0.002686917025130242,0.0030377499642781913,-0.0003508329391479492
90030,55,29,0,0,0.001459082996007055,3.774999640882015e-05,0.0011233339901082218,3.587501123547554e-05,0.0026560419937595725,0.0021377920056693256,0.0005182499880902469
90030,56,29,0,0,0.0013918329495936632,3.241701051592827e-05,0.0005182920140214264,3.166601527482271e-05,0.0019742079894058406,0.0021326669957488775,-0.0001584590063430369
90030,57,29,0,0,0.0013850829564034939,2.9125018045306206e-05,0.0007099169888533652,3.250001464039087e-05,0.002156624977942556,0.0022213750053197145,-6.47500273771584e-05
90030,58,29,0,0,0.0014500839752145112,3.4374999813735485e-05,0.0009254160104319453,3.654201282188296e-05,0.002446416998282075,0.0026645840262062848,-0.00021816702792420983
90030,59,29,1,1,0.0014461249811574817,3.1750008929520845e-05,0.0009811249910853803,3.5917037166655064e-05,0.002494917018339038,0.002331666008103639,0.000163251010235399
90030,60,28,3,3,0.001417458988726139,3.083300543949008e-05,0.000627624976914376,3.5375007428228855e-05,0.002111291978508234,0.0029607079923152924,-0.0008494160138070583
90030,61,25,1,1,0.0013622920378111303,3.670796286314726e-05,0.0013700840063393116,0.00013120798394083977,0.002900291990954429,0.001991375000216067,0.0009089169907383621
90030,62,24,0,0,0.00130116700893268,3.2750016544014215e-05,0.0005393750034272671,3.6041950806975365e-05,0.0019093339797109365,0.00282754102954641,-0.0009182070498354733
90030,63,24,0,0,0.001325832970906049,3.1333009246736765e-05,0.0005417920183390379,3.44999716617167e-05,0.0019334579701535404,0.001974583021365106,-4.112505121156573e-05
90030,64,24,3,3,0.0013299169950187206,3.0333001632243395e-05,0.0004904999514110386,3.420800203457475e-05,0.0018849579500965774,0.0022934579756110907,-0.00040850002551451325
90030,65,21,2,2,0.0013117080088704824,5.7958997786045074e-05,0.0016667909803800285,0.00014504202408716083,0.003181500011123717,0.0018310419982299209,0.001350458012893796
90030,66,19,0,0,0.0012366670416668057,3.1333009246736765e-05,0.0013432090054266155,3.5165983717888594e-05,0.0026463750400580466,0.0029858750058338046,-0.00033949996577575803
90030,67,19,0,0,0.0012170839472673833,3.095803549513221e-05,0.0005616249982267618,3.829196793958545e-05,0.0018479589489288628,0.002424832957331091,-0.0005768740084022284
90030,68,19,0,0,0.0012494580005295575,3.1917006708681583e-05,0.000540458015166223,3.56250093318522e-05,0.0018574580317363143,0.0030557920108549297,-0.0011983339791186154
90030,69,19,0,0,0.0012297920184209943,3.0125025659799576e-05,0.0006075419951230288,3.304099664092064e-05,0.0019005000358447433,0.0018013329827226698,9.916705312207341e-05
90030,70,19,0,0,0.0012136250152252614,2.9916001949459314e-05,0.0011341249919496477,3.366702003404498e-05,0.0024113330291584134,0.0017991670174524188,0.0006121660117059946
90030,71,19,0,0,0.0012157079763710499,3.08750313706696e-05,0.0005380419897846878,3.304099664092064e-05,0.0018176659941673279,0.0018317499780096114,-1.4083983842283487e-05
90030,72,19,1,1,0.0017121249693445861,3.1167000997811556e-05,0.0007977079949341714,3.9792037568986416e-05,0.0025807920028455555,0.0028696670196950436,-0.000288875016849488
90030,73,18,1,1,0.0011842080275528133,2.9041955713182688e-05,0.0005439160158857703,3.3750024158507586e-05,0.0017909160233102739,0.0029358749743551016,-0.0011449589510448277
90030,74,17,0,0,0.0011710830149240792,3.045896301046014e-05,0.0017848749994300306,3.970804391428828e-05,0.003026125021278858,0.0019145829719491303,0.0011115420493297279
90030,75,17,1,1,0.0011712079867720604,3.2292038667947054e-05,0.0010249160113744438,4.420895129442215e-05,0.0022726249881088734,0.0027732079615816474,-0.000500582973472774
90030,76,16,1,1,0.0011777919717133045,4.729203647002578e-05,0.0016734999953769147,4.274997627362609e-05,0.002941333979833871,0.0028676660149358213,7.366796489804983e-05
90030,77,15,1,1,0.0010975409531965852,3.15000070258975e-05,0.0006121250335127115,3.458396531641483e-05,0.001775749959051609,0.002304374997038394,-0.0005286250379867852
90030,78,14,1,1,0.0011407079873606563,4.1417020838707685e-05,0.0005591249791905284,4.187499871477485e-05,0.0017831249861046672,0.0016484170337207615,0.00013470795238390565
90030,79,13,4,4,0.0010865419753827155,3.1542032957077026e-05,0.001081082969903946,4.33750101365149e-05,0.0022425419883802533,0.0017140000127255917,0.0005285419756546617
90030,80,9,0,0,0.0009970419923774898,3.2415962778031826e-05,0.0013883750070817769,3.362499410286546e-05,0.002451457956340164,0.0015667499974370003,0.0008847079589031637
90030,81,9,0,0,0.0009962079930119216,3.1709030736237764e-05,0.0011190829682163894,3.3791991882026196e-05,0.002180791983846575,0.00257108302321285,-0.00039029103936627507
90030,82,9,0,0,0.0010055419988930225,3.0499999411404133e-05,0.001025000005029142,3.3374992199242115e-05,0.0020944169955328107,0.0025094159645959735,-0.0004149989690631628
90030,83,9,1,1,0.0010018330067396164,3.170798299834132e-05,0.0007306250045076013,3.879197174683213e-05,0.0018029579659923911,0.0016282919677905738,0.00017466599820181727
90030,84,8,0,0,0.000988541985861957,3.5958015359938145e-05,0.0009138329769484699,3.700004890561104e-05,0.001975333027075976,0.0016527920379303396,0.00032254098914563656
90030,85,8,1,1,0.0009492919780313969,2.9958027880638838e-05,0.00046779197873547673,3.4374999813735485e-05,0.001481416984461248,0.0015144580393098295,-3.304105484858155e-05
90030,86,7,2,2,0.0009538329904899001,3.179203486070037e-05,0.0015718329814262688,5.5750017054378986e-05,0.0026132080238312483,0.0019782920135185122,0.000634916010312736
90030,87,5,0,0,0.000896208977792412,3.220804501324892e-05,0.0010895419982261956,3.512500552460551e-05,0.002053084026556462,0.002604665991384536,-0.000551581964828074
90030,88,5,3,3,0.0008791660075075924,2.9459013603627682e-05,0.00051754096057266,3.350002225488424e-05,0.0014596660039387643,0.0014686670037917793,-9.000999853014946e-06
90030,89,2,0,0,0.0008251249673776329,3.020802978426218e-05,0.0012076249695383012,4.062504740431905e-05,0.0021035830141045153,0.0020401669899001718,6.341602420434356e-05
90030,90,2,1,1,0.0008323329966515303,3.0374969355762005e-05,0.001179959042929113,3.3999967854470015e-05,0.002076666976790875,0.0015064170002005994,0.0005702499765902758
90030,91,1,1,1,0.0007981660310178995,3.262498648837209e-05,0.0005149589851498604,4.2583036702126265e-05,0.0013883330393582582,0.0019461250049062073,-0.0005577919655479491
90030,92,0,0,0,0.0008013329934328794,3.112497506663203e-05,0.00044704199535772204,3.400002606213093e-05,0.0013134999899193645,0.00242266699206084,-0.0011091670021414757
90030,93,0,1,0,0.000797040993347764,3.0792027246207e-05,0.0008093749638646841,3.554200520738959e-05,0.0016727499896660447,0.0013011660194024444,0.00037158397026360035
90030,94,0,1,0,0.0008027919684536755,3.412499791011214e-05,0.0008254999993368983,6.612500874325633e-05,0.0017285419744439423,0.00208754203049466,-0.00035900005605071783
90030,95,0,3,0,0.0007782499887980521,2.9958027880638838e-05,0.0009689999860711396,0.00011216697748750448,0.001889374980237335,0.001951583952177316,-6.220897193998098e-05
90030,96,0,4,0,0.0008089169859886169,3.416696563363075e-05,0.0004647080204449594,3.616698086261749e-05,0.0013439589529298246,0.0017722499906085432,-0.00042829103767871857
90030,97,0,5,0,0.0007890000124461949,3.0082999728620052e-05,0.0014784170198254287,3.4374999813735485e-05,0.002331875031813979,0.001523084007203579,0.0008087910246104002
90030,98,0,5,0,0.0008046249859035015,3.037502756342292e-05,0.0004719579592347145,3.420800203457475e-05,0.0013411659747362137,0.0020084159914404154,-0.0006672500167042017
90030,99,0,6,0,0.0007862920174375176,3.0124967452138662e-05,0.001189708011224866,3.283302066847682e-05,0.002038958016782999,0.0023291659890674055,-0.0002902079722844064
90030,100,0,8,0,0.0007821249892003834,2.987496554851532e-05,0.0006756660295650363,3.3958989661186934e-05,0.001521624973975122,0.0017160000279545784,-0.00019437505397945642
90031,0,0,10,0,0.0008064580033533275,4.199997056275606e-05,0.0006722499965690076,4.875002196058631e-05,0.0015694579924456775,0.0020541249541565776,-0.00048466696171090007
90031,1,1,10,0,0.0008415839984081686,3.304099664092064e-05,0.0010268749902024865,3.5917037166655064e-05,0.0019374170224182308,0.00144379201810807,0.0004936250043101609
90031,2,5,10,0,0.0009004580206237733,2.9458024073392153e-05,0.000529541983269155,3.300001844763756e-05,0.001492458046413958,0.0018748330185189843,-0.00038237497210502625
90031,3,9,10,0,0.0010139590012840927,3.9082951843738556e-05,0.0005022080149501562,3.4791999496519566e-05,0.001590041967574507,0.0015414159861393273,4.862598143517971e-05
90031,4,12,10,0,0.0010252920328639448,2.9082992114126682e-05,0.0005007919971831143,3.162497887387872e-05,0.0015867920010350645,0.0016261250129900873,-3.933301195502281e-05
90031,5,16,10,8,0.0011634999536909163,3.450002986937761e-05,0.0004933750024065375,4.1457999031990767e-05,0.0017328329849988222,0.002637583005707711,-0.0009047500207088888
90031,6,14,2,2,0.001123833004385233,3.287498839199543e-05,0.0005884580314159393,4.6874978579580784e-05,0.0017920410027727485,0.003202332998625934,-0.0014102919958531857
90031,7,13,0,0,0.0010676250094547868,3.0166993383318186e-05,0.0009915829868987203,3.208400448784232e-05,0.0021214589942246675,0.004269208002369851,-0.0021477490081451833
90031,8,16,0,0,0.0011632500099949539,5.187495844438672e-05,0.0007910420536063612,3.4999975468963385e-05,0.002041166997514665,0.0033491659560240805,-0.0013079989585094154
90031,9,19,0,0,0.0014252080000005662,4.2625004425644875e-05,0.0005699170287698507,3.8832949940115213e-05,0.002076582983136177,0.001847832987550646,0.000228749995585531
90031,10,26,0,0,0.0013637090451084077,3.0124967452138662e-05,0.0006005830364301801,3.433297388255596e-05,0.0020287500228732824,0.0021574170095846057,-0.00012866698671132326
90031,11,31,0,0,0.0014951250050216913,3.3999967854470015e-05,0.0010559170041233301,3.508297959342599e-05,0.0026201249565929174,0.0026662920136004686,-4.616705700755119e-05
90031,12,37,2,2,0.0016307079931721091,3.062497125938535e-05,0.0013091249857097864,3.6334036849439144e-05,0.00300679198699072,0.002293249999638647,0.0007135419873520732
90031,13,37,0,0,0.0017715829890221357,3.5792007111012936e-05,0.0015931660309433937,3.26669542118907e-05,0.003433207981288433,0.0025947089889086783,0.0008384989923797548
90031,14,43,2,2,0.0017205839976668358,3.0291033908724785e-05,0.0009797500097192824,3.5833974834531546e-05,0.0027664590161293745,0.0023962080013006926,0.00037025101482868195
90031,15,42,1,1,0.0017168329795822501,3.083300543949008e-05,0.0009938339935615659,3.38749960064888e-05,0.002775374974589795,0.002371167007368058,0.0004042079672217369
90031,16,43,0,0,0.0017534170183353126,3.258301876485348e-05,0.001075291947927326,3.704201662912965e-05,0.0028983340016566217,0.003115875006187707,-0.0002175410045310855
90031,17,44,0,0,0.001862709003034979,3.408303018659353e-05,0.0010363749461248517,3.4333032090216875e-05,0.002967500011436641,0.002445666992571205,0.0005218330188654363
90031,18,45,2,2,0.0018069169600494206,4.958303179591894e-05,0.0005967919714748859,5.037500523030758e-05,0.002503666968550533,0.0035831249551847577,-0.0010794579866342247
90031,19,43,1,1,0.0017365420353598893,3.51249473169446e-05,0.0030616250005550683,3.833300434052944e-05,0.0048716249875724316,0.0034914169809781015,0.00138020800659433
90031,20,42,0,0,0.0018295409972779453,9.429198689758778e-05,0.0034764169831760228,4.062504740431905e-05,0.005440875014755875,0.0037278339732438326,0.0017130410415120423
90031,21,42,1,1,0.0017637499840930104,3.5375007428228855e-05,0.0010179170058108866,3.974995343014598e-05,0.002856791950762272,0.002559874963480979,0.0002969169872812927
90031,22,41,0,0,0.0017357079777866602,5.558301927521825e-05,0.0012430420028977096,5.829200381413102e-05,0.003092625003773719,0.003179707971867174,-8.708296809345484e-05
90031,23,41,0,0,0.0018267089617438614,3.891601227223873e-05,0.0013304590247571468,3.462500171735883e-05,0.003230709000490606,0.0041708750068210065,-0.0009401660063304007
90031,24,41,1,1,0.0017001249943859875,3.4791999496519566e-05,0.0010742080048657954,3.650004509836435e-05,0.002845625043846667,0.003217916004359722,-0.0003722909605130553
90031,25,40,0,0,0.0017991249915212393,8.100003469735384e-05,0.0012803749996237457,6.662501255050302e-05,0.003227125038392842,0.0033583749900572,-0.00013124995166435838
90031,26,40,0,0,0.001668207987677306,4.416698357090354e-05,0.0009910000371746719,4.099996294826269e-05,0.002744374971371144,0.0024938330170698464,0.00025054195430129766
90031,27,40,1,1,0.0017545410082675517,3.4958997275680304e-05,0.0012544579803943634,3.6917044781148434e-05,0.003080875030718744,0.0034038330195471644,-0.00032295798882842064
90031,28,39,0,0,0.001699417014606297,3.787502646446228e-05,0.0009778329986147583,4.220899427309632e-05,0.002757334033958614,0.002286083996295929,0.0004712500376626849
90031,29,39,0,0,0.0017388330306857824,3.4374999813735485e-05,0.0012433750089257956,3.329198807477951e-05,0.003049875027500093,0.0023789579863660038,0.0006709170411340892
90031,30,39,2,2,0.0016771669615991414,3.183301305398345e-05,0.0017271669930778444,3.937497967854142e-05,0.0034755419474095106,0.002531625039409846,0.0009439169079996645
90031,31,37,0,0,0.0016105409595184028,4.695903044193983e-05,0.0007317080162465572,3.716698847711086e-05,0.0024263749946840107,0.0023485830170102417,7.7791977673769e-05
90031,32,37,1,1,0.0016529160202480853,4.833401180803776e-05,0.0017494159983471036,3.5999983083456755e-05,0.0034866660134866834,0.002557499974500388,0.0009291660389862955
90031,33,36,0,0,0.0015891249640844762,3.08750313706696e-05,0.0005147499614395201,3.441702574491501e-05,0.002169166982639581,0.0026782499626278877,-0.0005090829799883068
90031,34,36,1,1,0.00154020800255239,3.045896301046014e-05,0.0019320000428706408,3.366597229614854e-05,0.0035363329807296395,0.0022835410200059414,0.0012527919607236981
90031,35,35,1,1,0.0015776670188643038,3.466696944087744e-05,0.001355583022814244,3.616698086261749e-05,0.003004083991982043,0.0024402920389547944,0.0005637919530272484
90031,36,34,1,1,0.0015099589945748448,3.125000512227416e-05,0.0008145000319927931,3.424996975809336e-05,0.0023899590014480054,0.00295316701522097,-0.0005632080137729645
90031,37,33,2,2,0.0015927919885143638,3.2374984584748745e-05,0.0012405830202624202,3.8041966035962105e-05,0.002903791959397495,0.0022040000185370445,0.0006997919408604503
90031,38,31,1,1,0.0015229590353555977,3.087497316300869e-05,0.0005637499853037298,3.408303018659353e-05,0.0021516670240089297,0.0029830419807694852,-0.0008313749567605555
90031,39,30,0,0,0.0014251660322770476,2.9416987672448158e-05,0.0005666670040227473,3.266596468165517e-05,0.0020539159886538982,0.002064291969873011,-1.0375981219112873e-05
90031,40,30,0,0,0.001450332987587899,3.2167008612304926e-05,0.0005616669659502804,3.5333039704710245e-05,0.0020795000018551946,0.0022400000016205013,-0.0001604999997653067
90031,41,30,1,1,0.0014736249577254057,3.383302828297019e-05,0.000554499973077327,3.7582998629659414e-05,0.0020995409577153623,0.002683666010852903,-0.0005841250531375408
90031,42,29,1,1,0.001411000033840537,2.8583977837115526e-05,0.0010566660203039646,3.374996595084667e-05,0.002529999997932464,0.0037367079639807343,-0.0012067079660482705
90031,43,28,0,0,0.001401540997903794,5.5791984777897596e-05,0.0007686670287512243,3.63329891115427e-05,0.0022623330005444586,0.0020242499886080623,0.00023808301193639636
90031,44,28,1,1,0.0014868329744786024,3.241701051592827e-05,0.0006511249812319875,3.466603811830282e-05,0.002205041004344821,0.0021441670251078904,6.087397923693061e-05
90031,45,27,2,2,0.001378290995489806,3.208400448784232e-05,0.001160374958999455,0.00013150001177564263,0.002702249970752746,0.00208004197338596,0.000622207997366786
90031,46,25,0,0,0.001315667002927512,3.537494922056794e-05,0.0012289160513319075,0.00014012499013915658,0.002720082993619144,0.003761207975912839,-0.0010411249822936952
90031,47,25,1,1,0.0013245829613879323,3.320805262774229e-05,0.0012584999785758555,3.633397864177823e-05,0.0026526249712333083,0.002118457981850952,0.0005341669893823564
90031,48,24,1,1,0.0013279999839141965,3.029097570106387e-05,0.000679084041621536,3.370799822732806e-05,0.0020710829994641244,0.002740417025052011,-0.0006693340255878866
90031,49,23,2,2,0.0012945420457981527,3.024999750778079e-05,0.00052445795154199,3.370799822732806e-05,0.0018829579930752516,0.002404209051746875,-0.0005212510586716235
90031,50,21,0,0,0.0012692500022239983,3.7375022657215595e-05,0.0008873749757185578,3.829103661701083e-05,0.0022322910372167826,0.0020586669561453164,0.0001736240810714662
90031,51,21,1,1,0.00128129095537588,3.395904786884785e-05,0.0010555409826338291,3.9417005609720945e-05,0.002410207991488278,0.003183458000421524,-0.0007732500089332461
90031,52,20,0,0,0.0012046659830957651,2.924998989328742e-05,0.0011241250322200358,3.2208976335823536e-05,0.002390249981544912,0.002063458028715104,0.000326791952829808
90031,53,20,2,2,0.001207916997373104,2.8749986086040735e-05,0.00047800003085285425,3.329198807477951e-05,0.0017479590023867786,0.0018169160466641188,-6.895704427734017e-05
90031,54,18,1,1,0.0011656659771688282,2.958404365926981e-05,0.0013947080005891621,3.5792007111012936e-05,0.002625750028528273,0.002652208029758185,-2.6458001229912043e-05
90031,55,17,0,0,0.001152832992374897,3.704201662912965e-05,0.001697166997473687,0.00014337501488626003,0.0030304170213639736,0.002759791968856007,0.00027062505250796676
90031,56,17,3,3,0.0011375420144759119,2.924998989328742e-05,0.0007692500366829336,3.483297768980265e-05,0.0019708750187419355,0.002742959011811763,-0.0007720839930698276
90031,57,14,0,0,0.0010921249631792307,3.645900869742036e-05,0.0005162080051377416,3.5792007111012936e-05,0.0016805839841254056,0.0016578750219196081,2.2708962205797434e-05
90031,58,14,0,0,0.0011170840007252991,3.004097379744053e-05,0.0006437919801101089,3.5917037166655064e-05,0.0018268339917995036,0.0016602500109001994,0.00016658398089930415
90031,59,14,0,0,0.0010787919745780528,3.9416016079485416e-05,0.0005422089598141611,3.6541023291647434e-05,0.0016969579737633467,0.002449874999001622,-0.0007529170252382755
90031,60,14,1,1,0.001144499983638525,3.875000402331352e-05,0.0005475000361911952,3.9000005926936865e-05,0.0017697500297799706,0.00163162499666214,0.00013812503311783075
90031,61,13,1,1,0.0010907920077443123,3.208301495760679e-05,0.011680208961479366,6.762502016499639e-05,0.012870709004346281,0.0022278339602053165,0.010642875044140965
90031,62,12,0,0,0.001032707979902625,3.15000070258975e-05,0.0005590830114670098,3.929197555407882e-05,0.0016625829739496112,0.0016837920411489904,-2.1209067199379206e-05
90031,63,12,2,2,0.001060541020706296,3.1958974432200193e-05,0.0006045409827493131,4.741700831800699e-05,0.0017444579862058163,0.0022599169751629233,-0.0005154589889571071
90031,64,10,0,0,0.001036750036291778,3.166601527482271e-05,0.0004832499544136226,3.4334021620452404e-05,0.0015860000276006758,0.0024497919948771596,-0.0008637919672764838
90031,65,10,1,1,0.0010464999941177666,4.029099363833666e-05,0.0006025840411894023,4.016596358269453e-05,0.0017295409925282001,0.0016597500070929527,6.979098543524742e-05
90031,66,9,1,1,0.0009738749940879643,3.020802978426218e-05,0.0009021249716170132,3.4208991564810276e-05,0.00194041698705405,0.0015469170175492764,0.0003934999695047736
90031,67,8,0,0,0.0009382079588249326,2.9333052225410938e-05,0.0012793749920092523,3.5416975151747465e-05,0.0022823329782113433,0.0016521670040674508,0.0006301659741438925
90031,68,8,2,2,0.0009859580313786864,3.6416982766240835e-05,0.0007798750302754343,3.829196793958545e-05,0.001840542012359947,0.0019042500061914325,-6.370799383148551e-05
90031,69,6,2,2,0.0009420840069651604,3.333296626806259e-05,0.0006175829912535846,3.5750039387494326e-05,0.001628750003874302,0.002009499992709607,-0.000380749988835305
90031,70,4,0,0,0.000879208033438772,3.104197094216943e-05,0.0012315000058151782,4.3208012357354164e-05,0.0021849580225534737,0.001593333960045129,0.0005916240625083447
90031,71,4,1,1,0.0008693750132806599,3.162503708153963e-05,0.0004944169777445495,3.420800203457475e-05,0.0014296250301413238,0.0014804580132476985,-5.083298310637474e-05
90031,72,3,0,0,0.000917959026992321,4.9875001423060894e-05,0.0006045409827493131,4.2834028135985136e-05,0.0016152090393006802,0.0015621660277247429,5.304301157593727e-05
90031,73,3,1,1,0.0009018749697133899,3.350002225488424e-05,0.0010054580052383244,3.712496254593134e-05,0.00197795795975253,0.001514707983005792,0.00046324997674673796
90031,74,2,2,2,0.0008767080144025385,3.704201662912965e-05,0.000884625012986362,3.779097460210323e-05,0.0018361660186201334,0.0019580000080168247,-0.00012183398939669132
90031,75,0,1,0,0.0009339589742012322,3.15000070258975e-05,0.0008067080052569509,0.00010054197628051043,0.001872708962764591,0.0026288749650120735,-0.0007561660022474825
90031,76,0,5,0,0.0007769999792799354,2.9749993700534105e-05,0.0007620829856023192,0.00010516704060137272,0.0016739999991841614,0.0013699170085601509,0.00030408299062401056
90031,77,0,6,0,0.0007694169762544334,2.9916001949459314e-05,0.0006567090167663991,3.320799442008138e-05,0.0014892499893903732,0.001467082998715341,2.216699067503214e-05
90031,78,0,7,0,0.0007721660076640546,3.1374976970255375e-05,0.0007744170143269002,3.6582991015166044e-05,0.0016145409899763763,0.00271612498909235,-0.0011015839991159737
90031,79,0,7,0,0.0008056249935179949,3.250001464039087e-05,0.0010528329876251519,3.404199378564954e-05,0.0019249999895691872,0.0015404580044560134,0.0003845419851131737
90031,80,0,8,0,0.0007890000124461949,3.1333998776972294e-05,0.0006763749988749623,3.466597991064191e-05,0.0015313749900087714,0.0019823749898932874,-0.000450999999884516
90031,81,0,9,0,0.0007703750161454082,2.983299782499671e-05,0.0006299169617705047,3.4750031773000956e-05,0.0014648750075139105,0.0013817499857395887,8.31250217743218e-05
90031,82,0,9,0,0.0008330830023624003,3.8416997995227575e-05,0.0012555409921333194,3.7833990063518286e-05,0.0021648749825544655,0.0017137080430984497,0.0004511669394560158
90031,83,0,9,0,0.0007987499702721834,3.316602669656277e-05,0.0007191670010797679,3.391696373000741e-05,0.0015849999617785215,0.0017732090200297534,-0.0001882090582512319
90032,0,0,10,0,0.0007753749960102141,2.9375019948929548e-05,0.00045074999798089266,3.270799061283469e-05,0.001288208004552871,0.001362041977699846,-7.383397314697504e-05
90032,1,2,10,0,0.0008177919662557542,2.916704397648573e-05,0.0005152499652467668,3.166601527482271e-05,0.0013938749907538295,0.0013809590018354356,1.291598891839385e-05
90032,2,3,10,0,0.0008388329879380763,2.8542010113596916e-05,0.0007546250126324594,3.425002796575427e-05,0.0016562500386498868,0.0013759169960394502,0.0002803330426104367
90032,3,5,10,0,0.0008802500087767839,2.9958027880638838e-05,0.0005087919998914003,3.266701241955161e-05,0.0014516670489683747,0.002124957973137498,-0.0006732909241691232
90032,4,7,10,0,0.0009262500097975135,3.0041963327676058e-05,0.0011688750237226486,3.57080134563148e-05,0.002160875010304153,0.0018469999777153134,0.00031387503258883953
90032,5,10,10,1,0.0010006249649450183,2.9749993700534105e-05,0.0005100840353406966,3.2832962460815907e-05,0.0015732919564470649,0.0026192920049652457,-0.0010460000485181808
90032,6,10,9,9,0.0010028330143541098,2.9166985768824816e-05,0.0005008330335840583,3.724999260157347e-05,0.0015700830263085663,0.0016590419691056013,-8.895894279703498e-05
90032,7,5,0,0,0.000900499988347292,3.0082999728620052e-05,0.00045683298958465457,3.4374999813735485e-05,0.001421790977474302,0.0018886670004576445,-0.0004668760229833424
90032,8,11,0,0,0.0010340839507989585,3.316602669656277e-05,0.000491584010887891,3.2333016861230135e-05,0.0015911670052446425,0.003103042021393776,-0.0015118750161491334
90032,9,16,0,0,0.0011283329804427922,3.020802978426218e-05,0.000505958974827081,3.329099854454398e-05,0.0016977909835986793,0.0018100000452250242,-0.00011220906162634492
90032,10,19,0,0,0.0012433750089257956,3.320799442008138e-05,0.0015443750307895243,8.058396633714437e-05,0.0029015420004725456,0.001912499952595681,0.0009890420478768647
90032,11,23,0,0,0.0012714579934254289,2.9749993700534105e-05,0.0004817090230062604,3.21660190820694e-05,0.0018150830292142928,0.0019781659939326346,-0.00016308296471834183
90032,12,30,0,0,0.001457667036447674,3.133295103907585e-05,0.0012147080269642174,5.179201252758503e-05,0.0027555000269785523,0.0034734999644570053,-0.0007179999374784529
90032,13,34,1,1,0.0015297500067390501,3.32500203512609e-05,0.0011492500198073685,3.533397102728486e-05,0.0027475840179249644,0.002779458009172231,-3.187399124726653e-05
90032,14,38,1,1,0.001700791995972395,6.17500045336783e-05,0.001405542017892003,3.425002796575427e-05,0.0032023340463638306,0.003241625032387674,-3.929098602384329e-05
90032,15,43,3,3,0.0017309579998254776,3.0333991162478924e-05,0.0012027500197291374,3.491598181426525e-05,0.002998957992531359,0.0026623340090736747,0.0003366239834576845
90032,16,43,2,2,0.0017329169786535203,3.533298149704933e-05,0.0005481670377776027,3.683299291878939e-05,0.0023532499908469617,0.0034143749508075416,-0.0010611249599605799
90032,17,43,1,1,0.0017526670126244426,3.450002986937761e-05,0.0022799159632995725,3.866699989885092e-05,0.004105750005692244,0.002978791017085314,0.0011269589886069298
90032,18,42,1,1,0.0017097920062951744,3.483297768980265e-05,0.001140250009484589,3.724999260157347e-05,0.0029221249860711396,0.002607500005979091,0.00031462498009204865
90032,19,41,0,0,0.0016702909488230944,4.870904376730323e-05,0.0014306659577414393,3.754202043637633e-05,0.0031872079707682133,0.003529332985635847,-0.0003421250148676336
90032,20,41,0,0,0.0017596659599803388,3.137503517791629e-05,0.0012480419827625155,3.687501884996891e-05,0.0030759579967707396,0.0036575000267475843,-0.0005815420299768448
90032,21,41,0,0,0.0016892090206965804,3.0374969355762005e-05,0.0005594160174950957,3.229198046028614e-05,0.0023112919880077243,0.002332667005248368,-2.13750172406435e-05
90032,22,41,0,0,0.0016662499983794987,3.3833959605544806e-05,0.0005544160376302898,3.3999967854470015e-05,0.0022884999634698033,0.003737916995305568,-0.0014494170318357646
90032,23,41,0,0,0.0017619580030441284,3.574998117983341e-05,0.0007184169953688979,3.4333032090216875e-05,0.0025504580116830766,0.0032307080109603703,-0.0006802499992772937
90032,24,41,1,1,0.001724375004414469,3.2374984584748745e-05,0.0005352500011213124,3.454199759289622e-05,0.0023265419877134264,0.0035455829929560423,-0.001219041005242616
90032,25,40,0,0,0.0017054579802788794,3.3542048186063766e-05,0.0009602499776519835,3.7999998312443495e-05,0.00273725000442937,0.0027462909929454327,-9.040988516062498e-06
90032,26,40,0,0,0.0017303339554928243,3.220804501324892e-05,0.0005880419630557299,3.479100996628404e-05,0.002385374973528087,0.003118499997071922,-0.0007331250235438347
90032,27,40,1,1,0.0017310830298811197,3.154197474941611e-05,0.0012395000085234642,3.5165983717888594e-05,0.0030372909968718886,0.0023735829745419323,0.0006637080223299563
90032,28,39,1,1,0.0016788750072009861,5.166599294170737e-05,0.0005954999942332506,3.749999450519681e-05,0.002363540988881141,0.0027616670122370124,-0.00039812602335587144
90032,29,38,3,3,0.0016597919748164713,3.308302257210016e-05,0.0010346670169383287,3.733299672603607e-05,0.0027648750110529363,0.0027399170212447643,2.4957989808171988e-05
90032,30,35,0,0,0.0015665829996578395,3.14170029014349e-05,0.0007378750015050173,3.483297768980265e-05,0.0023707079817540944,0.002875833015423268,-0.0005051250336691737
90032,31,35,0,0,0.0016212499467656016,3.4958007745444775e-05,0.0005286670057103038,3.620801726356149e-05,0.0022210829774849117,0.002957249991595745,-0.0007361670141108334
90032,32,35,2,2,0.0015663750236853957,3.083300543949008e-05,0.0010416669538244605,4.4625019654631615e-05,0.002683500002603978,0.002497707959264517,0.0001857920433394611
90032,33,33,2,2,0.0015359169919975102,3.1540985219180584e-05,0.004275458981283009,3.950000973418355e-05,0.005882416968233883,0.002657625009305775,0.003224791958928108
90032,34,31,0,0,0.0014866249985061586,3.062502946704626e-05,0.0014419169747270644,3.3916032407432795e-05,0.002993083035107702,0.0027993330149911344,0.0001937500201165676
90032,35,31,0,0,0.0014724580105394125,2.9875023756176233e-05,0.0012275829794816673,3.445899346843362e-05,0.0027643750072456896,0.0021050419891253114,0.0006593330181203783
90032,36,31,0,0,0.0014774170122109354,3.483297768980265e-05,0.0008945420267991722,3.508297959342599e-05,0.002441874996293336,0.002693417016416788,-0.00025154202012345195
90032,37,31,0,0,0.0015308749862015247,3.470800584182143e-05,0.0005744589725509286,3.512500552460551e-05,0.0021751669701188803,0.0029424999956972897,-0.0007673330255784094
90032,38,31,0,0,0.0014940829714760184,3.9000005926936865e-05,0.0005434580380097032,3.3416959922760725e-05,0.002109957975335419,0.0032682910095900297,-0.0011583330342546105
90032,39,31,0,0,0.0014771249843761325,3.083399496972561e-05,0.0005670409882441163,3.300001844763756e-05,0.002107999986037612,0.0020697080180980265,3.829196793958545e-05
90032,40,31,0,0,0.0014972920180298388,3.6582991015166044e-05,0.0013729999773204327,3.350002225488424e-05,0.0029403750086203218,0.002089582965709269,0.0008507920429110527
90032,41,31,1,1,0.0015588329988531768,3.100000321865082e-05,0.0015018749982118607,3.56250093318522e-05,0.0031273330096155405,0.003082415962126106,4.491704748943448e-05
90032,42,30,1,1,0.0014345839736051857,3.204098902642727e-05,0.0006031250231899321,3.316695801913738e-05,0.0021029169438406825,0.00312008400214836,-0.0010171670583076775
90032,43,29,2,2,0.0014240830205380917,2.9166985768824816e-05,0.0007764999754726887,3.591598942875862e-05,0.0022656659712083638,0.0019953750306740403,0.00027029094053432345
90032,44,27,2,2,0.0014218749711290002,3.145803930237889e-05,0.0008009589510038495,3.520800964906812e-05,0.0022894999710842967,0.0021805419819429517,0.00010895798914134502
90032,45,25,2,2,0.00134545803302899,3.329198807477951e-05,0.0005355420289561152,3.674998879432678e-05,0.0019510420388542116,0.0019746250472962856,-2.358300844207406e-05
90032,46,23,1,1,0.0015107080107554793,3.083300543949008e-05,0.0005192919634282589,3.354198997840285e-05,0.002094374969601631,0.0033232910209335387,-0.0012289160513319075
90032,47,22,1,1,0.0012710410519503057,2.8958951588720083e-05,0.0006604579975828528,3.4333032090216875e-05,0.0019947910332120955,0.001835834002122283,0.00015895703108981252
90032,48,21,0,0,0.00125345797277987,3.0499999411404133e-05,0.0008671249961480498,3.283401019871235e-05,0.0021839169785380363,0.0019208330195397139,0.0002630839589983225
90032,49,21,0,0,0.0012501250021159649,2.8875016141682863e-05,0.0010900420020334423,3.524997737258673e-05,0.0024042919976636767,0.002227625052910298,0.00017666694475337863
90032,50,21,0,0,0.0012518329895101488,3.0750001315027475e-05,0.0005894170026294887,3.2333016861230135e-05,0.001904333010315895,0.0020843750098720193,-0.0001800419995561242
90032,51,21,1,1,0.001269291969947517,3.279105294495821e-05,0.0004962089587934315,3.4541008062660694e-05,0.0018328329897485673,0.0024103749892674387,-0.0005775419995188713
90032,52,20,1,1,0.0013228339958004653,7.495802128687501e-05,0.0019617079524323344,4.112505121156573e-05,0.0034006250207312405,0.016943041991908103,-0.013542416971176863
90032,53,19,0,0,0.0012786670122295618,4.537502536550164e-05,0.002401582954917103,4.2750034481287e-05,0.0037683750269934535,0.003578791976906359,0.0001895830500870943
90032,54,19,0,0,0.0012516669812612236,3.283302066847682e-05,0.0014399170177057385,5.008297739550471e-05,0.0027744999970309436,0.002631832961924374,0.00014266703510656953
90032,55,19,1,1,0.0012609579716809094,3.3333024475723505e-05,0.0012612090213224292,3.533298149704933e-05,0.0025908329989761114,0.0026455000042915344,-5.466700531542301e-05
90032,56,18,1,1,0.0011989999911747873,3.0750001315027475e-05,0.0026374169974587858,0.00013345800107344985,0.00400062499102205,0.0024393749772571027,0.0015612500137649477
90032,57,17,2,2,0.0011815840261988342,2.987496554851532e-05,0.002204583026468754,6.583298090845346e-05,0.0034818749991245568,0.0024965000338852406,0.0009853749652393162
90032,58,15,3,3,0.0011696249712258577,4.5625027269124985e-05,0.0011674999841488898,3.895797999575734e-05,0.00242170796263963,0.002460041956510395,-3.833399387076497e-05
90032,59,12,1,1,0.0010617920197546482,3.287498839199543e-05,0.001264332968275994,3.454199759289622e-05,0.002393541974015534,0.002956832991912961,-0.0005632910178974271
90032,60,11,0,0,0.0010442500351928174,3.15000070258975e-05,0.0010079999919980764,3.345799632370472e-05,0.002117208030540496,0.0023047499707899988,-0.00018754194024950266
90032,61,11,0,0,0.0010552909807302058,3.6959012504667044e-05,0.001026833022478968,3.554200520738959e-05,0.0021546250209212303,0.0034247080329805613,-0.001270083012059331
90032,62,11,0,0,0.001091292011551559,4.720798460766673e-05,0.003317416994832456,5.941599374637008e-05,0.004515332984738052,0.0024566249921917915,0.0020587079925462604
90032,63,11,0,0,0.001026832964271307,3.3542048186063766e-05,0.0015785410068929195,3.670895239338279e-05,0.002675624971743673,0.002724834019318223,-4.9209047574549913e-05
90032,64,11,0,0,0.001042041985783726,3.162503708153963e-05,0.0013014579890295863,3.549997927621007e-05,0.002410624991171062,0.0026091670151799917,-0.00019854202400892973
90032,65,11,2,2,0.001053249987307936,3.229198046028614e-05,0.0010043749934993684,3.445800393819809e-05,0.0021243749652057886,0.0025154169998131692,-0.00039104203460738063
90032,66,9,0,0,0.0009989580139517784,3.0082999728620052e-05,0.001576624985318631,3.3334014005959034e-05,0.0026390000130049884,0.002100000041536987,0.0005389999714680016
90032,67,9,0,0,0.001017084054183215,3.066594945266843e-05,0.0012305420241318643,4.0624989196658134e-05,0.0023189170169644058,0.0021176249720156193,0.0002012920449487865
90032,68,9,0,0,0.000972541980445385,3.0041032005101442e-05,0.0023126249434426427,3.466702764853835e-05,0.0033498749835416675,0.002849541953764856,0.0005003330297768116
90032,69,9,1,1,0.0009764169808477163,3.204098902642727e-05,0.0009516249992884696,3.420904977247119e-05,0.0019942920189350843,0.0020266250357963145,-3.2333016861230135e-05
90032,70,8,2,2,0.0009922909666784108,3.0750001315027475e-05,0.002211584011092782,3.579101758077741e-05,0.0032704159966669977,0.0024217500467784703,0.0008486659498885274
90032,71,6,3,3,0.00103404198307544,3.816699609160423e-05,0.0012744159903377295,4.433403955772519e-05,0.002390959009062499,0.0024992910330183804,-0.0001083320239558816
90032,72,3,1,1,0.0008693329873494804,4.350004019215703e-05,0.0016764169558882713,0.00013412500265985727,0.002723374986089766,0.0033458329853601754,-0.0006224579992704093
90032,73,2,1,1,0.000865417008753866,3.9041973650455475e-05,0.001228208013344556,3.783300053328276e-05,0.0021704999962821603,0.002386333013419062,-0.00021583301713690162
90032,74,1,0,0,0.0008782920194789767,3.454094985499978e-05,0.0015109170344658196,3.833300434052944e-05,0.0024620830081403255,0.0037399170105345547,-0.0012778340023942292
90032,75,1,1,1,0.0008017499931156635,3.0542025342583656e-05,0.0009169579716399312,3.5375007428228855e-05,0.0017846249975264072,0.0022429999662563205,-0.00045837496872991323
90032,76,0,1,0,0.000760124996304512,2.920802216976881e-05,0.0014034169726073742,3.804103471338749e-05,0.0022307910257950425,0.004311416007112712,-0.002080624981317669
90032,77,0,2,0,0.0008342910441569984,3.208394628018141e-05,0.0010650830226950347,3.712502075359225e-05,0.001968583033885807,0.0020197919802740216,-5.1208946388214827e-05
90032,78,0,3,0,0.0007902499637566507,3.1292031053453684e-05,0.0009897499694488943,5.825003609061241e-05,0.001869542000349611,0.003039750037714839,-0.001170208037365228
90032,79,0,7,0,0.0007835000287741423,3.1582952942699194e-05,0.001460542029235512,3.670796286314726e-05,0.0023123329738155007,0.0018042500014416873,0.0005080829723738134
90032,80,0,8,0,0.0008266670047305524,4.412501584738493e-05,0.001346833014395088,3.5999983083456755e-05,0.002253625018056482,0.0019957919721491635,0.0002578330459073186
90032,81,0,9,0,0.0007926250109449029,3.2917014323174953e-05,0.001235041010659188,4.549999721348286e-05,0.0021060830331407487,0.0018202500068582594,0.0002858330262824893
90033,0,0,10,0,0.0007774159894324839,3.200001083314419e-05,0.0012343339622020721,3.300001844763756e-05,0.002076749980915338,0.0021532499813474715,-7.650000043213367e-05
90033,1,0,10,0,0.0008014169870875776,5.3708034101873636e-05,0.0012942919856868684,3.645801916718483e-05,0.0021858750260435045,0.0021818329696543515,4.042056389153004e-06
90033,2,4,10,0,0.0009028750355355442,3.9207981899380684e-05,0.0012587920064106584,4.250003257766366e-05,0.002243375056423247,0.00348437501816079,-0.0012409999617375433
90033,3,6,10,0,0.0009055840200744569,3.10409814119339e-05,0.0021267919801175594,0.00014241703320294619,0.0032058340148068964,0.0024714579922147095,0.0007343760225921869
90033,4,11,10,0,0.001043541997205466,3.020802978426218e-05,0.001451458956580609,3.7333054933696985e-05,0.0025625420385040343,0.0023680839804001153,0.00019445805810391903
90033,5,12,10,0,0.001174833974801004,5.641602911055088e-05,0.001207041961606592,3.370799822732806e-05,0.002471999963745475,0.002192790969274938,0.0002792089944705367
90033,6,15,10,7,0.0011356250033713877,3.0125025659799576e-05,0.001046083983965218,3.6165991332381964e-05,0.0022480000043287873,0.0022707919706590474,-2.279196633026004e-05
90033,7,12,3,3,0.0010646660230122507,3.02919652312994e-05,0.0010764169855974615,4.837504820898175e-05,0.0022197500220499933,0.0020810000132769346,0.00013875000877305865
90033,8,12,0,0,0.0010496669565327466,3.137503517791629e-05,0.001080332964193076,3.458303399384022e-05,0.002195957989897579,0.0025582920061424375,-0.0003623340162448585
90033,9,14,0,0,0.0018742919783107936,3.720802487805486e-05,0.0009892500238493085,3.812497016042471e-05,0.0029388749971985817,0.003436999977566302,-0.0004981249803677201
90033,10,18,0,0,0.0011873749899677932,3.0207971576601267e-05,0.001956292020622641,4.833302227780223e-05,0.0032222080044448376,0.0024200829793699086,0.000802125025074929
90033,11,24,0,0,0.0013919170014560223,3.283302066847682e-05,0.0010289999772794545,3.50000336766243e-05,0.002488750033080578,0.0024212910211645067,6.745901191607118e-05
90033,12,33,0,0,0.0015755000058561563,3.024999750778079e-05,0.0015599170001223683,3.774999640882015e-05,0.0032034169998951256,0.0027559170266613364,0.0004474999732337892
90033,13,41,0,0,0.0016749170026741922,3.045797348022461e-05,0.0010602499824017286,3.208301495760679e-05,0.0027977079735137522,0.0028085410012863576,-1.083302777260542e-05
90033,14,44,0,0,0.0018832909991033375,3.308401210233569e-05,0.002142750017810613,3.520800964906812e-05,0.004094333038665354,0.003343666030559689,0.0007506670081056654
90033,15,45,0,0,0.0018301670206710696,3.145798109471798e-05,0.0014002090319991112,3.312499029561877e-05,0.0032949590240605175,0.0034757089451886714,-0.0001807499211281538
90033,16,49,1,1,0.0019135839538648725,3.100000321865082e-05,0.00103012501494959,3.400002606213093e-05,0.003008708998095244,0.0030912919901311398,-8.258299203589559e-05
90033,17,49,4,4,0.001869542000349611,2.9916991479694843e-05,0.0011729159741662443,3.504200140014291e-05,0.003107416967395693,0.0031575000029988587,-5.0083035603165627e-05
90033,18,45,2,2,0.0018086659838445485,4.4000043999403715e-05,0.0013604169944301248,3.470800584182143e-05,0.0032477910281158984,0.0028678749804385006,0.00037991604767739773
90033,19,43,2,2,0.0019770420040003955,3.6792014725506306e-05,0.0015913749812170863,5.662499461323023e-05,0.0036618339945562184,0.004711291985586286,-0.0010494579910300672
90033,20,41,0,0,0.0017412079614587128,3.450002986937761e-05,0.0009829169721342623,3.850000211969018e-05,0.002797124965582043,0.0033805830171331763,-0.0005834580515511334
90033,21,41,1,1,0.0017221670132130384,3.2790994737297297e-05,0.0010491249850019813,3.687501884996891e-05,0.002840958011802286,0.003296665963716805,-0.00045570795191451907
90033,22,40,0,0,0.0017516669468022883,3.7792022339999676e-05,0.0018734160112217069,3.812497016042471e-05,0.0037009999505244195,0.00315987499197945,0.0005411249585449696
90033,23,40,0,0,0.001648375007789582,2.979201963171363e-05,0.0009562079794704914,3.4208991564810276e-05,0.0026685839984565973,0.0032643750309944153,-0.000595791032537818
90033,24,40,0,0,0.0016795839765109122,3.345799632370472e-05,0.0017282080370932817,3.358395770192146e-05,0.00347483396762982,0.0028926670202054083,0.0005821669474244118
90033,25,40,0,0,0.0016782919992692769,5.8083038311451674e-05,0.0021831669728271663,4.474999150261283e-05,0.003964292001910508,0.0027278329944238067,0.001236459007486701
90033,26,40,0,0,0.0016512079746462405,3.004202153533697e-05,0.0016922499635256827,3.545801155269146e-05,0.0034089579712599516,0.003094833984505385,0.00031412398675456643
90033,27,40,0,0,0.00256079196697101,3.529101377353072e-05,0.0012451669899746776,3.608298720791936e-05,0.0038773329579271376,0.0040329580078832805,-0.0001556250499561429
90033,28,40,1,1,0.0016540000215172768,3.2416952308267355e-05,0.0009950000094249845,3.2917014323174953e-05,0.0027143339975737035,0.0030492920195683837,-0.00033495802199468017
90033,29,39,1,1,0.0016304159653373063,3.0583993066102266e-05,0.0017158330301754177,3.3333024475723505e-05,0.0034101660130545497,0.002969666034914553,0.00044049997813999653
90033,30,38,0,0,0.001626916986424476,3.875000402331352e-05,0.003982833004556596,5.420803790912032e-05,0.005702708032913506,0.0028159170178696513,0.0028867910150438547
90033,31,38,0,0,0.0016682500136084855,4.112499300390482e-05,0.001486250024754554,3.791699418798089e-05,0.003233542025554925,0.0028473749989643693,0.0003861670265905559
90033,32,38,1,1,0.0016402500332333148,3.1790987122803926e-05,0.0016691249911673367,5.5374985095113516e-05,0.003396540996618569,0.0031744579900987446,0.00022208300651982427
90033,33,37,0,0,0.0016467910027131438,3.445899346843362e-05,0.001752540993038565,3.84590239264071e-05,0.0034722500131465495,0.0032961670076474547,0.00017608300549909472
90033,34,37,1,1,0.0015797499800100923,3.104202914983034e-05,0.003782375017181039,3.433297388255596e-05,0.005427500000223517,0.002829874982126057,0.0025976250180974603
90033,35,36,0,0,0.001601958996616304,3.191595897078514e-05,0.0017083340208046138,3.57080134563148e-05,0.0033779169898480177,0.0052920839516445994,-0.0019141669617965817
90033,36,36,6,6,0.0020071250037290156,7.983401883393526e-05,0.0028831660165451467,6.616697646677494e-05,0.0050362920155748725,0.02342866698745638,-0.01839237497188151
90033,37,30,0,0,0.0014525000005960464,3.258395008742809e-05,0.0007802910404279828,3.958400338888168e-05,0.002304958994500339,0.0027663749642670155,-0.0004614159697666764
90033,38,30,0,0,0.0015667919651605189,3.425002796575427e-05,0.0013244999572634697,3.550003748387098e-05,0.002961041987873614,0.002196041983552277,0.0007650000043213367
90033,39,30,0,0,0.0014687919756397605,4.833302227780223e-05,0.000979458971414715,4.008301766589284e-05,0.0025366669869981706,0.003365500015206635,-0.0008288330282084644
90033,40,30,1,1,0.0015879579586908221,5.158403655514121e-05,0.0013977499911561608,5.929102189838886e-05,0.003096583008300513,0.003593624976929277,-0.0004970419686287642
90033,41,29,0,0,0.0014899169909767807,4.3625012040138245e-05,0.0006580830086022615,3.6416982766240835e-05,0.0022280419943854213,0.003944124968256801,-0.00171608297387138
90033,42,29,1,1,0.0015533340047113597,4.341598832979798e-05,0.0006509170052595437,5.0875009037554264e-05,0.0022985420073382556,0.004147625004407018,-0.0018490829970687628
90033,43,28,1,1,0.0014062499976716936,3.145798109471798e-05,0.0008109170012176037,3.512500552460551e-05,0.0022837499855086207,0.0022649169550277293,1.8833030480891466e-05
90033,44,27,0,0,0.0013992079766467214,3.5416975151747465e-05,0.0012404160224832594,3.6416982766240835e-05,0.002711457957047969,0.003176041995175183,-0.0004645840381272137
90033,45,27,0,0,0.0014098749961704016,4.99580055475235e-05,0.001092042017262429,4.4874963350594044e-05,0.002596749982330948,0.0021538750152103603,0.0004428749671205878
90033,46,27,0,0,0.0015006670146249235,3.670802107080817e-05,0.000777458946686238,3.5750039387494326e-05,0.002350584021769464,0.002623500011395663,-0.000272915989626199
90033,47,27,1,1,0.0014209579676389694,4.316703416407108e-05,0.0012026249896734953,5.7582976296544075e-05,0.00272433296777308,0.003165457979775965,-0.00044112501200288534
90033,48,26,1,1,0.0013762500020675361,3.1374976970255375e-05,0.0007762919995002449,3.4415978007018566e-05,0.002218332956545055,0.0026920000091195107,-0.00047366705257445574
90033,49,25,0,0,0.0013459170004352927,3.066600766032934e-05,0.0016291249776259065,4.237500252202153e-05,0.00304808298824355,0.0023281670291908085,0.0007199159590527415
90033,50,25,0,0,0.0014027920551598072,3.912497777491808e-05,0.000572957971598953,3.845803439617157e-05,0.00205333303892985,0.002492333995178342,-0.000439000956248492
90033,51,25,2,2,0.0013440420152619481,3.1916017178446054e-05,0.0013390840031206608,3.69579647667706e-05,0.0027520000003278255,0.002285041962750256,0.0004669580375775695
90033,52,23,3,3,0.0012887500342912972,3.104197094216943e-05,0.0006008330383338034,3.487500362098217e-05,0.001955500047188252,0.0018807920278050005,7.470801938325167e-05
90033,53,20,2,2,0.0012361250119283795,3.158301115036011e-05,0.0011589169735088944,3.8416008464992046e-05,0.002465041005052626,0.002179750008508563,0.0002852909965440631
90033,54,18,0,0,0.0012494170223362744,4.795799031853676e-05,0.0006608749972656369,4.070799332112074e-05,0.001998958003241569,0.002489500038791448,-0.0004905420355498791
90033,55,18,1,1,0.0011971250060014427,3.308302257210016e-05,0.0010796249844133854,3.795797238126397e-05,0.002347790985368192,0.002333249954972416,1.4541030395776033e-05
90033,56,17,1,1,0.0011739589972421527,3.21249826811254e-05,0.0005188329960219562,3.6333047319203615e-05,0.001761250023264438,0.0020337909809313715,-0.00027254095766693354
90033,57,16,0,0,0.0012152090203016996,3.783300053328276e-05,0.0005314999725669622,4.433305002748966e-05,0.0018288750434294343,0.0018711250158958137,-4.2249972466379404e-05
90033,58,16,0,0,0.001176042016595602,3.508297959342599e-05,0.0009343749843537807,4.112499300390482e-05,0.0021866249735467136,0.002821709029376507,-0.0006350840558297932
90033,59,16,2,2,0.001152167038526386,3.149994881823659e-05,0.000803958042524755,3.6624958738684654e-05,0.0020242499886080623,0.0020356670138426125,-1.1417025234550238e-05
90033,60,14,1,1,0.001102584006730467,3.420800203457475e-05,0.0024650830309838057,3.6999990697950125e-05,0.0036388750304467976,0.002052291005384177,0.0015865840250626206
90033,61,13,0,0,0.001086917007341981,3.15000070258975e-05,0.0018191250273957849,3.925000783056021e-05,0.0029767920495942235,0.001674374972935766,0.0013024170766584575
90033,62,13,1,1,0.0010901250061579049,3.187498077750206e-05,0.0014910410391166806,3.5999983083456755e-05,0.0026490410091355443,0.0020455410121940076,0.0006034999969415367
90033,63,12,0,0,0.0010652089840732515,3.100000321865082e-05,0.0007653750362806022,3.44999716617167e-05,0.0018960839952342212,0.0021717079798690975,-0.00027562398463487625
90033,64,12,0,0,0.0010868749814108014,3.566598752513528e-05,0.0005377090419642627,3.462500171735883e-05,0.0016948750126175582,0.0016681249835528433,2.675002906471491e-05
90033,65,12,2,2,0.0010400000028312206,3.120902692899108e-05,0.0009203749941661954,3.4582975786179304e-05,0.0020261669997125864,0.0020576250390149653,-3.145803930237889e-05
90033,66,10,2,2,0.001012332970276475,3.020901931449771e-05,0.0004706659819930792,3.3334014005959034e-05,0.0015465419855900109,0.0016075419844128191,-6.0999998822808266e-05
90033,67,8,5,5,0.0012859590351581573,4.545797128230333e-05,0.0013858749880455434,3.904203185811639e-05,0.0027563340263441205,0.002373124996665865,0.0003832090296782553
90033,68,3,1,1,0.0008697499870322645,3.08750313706696e-05,0.0015210409765131772,0.00015287502901628613,0.0025745410239323974,0.001527042011730373,0.0010474990122020245
90033,69,2,0,0,0.0008151249494403601,3.0792027246207e-05,0.0010990410228259861,3.458396531641483e-05,0.001979541964828968,0.0018197500030510128,0.0001597919617779553
90033,70,2,0,0,0.0008547499892301857,3.566703526303172e-05,0.00048637500731274486,3.7999998312443495e-05,0.0014147920301184058,0.0019458329770714045,-0.0005310409469529986
90033,71,2,0,0,0.0008253330015577376,3.054196713492274e-05,0.0014470000169239938,0.00015291600720956922,0.0024557909928262234,0.002398874959908426,5.6916032917797565e-05
90033,72,2,0,0,0.000853791949339211,3.079103771597147e-05,0.0011297090095467865,3.7040968891233206e-05,0.002051332965493202,0.0015512079698964953,0.0005001249955967069
90033,73,2,2,2,0.0008897919906303287,3.2791984267532825e-05,0.0009130000253207982,3.466597991064191e-05,0.0018702499801293015,0.0015366660081781447,0.00033358397195115685
90033,74,0,1,0,0.0008322499925270677,3.1584000680595636e-05,0.0004368330119177699,3.2917014323174953e-05,0.0013335840194486082,0.0013925419771112502,-5.8957957662642e-05
90033,75,0,1,0,0.0008264160132966936,3.1374976970255375e-05,0.0017467500292696059,0.00012624997179955244,0.0027307909913361073,0.0016002089832909405,0.0011305820080451667
90033,76,0,5,0,0.0007742089801467955,3.045797348022461e-05,0.0004526670090854168,3.3541000448167324e-05,0.0012908749631606042,0.0013749590143561363,-8.408405119553208e-05
90033,77,0,7,0,0.0007777499849908054,2.9083050321787596e-05,0.0009100839961320162,3.249995643272996e-05,0.0017494169878773391,0.0013206669827923179,0.00042875000508502126
90033,78,0,7,0,0.0008274999563582242,3.6999990697950125e-05,0.0010392910335212946,3.749999450519681e-05,0.0019412909750826657,0.002020917017944157,-7.962604286149144e-05
90033,79,0,7,0,0.0011338749900460243,3.266602288931608e-05,0.0010862090275622904,3.3541000448167324e-05,0.002286291040945798,0.0017980830161832273,0.00048820802476257086
90033,80,0,9,0,0.0007930410210974514,3.045896301046014e-05,0.0006360409897752106,3.341701813042164e-05,0.0014929579920135438,0.0019086250104010105,-0.00041566701838746667
90034,0,0,10,0,0.001312459004111588,3.195804310962558e-05,0.0008042919798754156,3.429100615903735e-05,0.0021830000332556665,0.0023745420039631426,-0.00019154197070747614
90034,1,0,10,0,0.0014246670180000365,3.9000005926936865e-05,0.0009587910026311874,3.737496444955468e-05,0.0024598329910077155,0.001892999978736043,0.0005668330122716725
90034,2,1,10,0,0.0008060409454628825,2.9875023756176233e-05,0.0006540840258821845,3.629096318036318e-05,0.0015262909582816064,0.0024724999675527215,-0.0009462090092711151
90034,3,1,10,0,0.0008171250228770077,3.358302637934685e-05,0.0005121249705553055,4.9667025450617075e-05,0.0014125000452622771,0.001362500013783574,5.000003147870302e-05
90034,4,3,10,0,0.0015752080362290144,3.316695801913738e-05,0.0006442080484703183,3.5207951441407204e-05,0.0022877909941598773,0.0021564170019701123,0.00013137399218976498
90034,5,5,10,0,0.0009323330014012754,3.454199759289622e-05,0.0004962909733876586,3.5792007111012936e-05,0.0014989579794928432,0.0016032920102588832,-0.00010433403076604009
90034,6,8,10,0,0.0009785410366021097,4.333397373557091e-05,0.0015976250288076699,5.0665985327214e-05,0.0026701660244725645,0.0022917090100236237,0.00037845701444894075
90034,7,12,10,4,0.0010740419966168702,3.504101186990738e-05,0.0009810840128920972,3.749999450519681e-05,0.0021276670158840716,0.002748416969552636,-0.0006207499536685646
90034,8,11,6,6,0.0010386670473963022,3.0333001632243395e-05,0.0005547089967876673,3.5415985621511936e-05,0.0016591250314377248,0.0017324170330539346,-7.329200161620975e-05
90034,9,9,0,0,0.001043875003233552,3.245897823944688e-05,0.0006813750369474292,3.479100996628404e-05,0.001792500028386712,0.001663917035330087,0.00012858299305662513
90034,10,15,0,0,0.0011464169947430491,3.095803549513221e-05,0.000528041971847415,3.450002986937761e-05,0.001739917031954974,0.0021662089857272804,-0.00042629195377230644
90034,11,20,0,0,0.0012725419946946204,3.8041966035962105e-05,0.00146920804399997,3.366696182638407e-05,0.0028134589665569365,0.0026264999760314822,0.00018695899052545428
90034,12,27,0,0,0.001404708018526435,3.266701241955161e-05,0.0005344999954104424,3.424996975809336e-05,0.0020061249961145222,0.002191334031522274,-0.0001852090354077518
90034,13,34,3,3,0.0015320000238716602,2.9916991479694843e-05,0.0010910829878412187,3.4416967537254095e-05,0.002687416970729828,0.0022852090187370777,0.00040220795199275017
90034,14,34,1,1,0.0015443339943885803,3.525003558024764e-05,0.0010904999799095094,3.4916040021926165e-05,0.0027050000499002635,0.002572875004261732,0.00013212504563853145
90034,15,39,1,1,0.0016272089560516179,2.920802216976881e-05,0.0005678330198861659,3.329198807477951e-05,0.002257541986182332,0.002255333005450666,2.208980731666088e-06
90034,16,41,1,1,0.001733041019178927,4.9916969146579504e-05,0.0013524169917218387,4.412501584738493e-05,0.00317949999589473,0.0035931250313296914,-0.0004136250354349613
90034,17,40,4,4,0.0017960000550374389,3.62499849870801e-05,0.0008799160132184625,3.8833997678011656e-05,0.002751000050920993,0.00251987500814721,0.0002311250427737832
90034,18,40,1,1,0.001713500008918345,3.100000321865082e-05,0.0005753749865107238,3.445800393819809e-05,0.0023543330025859177,0.0023456669878214598,8.666014764457941e-06
90034,19,39,0,0,0.0017636250122450292,4.3625012040138245e-05,0.0008754589944146574,4.0416023693978786e-05,0.0027231250423938036,0.0022756250109523535,0.0004475000314414501
90034,20,39,1,1,0.0016661669942550361,3.1791976653039455e-05,0.0006274580373428762,4.908296978101134e-05,0.002374499978031963,0.0028624580008909106,-0.0004879580228589475
90034,21,38,1,1,0.00164808303816244,3.208295674994588e-05,0.0011150420177727938,3.441702574491501e-05,0.0028296250384300947,0.0027843330171890557,4.529202124103904e-05
90034,22,37,0,0,0.001624041993636638,3.091699909418821e-05,0.000556665996555239,3.3334014005959034e-05,0.002244959003292024,0.0022562919766642153,-1.133297337219119e-05
90034,23,37,1,1,0.0016315829707309604,3.1333009246736765e-05,0.0011525839800015092,3.708299482241273e-05,0.002852582954801619,0.002675916999578476,0.0001766659552231431
90034,24,36,0,0,0.0016103340312838554,3.266596468165517e-05,0.0005659590242430568,3.708299482241273e-05,0.00224604201503098,0.002302124979905784,-5.608296487480402e-05
90034,25,36,3,3,0.0016583749675191939,3.5917037166655064e-05,0.0018297499627806246,9.845802560448647e-05,0.00362249999307096,0.002665082982275635,0.000957417010795325
90034,26,33,3,3,0.001554999966174364,3.1292031053453684e-05,0.0005504160071723163,3.574998117983341e-05,0.0021724579855799675,0.003051667008548975,-0.0008792090229690075
90034,27,30,2,2,0.001519374956842512,3.166700480505824e-05,0.0006063749897293746,3.5958015359938145e-05,0.002193374966736883,0.0034906670334748924,-0.0012972920667380095
90034,28,28,0,0,0.0014701670152135193,3.595795715227723e-05,0.0005062920390628278,3.3832970075309277e-05,0.0020462499815039337,0.00208079197909683,-3.454199759289622e-05
90034,29,28,0,0,0.001417042047251016,3.0207971576601267e-05,0.0006992500275373459,3.287498839199543e-05,0.0021793750347569585,0.00237800000468269,-0.00019862496992573142
90034,30,28,0,0,0.0014408749993890524,3.054196713492274e-05,0.0005143749876879156,3.304105484858155e-05,0.0020188330090604722,0.0020174579694867134,1.3750395737588406e-06
90034,31,28,0,0,0.001390583987813443,3.2291049137711525e-05,0.0012331249890848994,3.2374984584748745e-05,0.0026883750106208026,0.002023500041104853,0.0006648749695159495
90034,32,28,2,2,0.0013688750332221389,3.0124967452138662e-05,0.0009180000051856041,3.450002986937761e-05,0.0023515000357292593,0.001997249957639724,0.00035425007808953524
90034,33,26,2,2,0.001371124992147088,3.6209006793797016e-05,0.0008431249880231917,3.7999998312443495e-05,0.0022884589852765203,0.0018907909980043769,0.00039766798727214336
90034,34,24,1,1,0.0013551670126616955,3.483297768980265e-05,0.0020615420071408153,4.054198507219553e-05,0.003492083982564509,0.0021198330214247108,0.0013722509611397982
90034,35,23,5,5,0.001308417005930096,3.0124967452138662e-05,0.0014017920475453138,0.00015420798445120454,0.002894542005378753,0.00190641701919958,0.000988124986179173
90034,36,18,0,0,0.001253083988558501,3.412499791011214e-05,0.0019163750112056732,0.00016075000166893005,0.0033643339993432164,0.002465625002514571,0.0008987089968286455
90034,37,18,1,1,0.0012806669692508876,3.620801726356149e-05,0.0006969589740037918,3.704102709889412e-05,0.002050874987617135,0.001891666033770889,0.000159208953846246
90034,38,17,0,0,0.001166999980341643,2.9999995604157448e-05,0.00046270800521597266,3.408303018659353e-05,0.0016937910113483667,0.0017726250225678086,-7.883401121944189e-05
90034,39,17,0,0,0.0011726670200005174,3.024999750778079e-05,0.0008384169777855277,3.7958030588924885e-05,0.0020792920258827507,0.0018714170437306166,0.00020787498215213418
90034,40,17,1,1,0.0011750419507734478,3.037502756342292e-05,0.001156124984845519,3.7999998312443495e-05,0.0023995419614948332,0.0026898339856415987,-0.00029029202414676547
90034,41,16,4,4,0.0011494169593788683,3.579101758077741e-05,0.0009334170026704669,3.820803249254823e-05,0.002156833012122661,0.002330457966309041,-0.0001736249541863799
90034,42,12,4,4,0.0010425410000607371,2.9916991479694843e-05,0.0009673750028014183,3.462500171735883e-05,0.002074457996059209,0.0018656249740161002,0.00020883302204310894
90034,43,8,0,0,0.0009537090081721544,2.9125018045306206e-05,0.001455457997508347,6.279197987169027e-05,0.002501084003597498,0.0015706249978393316,0.0009304590057581663
90034,44,8,2,2,0.000988125044386834,3.9457983803004026e-05,0.0014346250100061297,4.3083971831947565e-05,0.0025052920100279152,0.0025005830102600157,4.708999767899513e-06
90034,45,6,0,0,0.0009753329795785248,3.9083999581635e-05,0.0005544159794226289,3.629201091825962e-05,0.0016051249695010483,0.002386874984949827,-0.0007817500154487789
90034,46,6,2,2,0.0009336670045740902,3.4415978007018566e-05,0.0005187090137042105,3.5582983400672674e-05,0.001522374979685992,0.0026301249745301902,-0.0011077499948441982
90034,47,4,5,4,0.0008748749969527125,3.187498077750206e-05,0.00045433297054842114,3.654201282188296e-05,0.0013976249611005187,0.0023177500115707517,-0.000920125050470233
90034,48,0,3,0,0.0008010409655980766,3.3208983950316906e-05,0.00107291602762416,0.00013029196998104453,0.002037457947153598,0.0016488339751958847,0.00038862397195771337
90034,49,0,5,0,0.0007820419850759208,3.170798299834132e-05,0.0022968330304138362,3.754196222871542e-05,0.003148124960716814,0.0023324579815380275,0.0008156669791787863
90034,50,0,8,0,0.0007839169702492654,3.1917006708681583e-05,0.0004983330145478249,3.6582991015166044e-05,0.001350749982520938,0.0013692089705727994,-1.8458988051861525e-05
90034,51,0,9,0,0.0008396669873036444,3.4958007745444775e-05,0.0006447919877246022,3.774999640882015e-05,0.0015571669791825116,0.0013670000480487943,0.0001901669311337173
90035,0,0,10,0,0.000783249968662858,3.308401210233569e-05,0.002116791030857712,0.00015199999324977398,0.0030851250048726797,0.001582166994921863,0.0015029580099508166
90035,1,2,10,0,0.0008770410204306245,3.5833974834531546e-05,0.000558916013687849,3.708398435264826e-05,0.0015088749933056533,0.0017878329963423312,-0.00027895800303667784
90035,2,2,10,0,0.0008187079802155495,2.9542017728090286e-05,0.0010759579599834979,3.662501694634557e-05,0.001960832974873483,0.0013699999544769526,0.0005908330203965306
90035,3,4,10,0,0.0008708750247024,3.120797919109464e-05,0.0007599579985253513,3.4791999496519566e-05,0.0016968330019153655,0.001672542013693601,2.4290988221764565e-05
90035,4,9,10,0,0.0010242499993182719,3.4582975786179304e-05,0.0005321250064298511,3.6917044781148434e-05,0.0016278750263154507,0.0019084170344285667,-0.000280542008113116
90035,5,15,10,5,0.0011190410004928708,3.179203486070037e-05,0.0012471669469960034,3.908301005139947e-05,0.002437082992400974,0.002642375009600073,-0.00020529201719909906
90035,6,16,5,5,0.0011160419671796262,3.0125025659799576e-05,0.0005764999659731984,3.862503217533231e-05,0.0017612919909879565,0.0021996659925207496,-0.00043837400153279305
90035,7,16,0,0,0.0011823750101029873,3.3833959605544806e-05,0.0007872910355217755,3.4833967220038176e-05,0.0020383339724503458,0.0019146249978803098,0.00012370897457003593
90035,8,17,0,0,0.0011699589667841792,3.2750016544014215e-05,0.0004897909821011126,3.345904406160116e-05,0.0017259590094909072,0.001986375020351261,-0.0002604160108603537
90035,9,21,0,0,0.0012565419892780483,3.083300543949008e-05,0.0012420000275596976,3.4374999813735485e-05,0.0025637500220909715,0.0020698330481536686,0.0004939169739373028
90035,10,24,0,0,0.0013359999866224825,2.9959017410874367e-05,0.0005242080078460276,3.349996404722333e-05,0.0019236669759266078,0.0022215420030988753,-0.00029787502717226744
90035,11,27,0,0,0.001366000040434301,2.9999995604157448e-05,0.0006861659931018949,3.5959004890173674e-05,0.002118125034030527,0.0029506669961847365,-0.0008325419621542096
90035,12,31,0,0,0.001502875005826354,3.4833967220038176e-05,0.0011899160454049706,3.587495302781463e-05,0.0027634999714791775,0.0026216250262223184,0.00014187494525685906
90035,13,32,0,0,0.0014862499665468931,2.9875023756176233e-05,0.0008978749974630773,3.3333024475723505e-05,0.00244733301224187,0.0021312499884516,0.0003160830237902701
90035,14,40,0,0,0.0017142079886980355,5.154201062396169e-05,0.0008960409904830158,3.79589619114995e-05,0.0026997499517165124,0.00356270803604275,-0.0008629580843262374
90035,15,42,4,4,0.0017263329937122762,3.129197284579277e-05,0.0009986250079236925,3.583298530429602e-05,0.0027920829597860575,0.0024151249672286212,0.00037695799255743623
90035,16,42,2,2,0.0016967919655144215,3.21249826811254e-05,0.0006010000361129642,3.366696182638407e-05,0.002363583946134895,0.0030385000281967223,-0.0006749160820618272
90035,17,43,0,0,0.0017157499678432941,3.0082999728620052e-05,0.0009870000067166984,3.241701051592827e-05,0.002765249984804541,0.0024607080267742276,0.00030454195803031325
90035,18,44,3,3,0.001778665988240391,3.758398815989494e-05,0.0011701660114340484,3.5792007111012936e-05,0.0030222079949453473,0.0024250829592347145,0.0005971250357106328
90035,19,41,0,0,0.0016868340317159891,3.0750001315027475e-05,0.0011781249777413905,3.804103471338749e-05,0.0029337500454857945,0.0023369999835267663,0.0005967500619590282
90035,20,41,0,0,0.001736583944875747,3.220804501324892e-05,0.0017701669712550938,3.674998879432678e-05,0.0035757089499384165,0.002389291999861598,0.0011864169500768185
90035,21,41,0,0,0.0017370000132359564,3.004202153533697e-05,0.0011541669955477118,3.549997927621007e-05,0.0029567090095952153,0.002905333007220179,5.137600237503648e-05
90035,22,41,1,1,0.0016612919862382114,2.875004429370165e-05,0.0005390409496612847,3.341701813042164e-05,0.0022624999983236194,0.002374541014432907,-0.00011204101610928774
90035,23,40,0,0,0.0017404159880243242,3.345898585394025e-05,0.0005358750349842012,3.420800203457475e-05,0.0023439580108970404,0.003293874964583665,-0.0009499169536866248
90035,24,40,0,0,0.001708041992969811,3.287498839199543e-05,0.0014473330229520798,3.4791999496519566e-05,0.0032230420038104057,0.002732915978413075,0.0004901260253973305
90035,25,40,0,0,0.0016967080300673842,3.004202153533697e-05,0.0011118329712189734,3.341701813042164e-05,0.0028720000409521163,0.0028423750190995634,2.962502185255289e-05
90035,26,40,1,1,0.001714874990284443,3.120797919109464e-05,0.001600957999471575,3.5792007111012936e-05,0.0033828329760581255,0.002375124953687191,0.0010077080223709345
90035,27,39,0,0,0.0016919159679673612,3.2584008295089006e-05,0.0011927500017918646,3.3750024158507586e-05,0.0029510000022128224,0.002384167048148811,0.0005668329540640116
90035,28,39,1,1,0.0016836669528856874,3.266701241955161e-05,0.0010586249991320074,3.5415985621511936e-05,0.0028103749500587583,0.002356374985538423,0.0004539999645203352
90035,29,38,0,0,0.0016578329959884286,3.2791984267532825e-05,0.0012793749920092523,0.00012716703349724412,0.003097167005762458,0.0022872499539516866,0.0008099170518107712
90035,30,38,2,2,0.0016453330172225833,2.9582995921373367e-05,0.0016439169994555414,0.00012400001287460327,0.0034428330254741013,0.002384624967817217,0.0010582080576568842
90035,31,36,1,1,0.0015866669709794223,4.229199839755893e-05,0.001746124995406717,3.6958022974431515e-05,0.00341204198775813,0.0041494169854559,-0.0007373749976977706
90035,32,35,2,2,0.001544040977023542,3.112497506663203e-05,0.0005106250173412263,3.566697705537081e-05,0.002121457946486771,0.0023847499978728592,-0.00026329205138608813
90035,33,33,2,2,0.0015494590043090284,3.0790979508310556e-05,0.0007552090100944042,3.612501313909888e-05,0.002371584007050842,0.0021806249860674143,0.00019095902098342776
90035,34,31,1,1,0.0014419580111280084,2.8875016141682863e-05,0.0005176669801585376,4.187499871477485e-05,0.0020303750061430037,0.002176874957513064,-0.00014649995137006044
90035,35,30,1,1,0.0014487919979728758,3.045797348022461e-05,0.0005509170005097985,3.433297388255596e-05,0.002064499945845455,0.0029241659794934094,-0.0008596660336479545
90035,36,29,0,0,0.0014643340255133808,3.445800393819809e-05,0.0005614999681711197,3.483303589746356e-05,0.002095125033520162,0.002671334019396454,-0.000576208985876292
90035,37,29,0,0,0.001452833996154368,3.158301115036011e-05,0.0011388330021873116,3.4958997275680304e-05,0.00265820900676772,0.003053791995625943,-0.00039558298885822296
90035,38,29,0,0,0.0014573330408893526,3.254198236390948e-05,0.0010352079989388585,0.0001377089647576213,0.002662791986949742,0.002952000009827316,-0.00028920802287757397
90035,39,29,0,0,0.0014363749651238322,3.1167000997811556e-05,0.0009354160283692181,3.38749960064888e-05,0.0024368329904973507,0.002947291999589652,-0.0005104590090923011
90035,40,29,1,1,0.0014324579969979823,3.0458031687885523e-05,0.0006268339930102229,4.99580055475235e-05,0.002139708027243614,0.0021047499612905085,3.495806595310569e-05
90035,41,28,2,2,0.0014189170324243605,2.9582995921373367e-05,0.0005525839515030384,3.620801726356149e-05,0.0020372919971123338,0.001994249993003905,4.3042004108428955e-05
90035,42,26,1,1,0.0013693749788217247,3.195804310962558e-05,0.0013594169868156314,3.445800393819809e-05,0.0027952080126851797,0.0024591670371592045,0.00033604097552597523
90035,43,25,3,3,0.0013279999839141965,3.1333998776972294e-05,0.0017673750407993793,6.349995965138078e-05,0.003190208983141929,0.0027114999829791486,0.0004787090001627803
90035,44,22,1,1,0.001263250014744699,3.27499583363533e-05,0.0012286250130273402,4.591699689626694e-05,0.0025705419830046594,0.0019361249869689345,0.0006344169960357249
90035,45,21,1,1,0.0012728340225294232,3.0957977287471294e-05,0.0017839170177467167,3.6582991015166044e-05,0.0031242920085787773,0.0023900000378489494,0.0007342919707298279
90035,46,20,1,1,0.0012729159789159894,3.100000321865082e-05,0.0006159589975140989,3.441603621467948e-05,0.0019542910158634186,0.0024185419897548854,-0.00046425097389146686
90035,47,19,0,0,0.0012490000226534903,3.0542025342583656e-05,0.00047270796494558454,3.204203676432371e-05,0.0017842920497059822,0.0018492090166546404,-6.491696694865823e-05
90035,48,19,0,0,0.0012732910108752549,8.754199370741844e-05,0.0007572079775854945,6.370898336172104e-05,0.002181749965529889,0.0020649999496527016,0.00011675001587718725
90035,49,19,2,2,0.001223083003424108,3.15000070258975e-05,0.0008060000254772604,3.566697705537081e-05,0.0020962500129826367,0.002479042042978108,-0.00038279202999547124
90035,50,17,0,0,0.0012228340492583811,4.1665975004434586e-05,0.000989916967228055,3.970804391428828e-05,0.002294125035405159,0.0030189580284059048,-0.0007248329930007458
90035,51,17,0,0,0.0011825829860754311,3.250001464039087e-05,0.0012677079648710787,3.612501313909888e-05,0.0025189159787259996,0.0017712499829940498,0.0007476659957319498
90035,52,17,2,2,0.0011725839576683939,3.120803739875555e-05,0.0014436249621212482,6.166700040921569e-05,0.0027090839575976133,0.0018362909904681146,0.0008727929671294987
90035,53,15,2,2,0.001157541002612561,3.225001273676753e-05,0.0005142089794389904,3.6958022974431515e-05,0.0017409580177627504,0.0021005840389989316,-0.00035962602123618126
90035,54,13,3,3,0.001107208023313433,4.9916969146579504e-05,0.0010897080064751208,4.691700451076031e-05,0.0022937500034458935,0.0028582499944604933,-0.0005644999910145998
90035,55,10,2,2,0.0010362499742768705,3.541703335940838e-05,0.0005250409594736993,3.6334036849439144e-05,0.0016330420039594173,0.002006208000238985,-0.0003731659962795675
90035,56,8,0,0,0.0009448329801671207,2.962502185255289e-05,0.0005256249569356441,3.2625044696033e-05,0.0015327080036513507,0.001981042034458369,-0.0004483340308070183
90035,57,8,4,4,0.0009470839868299663,2.8916052542626858e-05,0.0006017499836161733,3.491697134450078e-05,0.0016126669943332672,0.0018208329565823078,-0.0002081659622490406
90035,58,4,3,3,0.0008564580348320305,2.924998989328742e-05,0.0005236669676378369,3.3750024158507586e-05,0.0014431250165216625,0.0013912079739384353,5.191704258322716e-05
90035,59,1,0,0,0.0008215000270865858,3.4958997275680304e-05,0.0006060830201022327,3.679195651784539e-05,0.0014993340009823442,0.0023185409954749048,-0.0008192069944925606
90035,60,1,0,0,0.0008136249962262809,3.1333009246736765e-05,0.001799958001356572,3.566703526303172e-05,0.0026805830420926213,0.001599124982021749,0.0010814580600708723
90035,61,1,1,1,0.0007957920315675437,2.941599814221263e-05,0.0004710839712060988,3.266602288931608e-05,0.0013289580238051713,0.001418125000782311,-8.916697697713971e-05
90035,62,0,3,0,0.0007729170029051602,2.8707960154861212e-05,0.0010022090282291174,0.0001290409709326923,0.001932874962221831,0.0013351250090636313,0.0005977499531581998
90035,63,0,6,0,0.0007874160073697567,4.841701593250036e-05,0.0005546250031329691,3.69579647667706e-05,0.0014274159912019968,0.002565499977208674,-0.0011380839860066772
90035,64,0,7,0,0.0007887500105425715,3.116601146757603e-05,0.00044779200106859207,3.308296436443925e-05,0.001300790987443179,0.00133050000295043,-2.9709015507251024e-05
90035,65,0,8,0,0.0007815409917384386,3.083399496972561e-05,0.0004788750084117055,3.1916017178446054e-05,0.0013231660122983158,0.0013261249987408519,-2.9589864425361156e-06
90035,66,0,9,0,0.0007720829453319311,3.208400448784232e-05,0.0013577910140156746,3.745901631191373e-05,0.0021994169801473618,0.0018400840344838798,0.00035933294566348195
90036,0,0,10,0,0.0008317080209963024,3.250001464039087e-05,0.0007844999781809747,3.716698847711086e-05,0.0016858750022947788,0.0018941250164061785,-0.00020825001411139965
90036,1,2,10,0,0.0008277079905383289,3.0207971576601267e-05,0.0013652089983224869,0.00012466602493077517,0.002347790985368192,0.0017361250356771052,0.000611665949691087
90036,2,4,10,0,0.0008891249890439212,3.083300543949008e-05,0.001418125000782311,3.491697134450078e-05,0.002372999966610223,0.0016337080160155892,0.0007392919505946338
90036,3,6,10,0,0.0009246249683201313,3.0082999728620052e-05,0.0004940000362694263,3.3999967854470015e-05,0.0014827079721726477,0.0017299999599345028,-0.0002472919877618551
90036,4,10,10,0,0.001004457997623831,2.9459013603627682e-05,0.0010229999898001552,3.754097269847989e-05,0.0020944579737260938,0.0017073749913834035,0.00038708298234269023
90036,5,16,10,6,0.0011417499626986682,2.9499991796910763e-05,0.0009286660351790488,3.574998117983341e-05,0.002135665970854461,0.0018192920251749456,0.0003163739456795156
90036,6,12,4,4,0.0010459580225870013,2.887495793402195e-05,0.0006934170378372073,3.479095175862312e-05,0.0018030409701168537,0.0026052080211229622,-0.0008021670510061085
90036,7,11,0,0,0.001037375011947006,3.0583993066102266e-05,0.0005284160142764449,3.633397864177823e-05,0.0016327089979313314,0.00198320799972862,-0.00035049900179728866
90036,8,14,0,0,0.0010962910018861294,3.0166993383318186e-05,0.000494042003992945,3.579101758077741e-05,0.00165629101684317,0.001658540975768119,-2.249958924949169e-06
90036,9,17,1,1,0.0018935839761979878,3.225001273676753e-05,0.0008134999661706388,3.579101758077741e-05,0.0027751249726861715,0.0028932910063304007,-0.00011816603364422917
90036,10,23,0,0,0.0013393750414252281,3.462500171735883e-05,0.0015319169615395367,3.7541030906140804e-05,0.0029434580355882645,0.002473499975167215,0.0004699580604210496
90036,11,26,1,1,0.0014012909960001707,3.749999450519681e-05,0.0009495420381426811,4.9291993491351604e-05,0.0024376250221394002,0.0020883340039290488,0.00034929101821035147
90036,12,30,0,0,0.001485917018726468,3.1790987122803926e-05,0.000530916964635253,3.4917029552161694e-05,0.0020835420000366867,0.0022255420335568488,-0.0001420000335201621
90036,13,36,0,0,0.0016108750132843852,3.14170029014349e-05,0.0011117910034954548,3.4584023524075747e-05,0.0027886670432053506,0.0025674999924376607,0.00022116705076768994
90036,14,41,1,1,0.0017110829940065742,3.091699909418821e-05,0.0005264159990474582,3.400002606213093e-05,0.0023024160182103515,0.0029611250502057374,-0.0006587090319953859
90036,15,43,1,1,0.0017644999898038805,3.370799822732806e-05,0.0006936250138096511,4.845898365601897e-05,0.0025402919854968786,0.003817250020802021,-0.0012769580353051424
90036,16,42,1,1,0.001826833002269268,3.6792014725506306e-05,0.0010017079766839743,3.9000005926936865e-05,0.0029043329996056855,0.002897457976359874,6.875023245811462e-06
90036,17,41,1,1,0.0024355000350624323,4.199997056275606e-05,0.0019290000200271606,3.8792029954493046e-05,0.004445292055606842,0.003746667003724724,0.000698625051882118
90036,18,43,1,1,0.0017863750108517706,3.112497506663203e-05,0.0013591250171884894,3.7165998946875334e-05,0.0032137910020537674,0.0033224159851670265,-0.00010862498311325908
90036,19,43,1,1,0.0017593330121599138,3.087497316300869e-05,0.000769917038269341,3.408297197893262e-05,0.002594207995571196,0.0024424580042250454,0.00015174999134615064
90036,20,42,2,2,0.0017086670268326998,3.0499999411404133e-05,0.0013545409892685711,3.4833967220038176e-05,0.0031285419827327132,0.002317208971362561,0.0008113330113701522
90036,21,40,0,0,0.001702957961242646,3.062502946704626e-05,0.0010188749874942005,3.612501313909888e-05,0.0027885829913429916,0.0032352079870179296,-0.00044662499567493796
90036,22,40,0,0,0.0016849999665282667,3.0166003853082657e-05,0.00149350002175197,3.4374999813735485e-05,0.003243040991947055,0.0031910829711705446,5.195802077651024e-05
90036,23,40,1,1,0.0017723330529406667,3.829196793958545e-05,0.0005775000317953527,3.8040976505726576e-05,0.0024261660291813314,0.0031604590476490557,-0.0007342930184677243
90036,24,39,1,1,0.0017481659888289869,3.229198046028614e-05,0.0006256250198930502,3.408303018659353e-05,0.0024401660193689167,0.0024452919606119394,-5.12594124302268e-06
90036,25,38,0,0,0.001587208011187613,3.024999750778079e-05,0.0005774999735876918,3.320799442008138e-05,0.002228165976703167,0.002683917002286762,-0.00045575102558359504
90036,26,38,1,1,0.0015845000161789358,2.9125018045306206e-05,0.0006560420151799917,3.324996214359999e-05,0.0023029170115478337,0.002220374997705221,8.25420138426125e-05
90036,27,37,0,0,0.0016115420148707926,3.1957984901964664e-05,0.0006317080114968121,5.662499461323023e-05,0.0023318330058827996,0.003928833990357816,-0.0015970009844750166
90036,28,37,0,0,0.0016544159734621644,3.100000321865082e-05,0.002218874986283481,0.00015124998753890395,0.0040555409505032,0.0030137920402921736,0.0010417489102110267
90036,29,37,1,1,0.0016194170457310975,3.0165945645421743e-05,0.000544792041182518,3.454199759289622e-05,0.0022289170301519334,0.002335708006285131,-0.00010679097613319755
90036,30,36,2,2,0.0015919999568723142,3.370799822732806e-05,0.0012351250043138862,3.7833990063518286e-05,0.0028986669494770467,0.003119250002782792,-0.00022058305330574512
90036,31,34,0,0,0.0015450420323759317,3.104197094216943e-05,0.0005199579754844308,3.4333032090216875e-05,0.002130375010892749,0.0022144580143503845,-8.408300345763564e-05
90036,32,34,1,1,0.0015575829893350601,3.058300353586674e-05,0.0009094590204767883,3.5207951441407204e-05,0.0025328329647891223,0.0021801249822601676,0.00035270798252895474
90036,33,33,0,0,0.0015611669514328241,3.241701051592827e-05,0.001241958001628518,3.312499029561877e-05,0.0028686669538728893,0.0022177500068210065,0.0006509169470518827
90036,34,33,1,1,0.001606374979019165,3.5917037166655064e-05,0.0016529170097783208,3.6415993236005306e-05,0.003331625019200146,0.0024846249725669622,0.000847000046633184
90036,35,32,1,1,0.0015565420035272837,6.200000643730164e-05,0.00180358299985528,3.629195271059871e-05,0.003458416962530464,0.0021305829868651927,0.0013278339756652713
90036,36,31,1,1,0.001489125017542392,3.1790987122803926e-05,0.0014351250138133764,3.8833997678011656e-05,0.002994875016156584,0.0025675829965621233,0.0004272920195944607
90036,37,30,0,0,0.0015197920147329569,3.15000070258975e-05,0.0005400420050136745,3.4374999813735485e-05,0.0021257090265862644,0.002321208012290299,-0.00019549898570403457
90036,38,30,1,1,0.002344084030482918,3.424996975809336e-05,0.0013650410110130906,3.4334021620452404e-05,0.0037777090328745544,0.0034233329934068024,0.000354376039467752
90036,39,29,1,1,0.0014315000153146684,3.0792027246207e-05,0.0013934169546701014,3.520800964906812e-05,0.002890917006880045,0.0028654580237343907,2.54589831456542e-05
90036,40,28,0,0,0.0014086250448599458,2.9791961424052715e-05,0.001443958026356995,3.404199378564954e-05,0.002916417026426643,0.0029164169682189822,5.820766091346741e-11
90036,41,28,1,1,0.0014134999946691096,2.96669895760715e-05,0.0010097500053234398,3.654201282188296e-05,0.002489459002390504,0.0022535419557243586,0.00023591704666614532
90036,42,27,0,0,0.0014511669869534671,3.120797919109464e-05,0.000520500005222857,3.345898585394025e-05,0.002036333957221359,0.0021069999784231186,-7.066602120175958e-05
90036,43,27,1,1,0.0014000420342199504,3.595795715227723e-05,0.0005430420278571546,3.574998117983341e-05,0.0020147920004092157,0.002061583974864334,-4.679197445511818e-05
90036,44,26,3,3,0.001332084008026868,2.987496554851532e-05,0.0004988750442862511,3.370799822732806e-05,0.0018945420160889626,0.0018980000168085098,-3.4580007195472717e-06
90036,45,23,1,1,0.0013273750082589686,4.862499190494418e-05,0.00167479197261855,5.716603482142091e-05,0.0031079580076038837,0.0021054589888080955,0.0010024990187957883
90036,46,22,0,0,0.00136133300838992,3.604200901463628e-05,0.0005494999932125211,3.6874960642308e-05,0.0019837499712593853,0.0027738750213757157,-0.0007901250501163304
90036,47,22,2,2,0.0013274590019136667,5.008297739550471e-05,0.002393542032223195,5.841598613187671e-05,0.003829499997664243,0.003520458994898945,0.0003090410027652979
90036,48,20,0,0,0.001251709007192403,3.6207959055900574e-05,0.00054191704839468,3.724999260157347e-05,0.0018670840072445571,0.001979416992980987,-0.00011233298573642969
90036,49,20,4,4,0.0012582080089487135,3.062497125938535e-05,0.0009342500125057995,3.708398435264826e-05,0.0022601669770665467,0.0021295829792506993,0.0001305839978158474
90036,50,16,3,3,0.0011180840083397925,2.8665992431342602e-05,0.000498417008202523,3.470800584182143e-05,0.0016798750148154795,0.002034667006228119,-0.0003547919914126396
90036,51,13,0,0,0.001085874973796308,3.400002606213093e-05,0.001022874959744513,3.4958997275680304e-05,0.0021777089568786323,0.002887292008381337,-0.0007095830515027046
90036,52,13,1,1,0.0011212090030312538,3.825000021606684e-05,0.0005162080051377416,3.887503407895565e-05,0.0017145420424640179,0.002636082994285971,-0.0009215409518219531
90036,53,12,1,1,0.0010616250219754875,4.125002305954695e-05,0.000843666959553957,3.7958030588924885e-05,0.0019845000351779163,0.002524791983887553,-0.0005402919487096369
90036,54,11,1,1,0.0010539580252952874,3.5833974834531546e-05,0.0013804580084979534,3.7582998629659414e-05,0.0025078330072574317,0.0026350419502705336,-0.00012720894301310182
90036,55,10,0,0,0.0012731670285575092,3.674998879432678e-05,0.00048304098891094327,3.9000005926936865e-05,0.001831958012189716,0.0022502500214613974,-0.0004182920092716813
90036,56,10,2,2,0.0010421659681014717,3.179203486070037e-05,0.001097082975320518,3.3958989661186934e-05,0.002204999967943877,0.0017082909471355379,0.0004967090208083391
90036,57,8,2,2,0.0010154159972444177,3.8416997995227575e-05,0.0016554580070078373,3.870896762236953e-05,0.002747999969869852,0.0025632920442149043,0.00018470792565494776
90036,58,6,2,2,0.0009217499755322933,3.229099093005061e-05,0.0012998750316910446,4.7667010221630335e-05,0.002301583008375019,0.002213665982708335,8.791702566668391e-05
90036,59,4,3,3,0.0009147090022452176,3.3958000130951405e-05,0.0008304999792017043,3.812502836808562e-05,0.0018172920099459589,0.001887999998871237,-7.070798892527819e-05
90036,60,1,0,0,0.0008996250107884407,3.454199759289622e-05,0.0014094160287640989,4.1458988562226295e-05,0.002385042025707662,0.0013733750092796981,0.001011667016427964
90036,61,1,2,1,0.0008625839836895466,3.549997927621007e-05,0.0009127500234171748,3.474997356534004e-05,0.0018455839599482715,0.003249000001233071,-0.0014034160412847996
90036,62,0,1,0,0.0008439579978585243,3.950000973418355e-05,0.0012093340046703815,4.0832965169101954e-05,0.0021336249774321914,0.00176958303200081,0.00036404194543138146
90036,63,0,3,0,0.0007965000113472342,3.187498077750206e-05,0.0017737910384312272,3.3999967854470015e-05,0.0026361659984104335,0.0014047090080566704,0.001231456990353763
90036,64,0,6,0,0.0007835419964976609,3.066600766032934e-05,0.0006856669788248837,3.350002225488424e-05,0.0015333750052377582,0.001367208024021238,0.00016616698121652007
90036,65,0,8,0,0.0008122079889290035,3.316695801913738e-05,0.0007830830290913582,3.91670037060976e-05,0.0016676249797455966,0.0014527500024996698,0.00021487497724592686
90036,66,0,9,0,0.0007804579799994826,2.9959017410874367e-05,0.0004717499832622707,3.3333024475723505e-05,0.0013155000051483512,0.0024947079946286976,-0.0011792079894803464
90037,0,0,10,0,0.0007807919755578041,2.9999995604157448e-05,0.0004808329977095127,3.38749960064888e-05,0.001325499964877963,0.0013828750234097242,-5.737505853176117e-05
90037,1,0,10,0,0.0008428329601883888,3.450002986937761e-05,0.0011080419644713402,3.650004509836435e-05,0.002021874999627471,0.0013915410381741822,0.0006303339614532888
90037,2,0,10,0,0.0007900000200606883,3.15000070258975e-05,0.0017952079651877284,3.812502836808562e-05,0.0026548330206424,0.0016511669964529574,0.0010036660241894424
90037,3,3,10,0,0.0008904580026865005,3.0957977287471294e-05,0.0006634999881498516,3.4334021620452404e-05,0.0016192499897442758,0.0015824579750187695,3.6792014725506306e-05
90037,4,5,10,0,0.00090170803014189,3.0374969355762005e-05,0.0013357920106500387,0.00013975001638755202,0.002407625026535243,0.0025890840333886445,-0.00018145900685340166
90037,5,9,10,0,0.0010176249779760838,3.137503517791629e-05,0.0006491249660030007,3.4374999813735485e-05,0.0017324999789707363,0.002177042013499886,-0.00044454203452914953
90037,6,15,10,4,0.001163666951470077,3.204104723408818e-05,0.0010082919616252184,3.550003748387098e-05,0.0022394999978132546,0.0018208749825134873,0.00041862501529976726
90037,7,16,6,6,0.0011649579973891377,3.170798299834132e-05,0.0005556250107474625,3.9834005292505026e-05,0.0017921249964274466,0.002837957988958806,-0.0010458329925313592
90037,8,13,0,0,0.0010777090210467577,3.10409814119339e-05,0.00046779197873547673,3.5917037166655064e-05,0.0016124590183608234,0.0017426669946871698,-0.0001302079763263464
90037,9,20,0,0,0.0012521249591372907,3.0458031687885523e-05,0.0012506669736467302,3.6165991332381964e-05,0.0025694159558042884,0.0017973750364035368,0.0007720409194007516
90037,10,25,0,0,0.0013553749886341393,3.0750001315027475e-05,0.0014857500209473073,0.00015366694424301386,0.003025541955139488,0.002347000001464039,0.0006785419536754489
90037,11,30,0,0,0.0014817499904893339,2.9790971893817186e-05,0.0011309999972581863,3.395904786884785e-05,0.0026765000075101852,0.0036109579959884286,-0.0009344579884782434
90037,12,33,0,0,0.0016542500234209,3.3999967854470015e-05,0.0008971670176833868,3.7958030588924885e-05,0.002623375039547682,0.0037734590005129576,-0.0011500839609652758
90037,13,37,0,0,0.0016693330253474414,3.112497506663203e-05,0.0010146250133402646,3.3958989661186934e-05,0.002749042003415525,0.0031625829869881272,-0.00041354098357260227
90037,14,39,1,1,0.0016947920084930956,3.529200330376625e-05,0.0014281250187195837,3.587501123547554e-05,0.003194084041751921,0.0024508340284228325,0.0007432500133290887
90037,15,43,1,1,0.0017373330192640424,2.9749993700534105e-05,0.0006569999968633056,3.91670037060976e-05,0.0024632500135339797,0.0023975829826667905,6.566703086718917e-05
90037,16,45,2,2,0.0018208749825134873,3.091699909418821e-05,0.001391708035953343,3.616698086261749e-05,0.003279666998423636,0.003647000005003065,-0.0003673330065794289
90037,17,45,2,2,0.0017835840117186308,3.0790979508310556e-05,0.0009703749674372375,3.883405588567257e-05,0.0028235840145498514,0.0027005000156350434,0.00012308399891480803
90037,18,44,3,3,0.0017632499802857637,3.1957984901964664e-05,0.0005639169830828905,3.383302828297019e-05,0.002392957976553589,0.002845333016011864,-0.00045237503945827484
90037,19,41,0,0,0.001703666988760233,3.0750001315027475e-05,0.001483250001911074,3.649998689070344e-05,0.0032541669788770378,0.002309667004738003,0.0009444999741390347
90037,20,41,0,0,0.001663832983467728,3.283302066847682e-05,0.0006084589986130595,3.224995452910662e-05,0.002337374957278371,0.002782666007988155,-0.00044529105070978403
90037,21,41,1,1,0.001674083003308624,2.862501423805952e-05,0.000923709012567997,3.208295674994588e-05,0.0026584999868646264,0.0022982499795034528,0.00036025000736117363
90037,22,40,0,0,0.0016934999730437994,3.312499029561877e-05,0.0017392919980920851,3.445800393819809e-05,0.0035003749653697014,0.0029667080380022526,0.0005336669273674488
90037,23,40,0,0,0.0017354160081595182,3.341701813042164e-05,0.0005422079702839255,3.404199378564954e-05,0.002345082990359515,0.0035689170472323895,-0.0012238340568728745
90037,24,40,0,0,0.0017123749712482095,3.1584000680595636e-05,0.0009192500147037208,4.170800093561411e-05,0.00270491698756814,0.0028244999703019857,-0.00011958298273384571
90037,25,40,0,0,0.0016604170086793602,3.0374969355762005e-05,0.0005468330346047878,3.254198236390948e-05,0.0022701669950038195,0.0030882080318406224,-0.000818041036836803
90037,26,40,0,0,0.0016532919835299253,2.9374961741268635e-05,0.0005275830044411123,3.2167008612304926e-05,0.002242416958324611,0.002266625000629574,-2.4208042304962873e-05
90037,27,40,0,0,0.0017230829689651728,3.3333024475723505e-05,0.0005716669838875532,3.620801726356149e-05,0.002364290994592011,0.0027777079958468676,-0.0004134170012548566
90037,28,40,1,1,0.0016761249862611294,3.062502946704626e-05,0.0010673750075511634,3.479095175862312e-05,0.002808915975037962,0.0032592079951427877,-0.0004502920201048255
90037,29,39,1,1,0.0016701669665053487,2.9749993700534105e-05,0.0005138330161571503,3.483402542769909e-05,0.002248584001790732,0.0032695410191081464,-0.0010209570173174143
90037,30,38,3,3,0.0016980000073090196,3.304198617115617e-05,0.0007907500257715583,3.791600465774536e-05,0.0025597080239094794,0.0022418330190703273,0.0003178750048391521
90037,31,35,2,2,0.0015833749785088003,3.0542025342583656e-05,0.0005236659781076014,3.483402542769909e-05,0.0021724170073866844,0.002649082976859063,-0.0004766659694723785
90037,32,33,1,1,0.0014972499920986593,2.924998989328742e-05,0.0004946250119246542,3.245897823944688e-05,0.002053583972156048,0.002493416948709637,-0.0004398329765535891
90037,33,32,1,1,0.0014712500269524753,2.8749986086040735e-05,0.00048670900287106633,3.225001273676753e-05,0.00201895902864635,0.002330959017854184,-0.000311999989207834
90037,34,31,1,1,0.0014850840088911355,3.2125040888786316e-05,0.0015452909865416586,3.470899537205696e-05,0.0030972090316936374,0.0021192500134930015,0.000977959018200636
90037,35,30,0,0,0.0015040409634821117,3.279204247519374e-05,0.0010737919947132468,3.3374992199242115e-05,0.0026439999928697944,0.0024899590061977506,0.0001540409866720438
90037,36,30,0,0,0.0014642499736510217,3.0166003853082657e-05,0.0005557499825954437,3.3334014005959034e-05,0.002083499974105507,0.0027881250134669244,-0.0007046250393614173
90037,37,30,0,0,0.0016432090196758509,3.591598942875862e-05,0.0012453340459614992,4.479096969589591e-05,0.0029692500247620046,0.003539916011504829,-0.0005706659867428243
90037,38,30,0,0,0.0014958750107325613,3.38749960064888e-05,0.0008837920031510293,3.533298149704933e-05,0.002448874991387129,0.002160667034331709,0.0002882079570554197
90037,39,30,0,0,0.0015087499632500112,3.758398815989494e-05,0.001091000041924417,3.6415993236005306e-05,0.0026737499865703285,0.0029447920387610793,-0.00027104205219075084
90037,40,30,1,1,0.0014246670180000365,3.187498077750206e-05,0.0007403329946100712,3.866699989885092e-05,0.0022355419932864606,0.0023297079605981708,-9.416596731171012e-05
90037,41,29,2,2,0.0014435830526053905,3.066699719056487e-05,0.0007844159845262766,3.808399196714163e-05,0.0022967500262893736,0.0026960840332321823,-0.00039933400694280863
90037,42,27,1,1,0.0013962500379420817,3.045797348022461e-05,0.0010758750140666962,3.533298149704933e-05,0.002537916006986052,0.00274920801166445,-0.00021129200467839837
90037,43,26,5,5,0.0014048749580979347,3.2125040888786316e-05,0.0006384580046869814,4.137499490752816e-05,0.0021168329985812306,0.0020674580009654164,4.937499761581421e-05
90037,44,21,1,1,0.0012832499924115837,3.091699909418821e-05,0.000866917020175606,3.524997737258673e-05,0.0022163339890539646,0.0019299580017104745,0.0002863759873434901
90037,45,20,0,0,0.0012628750409930944,3.875000402331352e-05,0.0005133340018801391,3.470794763416052e-05,0.0018496669945307076,0.0025744590093381703,-0.0007247920148074627
90037,46,20,0,0,0.0012678750208579004,3.125000512227416e-05,0.0005537919932976365,3.470800584182143e-05,0.0018876250251196325,0.001938958012033254,-5.1332986913621426e-05
90037,47,20,0,0,0.001238624972756952,3.2374984584748745e-05,0.0007293749949894845,3.604101948440075e-05,0.002036415971815586,0.00237574998755008,-0.00033933401573449373
90037,48,20,0,0,0.0012030000216327608,2.8999987989664078e-05,0.0009742080001160502,3.349996404722333e-05,0.0022397079737856984,0.0017772919964045286,0.0004624159773811698
90037,49,20,1,1,0.0012311659520491958,3.145902883261442e-05,0.0021048749913461506,3.520800964906812e-05,0.003402707981877029,0.001943750015925616,0.001458957965951413
90037,50,19,0,0,0.0011727079981938004,2.8916983865201473e-05,0.000500541995279491,3.787502646446228e-05,0.0017400420038029552,0.0019627499859780073,-0.00022270798217505217
90037,51,19,2,2,0.0012427920009940863,3.258301876485348e-05,0.0006251669838093221,3.5750039387494326e-05,0.0019362920429557562,0.0018440419808030128,9.225006215274334e-05
90037,52,17,2,2,0.001161583000794053,3.14170029014349e-05,0.0005352079751901329,3.691698657348752e-05,0.0017651249654591084,0.002852290985174477,-0.0010871660197153687
90037,53,15,3,3,0.0011049999739043415,2.862501423805952e-05,0.0005605830228887498,3.38749960064888e-05,0.0017280830070376396,0.0017929169698618352,-6.483396282419562e-05
90037,54,12,1,1,0.0010383749613538384,2.8665992431342602e-05,0.0012088340008631349,3.612501313909888e-05,0.002311999967787415,0.0017707080114632845,0.0005412919563241303
90037,55,11,1,1,0.001040375034790486,3.120797919109464e-05,0.0005001249955967069,3.341701813042164e-05,0.0016051250277087092,0.0017670410452410579,-0.00016191601753234863
90037,56,10,0,0,0.001027250022161752,2.9958027880638838e-05,0.0012312089675106108,3.566598752513528e-05,0.002324083005078137,0.001574625028297305,0.0007494579767808318
90037,57,10,0,0,0.0010371669777669013,3.104103961959481e-05,0.001170499948784709,3.445905167609453e-05,0.0022731670178472996,0.0017292080447077751,0.0005439589731395245
90037,58,10,0,0,0.0010478749754838645,4.5208027586340904e-05,0.000961042009294033,4.11659711971879e-05,0.0020952909835614264,0.003250500012654811,-0.0011552090290933847
90037,59,10,0,0,0.0011262919870205224,3.6375015042722225e-05,0.0005783750093542039,3.712496254593134e-05,0.0017781669739633799,0.001873541041277349,-9.537406731396914e-05
90037,60,10,2,2,0.0010407079826109111,3.041699528694153e-05,0.0008786250255070627,3.662501694634557e-05,0.001986375020351261,0.0016460830229334533,0.0003402919974178076
90037,61,8,2,2,0.0010386249632574618,3.645801916718483e-05,0.0006339590181596577,4.133296897634864e-05,0.001750374969560653,0.0016605419805273414,8.98329890333116e-05
90037,62,6,2,2,0.0009773329948075116,4.9332971684634686e-05,0.0013240420375950634,3.629201091825962e-05,0.0023870000150054693,0.0022976669715717435,8.933304343372583e-05
90037,63,4,3,3,0.0008777090115472674,3.4582975786179304e-05,0.0009682080126367509,3.629201091825962e-05,0.0019167920108884573,0.0027966669877059758,-0.0008798749768175185
90037,64,1,0,0,0.0007934170425869524,2.8749986086040735e-05,0.0016917079919949174,3.5792007111012936e-05,0.0025496670277789235,0.001896333007607609,0.0006533340201713145
90037,65,1,0,0,0.0008335409802384675,3.15000070258975e-05,0.0008007499855011702,3.712502075359225e-05,0.0017029159935191274,0.0013749159988947213,0.0003279999946244061
90037,66,1,2,1,0.0007895410526543856,2.96669895760715e-05,0.00076224998338148,3.466702764853835e-05,0.0016161250532604754,0.0022267079912126064,-0.000610582937952131
90037,67,0,4,0,0.0007816249853931367,3.0333991162478924e-05,0.0004482080112211406,3.32500203512609e-05,0.0012934170081280172,0.0015085409977473319,-0.00021512398961931467
90037,68,0,5,0,0.0007993750041350722,3.100000321865082e-05,0.0004688749904744327,3.329099854454398e-05,0.0013325409963726997,0.0019040830084122717,-0.000571542012039572
90037,69,0,6,0,0.0008029580349102616,3.6457960959523916e-05,0.000813000020571053,3.950000973418355e-05,0.0016919160261750221,0.0017480830429121852,-5.616701673716307e-05
90038,0,2,10,0,0.0008345830137841403,3.066699719056487e-05,0.0004867909592576325,3.3292046282440424e-05,0.0013853330165147781,0.0018725419649854302,-0.0004872089484706521
90038,1,5,10,0,0.0008934590150602162,2.9541028197854757e-05,0.00046779197873547673,3.2750016544014215e-05,0.001423542038537562,0.0014750830014236271,-5.1540962886065245e-05
90038,2,7,10,0,0.0009362080018036067,3.0333991162478924e-05,0.0011255000135861337,0.00013116601621732116,0.0022232080227695405,0.0016213749768212438,0.0006018330459482968
90038,3,11,10,0,0.001033333013765514,2.96669895760715e-05,0.0005090410122647882,3.3334014005959034e-05,0.0016053750296123326,0.0017111250199377537,-0.0001057499903254211
90038,4,12,10,2,0.0011393330059945583,3.654201282188296e-05,0.0006148749962449074,3.629195271059871e-05,0.0018270419677719474,0.003162542008794844,-0.0013355000410228968
90038,5,14,8,8,0.001130332995671779,3.0458031687885523e-05,0.0007358749862760305,4.270899808034301e-05,0.001939375011716038,0.0029097500373609364,-0.0009703750256448984
90038,6,9,0,0,0.0009716249769553542,3.066600766032934e-05,0.0004971250309608877,3.191694850102067e-05,0.001531332964077592,0.0019080410129390657,-0.0003767080488614738
90038,7,10,0,0,0.0010353749967180192,3.0709023121744394e-05,0.0009369159815832973,3.691698657348752e-05,0.0020399169879965484,0.0016344589530490339,0.00040545803494751453
90038,8,17,0,0,0.0012123330379836261,3.208295674994588e-05,0.0005133750382810831,3.3416959922760725e-05,0.0017912079929374158,0.0019174169865436852,-0.00012620899360626936
90038,9,20,0,0,0.0012590420083142817,3.57080134563148e-05,0.0007330839871428907,3.408297197893262e-05,0.00206191698089242,0.0025653339689597487,-0.0005034169880673289
90038,10,27,0,0,0.0013508329866454005,3.2542040571570396e-05,0.001183916989248246,3.38749960064888e-05,0.0026011670124717057,0.0028122920193709433,-0.00021112500689923763
90038,11,28,0,0,0.0013975410256534815,3.0166993383318186e-05,0.0010021670022979379,3.3415970392525196e-05,0.0024632909917272627,0.0019826669595204294,0.00048062403220683336
90038,12,30,0,0,0.001457999984268099,3.054103581234813e-05,0.0011934169451706111,3.645801916718483e-05,0.002718415984418243,0.002446583006531,0.00027183297788724303
90038,13,39,0,0,0.001642583985812962,2.9916001949459314e-05,0.0007087499834597111,3.2709038350731134e-05,0.0024139590095728636,0.0027005000156350434,-0.0002865410060621798
90038,14,40,1,1,0.0017677919822745025,3.1374976970255375e-05,0.0008094999939203262,3.450002986937761e-05,0.0026431669830344617,0.0026562080020084977,-1.3041018974035978e-05
90038,15,42,2,2,0.0017417080234736204,2.9208953492343426e-05,0.0010278330300934613,3.7207966670393944e-05,0.002835957973729819,0.0024785419809632003,0.00035741599276661873
90038,16,43,1,1,0.00178491702536121,3.045797348022461e-05,0.0007703750161454082,3.433297388255596e-05,0.002620082988869399,0.0024723749957047403,0.00014770799316465855
90038,17,44,2,2,0.0017737089656293392,3.208301495760679e-05,0.0007572920294478536,4.2665982618927956e-05,0.0026057499926537275,0.002803333045449108,-0.00019758305279538035
90038,18,43,1,1,0.001759416947606951,3.320805262774229e-05,0.0007022919598966837,3.670802107080817e-05,0.002531624981202185,0.002502624993212521,2.8999987989664078e-05
90038,19,43,2,2,0.0017395419999957085,3.1582952942699194e-05,0.0015819999971427023,6.0125021263957024e-05,0.003413249971345067,0.0028229999588802457,0.0005902500124648213
90038,20,41,1,1,0.0017069579917006195,3.3125048503279686e-05,0.0006251249578781426,3.625004319474101e-05,0.0024014580412767828,0.002827583986800164,-0.00042612594552338123
90038,21,40,0,0,0.0016843749908730388,3.225001273676753e-05,0.0007868329994380474,3.574998117983341e-05,0.002539207984227687,0.0030046249739825726,-0.00046541698975488544
90038,22,40,0,0,0.0016671670018695295,3.041699528694153e-05,0.0005201660096645355,3.3791991882026196e-05,0.0022515419987030327,0.0025519580231048167,-0.00030041602440178394
90038,23,40,0,0,0.001737374986987561,3.487500362098217e-05,0.000544374983292073,3.5208999179303646e-05,0.00235183397307992,0.002505459007807076,-0.00015362503472715616
90038,24,40,0,0,0.0017414579633623362,3.57080134563148e-05,0.0010687499889172614,3.4374999813735485e-05,0.002880290965549648,0.003711041994392872,-0.000830751028843224
90038,25,40,0,0,0.001639000023715198,2.9165996238589287e-05,0.0006159589975140989,3.3832970075309277e-05,0.0023179579875431955,0.0030793750192970037,-0.0007614170317538083
90038,26,40,0,0,0.00166245800210163,3.08750313706696e-05,0.0005330419517122209,3.479100996628404e-05,0.0022611659951508045,0.0022584159742109478,2.7500209398567677e-06
90038,27,40,0,0,0.001712750003207475,3.10409814119339e-05,0.0005483339773491025,3.320799442008138e-05,0.0023253329563885927,0.0030534580000676215,-0.0007281250436790287
90038,28,40,0,0,0.0016980840009637177,2.962502185255289e-05,0.0006228749989531934,3.349996404722333e-05,0.0023840839858166873,0.0023442080128006637,3.9875973016023636e-05
90038,29,40,0,0,0.0017032080213539302,4.1458988562226295e-05,0.0017495410284027457,0.00012904196046292782,0.00362324999878183,0.0037717499653808773,-0.00014849996659904718
90038,30,40,0,0,0.0016912910505197942,2.983398735523224e-05,0.0007460410124622285,3.850000211969018e-05,0.002505666052456945,0.002943500003311783,-0.0004378339508548379
90038,31,40,1,1,0.001656667038332671,2.983299782499671e-05,0.0005224170163273811,3.3541000448167324e-05,0.002242458052933216,0.003142833011224866,-0.0009003749582916498
90038,32,39,0,0,0.0016500829951837659,3.250001464039087e-05,0.0005891249747946858,3.454199759289622e-05,0.002306249982211739,0.0023318749736063182,-2.562499139457941e-05
90038,33,39,0,0,0.0017262920155189931,3.2292038667947054e-05,0.000543624977581203,3.470800584182143e-05,0.0023369170376099646,0.0028675419744104147,-0.0005306249368004501
90038,34,39,1,1,0.00167833297746256,3.200001083314419e-05,0.0007903749938122928,3.895797999575734e-05,0.0025396659621037543,0.0024767499999143183,6.291596218943596e-05
90038,35,38,1,1,0.0016068749828264117,2.9916001949459314e-05,0.0006840000278316438,3.554200520738959e-05,0.0023563330178149045,0.0022791250376030803,7.720798021182418e-05
90038,36,37,3,3,0.0016339590074494481,3.0499999411404133e-05,0.001388082979246974,4.1457999031990767e-05,0.003093999985139817,0.0024919160059653223,0.0006020839791744947
90038,37,34,1,1,0.0015153749845921993,3.0499999411404133e-05,0.0011177920387126505,3.324996214359999e-05,0.002696916984859854,0.002448374987579882,0.00024854199727997184
90038,38,33,2,2,0.001496375014539808,3.0125025659799576e-05,0.0004964169929735363,3.3541000448167324e-05,0.002056458033621311,0.0024037500261329114,-0.00034729199251160026
90038,39,31,1,1,0.0015512920217588544,3.2917014323174953e-05,0.0005600409931503236,3.7624966353178024e-05,0.002181874995585531,0.0022567499545402825,-7.487495895475149e-05
90038,40,30,0,0,0.00149350002175197,3.183400258421898e-05,0.0005350409774109721,3.312499029561877e-05,0.00209349999204278,0.0026347910170443356,-0.0005412910250015557
90038,41,30,0,0,0.0014298330061137676,2.916704397648573e-05,0.0004932080046273768,3.291695611551404e-05,0.001985125010833144,0.0020216249977238476,-3.649998689070344e-05
90038,42,30,0,0,0.001415667007677257,2.9375019948929548e-05,0.0010870419791899621,3.341602860018611e-05,0.002565500035416335,0.0020195000106468797,0.0005460000247694552
90038,43,30,0,0,0.0014211669913493097,2.8915994334965944e-05,0.0009227499831467867,3.383401781320572e-05,0.002406666986644268,0.0020260000019334257,0.00038066698471084237
90038,44,30,0,0,0.0015231669531203806,3.541703335940838e-05,0.0017548329778946936,3.404199378564954e-05,0.003347458958160132,0.0021280410001054406,0.0012194179580546916
90038,45,30,0,0,0.0014693749835714698,3.104202914983034e-05,0.0005660000024363399,3.5207951441407204e-05,0.002101624966599047,0.003577499999664724,-0.0014758750330656767
90038,46,30,0,0,0.0015312499599531293,3.104202914983034e-05,0.0019072499708272517,0.00015779101522639394,0.0036273329751566052,0.0021078750141896307,0.0015194579609669745
90038,47,30,1,1,0.0014363329974003136,2.9959017410874367e-05,0.0011291250120848417,3.5165983717888594e-05,0.0026305830106139183,0.002343708008993417,0.0002868750016205013
90038,48,29,1,1,0.0014129170449450612,2.9124959837645292e-05,0.0005080410046502948,3.3334014005959034e-05,0.0019834170234389603,0.0028813749668188393,-0.000897957943379879
90038,49,28,0,0,0.0013695830130018294,2.987496554851532e-05,0.0005620419979095459,3.666599513962865e-05,0.0019981659715995193,0.002412084024399519,-0.0004139180527999997
90038,50,28,0,0,0.0014222079771570861,3.062502946704626e-05,0.0007736670086160302,3.270799061283469e-05,0.0022592080058529973,0.002597999991849065,-0.0003387919859960675
90038,51,28,0,0,0.0014287079684436321,3.0292023438960314e-05,0.0005302079953253269,3.354198997840285e-05,0.002022749977186322,0.002388875000178814,-0.0003661250229924917
90038,52,28,3,3,0.0013923749793320894,3.0166993383318186e-05,0.0012110000243410468,4.1624996811151505e-05,0.002675166993867606,0.002682542020920664,-7.3750270530581474e-06
90038,53,25,1,1,0.0013911660062149167,3.183400258421898e-05,0.0010658749961294234,3.591598942875862e-05,0.0025247909943573177,0.002965083986055106,-0.00044029299169778824
90038,54,24,1,1,0.0012989169918000698,2.9332994017750025e-05,0.0013083750382065773,3.712496254593134e-05,0.0026737499865703285,0.001958084001671523,0.0007156659848988056
90038,55,23,3,3,0.0013304590247571468,3.9166014175862074e-05,0.0005307089886628091,4.041596548631787e-05,0.001940749993082136,0.0028373340028338134,-0.0008965840097516775
90038,56,20,0,0,0.00120975001482293,2.9332994017750025e-05,0.0006283330149017274,3.245897823944688e-05,0.0018998750019818544,0.0019294579979032278,-2.9582995921373367e-05
90038,57,20,1,1,0.0012510840315371752,3.1957984901964664e-05,0.0005531249917112291,3.504200140014291e-05,0.0018712090095505118,0.002368624962400645,-0.0004974159528501332
90038,58,19,0,0,0.0011907920124940574,2.8958020266145468e-05,0.0008119589765556157,3.2374984584748745e-05,0.0020640839939005673,0.0020012499880976975,6.28340058028698e-05
90038,59,19,1,1,0.001189041999168694,3.470800584182143e-05,0.0010324169998057187,3.508297959342599e-05,0.00229124998440966,0.0030216669547371566,-0.0007304169703274965
90038,60,18,0,0,0.0011877090437337756,3.1790987122803926e-05,0.0004722499870695174,3.266701241955161e-05,0.0017244170303456485,0.0018522909958846867,-0.00012787396553903818
90038,61,18,0,0,0.001178958045784384,3.0750001315027475e-05,0.0005568749620579183,3.362499410286546e-05,0.0018002080032601953,0.0023298340383917093,-0.0005296260351315141
90038,62,18,0,0,0.0011909999884665012,3.704201662912965e-05,0.000547999981790781,4.075001925230026e-05,0.0018167920061387122,0.001772542018443346,4.4249987695366144e-05
90038,63,18,0,0,0.0011687090154737234,2.983299782499671e-05,0.0004753329558297992,3.2334006391465664e-05,0.001706208975519985,0.0017216249834746122,-1.5416007954627275e-05
90038,64,18,1,1,0.0011691669933497906,2.9292015824466944e-05,0.0004692500224336982,3.287498839199543e-05,0.0017005840199999511,0.0024450409691780806,-0.0007444569491781294
90038,65,17,1,1,0.0011989999911747873,3.8416008464992046e-05,0.0013796670245938003,4.754198016598821e-05,0.002664625004399568,0.0022867079824209213,0.0003779170219786465
90038,66,16,3,3,0.0011517920065671206,3.27499583363533e-05,0.000977999996393919,3.720802487805486e-05,0.0021997499861754477,0.0028099159826524556,-0.0006101659964770079
90038,67,13,0,0,0.001088457996957004,3.1542032957077026e-05,0.0006452910020016134,3.720895620062947e-05,0.001802499988116324,0.0023134160437621176,-0.0005109160556457937
90038,68,13,4,4,0.0011558749829418957,3.891601227223873e-05,0.001781458966434002,0.00015291600720956922,0.0031291659688577056,0.0017072500195354223,0.0014219159493222833
90038,69,9,0,0,0.0009962919866666198,3.083300543949008e-05,0.0010603750124573708,0.00010837498120963573,0.0021958749857731164,0.0017119580297730863,0.00048391695600003004
90038,70,9,0,0,0.0009696670458652079,2.904096618294716e-05,0.0012193750008009374,3.5167031455785036e-05,0.0022532500443048775,0.0022290829801931977,2.4167064111679792e-05
90038,71,9,1,1,0.0009924580226652324,3.7041958421468735e-05,0.0005796659970656037,3.462500171735883e-05,0.0016437909798696637,0.002291542012244463,-0.0006477510323747993
90038,72,8,0,0,0.0009544169879518449,2.96669895760715e-05,0.001374333049170673,3.408297197893262e-05,0.002392499998677522,0.0015102080069482327,0.0008822919917292893
90038,73,8,1,1,0.0009974159765988588,3.066699719056487e-05,0.00048279203474521637,3.424996975809336e-05,0.0015451249782927334,0.0023944589775055647,-0.0008493339992128313
90038,74,7,0,0,0.0009235829929821193,3.100000321865082e-05,0.0008762090001255274,3.529101377353072e-05,0.0018660830100998282,0.0019478329923003912,-8.174998220056295e-05
90038,75,7,0,0,0.0009593750000931323,3.066600766032934e-05,0.0007411669939756393,3.400002606213093e-05,0.0017652080277912319,0.0015167500241659582,0.0002484580036252737
90038,76,7,2,2,0.0009530839743092656,3.108300734311342e-05,0.00045724998926743865,3.4167023841291666e-05,0.0014755839947611094,0.0019102089572697878,-0.00043462496250867844
90038,77,5,1,1,0.0008845409611240029,2.979201963171363e-05,0.00044895801693201065,3.3374992199242115e-05,0.0013966659898869693,0.0019347090274095535,-0.0005380430375225842
90038,78,4,1,1,0.0008651670068502426,3.087497316300869e-05,0.0007154580089263618,3.333296626806259e-05,0.0016448329552076757,0.001448625000193715,0.0001962079550139606
90038,79,3,3,3,0.0008417079807259142,2.9667047783732414e-05,0.0009861659491434693,0.00014408404240384698,0.002001625020056963,0.0016008330276235938,0.00040079199243336916
90038,80,0,2,0,0.0007715829997323453,2.8749986086040735e-05,0.0006854590028524399,3.350002225488424e-05,0.0015192920109257102,0.002065958979073912,-0.0005466669681482017
90038,81,0,3,0,0.0007859169854782522,3.720802487805486e-05,0.0010402919724583626,3.50830378010869e-05,0.0018985000206157565,0.001665332994889468,0.00023316702572628856
90038,82,0,3,0,0.0007729579810984433,2.8250040486454964e-05,0.00045416696229949594,3.341701813042164e-05,0.0012887920020148158,0.00170991598861292,-0.00042112398659810424
90038,83,0,3,0,0.0007672500214539468,2.883299021050334e-05,0.001469500013627112,0.0001531669986434281,0.00241875002393499,0.0014476249925792217,0.0009711250313557684
90038,84,0,3,0,0.0007699579582549632,2.9542017728090286e-05,0.0006810000049881637,3.241701051592827e-05,0.0015129169914871454,0.001797832956071943,-0.0002849159645847976
90038,85,0,3,0,0.0007956249755807221,3.1542032957077026e-05,0.0005093329818919301,3.304198617115617e-05,0.0013695419766008854,0.0018568329978734255,-0.0004872910212725401
90038,86,0,4,0,0.000830666976980865,3.145803930237889e-05,0.0009054999682120979,3.674998879432678e-05,0.0018043749732896686,0.001379749970510602,0.00042462500277906656
90038,87,0,5,0,0.0008360840147361159,3.2832962460815907e-05,0.0011820830404758453,3.374996595084667e-05,0.002084749983623624,0.002221958013251424,-0.0001372080296278
90038,88,0,5,0,0.0013701659627258778,3.283401019871235e-05,0.0012449580244719982,0.00011429196456447244,0.0027622499619610608,0.0017954169888980687,0.0009668329730629921
90038,89,0,6,0,0.0007696250104345381,2.9875023756176233e-05,0.0006687080021947622,3.3958989661186934e-05,0.0015021670260466635,0.0014923340058885515,9.833020158112049e-06
90039,0,0,10,0,0.0008050420437939465,3.229099093005061e-05,0.00045841699466109276,3.4167023841291666e-05,0.0013299170532263815,0.0021830410114489496,-0.000853123958222568
90039,1,1,10,0,0.0008014999912120402,2.96669895760715e-05,0.0004677080432884395,3.391696373000741e-05,0.0013327919878065586,0.002178792026825249,-0.0008460000390186906
90039,2,2,10,0,0.000818000000435859,3.1540985219180584e-05,0.001745375047903508,5.533394869416952e-05,0.002650249982252717,0.0018678340129554272,0.0007824159692972898
90039,3,6,10,0,0.0009210419957526028,3.541604382917285e-05,0.0005426249699667096,3.445899346843362e-05,0.001533542003016919,0.00282550003612414,-0.0012919580331072211
90039,4,7,10,0,0.0009714590269140899,3.304099664092064e-05,0.0007439169567078352,3.6750047001987696e-05,0.0017851670272648335,0.0019696250092238188,-0.00018445798195898533
90039,5,14,10,2,0.001137209008447826,3.10409814119339e-05,0.0005541249993257225,3.6209006793797016e-05,0.0017585839959792793,0.0017727920203469694,-1.4208024367690086e-05
90039,6,15,8,8,0.0010989589500240982,2.9332994017750025e-05,0.000495583051815629,3.629195271059871e-05,0.001660166948568076,0.0022292500361800194,-0.0005690830876119435
90039,7,11,0,0,0.0010554579785093665,4.108401481062174e-05,0.0013715000241063535,3.8583006244152784e-05,0.0025066250236704946,0.0019779170397669077,0.0005287079839035869
90039,8,12,0,0,0.0010343749891035259,3.125000512227416e-05,0.0005721250199712813,3.21249826811254e-05,0.0016698749968782067,0.0018288749852217734,-0.00015899998834356666
90039,9,17,0,0,0.0011466250289231539,2.9375019948929548e-05,0.001243292004801333,3.63329891115427e-05,0.002455625042784959,0.0017375420429743826,0.0007180829998105764
90039,10,25,0,0,0.0013599999947473407,3.0499999411404133e-05,0.0010353329707868397,3.2750016544014215e-05,0.0024585829814895988,0.0022476669983007014,0.00021091598318889737
90039,11,34,0,0,0.0015765840071253479,3.0125025659799576e-05,0.0005285829538479447,3.225001273676753e-05,0.0021675419993698597,0.0021842080168426037,-1.6666017472743988e-05
90039,12,41,1,1,0.0017094590002670884,3.1374976970255375e-05,0.0005604160251095891,5.6124990805983543e-05,0.0023573749931529164,0.0026118330424651504,-0.0002544580493122339
90039,13,43,0,0,0.001832249981816858,3.112497506663203e-05,0.0007118750363588333,3.424996975809336e-05,0.0026094999630004168,0.002630624978337437,-2.112501533702016e-05
90039,14,45,3,3,0.0018361250404268503,3.191694850102067e-05,0.0008226660429500043,3.466696944087744e-05,0.0027253750013187528,0.0025022500194609165,0.00022312498185783625
90039,15,42,2,2,0.001760167011525482,2.9916001949459314e-05,0.000787292025052011,3.3374992199242115e-05,0.0026107500307261944,0.002337500045541674,0.0002732499851845205
90039,16,43,2,2,0.001767750014550984,5.562498699873686e-05,0.0009076669812202454,4.449998959898949e-05,0.0027755419723689556,0.004899749998003244,-0.002124208025634289
90039,17,41,2,2,0.0016659580287523568,3.158301115036011e-05,0.0008554999949410558,3.3416959922760725e-05,0.0025864579947665334,0.003731624979991466,-0.0011451669852249324
90039,18,40,0,0,0.0017048330046236515,2.9875023756176233e-05,0.0008735839510336518,3.279105294495821e-05,0.0026410830323584378,0.002385833009611815,0.00025525002274662256
90039,19,40,0,0,0.0017096670344471931,3.420800203457475e-05,0.0005557919503189623,4.345801426097751e-05,0.0023431250010617077,0.0028054170543327928,-0.000462292053271085
90039,20,40,0,0,0.001643666997551918,3.283302066847682e-05,0.0011480000102892518,3.654195461422205e-05,0.0028610419831238687,0.0022187079885043204,0.0006423339946195483
90039,21,40,0,0,0.0016909579862840474,3.32500203512609e-05,0.0005737919709645212,3.420800203457475e-05,0.002332207979634404,0.002904666995164007,-0.0005724590155296028
90039,22,40,0,0,0.0016922909999266267,4.054198507219553e-05,0.000972250010818243,3.716698847711086e-05,0.002742249984294176,0.002334082964807749,0.0004081670194864273
90039,23,40,0,0,0.0016434579738415778,3.2333016861230135e-05,0.00224454200360924,3.3167016226798296e-05,0.003953500010538846,0.0034918749588541687,0.0004616250516846776
90039,24,40,0,0,0.0017132919747382402,3.058300353586674e-05,0.0008551669889129698,3.350002225488424e-05,0.002632541989441961,0.0026492499746382236,-1.6707985196262598e-05
90039,25,40,0,0,0.001647958008106798,3.466696944087744e-05,0.0005643750191666186,3.520800964906812e-05,0.002282208006363362,0.0023010000004433095,-1.879199407994747e-05
90039,26,40,0,0,0.0017079999670386314,3.2584008295089006e-05,0.0005687500233761966,5.1749986596405506e-05,0.0023610839853063226,0.0027876669773831964,-0.0004265829920768738
90039,27,40,1,1,0.0017192079685628414,3.733299672603607e-05,0.0005702089983969927,3.520800964906812e-05,0.0023619579733349383,0.002763667027465999,-0.00040170905413106084
90039,28,39,1,1,0.0017379579949192703,3.0750001315027475e-05,0.001720291969832033,3.820803249254823e-05,0.003527207998558879,0.0028232079930603504,0.0007040000054985285
90039,29,38,4,4,0.0016110000433400273,3.637495683506131e-05,0.0014088749885559082,4.016701132059097e-05,0.003096417000051588,0.0040115840383805335,-0.0009151670383289456
90039,30,34,2,2,0.0015783329727128148,3.095803549513221e-05,0.0015132499975152314,4.054198507219553e-05,0.003163082990795374,0.002170416002627462,0.0009926669881679118
90039,31,32,2,2,0.0014844159595668316,3.1084055081009865e-05,0.0011123749427497387,3.283302066847682e-05,0.002660707978066057,0.0022778750280849636,0.0003828329499810934
90039,32,30,0,0,0.001418165978975594,2.8959009796380997e-05,0.0012422080035321414,0.00015400000847876072,0.002843333000782877,0.0020014169858768582,0.000841916014906019
90039,33,30,0,0,0.001855082984548062,4.633399657905102e-05,0.001024416007567197,4.095898475497961e-05,0.00296679197344929,0.003543750033713877,-0.0005769580602645874
90039,34,30,0,0,0.0014492920017801225,3.670796286314726e-05,0.0015758750378154218,3.416696563363075e-05,0.0030960419680923223,0.002228708006441593,0.0008673339616507292
90039,35,30,0,0,0.0014779159682802856,3.0125025659799576e-05,0.0011274589924141765,3.770797047764063e-05,0.0026732079568319023,0.0030430000042542815,-0.00036979204742237926
90039,36,30,0,0,0.0015367079759016633,6.0375023167580366e-05,0.0011007090215571225,4.741596058011055e-05,0.0027452079812064767,0.002330582996364683,0.0004146249848417938
90039,37,30,0,0,0.0014877499779686332,4.51250234618783e-05,0.0010107909911312163,4.616699879989028e-05,0.002589832991361618,0.0024998339940793812,8.999899728223681e-05
90039,38,30,0,0,0.0014208749635145068,3.3374992199242115e-05,0.0005469160387292504,3.358395770192146e-05,0.002034749952144921,0.0027669169940054417,-0.0007321670418605208
90039,39,30,0,0,0.0014331249985843897,3.533298149704933e-05,0.0004964999970979989,3.408303018659353e-05,0.0019990410073660314,0.0024529999936930835,-0.0004539589863270521
90039,40,30,0,0,0.0014383330126293004,4.7749956138432026e-05,0.0010439170291647315,3.9457983803004026e-05,0.002569457981735468,0.0025818750145845115,-1.2417032849043608e-05
90039,41,30,1,1,0.001464041997678578,3.3582968171685934e-05,0.0007598340162076056,3.7416000850498676e-05,0.002294874982908368,0.0027974999975413084,-0.0005026250146329403
90039,42,29,5,5,0.0014423330430872738,3.15000070258975e-05,0.0005175829865038395,3.879197174683213e-05,0.002030208008363843,0.0020692499820142984,-3.9041973650455475e-05
90039,43,24,0,0,0.001350749982520938,3.0790979508310556e-05,0.00175987504189834,4.645896842703223e-05,0.0031878749723546207,0.0036002090200781822,-0.0004123340477235615
90039,44,24,3,3,0.0013061659992672503,3.687501884996891e-05,0.0014790839632041752,4.0000013541430235e-05,0.0028621249948628247,0.0019286659662611783,0.0009334590286016464
90039,45,21,1,1,0.0012360409600660205,3.245903644710779e-05,0.0013047499815002084,3.362499410286546e-05,0.002606874972116202,0.001867333019617945,0.0007395419524982572
90039,46,20,0,0,0.0012042499729432166,3.6333047319203615e-05,0.002340167004149407,3.5582983400672674e-05,0.0036163330078125,0.001930625003296882,0.001685708004515618
90039,47,20,0,0,0.0012140829931013286,3.545801155269146e-05,0.002204041986260563,3.816699609160423e-05,0.0034917499870061874,0.0030912910006009042,0.0004004589864052832
90039,48,20,0,0,0.0012490840163081884,3.483297768980265e-05,0.0014673330006189644,3.629201091825962e-05,0.002787542005535215,0.0022857909789308906,0.0005017510266043246
90039,49,20,1,1,0.0013139999937266111,3.345898585394025e-05,0.0007471659919247031,3.554200520738959e-05,0.002130166976712644,0.0019322919542901218,0.0001978750224225223
90039,50,19,0,0,0.001264292048290372,3.5457953345030546e-05,0.0008572920341975987,3.466597991064191e-05,0.002191708015743643,0.0018925839685834944,0.0002991240471601486
90039,51,19,0,0,0.00117816700367257,2.924998989328742e-05,0.0007777080172672868,3.362499410286546e-05,0.0020187500049360096,0.0018205409869551659,0.00019820901798084378
90039,52,19,3,3,0.0011938749812543392,3.125000512227416e-05,0.0007659170078113675,3.4958007745444775e-05,0.0020260000019334257,0.0023226659977808595,-0.0002966659958474338
90039,53,16,2,2,0.0011448749573901296,3.21660190820694e-05,0.0014121250133030117,3.6792014725506306e-05,0.002625958004500717,0.0018714580219238997,0.0007544999825768173
90039,54,14,1,1,0.0010943750385195017,2.9749993700534105e-05,0.00048395898193120956,3.4374999813735485e-05,0.0016424590139649808,0.0017224590410478413,-8.000002708286047e-05
90039,55,13,3,3,0.0010763750178739429,3.129098331555724e-05,0.0007840420003049076,3.8583006244152784e-05,0.0019302910077385604,0.0022834159899502993,-0.0003531249822117388
90039,56,10,2,2,0.0009853750234469771,3.0124967452138662e-05,0.0004859170294366777,3.3958000130951405e-05,0.001535375020466745,0.0015937919961288571,-5.8416975662112236e-05
90039,57,8,0,0,0.0009637079783715308,3.066699719056487e-05,0.0005742500070482492,3.629102138802409e-05,0.001604916003998369,0.0021595419966615736,-0.0005546259926632047
90039,58,8,2,2,0.0009461669833399355,2.983299782499671e-05,0.0009527090005576611,3.724999260157347e-05,0.0019659589743241668,0.0016129169962368906,0.0003530419780872762
90039,59,6,1,1,0.0009145840303972363,3.087497316300869e-05,0.00044425000669434667,3.687501884996891e-05,0.0014265840291045606,0.0015455829561688006,-0.00011899892706423998
90039,60,5,1,1,0.000902750005479902,3.312499029561877e-05,0.00046904198825359344,3.704201662912965e-05,0.001441959000658244,0.001429790980182588,1.2168020475655794e-05
90039,61,4,0,0,0.0008645000052638352,2.920901170000434e-05,0.0006639159983024001,3.245897823944688e-05,0.0015900839935056865,0.0017677919822745025,-0.000177707988768816
90039,62,4,2,2,0.0008795830071903765,3.233295865356922e-05,0.0005030420143157244,3.529200330376625e-05,0.0014502499834634364,0.001612583000678569,-0.0001623330172151327
90039,63,2,4,2,0.0008199160220101476,2.8749986086040735e-05,0.0008047089795581996,3.7958030588924885e-05,0.0016913330182433128,0.0020360000198706985,-0.0003446670016273856
90039,64,0,4,0,0.000801707967184484,3.350002225488424e-05,0.0010162499966099858,3.308296436443925e-05,0.0018845409504137933,0.0016973749734461308,0.00018716597696766257
90039,65,0,6,0,0.0007714160019531846,3.066699719056487e-05,0.001687832991592586,0.0001359170419164002,0.0026258330326527357,0.0020584589801728725,0.0005673740524798632
90039,66,0,9,0,0.0007811249815858901,3.0082999728620052e-05,0.0004622919950634241,3.420800203457475e-05,0.001307707978412509,0.0018828330212272704,-0.0005751250428147614
90040,0,0,10,0,0.0007950410363264382,3.1333998776972294e-05,0.0013771249796263874,0.00014812499284744263,0.0023516250075772405,0.0020871669985353947,0.0002644580090418458
90040,1,0,10,0,0.0007780840387567878,3.0416005756706e-05,0.0004859589971601963,3.2832962460815907e-05,0.001327292004134506,0.002186542027629912,-0.0008592500234954059
90040,2,1,10,0,0.0007964159594848752,2.979201963171363e-05,0.0012991669937036932,3.2957992516458035e-05,0.00215833296533674,0.0013203330454416573,0.0008379999198950827
90040,3,4,10,0,0.0008544169832020998,3.1333009246736765e-05,0.0004935829783789814,3.2625044696033e-05,0.001411958015523851,0.0014300000038929284,-1.8041988369077444e-05
90040,4,5,10,0,0.000882415974047035,2.9459013603627682e-05,0.0009029160137288272,0.00012808397877961397,0.0019428749801591039,0.0018090420053340495,0.0001338329748250544
90040,5,9,10,0,0.0010092909797094762,3.200001083314419e-05,0.0013317089760676026,3.5375007428228855e-05,0.002408374974038452,0.0025711669586598873,-0.0001627919846214354
90040,6,15,10,8,0.0011482499539852142,3.104202914983034e-05,0.0009674580069258809,4.895898746326566e-05,0.002195708977524191,0.0022947079851292074,-9.899900760501623e-05
90040,7,9,2,2,0.0009595839655958116,2.9999995604157448e-05,0.0007853750139474869,3.9375037886202335e-05,0.0018143340130336583,0.0015464170137420297,0.0002679169992916286
90040,8,13,0,0,0.0011764590162783861,3.645801916718483e-05,0.0007604999700561166,4.037498729303479e-05,0.0020137919927947223,0.0019924999796785414,2.1292013116180897e-05
90040,9,16,0,0,0.0011725839576683939,3.237504279240966e-05,0.0014173329691402614,3.787502646446228e-05,0.002660166996065527,0.002411250025033951,0.0002489169710315764
90040,10,19,0,0,0.0012120419996790588,3.058300353586674e-05,0.0006373329670168459,5.3916999604552984e-05,0.0019338749698363245,0.0023183749872259796,-0.0003845000173896551
90040,11,22,0,0,0.0017356250318698585,3.554194699972868e-05,0.0007460830383934081,3.404199378564954e-05,0.0025512920110486448,0.0019522079965099692,0.0005990840145386755
90040,12,25,0,0,0.0013506660470739007,3.070896491408348e-05,0.00093029101844877,3.62499849870801e-05,0.0023479160154238343,0.002946708002127707,-0.0005987919867038727
90040,13,28,0,0,0.0014180829748511314,3.14170029014349e-05,0.0004930830327793956,3.537494922056794e-05,0.00197795795975253,0.0024242079816758633,-0.0004462500219233334
90040,14,33,1,1,0.0015641669742763042,6.033299723640084e-05,0.0006360830157063901,4.549999721348286e-05,0.002306082984432578,0.003010624961461872,-0.0007045419770292938
90040,15,39,0,0,0.0017122079734690487,3.091699909418821e-05,0.0024091670056805015,3.487500362098217e-05,0.004187166981864721,0.002358666039071977,0.0018285009427927434
90040,16,42,2,2,0.0017558339750394225,3.4750031773000956e-05,0.0005647499929182231,3.491598181426525e-05,0.002390249981544912,0.003040708019398153,-0.000650458037853241
90040,17,44,1,1,0.001765624969266355,3.0709023121744394e-05,0.0011627500061877072,3.404100425541401e-05,0.0029931250028312206,0.0023710840032435954,0.0006220409995876253
90040,18,45,2,2,0.0017756670131348073,3.62499849870801e-05,0.001040291041135788,3.349996404722333e-05,0.0028857080033048987,0.0025160840013995767,0.0003696240019053221
90040,19,44,1,1,0.001718166982755065,2.920802216976881e-05,0.0015751250321045518,3.629195271059871e-05,0.0033587919897399843,0.002457916969433427,0.0009008750203065574
90040,20,43,1,1,0.0017590420320630074,3.316695801913738e-05,0.0011976660462096334,3.875000402331352e-05,0.0030286250403150916,0.002822167007252574,0.00020645803306251764
90040,21,42,2,2,0.0017307500238530338,3.100000321865082e-05,0.0006277090287767351,3.683299291878939e-05,0.002426292048767209,0.002898208040278405,-0.0004719159915111959
90040,22,40,0,0,0.0016862080083228648,3.2958982046693563e-05,0.0005394580075517297,3.462500171735883e-05,0.002293249999638647,0.00244383403332904,-0.00015058403369039297
90040,23,40,0,0,0.0016709170304238796,3.070797538384795e-05,0.0006315840291790664,3.320799442008138e-05,0.0023664170294068754,0.003049875027500093,-0.0006834579980932176
90040,24,40,0,0,0.0016335410182364285,2.9166985768824816e-05,0.0016395000275224447,3.57080134563148e-05,0.003337916044984013,0.00278395798522979,0.0005539580597542226
90040,25,40,0,0,0.001636834000237286,2.8665992431342602e-05,0.0017262500477954745,3.2833951991051435e-05,0.0034245839924551547,0.0025658750091679394,0.0008587089832872152
90040,26,40,0,0,0.001717542007099837,3.629201091825962e-05,0.0011148749617859721,3.629102138802409e-05,0.002905000001192093,0.002322250045835972,0.0005827499553561211
90040,27,40,0,0,0.001782290986739099,3.2958982046693563e-05,0.0013271659845486283,4.62090247310698e-05,0.0031886249780654907,0.0024150420213118196,0.0007735829567536712
90040,28,40,1,1,0.0016956659965217113,3.4416967537254095e-05,0.0011878750519827008,3.958295565098524e-05,0.0029575409716926515,0.003123749978840351,-0.0001662090071476996
90040,29,39,0,0,0.0016787919448688626,3.0458031687885523e-05,0.0015064579783938825,0.0001317920396104455,0.003347499994561076,0.0026524169952608645,0.0006950829993002117
90040,30,39,1,1,0.0016547910054214299,3.2374984584748745e-05,0.0009703339892439544,3.6541023291647434e-05,0.0026940410025417805,0.0035113749909214675,-0.0008173339883796871
90040,31,38,1,1,0.0016473329742439091,3.1542032957077026e-05,0.0010467919637449086,3.520800964906812e-05,0.002760874980594963,0.0027727920096367598,-1.1917029041796923e-05
90040,32,37,1,1,0.0016320000286214054,3.191595897078514e-05,0.0005359170027077198,3.470800584182143e-05,0.0022345409961417317,0.002521999995224178,-0.0002874589990824461
90040,33,36,3,3,0.0016843749908730388,3.220798680558801e-05,0.0010715419775806367,3.700004890561104e-05,0.0028251250041648746,0.0027704169624485075,5.4708041716367006e-05
90040,34,33,1,1,0.0014885420096106827,2.8790964279323816e-05,0.00106637499993667,3.287498839199543e-05,0.002616582962218672,0.002080500009469688,0.0005360829527489841
90040,35,32,1,1,0.0014886250137351453,3.462500171735883e-05,0.0011874159681610763,3.774999640882015e-05,0.0027484159800224006,0.002055582997854799,0.0006928329821676016
90040,36,31,1,1,0.001504666986875236,4.720798460766673e-05,0.0007310840301215649,3.5375007428228855e-05,0.0023183340090326965,0.0028770409990102053,-0.0005587069899775088
90040,37,30,0,0,0.0014901249669492245,3.0166003853082657e-05,0.0024455839884467423,0.000152749998960644,0.004118624958209693,0.002226457989308983,0.0018921669689007103
90040,38,30,0,0,0.0014654999831691384,5.1125010941177607e-05,0.0007675000233575702,4.087499110028148e-05,0.0023250000085681677,0.002903625019825995,-0.0005786250112578273
90040,39,30,0,0,0.001489457965362817,3.195804310962558e-05,0.0009783749701455235,3.4958997275680304e-05,0.0025347499758936465,0.0029773329733870924,-0.0004425829974934459
90040,40,30,0,0,0.0014222500030882657,3.3167016226798296e-05,0.000549791962839663,3.3541000448167324e-05,0.0020387499826028943,0.0028947920072823763,-0.000856042024679482
90040,41,30,0,0,0.0014496250078082085,3.1999952625483274e-05,0.0005740830092690885,3.362499410286546e-05,0.0020893329638056457,0.0026253339601680636,-0.0005360009963624179
90040,42,30,2,2,0.001777208992280066,3.1125033274292946e-05,0.0016390410019084811,0.00010099995415657759,0.0035483749816194177,0.0030649580294266343,0.00048341695219278336
90040,43,28,1,1,0.0013857079902663827,3.0124967452138662e-05,0.001092042017262429,3.3167016226798296e-05,0.0025410419912077487,0.003247499989811331,-0.0007064579986035824
90040,44,27,1,1,0.0013587500434368849,3.0499999411404133e-05,0.0015709169674664736,3.3333024475723505e-05,0.002993500034790486,0.0019619169761426747,0.0010315830586478114
90040,45,26,0,0,0.0013977499911561608,3.041699528694153e-05,0.0015662919613532722,3.4541008062660694e-05,0.0030289999558590353,0.0020970419864170253,0.0009319579694420099
90040,46,26,2,2,0.0013865830260328948,3.429199568927288e-05,0.0007076250039972365,3.591598942875862e-05,0.002164416015148163,0.0020980829722248018,6.633304292336106e-05
90040,47,24,0,0,0.0013365419581532478,3.125000512227416e-05,0.0007340420270338655,3.362499410286546e-05,0.002135458984412253,0.002085665997583419,4.979298682883382e-05
90040,48,24,3,3,0.0013224169961176813,2.9999995604157448e-05,0.0006634999881498516,4.733301466330886e-05,0.002063249994534999,0.002199250040575862,-0.0001360000460408628
90040,49,21,0,0,0.0012604999938048422,3.066600766032934e-05,0.0012113339616917074,3.425002796575427e-05,0.0025367499911226332,0.00321574998088181,-0.000678999989759177
90040,50,21,1,1,0.001275499991606921,3.0499999411404133e-05,0.0006570420227944851,3.316695801913738e-05,0.0019962089718319476,0.0023083750274963677,-0.00031216605566442013
90040,51,20,1,1,0.001258457952644676,2.9459013603627682e-05,0.0005504580331034958,3.333296626806259e-05,0.001871707965619862,0.002324624976608902,-0.00045291701098904014
90040,52,19,1,1,0.001252082991413772,3.5584031138569117e-05,0.0005305829690769315,4.083302337676287e-05,0.0018590830150060356,0.0021677089971490204,-0.00030862598214298487
90040,53,18,0,0,0.0012138329911977053,3.095803549513221e-05,0.0005347499973140657,3.270898014307022e-05,0.0018122500041499734,0.002270416996907443,-0.0004581669927574694
90040,54,18,1,1,0.0011773330043070018,2.9749993700534105e-05,0.000479959009680897,3.420800203457475e-05,0.0017212500097230077,0.001855041948147118,-0.0001337919384241104
90040,55,17,0,0,0.001190542010590434,3.4541008062660694e-05,0.0008697090088389814,3.479095175862312e-05,0.0021295829792506993,0.0025795410037972033,-0.000449958024546504
90040,56,17,2,2,0.001147083006799221,2.9332994017750025e-05,0.0006029590149410069,4.199997056275606e-05,0.001821374986320734,0.0024455420207232237,-0.0006241670344024897
90040,57,15,1,1,0.0011097079841420054,3.3791991882026196e-05,0.0004767909995280206,3.454199759289622e-05,0.0016548329731449485,0.0019403750193305314,-0.0002855420461855829
90040,58,14,0,0,0.0010745420004241168,3.08750313706696e-05,0.00048120797146111727,3.2791984267532825e-05,0.0016194169875234365,0.004640874976757914,-0.0030214579892344773
90040,59,14,0,0,0.0011262500192970037,3.6458950489759445e-05,0.0010292910155840218,3.529200330376625e-05,0.0022272919886745512,0.0016464580548927188,0.0005808339337818325
90040,60,14,0,0,0.0011707499506883323,3.687501884996891e-05,0.0010310420184396207,3.587501123547554e-05,0.0022745419992133975,0.0025698329554870725,-0.00029529095627367496
90040,61,14,4,4,0.0011338330223225057,3.56250093318522e-05,0.000993874971754849,0.00013420800678431988,0.0022975410101935267,0.0017788750119507313,0.0005186659982427955
90040,62,10,2,2,0.0009930840460583568,2.941599814221263e-05,0.0010099170031026006,0.00012033298844471574,0.0021527500357478857,0.0024695000029169023,-0.0003167499671690166
90040,63,8,1,1,0.0009523750049993396,2.875004429370165e-05,0.0008229169761762023,3.4374999813735485e-05,0.001838417025282979,0.0016813749680295587,0.00015704205725342035
90040,64,7,0,0,0.0009220829815603793,2.9959017410874367e-05,0.0011104579898528755,3.729201853275299e-05,0.002099792007356882,0.0015574999852105975,0.0005422920221462846
90040,65,7,0,0,0.0009471250232309103,3.0583993066102266e-05,0.0006775829824618995,3.2625044696033e-05,0.001687917043454945,0.001885875011794269,-0.000197957968339324
90040,66,7,0,0,0.0009474589605815709,3.0041032005101442e-05,0.00044724997133016586,3.2709038350731134e-05,0.0014574590022675693,0.0020779999904334545,-0.0006205409881658852
90040,67,7,1,1,0.0009423750452697277,3.054196713492274e-05,0.0007792499964125454,3.258301876485348e-05,0.0017847500275820494,0.0014747079694643617,0.0003100420581176877
90040,68,6,3,3,0.0009351670159958303,3.1333009246736765e-05,0.0005059579852968454,3.779196413233876e-05,0.0015102499746717513,0.0016579170478507876,-0.00014766707317903638
90040,69,3,0,0,0.0009362919954583049,4.833302227780223e-05,0.0006034169928170741,3.929098602384329e-05,0.0016273329965770245,0.0031510830158367753,-0.0015237500192597508
90040,70,3,2,2,0.0008794169989414513,3.1292031053453684e-05,0.0005388749996200204,3.391597419977188e-05,0.0014835000038146973,0.0019207079894840717,-0.00043720798566937447
90040,71,1,1,1,0.0008046250441111624,3.149994881823659e-05,0.0005250830436125398,3.4791999496519566e-05,0.0013960000360384583,0.0021031249780207872,-0.0007071249419823289
90040,72,0,1,0,0.000802083988673985,3.6999990697950125e-05,0.0008375410106964409,3.8959027733653784e-05,0.0017155840178020298,0.001411292003467679,0.0003042920143343508
90040,73,0,1,0,0.0007791660027578473,3.100000321865082e-05,0.0009870840003713965,3.62499849870801e-05,0.0018334999913349748,0.001618957961909473,0.00021454202942550182
90040,74,0,3,0,0.0007784580229781568,3.070896491408348e-05,0.0004983330145478249,3.57080134563148e-05,0.00134320801589638,0.0017623339663259685,-0.00041912595042958856
90040,75,0,4,0,0.0007863750215619802,0.00012241600779816508,0.001073584018740803,5.966599564999342e-05,0.0020420410437509418,0.001488666981458664,0.0005533740622922778
90040,76,0,5,0,0.0007703329902142286,3.091699909418821e-05,0.0006176250171847641,4.3665990233421326e-05,0.0014625409967266023,0.002333334006834775,-0.0008707930101081729
90040,77,0,8,0,0.0008540829876437783,3.7833990063518286e-05,0.0008109160116873682,3.920897142961621e-05,0.001742041960824281,0.0013369169901125133,0.0004051249707117677
90040,78,0,8,0,0.0008053749916143715,3.383302828297019e-05,0.0009251669980585575,3.433297388255596e-05,0.0017987079918384552,0.001398624968715012,0.0004000830231234431
90041,0,0,10,0,0.0008097919635474682,3.4333032090216875e-05,0.0007502089720219374,3.708305303007364e-05,0.001631417020689696,0.002698875032365322,-0.001067458011675626
90041,1,3,10,0,0.0008488339954055846,3.120803739875555e-05,0.0004717499832622707,3.612501313909888e-05,0.0013879170292057097,0.0014534580404870212,-6.554101128131151e-05
90041,2,5,10,0,0.0008935420191846788,3.083300543949008e-05,0.0012641670182347298,3.483297768980265e-05,0.0022233750205487013,0.0014307500096037984,0.0007926250109449029
90041,3,7,10,0,0.0009208329720422626,2.983299782499671e-05,0.001050791994202882,3.370799822732806e-05,0.0020351659622974694,0.0021064159809611738,-7.12500186637044e-05
90041,4,17,10,6,0.0011406669509597123,3.125000512227416e-05,0.0005325830425135791,3.737496444955468e-05,0.0017418749630451202,0.0022078329930081964,-0.0004659580299630761
90041,5,15,4,4,0.0011217499850317836,3.1333009246736765e-05,0.0006442089797928929,3.57080134563148e-05,0.001832999987527728,0.003077208995819092,-0.0012442090082913637
90041,6,11,0,0,0.0010112920426763594,3.02919652312994e-05,0.0010385829955339432,3.2333016861230135e-05,0.002112500020302832,0.001927417004480958,0.00018508301582187414
90041,7,14,0,0,0.0011112079955637455,3.1791976653039455e-05,0.001261125027667731,3.416696563363075e-05,0.0024382919655181468,0.001704875030554831,0.0007334169349633157
90041,8,21,0,0,0.0012702500098384917,3.037502756342292e-05,0.000554832979105413,3.14170029014349e-05,0.0018868750194087625,0.001964291965123266,-7.741694571450353e-05
90041,9,23,0,0,0.0012557909940369427,2.8709007892757654e-05,0.0005862499820068479,3.1790987122803926e-05,0.0019025409710593522,0.0018385000294074416,6.404094165191054e-05
90041,10,27,0,0,0.0016434579738415778,3.550003748387098e-05,0.0006766250007785857,3.62089485861361e-05,0.0023917919606901705,0.00326625001616776,-0.0008744580554775894
90041,11,32,0,0,0.001500332960858941,3.0333001632243395e-05,0.0012690420262515545,3.612501313909888e-05,0.002835833001881838,0.002108041022438556,0.0007277919794432819
90041,12,36,0,0,0.0016022089985199273,3.483297768980265e-05,0.0014040000387467444,3.3999967854470015e-05,0.0030750419828109443,0.0022423339542001486,0.0008327080286107957
90041,13,39,0,0,0.0016757500125095248,3.7040968891233206e-05,0.002075292053632438,3.9624981582164764e-05,0.003827708016615361,0.0030112499953247607,0.0008164580212906003
90041,14,42,1,1,0.001764250046107918,5.6791992392390966e-05,0.0012431659852154553,4.39169816672802e-05,0.0031081250053830445,0.0037715419894084334,-0.000663416984025389
90041,15,44,2,2,0.001816249976400286,3.9959035348147154e-05,0.0011460409732535481,4.033400909975171e-05,0.003042583994101733,0.003469000046607107,-0.00042641605250537395
90041,16,44,0,0,0.0017724590143188834,3.366597229614854e-05,0.0015976669965311885,3.6792014725506306e-05,0.0034405839978717268,0.0029236249974928796,0.0005169590003788471
90041,17,45,1,1,0.0018089170334860682,4.174996865913272e-05,0.0015767080476507545,4.3249980080872774e-05,0.003470625029876828,0.002942790975794196,0.0005278340540826321
90041,18,44,2,2,0.0017405420076102018,3.3416959922760725e-05,0.0008431250462308526,3.349996404722333e-05,0.0026505839778110385,0.0035970000317320228,-0.0009464160539209843
90041,19,44,0,0,0.001811541966162622,3.504101186990738e-05,0.0012624170049093664,3.708299482241273e-05,0.0031460829777643085,0.003075749962590635,7.033301517367363e-05
90041,20,44,0,0,0.0017680840101093054,3.383302828297019e-05,0.0005344169912859797,3.304099664092064e-05,0.002369375026319176,0.0026312919799238443,-0.0002619169536046684
90041,21,44,0,0,0.0017416669870726764,3.145798109471798e-05,0.001195250020828098,3.5833974834531546e-05,0.003004208963830024,0.002348582958802581,0.0006556260050274432
90041,22,44,1,1,0.0017740000039339066,3.1208968721330166e-05,0.0007443330250680447,3.454199759289622e-05,0.0025840839953161776,0.0024020419805310667,0.00018204201478511095
90041,23,43,0,0,0.0017667919746600091,3.266602288931608e-05,0.0011784169473685324,3.345805453136563e-05,0.0030113329994492233,0.0027209999971091747,0.00029033300234004855
90041,24,43,3,3,0.0017559169791638851,3.0542025342583656e-05,0.0006002080044709146,3.454199759289622e-05,0.0024212090065702796,0.0023750420077703893,4.616699879989028e-05
90041,25,40,0,0,0.0016877500456757843,3.087497316300869e-05,0.001478250022046268,3.766699228435755e-05,0.0032345420331694186,0.002711875014938414,0.0005226670182310045
90041,26,40,0,0,0.0017038749647326767,3.200001083314419e-05,0.0013152080355212092,3.44999716617167e-05,0.003085582982748747,0.0024773329496383667,0.0006082500331103802
90041,27,40,0,0,0.0023766669910401106,3.262498648837209e-05,0.0009490420343354344,3.362499410286546e-05,0.0033919590059667826,0.0036006670561619103,-0.00020870805019512773
90041,28,40,0,0,0.0016637500375509262,3.2208976335823536e-05,0.0013834580313414335,3.5416975151747465e-05,0.0031148340203799307,0.0032053330214694142,-9.04990010894835e-05
90041,29,40,0,0,0.0016608330188319087,3.083300543949008e-05,0.0005256669828668237,3.416696563363075e-05,0.002251499972771853,0.0031910419929772615,-0.0009395420202054083
90041,30,40,0,0,0.0016847910010255873,2.970895729959011e-05,0.0005649580270983279,3.32500203512609e-05,0.002312708005774766,0.002535582985728979,-0.0002228749799542129
90041,31,40,0,0,0.0016826660139486194,2.9749993700534105e-05,0.0005232500261627138,3.354198997840285e-05,0.00226920802379027,0.0026964169810526073,-0.0004272089572623372
90041,32,40,0,0,0.00168674997985363,2.9332994017750025e-05,0.0008885420393198729,3.56250093318522e-05,0.002640250022523105,0.0025652089971117675,7.504102541133761e-05
90041,33,40,0,0,0.001663207949604839,3.058405127376318e-05,0.0008283329661935568,3.454199759289622e-05,0.0025566669646650553,0.0023680829908698797,0.00018858397379517555
90041,34,40,1,1,0.0016959589556790888,3.0499999411404133e-05,0.0009835000382736325,3.408297197893262e-05,0.002744041965343058,0.002629833994433284,0.0001142079709097743
90041,35,39,1,1,0.0016602500109001994,2.9916001949459314e-05,0.0009940419695340097,3.3333024475723505e-05,0.002717541006859392,0.0025652910117059946,0.00015224999515339732
90041,36,38,0,0,0.0016251670313067734,3.1832954846322536e-05,0.001015625020954758,3.425002796575427e-05,0.002706875035073608,0.0036792500177398324,-0.0009723749826662242
90041,37,38,1,1,0.0017260409658774734,3.662501694634557e-05,0.0006719169905409217,3.80830024369061e-05,0.0024726659758016467,0.0022110409918241203,0.0002616249839775264
90041,38,37,2,2,0.0016086249961517751,3.070797538384795e-05,0.0007422090275213122,3.4374999813735485e-05,0.002415916998870671,0.002358500030823052,5.7416968047618866e-05
90041,39,35,1,1,0.0015812499914318323,3.625004319474101e-05,0.0014473749906755984,3.608298720791936e-05,0.003100958012510091,0.0021825830335728824,0.0009183749789372087
90041,40,34,0,0,0.0015629170229658484,3.029097570106387e-05,0.0012197500327602029,3.262498648837209e-05,0.0028455830179154873,0.0022748750052414834,0.0005707080126740038
90041,41,34,0,0,0.0015442919684574008,3.15000070258975e-05,0.0018159159808419645,3.904203185811639e-05,0.003430749988183379,0.002125416009221226,0.0013053339789621532
90041,42,34,0,0,0.001582166994921863,3.2415962778031826e-05,0.0005897920345887542,3.4374999813735485e-05,0.0022387499921023846,0.0022718340042047203,-3.308401210233569e-05
90041,43,34,1,1,0.001847500039730221,4.39169816672802e-05,0.0011867500143125653,5.370797589421272e-05,0.0031318750116042793,0.003935457963962108,-0.0008035829523578286
90041,44,33,2,2,0.001899167022202164,3.5375007428228855e-05,0.0013273749500513077,0.00012970803072676063,0.003391625010408461,0.0025043340283446014,0.0008872909820638597
90041,45,31,1,1,0.0014306249795481563,2.9582995921373367e-05,0.0005730420234613121,3.349996404722333e-05,0.002066749962978065,0.003273957991041243,-0.001207208028063178
90041,46,30,0,0,0.0014052920159883797,2.8915994334965944e-05,0.000539666973054409,3.1875038985162973e-05,0.0020057500223629177,0.002000249980483204,5.500041879713535e-06
90041,47,30,0,0,0.001502541999798268,4.237500252202153e-05,0.0013199169770814478,3.5333039704710245e-05,0.0029001670191064477,0.0029952909681014717,-9.512394899502397e-05
90041,48,30,0,0,0.0014241669559851289,2.9165996238589287e-05,0.0005078749964013696,3.2125040888786316e-05,0.001993332989513874,0.0025191670283675194,-0.0005258340388536453
90041,49,30,0,0,0.0014187080087140203,2.8667040169239044e-05,0.0009419169509783387,3.329099854454398e-05,0.002422582998406142,0.0020966660231351852,0.00032591697527095675
90041,50,30,0,0,0.0014860419905744493,3.0082999728620052e-05,0.001268708030693233,5.704199429601431e-05,0.0028418750152923167,0.0029659580322913826,-0.00012408301699906588
90041,51,30,0,0,0.00147762504639104,3.574998117983341e-05,0.0018229999695904553,0.00013995904009789228,0.003476334037259221,0.0029151670169085264,0.0005611670203506947
90041,52,30,0,0,0.001453624980058521,3.270799061283469e-05,0.0007344590267166495,3.533298149704933e-05,0.0022561249788850546,0.002823874994646758,-0.0005677500157617033
90041,53,30,0,0,0.0014738329919055104,3.0667055398225784e-05,0.0007150829769670963,3.491697134450078e-05,0.0022544999956153333,0.0032039169454947114,-0.0009494169498793781
90041,54,30,1,1,0.0014505839790217578,2.962502185255289e-05,0.0009183329530060291,3.654201282188296e-05,0.002435083966702223,0.002571374992839992,-0.00013629102613776922
90041,55,29,3,3,0.0014667919604107738,5.46250375919044e-05,0.0007818749872967601,5.4374977480620146e-05,0.0023576669627800584,0.0021207089885137975,0.00023695797426626086
90041,56,26,0,0,0.0013571250019595027,3.083399496972561e-05,0.0010992909665219486,3.9000005926936865e-05,0.0025262499693781137,0.00201554101658985,0.0005107089527882636
90041,57,26,0,0,0.0013942079967819154,3.08750313706696e-05,0.0004964999970979989,3.362499410286546e-05,0.0019552080193534493,0.002098499971907586,-0.00014329195255413651
90041,58,26,2,2,0.0013843749766238034,3.200001083314419e-05,0.0004945829859934747,3.466702764853835e-05,0.0019456250010989606,0.002469542028848082,-0.0005239170277491212
90041,59,24,0,0,0.0013368329964578152,3.2917014323174953e-05,0.0011754169827327132,3.345799632370472e-05,0.002578624989837408,0.0021976669668219984,0.0003809580230154097
90041,60,24,1,1,0.0013183330302126706,3.1167000997811556e-05,0.0006307910080067813,3.4374999813735485e-05,0.002014666039030999,0.002419041993562132,-0.0004043759545311332
90041,61,23,0,0,0.0012789579923264682,2.862501423805952e-05,0.001248750020749867,3.1750008929520845e-05,0.0025880830362439156,0.003088166005909443,-0.0005000829696655273
90041,62,23,1,1,0.0013070829445496202,3.2542040571570396e-05,0.0008141250000335276,3.416696563363075e-05,0.002187916950788349,0.002216458029579371,-2.85410787910223e-05
90041,63,22,2,2,0.0013387920334935188,3.1999952625483274e-05,0.0008692910196259618,3.549997927621007e-05,0.002275582985021174,0.0021576249855570495,0.00011795799946412444
90041,64,20,0,0,0.0012612920254468918,3.683299291878939e-05,0.0012976250145584345,3.5999983083456755e-05,0.0026317500160075724,0.0020953339990228415,0.000536416016984731
90041,65,20,0,0,0.0012136250152252614,3.054196713492274e-05,0.0011215410195291042,3.366696182638407e-05,0.0023993749637156725,0.0018265420221723616,0.0005728329415433109
90041,66,20,0,0,0.0012143749627284706,2.9125018045306206e-05,0.0008252920233644545,3.287498839199543e-05,0.0021016669925302267,0.001808708009775728,0.0002929589827544987
90041,67,20,0,0,0.0011838339851237833,2.875004429370165e-05,0.0008899579988792539,3.145798109471798e-05,0.002134000009391457,0.0017768339603208005,0.0003571660490706563
90041,68,20,0,0,0.0011985839810222387,2.8499984182417393e-05,0.0006084159831516445,3.14170029014349e-05,0.0018669169512577355,0.002162792021408677,-0.0002958750701509416
90041,69,20,0,0,0.0011885419953614473,2.8166978154331446e-05,0.0009641249780543149,3.316602669656277e-05,0.0022139999782666564,0.002326040994375944,-0.00011204101610928774
90041,70,20,0,0,0.0012075830018147826,2.8749986086040735e-05,0.000562167027965188,3.204098902642727e-05,0.0018305410048924387,0.00212433299748227,-0.00029379199258983135
90041,71,20,0,0,0.0012620839988812804,2.9707967769354582e-05,0.000712042034137994,3.2790994737297297e-05,0.0020366249955259264,0.001816582982428372,0.00022004201309755445
90041,72,20,3,3,0.0012598750181496143,3.1916017178446054e-05,0.0008826669654808939,3.720802487805486e-05,0.002211666025687009,0.0020730000105686486,0.00013866601511836052
90041,73,17,1,1,0.0011643340112641454,3.474997356534004e-05,0.0007810000097379088,3.962503978982568e-05,0.00201970903435722,0.0017741670017130673,0.00024554203264415264
90041,74,16,0,0,0.0011430829763412476,3.0082999728620052e-05,0.00046716700308024883,3.320799442008138e-05,0.0016735409735701978,0.0016868750099092722,-1.3334036339074373e-05
90041,75,16,1,1,0.0011555840028449893,2.9582995921373367e-05,0.0010577079956419766,3.662501694634557e-05,0.002279500011354685,0.0017199160065501928,0.000559584004804492
90041,76,15,3,3,0.0013935829629190266,3.658403875306249e-05,0.0006437079864554107,4.0499959141016006e-05,0.002114374947268516,0.0024461669963784516,-0.00033179204910993576
90041,77,12,0,0,0.0010966249974444509,3.3334014005959034e-05,0.0013836249709129333,3.862503217533231e-05,0.0025522090145386755,0.0034290410112589598,-0.0008768319967202842
90041,78,12,0,0,0.0012636249884963036,3.245798870921135e-05,0.0005214579869061708,3.5792007111012936e-05,0.0018533329712226987,0.0028805420151911676,-0.001027209043968469
90041,79,12,2,2,0.0014423750108107924,3.425002796575427e-05,0.0007210419862531126,3.720802487805486e-05,0.002234875049907714,0.002671374997589737,-0.00043649994768202305
90041,80,10,0,0,0.00102041702484712,3.062497125938535e-05,0.0005107920151203871,3.479100996628404e-05,0.0015966250211931765,0.0015826249727979302,1.4000048395246267e-05
90041,81,10,0,0,0.0010242499993182719,3.041699528694153e-05,0.0005145830218680203,3.445800393819809e-05,0.0016037080204114318,0.00154412497067824,5.958304973319173e-05
90041,82,10,0,0,0.0010032919817604125,3.1333009246736765e-05,0.0013224169961176813,0.00010637502418830991,0.0024634170113131404,0.0024637080496177077,-2.9103830456733704e-07
90041,83,10,1,1,0.0010154579649679363,3.2333016861230135e-05,0.0004979589721187949,3.550003748387098e-05,0.0015812499914318323,0.00227462500333786,-0.0006933750119060278
90041,84,9,0,0,0.0009911669767461717,3.108300734311342e-05,0.0020689580123871565,4.68340003862977e-05,0.0031380419968627393,0.0018768750014714897,0.0012611669953912497
90041,85,9,0,0,0.0009769999887794256,3.1167000997811556e-05,0.0005127080366946757,3.3833959605544806e-05,0.0015547089860774577,0.002068375004455447,-0.0005136660183779895
90041,86,9,1,1,0.0010128329740837216,3.250001464039087e-05,0.0011725000222213566,3.637495683506131e-05,0.0022542079677805305,0.001588250044733286,0.0006659579230472445
90041,87,8,3,3,0.0009892500238493085,3.0499999411404133e-05,0.0005381249939091504,3.5999983083456755e-05,0.0015938750002533197,0.0022101670037955046,-0.0006162920035421848
90041,88,5,2,2,0.0008946669986471534,3.0333001632243395e-05,0.0004847500240430236,3.649998689070344e-05,0.0014462500112131238,0.0016383749898523092,-0.00019212497863918543
90041,89,3,2,2,0.0008771250140853226,3.466696944087744e-05,0.0011582919978536665,3.6375015042722225e-05,0.002106458996422589,0.0015224170056171715,0.0005840419908054173
90041,90,1,0,0,0.0008283749921247363,3.0750001315027475e-05,0.00044887501280754805,3.3333024475723505e-05,0.0013413330307230353,0.0013652500347234309,-2.3917004000395536e-05
90041,91,1,0,0,0.0011451250175014138,3.32500203512609e-05,0.0004541249945759773,3.975001163780689e-05,0.001672250044066459,0.0025864169583655894,-0.0009141669142991304
90041,92,1,0,0,0.0008039590320549905,2.9749993700534105e-05,0.0014024999691173434,3.400002606213093e-05,0.002270209020934999,0.0022433330304920673,2.6875990442931652e-05
90041,93,1,1,1,0.0009108749800361693,5.21670444868505e-05,0.0014945829752832651,5.500001134350896e-05,0.002512625011149794,0.0016492500435560942,0.0008633749675936997
90041,94,0,2,0,0.0007585420389659703,3.083300543949008e-05,0.0008586249896325171,3.183301305398345e-05,0.001679833047091961,0.0018536249990575016,-0.00017379195196554065
90041,95,0,2,0,0.0008224170305766165,3.250001464039087e-05,0.0004599579842761159,3.374996595084667e-05,0.00134862499544397,0.00217029097257182,-0.0008216659771278501
90041,96,0,3,0,0.0009552920237183571,3.587501123547554e-05,0.0004687500186264515,4.054198507219553e-05,0.0015004590386524796,0.0023005420225672424,-0.0008000829839147627
90041,97,0,5,0,0.0008131249924190342,3.5792007111012936e-05,0.000840082997456193,3.454199759289622e-05,0.0017235419945791364,0.0013760000001639128,0.0003475419944152236
90041,98,0,7,0,0.0008215419948101044,3.058300353586674e-05,0.0016086669638752937,0.00011987501056864858,0.0025806669727899134,0.0013501669745892286,0.0012304999982006848
90041,99,0,7,0,0.0007777499849908054,3.487500362098217e-05,0.0006156659801490605,3.708398435264826e-05,0.0014653749531134963,0.0020482499967329204,-0.0005828750436194241
90041,100,0,8,0,0.0007739170105196536,3.0041032005101442e-05,0.0010741250007413328,3.287498839199543e-05,0.0019109580316580832,0.001962792011909187,-5.183398025110364e-05
90042,0,1,10,0,0.0007863329956308007,3.100000321865082e-05,0.0007292500231415033,3.3958000130951405e-05,0.0015805410221219063,0.0013223750283941627,0.0002581659937277436
90042,1,1,10,0,0.0007768750074319541,2.9166985768824816e-05,0.0018915419932454824,6.587500683963299e-05,0.0027634589932858944,0.0013680420233868062,0.0013954169698990881
90042,2,5,10,0,0.0008966660243459046,3.1167000997811556e-05,0.0013889169786125422,3.4333032090216875e-05,0.002351083036046475,0.002313333039637655,3.774999640882015e-05
90042,3,6,10,0,0.0009319160017184913,4.037498729303479e-05,0.0005802920204587281,3.733299672603607e-05,0.0015899160061962903,0.0015590409748256207,3.08750313706696e-05
90042,4,10,10,1,0.0010401670006103814,3.129197284579277e-05,0.0011432500323280692,3.3374992199242115e-05,0.0022480839979834855,0.002399750053882599,-0.00015166605589911342
90042,5,12,9,9,0.0010438329773023725,2.9166985768824816e-05,0.0005190410302020609,3.79589619114995e-05,0.0016299999551847577,0.002395957999397069,-0.0007659580442123115
90042,6,7,0,0,0.0009659999632276595,4.991603782400489e-05,0.0010161249665543437,3.766705049201846e-05,0.0020697080180980265,0.0020165409659966826,5.316705210134387e-05
90042,7,12,0,0,0.0010577919892966747,3.15000070258975e-05,0.002375875017605722,3.908301005139947e-05,0.0035042500239796937,0.0020297080045565963,0.0014745420194230974
90042,8,18,0,0,0.001197375007905066,3.0750001315027475e-05,0.0007183749694377184,4.095898475497961e-05,0.0019874589634127915,0.001784082967787981,0.00020337599562481046
90042,9,21,0,0,0.0012742499820888042,3.404199378564954e-05,0.0005048330058343709,3.7959020119160414e-05,0.001851084001827985,0.003032541018910706,-0.001181457017082721
90042,10,27,0,0,0.0014355420134961605,3.612501313909888e-05,0.0007593329646624625,3.354198997840285e-05,0.0022645419812761247,0.002112917019985616,0.0001516249612905085
90042,11,29,1,1,0.00145650003105402,3.9624981582164764e-05,0.0005431660101749003,3.5375007428228855e-05,0.002074666030239314,0.0036467500030994415,-0.0015720839728601277
90042,12,31,1,1,0.0015090829692780972,3.083300543949008e-05,0.0005951669882051647,3.470800584182143e-05,0.0021697909687645733,0.0021055410034023225,6.42499653622508e-05
90042,13,32,0,0,0.00151087500853464,3.5541015677154064e-05,0.0005447919829748571,3.3791991882026196e-05,0.0021249999990686774,0.002609041053801775,-0.00048404105473309755
90042,14,37,1,1,0.001558208023197949,2.9499991796910763e-05,0.0006315420032478869,3.350002225488424e-05,0.002252750040497631,0.0022840829915367067,-3.133295103907585e-05
90042,15,39,0,0,0.0016168339643627405,2.9125018045306206e-05,0.0014498329837806523,4.229199839755893e-05,0.003138083964586258,0.0030635419534519315,7.454201113432646e-05
90042,16,41,2,2,0.001733125012833625,3.724999260157347e-05,0.0014197910204529762,3.729196032509208e-05,0.003227457986213267,0.003902958007529378,-0.0006755000213161111
90042,17,44,1,1,0.0018085000338032842,3.083399496972561e-05,0.0014465000131167471,3.508297959342599e-05,0.003320917021483183,0.002483833988662809,0.0008370830328203738
90042,18,43,2,2,0.001800708007067442,3.733299672603607e-05,0.0007278749835677445,3.5917037166655064e-05,0.0026018330245278776,0.0037589590065181255,-0.001157125981990248
90042,19,42,0,0,0.0017192920204252005,4.2041006963700056e-05,0.0007260419661179185,3.62499849870801e-05,0.002523624978493899,0.0024320000084117055,9.162497008219361e-05
90042,20,42,2,2,0.0017359579796902835,3.345799632370472e-05,0.0011970840278081596,3.5999983083456755e-05,0.0030024999869056046,0.0032570419716648757,-0.00025454198475927114
90042,21,40,0,0,0.0017154589877463877,3.1125033274292946e-05,0.0008879579836502671,3.7792022339999676e-05,0.0026723340270109475,0.0027754170005209744,-0.00010308297351002693
90042,22,40,0,0,0.0016303329612128437,2.8709007892757654e-05,0.0005888330051675439,3.2917014323174953e-05,0.00228079198859632,0.002375124953687191,-9.433296509087086e-05
90042,23,40,0,0,0.0016990830190479755,2.96669895760715e-05,0.0012865830212831497,3.291695611551404e-05,0.003048249986022711,0.0022928750258870423,0.0007553749601356685
90042,24,40,1,1,0.0017262919573113322,3.337505040690303e-05,0.0006354999495670199,3.541703335940838e-05,0.0024305839906446636,0.0026169170159846544,-0.00018633302533999085
90042,25,39,0,0,0.0016301670111715794,2.92909680865705e-05,0.0011369999847374856,3.295904025435448e-05,0.00282941700424999,0.0022672920022159815,0.0005621250020340085
90042,26,39,0,0,0.0016332920058630407,2.9082992114126682e-05,0.0015981249744072556,4.325003828853369e-05,0.0033037500106729567,0.0021997499861754477,0.001104000024497509
90042,27,39,2,2,0.0016809169901534915,3.308302257210016e-05,0.0013626249856315553,3.829202614724636e-05,0.0031149170245043933,0.0027133749681524932,0.0004015420563519001
90042,28,37,0,0,0.0016111249569803476,3.300001844763756e-05,0.0007120830123312771,3.166700480505824e-05,0.0023878749925643206,0.0028163749957457185,-0.0004285000031813979
90042,29,37,1,1,0.0015917500131763518,3.1333998776972294e-05,0.0006179999909363687,3.479100996628404e-05,0.002275875012855977,0.0037451250245794654,-0.0014692500117234886
90042,30,36,2,2,0.001545207982417196,2.8125010430812836e-05,0.0004976250347681344,3.262498648837209e-05,0.0021035830141045153,0.0022813749965280294,-0.00017779198242351413
90042,31,34,3,3,0.0014962079585529864,2.816703636199236e-05,0.004886499955318868,0.00017158302944153547,0.006582457979675382,0.00248158402973786,0.004100873949937522
90042,32,31,2,2,0.001850374974310398,7.00420350767672e-05,0.0024200829793699086,5.908298771828413e-05,0.004399582976475358,0.008786374994087964,-0.004386792017612606
90042,33,29,1,1,0.0014557079994119704,3.3374992199242115e-05,0.0010108330170623958,3.470899537205696e-05,0.0025346250040456653,0.0021929170470684767,0.0003417079569771886
90042,34,28,1,1,0.0013964170357212424,2.9374961741268635e-05,0.0018273330060765147,0.00013391702668741345,0.0033870420302264392,0.0020119590335525572,0.001375082996673882
90042,35,27,0,0,0.0013991669984534383,3.4165976103395224e-05,0.000668541993945837,3.583298530429602e-05,0.0021377079538069665,0.00221649999730289,-7.879204349592328e-05
90042,36,27,1,1,0.0014252080000005662,4.595803329721093e-05,0.0014699999592266977,3.350002225488424e-05,0.002974666014779359,0.0026365829980932176,0.0003380830166861415
90042,37,26,1,1,0.0014096249942667782,3.63329891115427e-05,0.00092149997362867,4.104204708710313e-05,0.002408500004094094,0.002500333997886628,-9.183399379253387e-05
90042,38,25,0,0,0.001359917048830539,3.370799822732806e-05,0.0007026249659247696,3.4334021620452404e-05,0.002130584034603089,0.0031166670378297567,-0.0009860830032266676
90042,39,25,2,2,0.001377917011268437,3.587501123547554e-05,0.000743082957342267,3.970903344452381e-05,0.0021965840132907033,0.002005792048294097,0.0001907919649966061
90042,40,23,1,1,0.0016999159706756473,4.137499490752816e-05,0.0010854590218514204,4.491599975153804e-05,0.002871665987186134,0.0027279999922029674,0.00014366599498316646
90042,41,22,1,1,0.001249041990377009,3.2292038667947054e-05,0.0007704159943386912,4.295899998396635e-05,0.0020947090233676136,0.0021114579867571592,-1.674896338954568e-05
90042,42,21,2,2,0.0012309169978834689,3.0166003853082657e-05,0.0009666670230217278,3.270799061283469e-05,0.002260458015371114,0.0019602079992182553,0.00030025001615285873
90042,43,19,1,1,0.0011850419687107205,2.920802216976881e-05,0.0005475829821079969,3.287498839199543e-05,0.0017947079613804817,0.0019571660086512566,-0.00016245804727077484
90042,44,18,0,0,0.0012172080460004508,3.27499583363533e-05,0.0005097920075058937,3.591598942875862e-05,0.0017956660012714565,0.0023968329769559205,-0.000601166975684464
90042,45,18,0,0,0.0011974579538218677,3.3917021937668324e-05,0.0011214999831281602,4.208303289487958e-05,0.002394957991782576,0.0027837500092573464,-0.00038879201747477055
90042,46,18,2,2,0.0012014579842798412,3.0708033591508865e-05,0.0004957090131938457,3.412499791011214e-05,0.001762000028975308,0.0017664580373093486,-4.458008334040642e-06
90042,47,16,1,1,0.0011532080243341625,3.037502756342292e-05,0.0011151249636895955,4.26670303568244e-05,0.0023413750459440053,0.0017496669897809625,0.0005917080561630428
90042,48,15,0,0,0.0011332500143907964,3.204098902642727e-05,0.00048637500731274486,3.5416975151747465e-05,0.001687082985881716,0.0017949999892152846,-0.00010791700333356857
90042,49,15,0,0,0.0011370829888619483,3.070896491408348e-05,0.0004736250266432762,3.5375007428228855e-05,0.0016767919878475368,0.0017052500043064356,-2.8458016458898783e-05
90042,50,15,2,2,0.0010970410075969994,3.0166993383318186e-05,0.0005473330384120345,4.254200030118227e-05,0.0017170830396935344,0.0020178339909762144,-0.00030075095128268003
90042,51,13,2,2,0.001045042008627206,3.237504279240966e-05,0.0009409170015715063,3.712496254593134e-05,0.0020554590155370533,0.0021882919827476144,-0.00013283296721056104
90042,52,11,3,3,0.0010376670397818089,3.170798299834132e-05,0.0011056250077672303,3.424996975809336e-05,0.002209250000305474,0.0016326669720001519,0.0005765830283053219
90042,53,8,1,1,0.0009495830163359642,3.191694850102067e-05,0.0008598750573582947,3.7624966353178024e-05,0.0018789999885484576,0.0016265829908661544,0.0002524169976823032
90042,54,7,1,1,0.0009237080230377614,2.9582995921373367e-05,0.00045129202771931887,3.1791976653039455e-05,0.0014363750233314931,0.002212708001025021,-0.0007763329776935279
90042,55,6,1,1,0.0009064580081030726,3.104197094216943e-05,0.0005869169835932553,3.304105484858155e-05,0.001557458017487079,0.0015170840197242796,4.037399776279926e-05
90042,56,5,3,3,0.0009027920314110816,3.0333001632243395e-05,0.000530624995008111,3.6457960959523916e-05,0.0015002079890109599,0.001517291006166488,-1.708301715552807e-05
90042,57,2,6,2,0.0008512089843861759,3.229099093005061e-05,0.0005586250335909426,3.424996975809336e-05,0.0014763749786652625,0.0024274169700220227,-0.0009510419913567603
90042,58,0,4,0,0.0007643749704584479,2.8667040169239044e-05,0.0012341249966993928,3.1374976970255375e-05,0.002058541984297335,0.0016996660269796848,0.0003588759573176503
90042,59,0,4,0,0.0007677910034544766,2.8499984182417393e-05,0.0011858749785460532,4.600000102072954e-05,0.0020281659672036767,0.0012898750137537718,0.0007382909534499049
90042,60,0,7,0,0.0007674170192331076,2.8458016458898783e-05,0.0005288749816827476,6.46670232526958e-05,0.0013894170406274498,0.0021954579860903323,-0.0008060409454628825
90042,61,0,8,0,0.0008065419970080256,3.4791999496519566e-05,0.0018069579964503646,3.866699989885092e-05,0.0026869589928537607,0.0018539999728091061,0.0008329590200446546
90042,62,0,8,0,0.0008131670183502138,3.8665952160954475e-05,0.0011547920294106007,3.587501123547554e-05,0.0020425000111572444,0.0020952080376446247,-5.2708026487380266e-05
90043,0,0,10,0,0.0007680830312892795,2.983299782499671e-05,0.0016306669567711651,0.00013108301209285855,0.0025596659979783,0.0019734170055016875,0.0005862489924766123
90043,1,0,10,0,0.0007944590179249644,3.3541000448167324e-05,0.0005621250020340085,3.570900298655033e-05,0.0014258340233936906,0.0025777079863473773,-0.0011518739629536867
90043,2,2,10,0,0.0008293749997392297,3.083300543949008e-05,0.0015730420127511024,3.3415970392525196e-05,0.0024666659883223474,0.0014492920017801225,0.0010173739865422249
90043,3,4,10,0,0.0009207080001942813,3.400002606213093e-05,0.000519749999511987,3.44999716617167e-05,0.001508957997430116,0.0017200830043293536,-0.00021112500689923763
90043,4,8,10,0,0.0009459590073674917,2.8082984499633312e-05,0.0004927919944748282,3.1875038985162973e-05,0.0014987090253271163,0.0015802079578861594,-8.149893255904317e-05
90043,5,12,10,1,0.0010311250225640833,2.8125010430812836e-05,0.0007797500002197921,3.2582960557192564e-05,0.0018715829937718809,0.0015761670074425638,0.0002954159863293171
90043,6,16,9,9,0.0011551249772310257,3.516604192554951e-05,0.0006604999653063715,4.26670303568244e-05,0.001893458014819771,0.0019241670379415154,-3.0709023121744394e-05
90043,7,11,0,0,0.0010175830102525651,3.487500362098217e-05,0.00106487498851493,0.00015279202489182353,0.002270125027280301,0.0022453750134445727,2.475001383572817e-05
90043,8,14,0,0,0.0011147090117447078,3.420800203457475e-05,0.0007552499882876873,3.645801916718483e-05,0.0019406250212341547,0.0030277909827418625,-0.0010871659615077078
90043,9,21,0,0,0.0012869170168414712,3.6582991015166044e-05,0.0005364579847082496,3.716698847711086e-05,0.0018971249810419977,0.001866667007561773,3.045797348022461e-05
90043,10,25,0,0,0.00135237502399832,3.0791969038546085e-05,0.0015069160144776106,3.5167031455785036e-05,0.002925250038970262,0.0020177909755147994,0.0009074590634554625
90043,11,28,0,0,0.0014200829900801182,2.8958020266145468e-05,0.0006933750119060278,3.1374976970255375e-05,0.002173790999222547,0.002061457955278456,0.0001123330439440906
90043,12,35,0,0,0.001530792040284723,2.8542010113596916e-05,0.0009223329834640026,3.154197474941611e-05,0.0025132090086117387,0.0021195419831201434,0.00039366702549159527
90043,13,37,2,2,0.001650207967031747,3.4584023524075747e-05,0.0007327909697778523,3.7209014408290386e-05,0.0024547919747419655,0.0021756659843958914,0.0002791259903460741
90043,14,38,0,0,0.001618332986254245,3.037502756342292e-05,0.0013261670246720314,3.6165991332381964e-05,0.0030110410298220813,0.0025984999956563115,0.0004125410341657698
90043,15,42,1,1,0.001716708007734269,3.5416975151747465e-05,0.0005488750175572932,3.7165998946875334e-05,0.002338165999390185,0.0034239169908687472,-0.0010857509914785624
90043,16,44,2,2,0.0017601249855943024,3.0916009563952684e-05,0.0006364589789882302,3.5375007428228855e-05,0.002462874981574714,0.0028802500455640256,-0.00041737506398931146
90043,17,45,2,2,0.001804458035621792,2.9791961424052715e-05,0.0005758330225944519,3.470899537205696e-05,0.0024447920150123537,0.0032821670174598694,-0.0008373750024475157
90043,18,43,2,2,0.0017509160097688437,3.245897823944688e-05,0.0006157910102047026,3.5375007428228855e-05,0.002434541005641222,0.0030734590254724026,-0.0006389180198311806
90043,19,41,1,1,0.0017075419891625643,2.9708025977015495e-05,0.0005866249557584524,3.541703335940838e-05,0.0023592920042574406,0.0027937080012634397,-0.0004344159970059991
90043,20,40,0,0,0.001672582991886884,3.0708033591508865e-05,0.0005486669833771884,3.266701241955161e-05,0.002284625021275133,0.0025132920127362013,-0.0002286669914610684
90043,21,40,0,0,0.001683209033217281,3.3541000448167324e-05,0.0008959589758887887,3.57080134563148e-05,0.002648417023010552,0.002699917007703334,-5.1499984692782164e-05
90043,22,40,0,0,0.0016680829576216638,3.2917014323174953e-05,0.0007790420204401016,3.479100996628404e-05,0.0025148330023512244,0.0026682919706217945,-0.00015345896827057004
90043,23,40,0,0,0.0017194579704664648,3.412499791011214e-05,0.0015752920298837125,4.1249964851886034e-05,0.0033701249631121755,0.002464124991092831,0.0009059999720193446
90043,24,40,0,0,0.0019831249956041574,3.8416008464992046e-05,0.001906124991364777,0.00012924999464303255,0.004056915990076959,0.0036390829482115805,0.0004178330418653786
90043,25,40,0,0,0.0016687500174157321,3.26669542118907e-05,0.0005537079996429384,3.466702764853835e-05,0.0022897919989190996,0.003769500006455928,-0.0014797080075368285
90043,26,40,0,0,0.0016649170429445803,3.0499999411404133e-05,0.0012946249917149544,3.433297388255596e-05,0.003024375007953495,0.0023751669796183705,0.0006492080283351243
90043,27,40,0,0,0.0016771660302765667,3.0791969038546085e-05,0.0005720000481233001,3.666698466986418e-05,0.002316625032108277,0.0035717080463655293,-0.0012550830142572522
90043,28,40,2,2,0.0016591250314377248,3.0166993383318186e-05,0.0009368750033900142,3.7040968891233206e-05,0.0026632079971022904,0.0024729580036364496,0.00019024999346584082
90043,29,38,0,0,0.0016564580146223307,3.1333998776972294e-05,0.0005761659704148769,3.50000336766243e-05,0.002298958017490804,0.0029769170214422047,-0.0006779590039514005
90043,30,38,1,1,0.0016679589753039181,3.708299482241273e-05,0.001046125020366162,3.533298149704933e-05,0.0027864999719895422,0.0022662089904770255,0.0005202909815125167
90043,31,37,4,4,0.0015621670172549784,2.924998989328742e-05,0.0005012499750591815,3.350002225488424e-05,0.0021261670044623315,0.0023034170153550804,-0.00017725001089274883
90043,32,33,0,0,0.0014857079950161278,2.8499984182417393e-05,0.0007328340434469283,3.570795524865389e-05,0.0022827499778941274,0.002042874984908849,0.00023987499298527837
90043,33,33,1,1,0.0015360830002464354,3.083399496972561e-05,0.0013228749739937484,3.429100615903735e-05,0.002924082975368947,0.002523083006963134,0.000400999968405813
90043,34,32,1,1,0.0015015830285847187,3.104197094216943e-05,0.0013708749902434647,3.712502075359225e-05,0.002940625010523945,0.002146499988157302,0.000794125022366643
90043,35,31,1,1,0.0014649580116383731,3.14170029014349e-05,0.0006276670028455555,3.429100615903735e-05,0.002158333023544401,0.003114083025138825,-0.0009557500015944242
90043,36,30,0,0,0.0014784160302951932,3.383401781320572e-05,0.0006495830020867288,3.1999952625483274e-05,0.002193833002820611,0.002036042045801878,0.00015779095701873302
90043,37,30,0,0,0.0014420420047827065,2.9749993700534105e-05,0.000630167021881789,3.6624958738684654e-05,0.0021385839791037142,0.002089667017571628,4.8916961532086134e-05
90043,38,30,0,0,0.0014407080016098917,3.1791976653039455e-05,0.0009437500266358256,3.470794763416052e-05,0.0024509579525329173,0.002737125032581389,-0.0002861670800484717
90043,39,30,0,0,0.0014604590251110494,3.0499999411404133e-05,0.000682624988257885,3.2374984584748745e-05,0.0022059589973650873,0.0023735829745419323,-0.00016762397717684507
90043,40,30,0,0,0.0014982499997131526,3.054103581234813e-05,0.0013901249621994793,3.425002796575427e-05,0.0029531660256907344,0.00296287500532344,-9.70897963270545e-06
90043,41,30,1,1,0.0014139999984763563,2.9082992114126682e-05,0.0011254589771851897,4.170800093561411e-05,0.002610249968711287,0.002098332974128425,0.0005119169945828617
90043,42,29,0,0,0.001433708006516099,3.0583993066102266e-05,0.0005604579928331077,3.3999967854470015e-05,0.002058749960269779,0.0020879579824395478,-2.920802216976881e-05
90043,43,29,0,0,0.0013940830249339342,3.0750001315027475e-05,0.0005108329933136702,3.170897252857685e-05,0.0019673749920912087,0.0030294170137494802,-0.0010620420216582716
90043,44,29,2,2,0.0014012919855304062,2.8875016141682863e-05,0.001174542005173862,5.645799683406949e-05,0.0026611670036800206,0.0023079169914126396,0.00035325001226738095
90043,45,27,1,1,0.0014238330186344683,7.466698298230767e-05,0.0006107920198701322,4.9291003961116076e-05,0.0021585830254480243,0.0029038750217296183,-0.000745291996281594
90043,46,26,2,2,0.0013661659904755652,3.0750001315027475e-05,0.000537874992005527,3.5750039387494326e-05,0.001970541023183614,0.002084249979816377,-0.00011370895663276315
90043,47,24,1,1,0.0012977920123375952,3.1167000997811556e-05,0.001415290986187756,3.6416982766240835e-05,0.0027806669822894037,0.002859917003661394,-7.925002137199044e-05
90043,48,23,0,0,0.0013491249992512167,3.179203486070037e-05,0.0006010829820297658,3.2167008612304926e-05,0.002014167024753988,0.0019298329716548324,8.433405309915543e-05
90043,49,23,2,2,0.0013100840151309967,3.483303589746356e-05,0.0005024579586461186,3.6750047001987696e-05,0.0018841250566765666,0.0033658749889582396,-0.001481749932281673
90043,50,21,0,0,0.001274458016268909,3.1791976653039455e-05,0.0011985829914920032,0.0001252919901162386,0.0026301249745301902,0.0023657080018892884,0.0002644169726409018
90043,51,21,0,0,0.0012507080100476742,3.02919652312994e-05,0.000845541013404727,3.5334029234945774e-05,0.0021618750179186463,0.0026724999770522118,-0.0005106249591335654
90043,52,21,1,1,0.001238917000591755,3.037502756342292e-05,0.0004883749643340707,3.4750031773000956e-05,0.0017924170242622495,0.0018874169909395278,-9.499996667727828e-05
90043,53,20,1,1,0.0012293750187382102,3.104202914983034e-05,0.0005775829777121544,3.487500362098217e-05,0.001872875029221177,0.002376917051151395,-0.0005040420219302177
90043,54,19,0,0,0.0015590830007568002,4.333298420533538e-05,0.0016030840342864394,0.00011912500485777855,0.0033246250241063535,0.0031029160018078983,0.00022170902229845524
90043,55,19,1,1,0.0012148750247433782,3.108294913545251e-05,0.000522333022672683,3.7999998312443495e-05,0.0018062909948639572,0.0032460420043207705,-0.0014397510094568133
90043,56,18,0,0,0.0012047920026816428,3.162497887387872e-05,0.0004961670492775738,3.433297388255596e-05,0.0017669170047156513,0.002443959005177021,-0.0006770420004613698
90043,57,18,1,1,0.0011899999808520079,3.1709030736237764e-05,0.0005267079686746001,3.358302637934685e-05,0.0017820000066421926,0.0023090829490683973,-0.0005270829424262047
90043,58,17,1,1,0.0011557909892871976,2.9499991796910763e-05,0.001081584021449089,3.4207943826913834e-05,0.0023010829463601112,0.0018172920099459589,0.0004837909364141524
90043,59,16,3,3,0.0011417909990996122,2.9916991479694843e-05,0.0011705000069923699,3.3374992199242115e-05,0.002375582989770919,0.0023888330324552953,-1.325004268437624e-05
90043,60,13,1,1,0.0010779169970192015,3.2832962460815907e-05,0.0005206670030020177,3.7750054616481066e-05,0.0016691670170985162,0.002296334016136825,-0.0006271669990383089
90043,61,12,1,1,0.0010324169998057187,2.9165996238589287e-05,0.0010162090184167027,3.3958000130951405e-05,0.002111750014591962,0.0016018329770304263,0.0005099170375615358
90043,62,11,1,1,0.0010119170183315873,2.9542017728090286e-05,0.0004517079796642065,3.320799442008138e-05,0.0015263750101439655,0.0017417919589206576,-0.00021541694877669215
90043,63,10,1,1,0.0010171659523621202,3.38749960064888e-05,0.0013794590486213565,3.649998689070344e-05,0.002466999983880669,0.001535333984065801,0.000931665999814868
90043,64,9,1,1,0.000979416014160961,3.041699528694153e-05,0.0010968749993480742,3.749999450519681e-05,0.0021442080033011734,0.0015509160002693534,0.0005932920030318201
90043,65,8,1,1,0.0009691659943200648,3.112497506663203e-05,0.0004758750437758863,3.424996975809336e-05,0.0015104159829206765,0.001982084009796381,-0.0004716680268757045
90043,66,7,0,0,0.0009408749756403267,2.983398735523224e-05,0.0004527500132098794,3.312499029561877e-05,0.0014565839665010571,0.0015620829653926194,-0.00010549899889156222
90043,67,7,0,0,0.0009362080018036067,3.091699909418821e-05,0.0005929999751970172,3.549997927621007e-05,0.0015956249553710222,0.0014634999679401517,0.00013212498743087053
90043,68,7,1,1,0.0009152499842457473,2.8375012334436178e-05,0.0004871669807471335,3.21660190820694e-05,0.0014629579964093864,0.001963249989785254,-0.0005002919933758676
90043,69,6,0,0,0.0008998329867608845,3.004202153533697e-05,0.0010307079646736383,3.570900298655033e-05,0.00199629197595641,0.0014981250278651714,0.0004981669480912387
90043,70,6,1,1,0.000955625029746443,3.2999960239976645e-05,0.0023954170173965394,0.00015454203821718693,0.003538584045600146,0.0023602090077474713,0.0011783750378526747
90043,71,5,3,3,0.0008917500381357968,3.433396341279149e-05,0.0005086660385131836,3.808399196714163e-05,0.0014728340320289135,0.002259832981508225,-0.0007869989494793117
90043,72,2,0,0,0.0008349160198122263,2.9916991479694843e-05,0.0008043330162763596,3.754202043637633e-05,0.001706708048004657,0.0019868750241585076,-0.00028016697615385056
90043,73,2,1,1,0.0008342499495483935,3.020901931449771e-05,0.0015170410042628646,3.616698086261749e-05,0.0024176669539883733,0.0020193749805912375,0.00039829197339713573
90043,74,1,1,1,0.000791958998888731,2.941599814221263e-05,0.0005250000394880772,3.208400448784232e-05,0.0013784590410068631,0.0017654169932939112,-0.0003869579522870481
90043,75,0,2,0,0.0007668339530937374,2.8500042390078306e-05,0.0004974579787813127,3.166700480505824e-05,0.0013244589790701866,0.0013228750322014093,1.583946868777275e-06
90043,76,0,3,0,0.0007697499822825193,2.7875008527189493e-05,0.000418792013078928,3.108300734311342e-05,0.0012475000112317502,0.0016389579977840185,-0.00039145798655226827
90043,77,0,6,0,0.0007650830084457994,2.820900408551097e-05,0.00044124998385086656,6.0582999140024185e-05,0.001295124995522201,0.0015956249553710222,-0.00030049995984882116
90043,78,0,8,0,0.0007866669911891222,3.1791976653039455e-05,0.0017317080055363476,3.450002986937761e-05,0.002584667003247887,0.0016670420300215483,0.0009176249732263386
90043,79,0,8,0,0.0007863329956308007,3.583298530429602e-05,0.0005373749881982803,3.400002606213093e-05,0.001393540995195508,0.002256833016872406,-0.000863292021676898
90044,0,2,10,0,0.0008318330510519445,3.033294342458248e-05,0.0018330840393900871,3.7624966353178024e-05,0.002732875000219792,0.002076165983453393,0.0006567090167663991
90044,1,4,10,0,0.0008671659743413329,3.091699909418821e-05,0.0010883330251090229,0.00014587497571483254,0.0021322909742593765,0.0021778749651275575,-4.558399086818099e-05
90044,2,8,10,0,0.0009684170363470912,3.1374976970255375e-05,0.0007249580230563879,3.670796286314726e-05,0.0017614579992368817,0.0028958330512978137,-0.001134375052060932
90044,3,10,10,0,0.0010091669973917305,2.9999995604157448e-05,0.0009308329899795353,3.283401019871235e-05,0.0020028339931741357,0.0018107920186594129,0.00019204197451472282
90044,4,13,10,0,0.0010586659773252904,3.404199378564954e-05,0.000559625041205436,3.649998689070344e-05,0.0016888329992070794,0.0022977080079726875,-0.0006088750087656081
90044,5,18,10,8,0.0012007910409010947,3.087497316300869e-05,0.0007186250295490026,4.4708955101668835e-05,0.001994999998714775,0.001938625006005168,5.6374992709606886e-05
90044,6,14,2,2,0.0010817080037668347,3.1957984901964664e-05,0.0007650839979760349,3.6375015042722225e-05,0.0019151250016875565,0.003014041983988136,-0.0010989169823005795
90044,7,15,0,0,0.0010932500008493662,2.9291026294231415e-05,0.000968583975918591,3.225001273676753e-05,0.002123375015798956,0.0026325409999117255,-0.0005091659841127694
90044,8,19,0,0,0.001229833986144513,3.270799061283469e-05,0.0014087080489844084,4.804198397323489e-05,0.002719292009714991,0.0017527079908177257,0.0009665840188972652
90044,9,23,0,0,0.0013546249829232693,3.200001083314419e-05,0.001220082980580628,3.6375015042722225e-05,0.0026430829893797636,0.0019932499853894114,0.0006498330039903522
90044,10,26,0,0,0.0013933330192230642,4.075001925230026e-05,0.0005462919943965971,3.63329891115427e-05,0.0020167080219835043,0.0025052499840967357,-0.0004885419621132314
90044,11,28,1,1,0.001418458006810397,3.850000211969018e-05,0.0007603749982081354,3.600004129111767e-05,0.00225333304842934,0.0023989169858396053,-0.0001455839374102652
90044,12,34,0,0,0.0015605000080540776,3.095902502536774e-05,0.0005419160006567836,3.404199378564954e-05,0.0021674170275218785,0.0028641250100918114,-0.0006967079825699329
90044,13,36,1,1,0.0016066249809227884,3.479100996628404e-05,0.0006427090265788138,3.595795715227723e-05,0.0023200829746201634,0.002846042043529451,-0.0005259590689092875
90044,14,39,1,1,0.0016657079686410725,3.512500552460551e-05,0.0006447919877246022,3.683299291878939e-05,0.0023824579548090696,0.0033251249697059393,-0.0009426670148968697
90044,15,40,0,0,0.0016907090321183205,3.545801155269146e-05,0.000682291982229799,3.5999983083456755e-05,0.0024444590089842677,0.0032157920068129897,-0.000771332997828722
90044,16,42,0,0,0.001768540998455137,3.408396150916815e-05,0.0010035000159405172,3.812502836808562e-05,0.002844250004272908,0.0029839579947292805,-0.0001397079904563725
90044,17,46,3,3,0.001761250023264438,2.924998989328742e-05,0.0010139159858226776,3.383401781320572e-05,0.0028382500167936087,0.0024728329735808074,0.0003654170432128012
90044,18,44,0,0,0.001756209006998688,3.5415985621511936e-05,0.0016116250189952552,3.658398054540157e-05,0.0034398339921608567,0.002341417013667524,0.0010984169784933329
90044,19,44,1,1,0.0017879590159282088,4.054099554196e-05,0.0007796669960953295,3.749999450519681e-05,0.002645667002070695,0.0032441660296171904,-0.0005984990275464952
90044,20,43,1,1,0.0017366250394843519,3.091699909418821e-05,0.0005528329638764262,3.358302637934685e-05,0.002353958028834313,0.0030104590114206076,-0.0006565009825862944
90044,21,42,2,2,0.0018366670119576156,3.604200901463628e-05,0.0016592079773545265,0.00015799998072907329,0.0036899169790558517,0.004040875006467104,-0.00035095802741125226
90044,22,40,0,0,0.00163237500237301,3.024999750778079e-05,0.0006117500015534461,3.20419785566628e-05,0.0023064169799908996,0.0027282499941065907,-0.0004218330141156912
90044,23,40,0,0,0.0016291249776259065,2.883299021050334e-05,0.0005082080024294555,3.166700480505824e-05,0.0021978329750709236,0.00227387499762699,-7.604202255606651e-05
90044,24,40,0,0,0.0016329999780282378,2.9125018045306206e-05,0.001419292006175965,3.2374984584748745e-05,0.003113791986834258,0.0024465839960612357,0.0006672079907730222
90044,25,40,0,0,0.0017001669621095061,2.9666000045835972e-05,0.0005284170038066804,3.2750016544014215e-05,0.0022909999825060368,0.0022225839784368873,6.84160040691495e-05
90044,26,40,1,1,0.0016753330128267407,3.2582960557192564e-05,0.0016555000329390168,0.0001526669948361814,0.0035160830011591315,0.002935459022410214,0.0005806239787489176
90044,27,39,0,0,0.0016609589802101254,4.4625019654631615e-05,0.0013346250052563846,3.679096698760986e-05,0.0030769999721087515,0.003074584004934877,2.415967173874378e-06
90044,28,39,0,0,0.0016451249830424786,3.091699909418821e-05,0.0005195830017328262,3.3917021937668324e-05,0.0022295420058071613,0.0024857500102370977,-0.0002562080044299364
90044,29,39,0,0,0.0016597500070929527,3.091699909418821e-05,0.0006550410180352628,3.5959004890173674e-05,0.0023816670291125774,0.002358041994739324,2.3625034373253584e-05
90044,30,39,0,0,0.001661374990362674,3.5792007111012936e-05,0.0006782080163247883,3.520800964906812e-05,0.0024105830234475434,0.003672374994494021,-0.0012617919710464776
90044,31,39,1,1,0.0017100830445997417,3.787496825680137e-05,0.0009492919780313969,4.066701512783766e-05,0.0027379170060157776,0.0023161659482866526,0.000421751057729125
90044,32,38,1,1,0.001627666992135346,3.125000512227416e-05,0.0007027920219115913,3.4958007745444775e-05,0.002396667026914656,0.0029538749950006604,-0.0005572079680860043
90044,33,37,1,1,0.0016493750154040754,3.724999260157347e-05,0.0006289170123636723,3.779097460210323e-05,0.0023533329949714243,0.002572124998550862,-0.00021879200357943773
90044,34,36,1,1,0.0016211659531109035,2.975005190819502e-05,0.0005160419968888164,3.3832970075309277e-05,0.002200790971983224,0.0022717079846188426,-7.091701263561845e-05
90044,35,35,0,0,0.001539750024676323,3.154197474941611e-05,0.0009492909885011613,3.583403304219246e-05,0.002556417020969093,0.0021860830020159483,0.00037033401895314455
90044,36,35,1,1,0.0015815420192666352,6.0582999140024185e-05,0.0008878749795258045,3.487500362098217e-05,0.002564875001553446,0.002270249999128282,0.000294625002425164
90044,37,34,0,0,0.001562250021379441,3.0207971576601267e-05,0.001626625016797334,3.254198236390948e-05,0.0032516249921172857,0.002308207971509546,0.0009434170206077397
90044,38,34,1,1,0.0015787919983267784,2.9916001949459314e-05,0.0015460840077139437,5.983299342915416e-05,0.0032146250014193356,0.0022182920365594327,0.0009963329648599029
90044,39,33,1,1,0.0015168340178206563,3.225001273676753e-05,0.0008197499555535614,3.600004129111767e-05,0.002404834027402103,0.0025969999842345715,-0.0001921659568324685
90044,40,32,1,1,0.001519499986898154,3.137503517791629e-05,0.001208124973345548,4.0457991417497396e-05,0.0027994579868391156,0.002107082982547581,0.0006923750042915344
90044,41,31,1,1,0.0014768330147489905,3.124994691461325e-05,0.001515875046607107,3.316695801913738e-05,0.003057124966289848,0.0028775830287486315,0.0001795419375412166
90044,42,30,0,0,0.0017701250035315752,3.362499410286546e-05,0.0005170830409042537,3.62499849870801e-05,0.0023570830235257745,0.0033290829742327332,-0.0009719999507069588
90044,43,30,0,0,0.0014636670239269733,3.1167000997811556e-05,0.0013914579758420587,3.462500171735883e-05,0.0029209170024842024,0.002250167017336935,0.0006707499851472676
90044,44,30,1,1,0.001477833022363484,3.045896301046014e-05,0.0011010830057784915,3.5375007428228855e-05,0.0026447499985806644,0.0021273749880492687,0.0005173750105313957
90044,45,29,0,0,0.0014378330088220537,3.149994881823659e-05,0.0017439170042052865,0.00014579104026779532,0.003359041002113372,0.0027191670378670096,0.0006398739642463624
90044,46,29,0,0,0.0015019169659353793,3.8375030271708965e-05,0.0005322499782778323,3.9958045817911625e-05,0.002112500020302832,0.002124000049661845,-1.1500029359012842e-05
90044,47,29,0,0,0.0014549579937011003,3.1875038985162973e-05,0.0005848329747095704,3.3584015909582376e-05,0.002105250023305416,0.00237108301371336,-0.0002658329904079437
90044,48,29,0,0,0.0014304999494925141,3.0499999411404133e-05,0.0005501670530065894,3.366597229614854e-05,0.0020448329742066562,0.0020449169678613544,-8.399365469813347e-08
90044,49,29,1,1,0.001423124980647117,3.024999750778079e-05,0.00135237502399832,3.729201853275299e-05,0.002843042020685971,0.002074708987493068,0.0007683330331929028
90044,50,28,1,1,0.001374709012452513,3.10409814119339e-05,0.0014671669923700392,3.445800393819809e-05,0.002907374990172684,0.0020789160043932498,0.0008284589857794344
90044,51,27,1,1,0.0014251249958761036,3.362499410286546e-05,0.0020453750039450824,3.549997927621007e-05,0.0035396249732002616,0.002329000039026141,0.0012106249341741204
90044,52,26,4,4,0.0013374160043895245,2.962502185255289e-05,0.0005986249889247119,3.6833982449024916e-05,0.002002499997615814,0.001970208017155528,3.229198046028614e-05
90044,53,22,1,1,0.0013671249616891146,3.362499410286546e-05,0.0011042920523323119,4.016596358269453e-05,0.0025452079717069864,0.0028960000490769744,-0.00035079207736998796
90044,54,21,0,0,0.001279915974009782,3.1333998776972294e-05,0.0005042499979026616,3.304099664092064e-05,0.0018485409673303366,0.002870833035558462,-0.0010222920682281256
90044,55,21,0,0,0.0012252919841557741,3.083300543949008e-05,0.0011917499941773713,3.441702574491501e-05,0.0024822920095175505,0.0022803329629823565,0.00020195904653519392
90044,56,21,2,2,0.0012206250103190541,3.2917014323174953e-05,0.0007219999679364264,3.854098031297326e-05,0.0020140829728916287,0.0018152500269934535,0.00019883294589817524
90044,57,19,0,0,0.00120749999769032,3.1333009246736765e-05,0.001730250020045787,3.608298720791936e-05,0.0030051660141907632,0.00178770802449435,0.0012174579896964133
90044,58,19,0,0,0.0012660829816013575,3.220798680558801e-05,0.0008859169902279973,3.550003748387098e-05,0.0022197079961188138,0.002016542013734579,0.00020316598238423467
90044,59,19,0,0,0.0012156249722465873,2.9582995921373367e-05,0.0010974170290865004,3.708299482241273e-05,0.0023797079920768738,0.002435708011034876,-5.600001895800233e-05
90044,60,19,0,0,0.0017082080012187362,4.0499959141016006e-05,0.000577708997298032,4.125002305954695e-05,0.002367666980717331,0.003344208002090454,-0.0009765410213731229
90044,61,19,0,0,0.0012866670149378479,3.250001464039087e-05,0.0005933750071562827,3.4999975468963385e-05,0.0019475420122034848,0.0018875410314649343,6.0000980738550425e-05
90044,62,19,0,0,0.0011774169979617,3.0458031687885523e-05,0.0010270829661749303,3.237504279240966e-05,0.0022673330386169255,0.0024798340164124966,-0.0002125009777955711
90044,63,19,3,3,0.001195165968965739,3.250001464039087e-05,0.0011715419823303819,3.820803249254823e-05,0.00243741599842906,0.0017832500161603093,0.0006541659822687507
90044,64,16,2,2,0.0011367080151103437,3.033294342458248e-05,0.0011052500340156257,3.462500171735883e-05,0.0023069159942679107,0.00238770799478516,-8.079200051724911e-05
90044,65,14,3,3,0.0011021250393241644,2.983398735523224e-05,0.00047879101475700736,3.4374999813735485e-05,0.0016451250412501395,0.001647000026423484,-1.8749851733446121e-06
90044,66,11,1,1,0.001058791996911168,5.874998169019818e-05,0.001185750006698072,3.883300814777613e-05,0.0023421249934472144,0.003458541992586106,-0.0011164169991388917
90044,67,10,1,1,0.0010377090075053275,3.349996404722333e-05,0.0005005830316804349,3.629195271059871e-05,0.0016080839559435844,0.002255166007671505,-0.0006470820517279208
90044,68,9,3,3,0.0009865420288406312,3.312499029561877e-05,0.001203541993163526,3.504101186990738e-05,0.0022582500241696835,0.0015564170316793025,0.000701832992490381
90044,69,6,3,3,0.0009107079822570086,3.0750001315027475e-05,0.0004611670156009495,3.537494922056794e-05,0.0014379999483935535,0.002160915988497436,-0.0007229160401038826
90044,70,3,2,2,0.0008713750285096467,3.1333998776972294e-05,0.0010081249638460577,0.00012525002239271998,0.0020360840135253966,0.0017937080119736493,0.00024237600155174732
90044,71,1,0,0,0.0008007080177776515,3.1791976653039455e-05,0.0011730000260286033,3.9000005926936865e-05,0.002044500026386231,0.0017155000241473317,0.00032900000223889947
90044,72,1,0,0,0.0008019580272957683,3.100000321865082e-05,0.001090249978005886,4.39169816672802e-05,0.0019671249901875854,0.0013923330116085708,0.0005747919785790145
90044,73,1,3,1,0.0008030000026337802,3.0957977287471294e-05,0.0005271669942885637,3.5917037166655064e-05,0.0013970420113764703,0.0018137500155717134,-0.0004167080041952431
90044,74,0,7,0,0.0007701250142417848,3.14170029014349e-05,0.0013302909792400897,3.6209006793797016e-05,0.0021680420031771064,0.001661374990362674,0.0005066670128144324
90044,75,0,8,0,0.0007835410069674253,3.312499029561877e-05,0.0005062500131316483,3.2958982046693563e-05,0.001355874992441386,0.0022547499975189567,-0.0008988750050775707
90045,0,0,10,0,0.000817666994407773,2.9542017728090286e-05,0.0006946659996174276,3.529200330376625e-05,0.0015771670150570571,0.0013172919861972332,0.00025987502885982394
90045,1,0,10,0,0.0008304169750772417,3.6375015042722225e-05,0.0019950420246459544,4.362495383247733e-05,0.0029054589685983956,0.0014564580051228404,0.0014490009634755552
90045,2,1,10,0,0.0008152080117724836,2.9459013603627682e-05,0.0008252079715020955,3.524997737258673e-05,0.0017051249742507935,0.0014315000153146684,0.00027362495893612504
90045,3,2,10,0,0.0008075829828158021,2.9292015824466944e-05,0.0008006250136531889,3.204098902642727e-05,0.0016695410013198853,0.0014059579698368907,0.00026358303148299456
90045,4,8,10,0,0.0009672919986769557,3.145798109471798e-05,0.001038083981256932,6.104103522375226e-05,0.002097874996252358,0.002510292048100382,-0.00041241705184802413
90045,5,11,10,0,0.001013792003504932,2.987496554851532e-05,0.0005342920194379985,3.220798680558801e-05,0.0016101669752970338,0.0018338750232942402,-0.00022370804799720645
90045,6,13,10,4,0.001089792000129819,3.733299672603607e-05,0.0006256250198930502,3.6582991015166044e-05,0.0017893330077640712,0.002900708990637213,-0.0011113759828731418
90045,7,13,6,6,0.0010537499911151826,2.8999987989664078e-05,0.0008277909946627915,3.604200901463628e-05,0.0019465829827822745,0.002149208972696215,-0.00020262598991394043
90045,8,13,0,0,0.001072084007319063,3.004097379744053e-05,0.000977334042545408,3.287498839199543e-05,0.002112334012053907,0.001799958001356572,0.000312376010697335
90045,9,17,0,0,0.001210791990160942,3.350002225488424e-05,0.0005163750029169023,3.4958007745444775e-05,0.0017956250230781734,0.0018786249565891922,-8.299993351101875e-05
90045,10,21,0,0,0.0012809160398319364,3.287498839199543e-05,0.0012860000133514404,3.758398815989494e-05,0.002637375029735267,0.002490375016350299,0.00014700001338496804
90045,11,32,0,0,0.0014679169980809093,2.8958020266145468e-05,0.0012207499821670353,0.00013516703620553017,0.0028527920367196202,0.0023182499571703374,0.0005345420795492828
90045,12,35,0,0,0.0015391249908134341,2.9875023756176233e-05,0.001058374997228384,3.270898014307022e-05,0.0026600839919410646,0.0029129579779691994,-0.0002528739860281348
90045,13,39,0,0,0.0016459170146845281,3.024999750778079e-05,0.002206625009421259,3.291596658527851e-05,0.003915707988198847,0.003049249993637204,0.0008664579945616424
90045,14,42,0,0,0.00173745903884992,3.0540977604687214e-05,0.000878833991009742,3.21660190820694e-05,0.0026790000265464187,0.0051104999729432166,-0.002431499946396798
90045,15,43,1,1,0.0017968330066651106,3.5375007428228855e-05,0.0011977499816566706,3.520800964906812e-05,0.003065166005399078,0.00283370801480487,0.00023145799059420824
90045,16,44,0,0,0.001752624986693263,3.3374992199242115e-05,0.0011801249929703772,3.4958007745444775e-05,0.003001082979608327,0.003270625020377338,-0.0002695420407690108
90045,17,46,2,2,0.0018153329729102552,3.179203486070037e-05,0.0005517079844139516,3.73339862562716e-05,0.002436166978441179,0.0027266249526292086,-0.00029045797418802977
90045,18,45,0,0,0.0018120829481631517,3.137503517791629e-05,0.0013550830190069973,0.00015924999024719,0.0033577909925952554,0.002465750032570213,0.0008920409600250423
90045,19,47,0,0,0.0018317499780096114,3.5750039387494326e-05,0.0012592909624800086,3.5375007428228855e-05,0.003162165987305343,0.0032444170210510492,-8.225103374570608e-05
90045,20,47,2,2,0.0018181250197812915,3.191694850102067e-05,0.0014626250485889614,3.508297959342599e-05,0.0033477499964646995,0.0026442919624969363,0.0007034580339677632
90045,21,45,3,3,0.0018652909784577787,3.062502946704626e-05,0.0010975420009344816,3.691698657348752e-05,0.003030374995432794,0.002591750002466142,0.0004386249929666519
90045,22,42,0,0,0.0017003330285660923,3.3958989661186934e-05,0.0007287909975275397,3.329198807477951e-05,0.0024963750038295984,0.002464583027176559,3.1791976653039455e-05
90045,23,42,1,1,0.0017303749918937683,3.158301115036011e-05,0.0005636249552480876,3.57080134563148e-05,0.002361290971748531,0.0023065420100465417,5.4748961701989174e-05
90045,24,41,1,1,0.0016871250118128955,3.225001273676753e-05,0.0009879160206764936,3.4374999813735485e-05,0.002741666045039892,0.002839458000380546,-9.779195534065366e-05
90045,25,40,0,0,0.001665332994889468,3.1292031053453684e-05,0.0007582500111311674,3.324996214359999e-05,0.002488124999217689,0.0029609170160256326,-0.0004727920168079436
90045,26,40,0,0,0.0016737080295570195,2.9624963644891977e-05,0.0006430420326068997,3.704201662912965e-05,0.002383417042437941,0.002609124989248812,-0.00022570794681087136
90045,27,40,0,0,0.001698582957033068,2.9999995604157448e-05,0.0005669170059263706,3.3916032407432795e-05,0.002329415990971029,0.0027037080144509673,-0.0003742920234799385
90045,28,40,0,0,0.001636083994526416,3.024999750778079e-05,0.0006882500019855797,5.100003909319639e-05,0.002405584033112973,0.003291332977823913,-0.0008857489447109401
90045,29,40,2,2,0.0018067090422846377,6.945797940716147e-05,0.0015507499920204282,4.7667010221630335e-05,0.0034745840239338577,0.0023572089849039912,0.0011173750390298665
90045,30,38,1,1,0.0016475420561619103,4.5124965254217386e-05,0.0005920830299146473,3.491697134450078e-05,0.002319667022675276,0.003010083979461342,-0.0006904169567860663
90045,31,37,1,1,0.001602332980837673,3.041699528694153e-05,0.0011969999759458005,3.358302637934685e-05,0.002863332978449762,0.0025623750407248735,0.0003009579377248883
90045,32,36,0,0,0.00163929199334234,6.749999010935426e-05,0.0007607910083606839,4.741700831800699e-05,0.002515000000130385,0.002213540952652693,0.00030145904747769237
90045,33,36,1,1,0.0016426669899374247,3.4999975468963385e-05,0.0007763330359011889,3.770797047764063e-05,0.0024917079717852175,0.002244084025733173,0.00024762394605204463
90045,34,35,1,1,0.0015621250495314598,3.0333991162478924e-05,0.0011462909751571715,3.550003748387098e-05,0.002774250053334981,0.0026877080090343952,8.654204430058599e-05
90045,35,34,0,0,0.0015549169620499015,3.1125033274292946e-05,0.0011062079574912786,3.5792007111012936e-05,0.002728041959926486,0.002210874983575195,0.0005171669763512909
90045,36,34,0,0,0.001510458008851856,2.8875016141682863e-05,0.0005184590118005872,3.2832962460815907e-05,0.002090624999254942,0.002175291010644287,-8.466601138934493e-05
90045,37,34,0,0,0.0015191250131465495,3.041699528694153e-05,0.0007057919865474105,3.383302828297019e-05,0.0022891670232638717,0.0022584169637411833,3.075005952268839e-05
90045,38,34,1,1,0.0015523330075666308,3.654201282188296e-05,0.0007519999635405838,3.3750024158507586e-05,0.0023746250080876052,0.0037700419779866934,-0.0013954169698990881
90045,39,33,3,3,0.0015602500061504543,3.391696373000741e-05,0.0009544580243527889,3.754202043637633e-05,0.002586167014669627,0.0021280000219121575,0.0004581669927574694
90045,40,30,0,0,0.0014822499942965806,3.137503517791629e-05,0.0005750419804826379,3.433297388255596e-05,0.0021229999838396907,0.002448874991387129,-0.00032587500754743814
90045,41,30,0,0,0.0014864170225337148,3.3791002351790667e-05,0.0014382089721038938,3.620801726356149e-05,0.0029946250142529607,0.0030028329929336905,-8.207978680729866e-06
90045,42,30,0,0,0.001500709040556103,6.820796988904476e-05,0.0006648750277236104,4.654197255149484e-05,0.002280334010720253,0.0025225839926861227,-0.00024224998196586967
90045,43,30,0,0,0.001468542031943798,3.3374992199242115e-05,0.001437333005014807,3.5792007111012936e-05,0.00297504203626886,0.0024812499759718776,0.0004937920602969825
90045,44,30,2,2,0.0014225830091163516,3.15000070258975e-05,0.001085083989892155,3.550003748387098e-05,0.002574667043518275,0.0030130830127745867,-0.00043841596925631166
90045,45,28,3,3,0.001454334007576108,3.56250093318522e-05,0.001726832997519523,3.9624981582164764e-05,0.003256416996009648,0.0026074170018546283,0.0006489999941550195
90045,46,25,0,0,0.001777875004336238,3.412499791011214e-05,0.0005182080203667283,3.645900869742036e-05,0.0023666670313104987,0.0027062500012107193,-0.00033958296990022063
90045,47,25,1,1,0.0013390420353971422,3.124994691461325e-05,0.0005088330362923443,3.404199378564954e-05,0.0019131670123897493,0.002319499966688454,-0.00040633295429870486
90045,48,24,0,0,0.0012999160098843277,3.0374969355762005e-05,0.0006997089949436486,3.529101377353072e-05,0.002065290987957269,0.0018724589608609676,0.00019283202709630132
90045,49,24,0,0,0.0013044580118730664,3.0791969038546085e-05,0.0006236250046640635,3.2791984267532825e-05,0.001991666969843209,0.002155125024728477,-0.0001634580548852682
90045,50,24,0,0,0.00130658398848027,3.0291033908724785e-05,0.0005334169836714864,3.3374992199242115e-05,0.0019036669982597232,0.0025689590256661177,-0.0006652920274063945
90045,51,24,0,0,0.001295749971177429,2.9458024073392153e-05,0.0014758330071344972,4.237500252202153e-05,0.00284341600490734,0.0019135419861413538,0.000929874018765986
90045,52,24,0,0,0.0013151250313967466,3.041699528694153e-05,0.0005202500033192337,3.3582968171685934e-05,0.0018993749981746078,0.002120999968610704,-0.0002216249704360962
90045,53,24,1,1,0.0013307919725775719,7.216603262349963e-05,0.0007114589679986238,5.7083030696958303e-05,0.0021715000038966537,0.0020514579955488443,0.00012004200834780931
90045,54,23,0,0,0.0013147919671609998,3.208301495760679e-05,0.001104332972317934,3.2875046599656343e-05,0.002484083001036197,0.003021167009137571,-0.0005370840081013739
90045,55,23,2,2,0.0012769169989041984,3.145798109471798e-05,0.001785542001016438,4.499999340623617e-05,0.0031389169744215906,0.0019503329531289637,0.0011885840212926269
90045,56,21,2,2,0.001269750006031245,3.166700480505824e-05,0.000831791025120765,4.079198697581887e-05,0.002174000022932887,0.0021017080289311707,7.229199400171638e-05
90045,57,19,1,1,0.0012132920091971755,3.141601337119937e-05,0.0005823340034112334,3.38749960064888e-05,0.001860917021986097,0.001964291965123266,-0.00010337494313716888
90045,58,18,1,1,0.0011872079921886325,3.541703335940838e-05,0.0011363750090822577,3.6041950806975365e-05,0.002395041985437274,0.0029384170193225145,-0.0005433750338852406
90045,59,17,1,1,0.001165207999292761,3.041699528694153e-05,0.000586042006034404,3.9457983803004026e-05,0.0018211249844171107,0.0022918329923413694,-0.0004707080079242587
90045,60,16,1,1,0.001175625016912818,3.445800393819809e-05,0.0013639169628731906,3.9000005926936865e-05,0.0026129999896511436,0.002978416974656284,-0.0003654169850051403
90045,61,15,1,1,0.001148874987848103,3.300001844763756e-05,0.0006677500205114484,3.683299291878939e-05,0.0018864580197259784,0.0024301249650307,-0.0005436669453047216
90045,62,14,0,0,0.0011153329978697002,3.1333009246736765e-05,0.000895458972081542,3.345805453136563e-05,0.0020755830337293446,0.0017292500124312937,0.0003463330212980509
90045,63,14,0,0,0.0011130839702673256,3.000005381181836e-05,0.0005051659536547959,3.2625044696033e-05,0.0016808750224299729,0.0016838330193422735,-2.9579969123005867e-06
90045,64,14,0,0,0.0010753750102594495,2.8499984182417393e-05,0.0005536670214496553,3.8457976188510656e-05,0.0016959999920800328,0.0019462089985609055,-0.00025020900648087263
90045,65,14,0,0,0.0010797500144690275,2.8915994334965944e-05,0.0009984999778680503,3.4958997275680304e-05,0.002142124983947724,0.002141165954526514,9.59029421210289e-07
90045,66,14,2,2,0.0010884159710258245,3.0166993383318186e-05,0.0009428749908693135,3.4917029552161694e-05,0.002096374984830618,0.001763917040079832,0.00033245794475078583
90045,67,12,1,1,0.0010458750184625387,3.054196713492274e-05,0.0006480420124717057,3.4541008062660694e-05,0.0017590000061318278,0.0016674170037731528,9.1583002358675e-05
90045,68,11,0,0,0.001011208980344236,2.9083050321787596e-05,0.001364208001177758,0.00014349998673424125,0.0025480000185780227,0.0021611659904010594,0.00038683402817696333
90045,69,11,1,1,0.0010534999892115593,3.2582960557192564e-05,0.0005241670296527445,3.554200520738959e-05,0.001645791984628886,0.0020504590356722474,-0.0004046670510433614
90045,70,10,1,1,0.0010108749847859144,3.204203676432371e-05,0.000656957970932126,3.5167031455785036e-05,0.0017350420239381492,0.0026543340063653886,-0.0009192919824272394
90045,71,9,1,1,0.0010119579965248704,3.208400448784232e-05,0.00045141601003706455,3.287498839199543e-05,0.0015283329994417727,0.0015772920451126993,-4.895904567092657e-05
90045,72,8,1,1,0.0009785829461179674,3.5917037166655064e-05,0.0008287079981528223,3.4791999496519566e-05,0.0018779999809339643,0.0015905409818515182,0.0002874589990824461
90045,73,7,2,2,0.001066667027771473,3.0374969355762005e-05,0.0008269579848274589,3.504200140014291e-05,0.0019590419833548367,0.0027640420012176037,-0.000805000017862767
90045,74,5,1,1,0.0009040419827215374,2.8875016141682863e-05,0.0013701670104637742,3.308302257210016e-05,0.0023361670318990946,0.0014293749700300395,0.000906792061869055
90045,75,4,0,0,0.0008572090300731361,2.983299782499671e-05,0.0014672499964945018,3.708299482241273e-05,0.0023913750192150474,0.0023725000210106373,1.8874998204410076e-05
90045,76,4,0,0,0.000877374957781285,2.9917049687355757e-05,0.0006135409930720925,3.324996214359999e-05,0.0015540829626843333,0.0014759580371901393,7.812492549419403e-05
90045,77,4,1,1,0.0008664589840918779,2.941599814221263e-05,0.0016337090055458248,3.429100615903735e-05,0.0025638749939389527,0.0014188329805620015,0.0011450420133769512
90045,78,3,0,0,0.0008469159947708249,2.8999987989664078e-05,0.0005424999981187284,4.237500252202153e-05,0.001460790983401239,0.0019516250467859209,-0.0004908340633846819
90045,79,3,6,3,0.0008592090453021228,3.004097379744053e-05,0.0004891250282526016,3.524997737258673e-05,0.0014136250247247517,0.0014446249697357416,-3.0999945010989904e-05
90045,80,0,4,0,0.0007972090388648212,3.029097570106387e-05,0.0012694590259343386,3.329099854454398e-05,0.0021302500390447676,0.0018552910187281668,0.0002749590203166008
90045,81,0,4,0,0.0007904170197434723,5.0708011258393526e-05,0.001078291970770806,0.00012095802230760455,0.0020403750240802765,0.0022257090313360095,-0.000185334007255733
90045,82,0,4,0,0.000792000035289675,3.0207971576601267e-05,0.0004356250283308327,3.466696944087744e-05,0.0012925000046379864,0.002360207960009575,-0.0010677079553715885
90045,83,0,5,0,0.0007770000374875963,3.100000321865082e-05,0.001582500000949949,3.270898014307022e-05,0.0024232090217992663,0.0017440830124542117,0.0006791260093450546
90045,84,0,6,0,0.0007882500067353249,3.066699719056487e-05,0.0004943329840898514,3.2292038667947054e-05,0.0013455420266836882,0.0018307919963262975,-0.00048524996964260936
90045,85,0,6,0,0.0008071660413406789,4.016701132059097e-05,0.0005710829864256084,3.416696563363075e-05,0.001452583004720509,0.0020553329959511757,-0.0006027499912306666
90045,86,0,6,0,0.0007843749481253326,3.0333001632243395e-05,0.0011027920409105718,3.225001273676753e-05,0.0019497500034049153,0.0015487080090679228,0.0004010419943369925
90045,87,0,6,0,0.0007812079857103527,2.9332994017750025e-05,0.0005567920161411166,3.224995452910662e-05,0.001399582950398326,0.0013976659975014627,1.916952896863222e-06
90045,88,0,6,0,0.000786124961450696,2.9999995604157448e-05,0.00047033303417265415,3.200001083314419e-05,0.0013184580020606518,0.0013648750027641654,-4.641700070351362e-05
90045,89,0,8,0,0.0007833340205252171,3.0499999411404133e-05,0.0008650830131955445,3.991700941696763e-05,0.0017188340425491333,0.0013134590117260814,0.00040537503082305193
90045,90,0,9,0,0.0007727919728495181,2.9749993700534105e-05,0.0005134579841978848,3.2625044696033e-05,0.00134862499544397,0.0018376659718342125,-0.0004890409763902426
90045,91,0,9,0,0.0007884590304456651,2.9540969990193844e-05,0.0007387500372715294,3.250001464039087e-05,0.0015892500523477793,0.0014607080374844372,0.00012854201486334205
90045,92,0,9,0,0.0007777920109219849,4.1417020838707685e-05,0.000694582995492965,3.6958022974431515e-05,0.001550750050228089,0.0017680420423857868,-0.00021729199215769768
90046,0,2,10,0,0.000832499994430691,3.550003748387098e-05,0.0009376669768244028,3.4374999813735485e-05,0.0018400420085527003,0.0014274170389398932,0.00041262496961280704
90046,1,4,10,0,0.000871917000040412,3.329198807477951e-05,0.0012057910207659006,0.0001419169711880386,0.0022529169800691307,0.00265895901247859,-0.00040604203240945935
90046,2,5,10,0,0.0009259590297006071,3.3999967854470015e-05,0.000620416016317904,3.749999450519681e-05,0.0016178750083781779,0.002589666983112693,-0.000971791974734515
90046,3,12,10,0,0.0011037499643862247,3.15410434268415e-05,0.0005662500043399632,3.6999990697950125e-05,0.0017385410028509796,0.002288915973622352,-0.0005503749707713723
90046,4,15,10,0,0.0011052499758079648,2.9958027880638838e-05,0.0009572079870849848,3.345898585394025e-05,0.0021258749766275287,0.0017919999663718045,0.0003338750102557242
90046,5,18,10,9,0.0011764580267481506,3.0082999728620052e-05,0.0005153749953024089,3.691698657348752e-05,0.001758833008352667,0.0017457919893786311,1.3041018974035978e-05
90046,6,13,1,1,0.0011140420101583004,3.345799632370472e-05,0.0004928339621983469,3.487500362098217e-05,0.0016752089723013341,0.0016132909804582596,6.191799184307456e-05
90046,7,16,0,0,0.0011161250295117497,3.133295103907585e-05,0.0008650000090710819,3.4791999496519566e-05,0.002047249989118427,0.0019184999982826412,0.00012874999083578587
90046,8,20,0,0,0.001260042015928775,2.9374961741268635e-05,0.001401500019710511,3.312499029561877e-05,0.0027240419876761734,0.0018167500384151936,0.0009072919492609799
90046,9,26,0,0,0.001344707969110459,2.8500042390078306e-05,0.0009311669855378568,3.3832970075309277e-05,0.0023382079671137035,0.0024658750044181943,-0.0001276670373044908
90046,10,27,1,1,0.001410124998074025,3.162503708153963e-05,0.0006016659899614751,3.370898775756359e-05,0.0020771250128746033,0.002014167024753988,6.295798812061548e-05
90046,11,30,1,1,0.0014574580127373338,3.0542025342583656e-05,0.0010266249882988632,3.329198807477951e-05,0.00254791701445356,0.0021353329648263752,0.00041258404962718487
90046,12,33,2,2,0.001481125014834106,3.0333001632243395e-05,0.0005596670089289546,3.38749960064888e-05,0.0021050000214017928,0.002488250029273331,-0.0003832500078715384
90046,13,32,2,2,0.0014545829617418349,2.979201963171363e-05,0.0017242910107597709,3.5375007428228855e-05,0.0032440409995615482,0.0020554999937303364,0.0011885410058312118
90046,14,34,2,2,0.0015595420263707638,3.2957992516458035e-05,0.0008614169782958925,3.74580267816782e-05,0.0024913750239647925,0.0022207919973880053,0.00027058302657678723
90046,15,34,1,1,0.001549875014461577,3.008398925885558e-05,0.0008974159718491137,3.283401019871235e-05,0.0025102089857682586,0.0022624999983236194,0.0002477089874446392
90046,16,35,0,0,0.0015434169908985496,3.0125025659799576e-05,0.0008840410155244172,3.2999960239976645e-05,0.002490582992322743,0.0028795829857699573,-0.00038899999344721437
90046,17,38,0,0,0.0017091670306399465,3.616698086261749e-05,0.001444249995984137,3.5415985621511936e-05,0.003224999993108213,0.0033314169850200415,-0.00010641699191182852
90046,18,40,0,0,0.0016948749544098973,3.0750001315027475e-05,0.0005502920248545706,3.308302257210016e-05,0.0023090000031515956,0.002337374957278371,-2.8374954126775265e-05
90046,19,41,1,1,0.001709124946501106,2.9541028197854757e-05,0.0012193340226076543,3.38749960064888e-05,0.002991874993313104,0.002403291000518948,0.0005885839927941561
90046,20,40,0,0,0.0016553340246900916,2.9666000045835972e-05,0.0005369589780457318,3.283302066847682e-05,0.002254792023450136,0.002564417023677379,-0.0003096250002272427
90046,21,40,1,1,0.0017024999833665788,2.9875023756176233e-05,0.0005846669664606452,3.308302257210016e-05,0.0023501249961555004,0.0028607079875655472,-0.0005105829914100468
90046,22,39,2,2,0.0016105419490486383,3.1125033274292946e-05,0.0005226670182310045,3.424996975809336e-05,0.002198583970312029,0.0033862919663079083,-0.0011877079959958792
90046,23,37,5,5,0.001640500035136938,3.8832949940115213e-05,0.001075084030162543,3.987498348578811e-05,0.0027942919987253845,0.002429666987154633,0.00036462501157075167
90046,24,32,0,0,0.001532917027361691,3.3374992199242115e-05,0.0005230410024523735,3.570900298655033e-05,0.002125042024999857,0.002640750026330352,-0.0005157080013304949
90046,25,32,0,0,0.0014999999548308551,3.204104723408818e-05,0.0005488339811563492,3.504101186990738e-05,0.0021159159950912,0.0032269590301439166,-0.0011110430350527167
90046,26,32,1,1,0.0014822499942965806,2.9082992114126682e-05,0.0006240420043468475,3.5167031455785036e-05,0.00217054202221334,0.00212974997702986,4.0792045183479786e-05
90046,27,31,0,0,0.0015357090160250664,3.4958007745444775e-05,0.0011303749633952975,3.512500552460551e-05,0.002736166992690414,0.0024010419729165733,0.0003351250197738409
90046,28,31,1,1,0.0014819169882684946,3.0207971576601267e-05,0.0010110840084962547,3.404100425541401e-05,0.0025572499725967646,0.0020622079609893262,0.0004950420116074383
90046,29,30,1,1,0.001491290982812643,5.329196574166417e-05,0.00116379203973338,4.304095637053251e-05,0.00275141594465822,0.0024401660193689167,0.00031124992528930306
90046,30,29,1,1,0.001519958022981882,3.283401019871235e-05,0.0015040410216897726,3.612495493143797e-05,0.003092958009801805,0.002738791052252054,0.0003541669575497508
90046,31,28,4,4,0.0014440829982049763,3.487500362098217e-05,0.0005684170173481107,3.716698847711086e-05,0.00208454200765118,0.0032462080125696957,-0.0011616660049185157
90046,32,24,1,1,0.0013358750147745013,3.0750001315027475e-05,0.000534249993506819,3.466696944087744e-05,0.0019355419790372252,0.001994708029087633,-5.916605005040765e-05
90046,33,23,0,0,0.0013124169781804085,3.0250055715441704e-05,0.0007154169725254178,3.3750024158507586e-05,0.0020918340305797756,0.002227666962426156,-0.00013583293184638023
90046,34,23,1,1,0.0013222499983385205,3.1750008929520845e-05,0.000869042007252574,3.508297959342599e-05,0.0022581249941140413,0.0019171669846400619,0.0003409580094739795
90046,35,22,1,1,0.0012738329824060202,3.0709023121744394e-05,0.0013073330046609044,3.333296626806259e-05,0.0026452079764567316,0.002616166020743549,2.9041955713182688e-05
90046,36,21,0,0,0.001278833020478487,3.512500552460551e-05,0.0016074589802883565,0.0001289999927394092,0.0030504169990308583,0.0020275420392863452,0.001022874959744513
90046,37,21,1,1,0.0013059169868938625,3.195804310962558e-05,0.0012579999747686088,3.804202424362302e-05,0.00263391702901572,0.0024876249954104424,0.00014629203360527754
90046,38,20,3,3,0.0012645840179175138,3.533298149704933e-05,0.0005041249678470194,3.6375015042722225e-05,0.0018404169823043048,0.0024382920237258077,-0.0005978750414215028
90046,39,17,0,0,0.0011553330114111304,3.0207971576601267e-05,0.0005732499994337559,3.283401019871235e-05,0.0017916249926202,0.0017748330137692392,1.679197885096073e-05
90046,40,17,2,2,0.0011592499795369804,3.058300353586674e-05,0.00046370801283046603,3.345898585394025e-05,0.0016869999817572534,0.001745041983667761,-5.804200191050768e-05
90046,41,15,2,2,0.0011277500307187438,4.0666956920176744e-05,0.0009261250379495323,3.970798570662737e-05,0.00213425001129508,0.001672542013693601,0.0004617079976014793
90046,42,13,1,1,0.001228166976943612,4.020804772153497e-05,0.0007999579538591206,3.6167039070278406e-05,0.002104500017594546,0.0028863330371677876,-0.0007818330195732415
90046,43,12,0,0,0.0010381669853813946,3.0082999728620052e-05,0.0014858749927952886,3.5167031455785036e-05,0.0025892920093610883,0.002125041966792196,0.00046425004256889224
90046,44,12,0,0,0.00105945800896734,3.0292023438960314e-05,0.0012582080089487135,3.404199378564954e-05,0.0023820000351406634,0.0016444579814560711,0.0007375420536845922
90046,45,12,3,3,0.0011033749906346202,3.15000070258975e-05,0.0013662500423379242,3.779097460210323e-05,0.002538916014600545,0.00167479197261855,0.0008641240419819951
90046,46,9,3,3,0.0010234999936074018,3.73339862562716e-05,0.0005952080246061087,3.466696944087744e-05,0.0016907089739106596,0.001601999974809587,8.870899910107255e-05
90046,47,6,1,1,0.0009046660270541906,2.8583977837115526e-05,0.00045425002463161945,3.266596468165517e-05,0.0014201659942045808,0.0021878749830648303,-0.0007677089888602495
90046,48,5,0,0,0.0008785829995758832,3.0333991162478924e-05,0.0007386250072158873,3.2957992516458035e-05,0.0016804999904707074,0.0019311669748276472,-0.0002506669843569398
90046,49,5,1,1,0.0008957079844549298,3.170897252857685e-05,0.0006880000000819564,3.258301876485348e-05,0.0016479999758303165,0.0019099580240435898,-0.0002619580482132733
90046,50,4,3,3,0.0008750000270083547,3.037502756342292e-05,0.00048624997725710273,3.350002225488424e-05,0.0014251250540837646,0.002071790979243815,-0.0006466659251600504
90046,51,1,1,1,0.0008089579641819,2.983398735523224e-05,0.0006061250460334122,3.229099093005061e-05,0.001477207988500595,0.0013640419929288328,0.00011316599557176232
90046,52,0,0,0,0.000761166971642524,3.120803739875555e-05,0.0005628750077448785,3.245798870921135e-05,0.0013877080054953694,0.0023604999878443778,-0.0009727919823490083
90046,53,0,6,0,0.0007652910426259041,2.9459013603627682e-05,0.0004361249739304185,3.225001273676753e-05,0.0012631250428967178,0.0013463750365190208,-8.324999362230301e-05
90046,54,0,8,0,0.0007829999667592347,3.1333009246736765e-05,0.0004939169739373028,3.220804501324892e-05,0.0013404579949565232,0.0016366249765269458,-0.00029616698157042265
90046,55,0,8,0,0.0008219580049626529,3.550003748387098e-05,0.0008239169837906957,3.6375015042722225e-05,0.0017177500412799418,0.0013927079853601754,0.0003250420559197664
90046,56,0,9,0,0.0008094999939203262,2.962502185255289e-05,0.0005828330176882446,3.6999990697950125e-05,0.0014589580241590738,0.002198166970629245,-0.0007392089464701712
90047,0,0,10,0,0.000766957993619144,2.983299782499671e-05,0.0012167089735157788,0.0001539580407552421,0.0021674580057151616,0.0013675409718416631,0.0007999170338734984
90047,1,0,10,0,0.000755416986066848,3.258301876485348e-05,0.0013136669876985252,3.520800964906812e-05,0.002136875002179295,0.00250641698949039,-0.000369541987311095
90047,2,2,10,0,0.000824166985694319,2.9666000045835972e-05,0.0007597089861519635,3.4333032090216875e-05,0.0016478750039823353,0.0014133750228211284,0.00023449998116120696
90047,3,3,10,0,0.0008393329917453229,3.0374969355762005e-05,0.0004674170049838722,3.2542040571570396e-05,0.0013696670066565275,0.0019016669830307364,-0.0005319999763742089
90047,4,4,10,0,0.0008549170452170074,2.883299021050334e-05,0.0014826249680481851,3.400002606213093e-05,0.0024003750295378268,0.0028692499618045986,-0.0004688749322667718
90047,5,8,10,0,0.0009627919644117355,3.195804310962558e-05,0.0005436669453047216,3.237504279240966e-05,0.0015707919956184924,0.001565125014167279,5.66698145121336e-06
90047,6,14,10,8,0.0011022089747712016,3.024999750778079e-05,0.0016847079969011247,4.025001544505358e-05,0.0028574169846251607,0.0018109999946318567,0.001046416989993304
90047,7,14,2,2,0.001129999989643693,3.0957977287471294e-05,0.0005154589889571071,3.4541008062660694e-05,0.001710957963950932,0.0017048749723471701,6.082991603761911e-06
90047,8,15,0,0,0.0011575419921427965,5.454104393720627e-05,0.0008247089572250843,5.324999801814556e-05,0.0020900419913232327,0.0022206659778021276,-0.00013062398647889495
90047,9,21,0,0,0.001255250012036413,3.200001083314419e-05,0.0008917499799281359,3.383302828297019e-05,0.002212833031080663,0.0033447500318288803,-0.001131917000748217
90047,10,25,0,0,0.0013396659633144736,2.9459013603627682e-05,0.001159791019745171,3.474997356534004e-05,0.0025636659702286124,0.0019292079959996045,0.000634457974229008
90047,11,32,0,0,0.001520542020443827,3.4333032090216875e-05,0.0017774169682525098,3.850000211969018e-05,0.003370792022906244,0.0025197500362992287,0.0008510419866070151
90047,12,35,1,1,0.0015567499794997275,2.941599814221263e-05,0.0005321250064298511,3.383401781320572e-05,0.002152125001884997,0.0021728750434704125,-2.0750041585415602e-05
90047,13,36,0,0,0.0015948339714668691,4.1207997128367424e-05,0.0007964170072227716,3.5916047636419535e-05,0.0024683750234544277,0.002597999991849065,-0.0001296249683946371
90047,14,40,1,1,0.001705540984403342,3.1750008929520845e-05,0.0005197920254431665,3.287498839199543e-05,0.0022899580071680248,0.002454291970934719,-0.00016433396376669407
90047,15,42,1,1,0.001711666991468519,3.004097379744053e-05,0.0005666670040227473,3.4791999496519566e-05,0.0023431669687852263,0.002602374996058643,-0.0002592080272734165
90047,16,44,4,4,0.001771792012732476,3.20419785566628e-05,0.00066166598116979,3.762502456083894e-05,0.0025031249970197678,0.002386708976700902,0.00011641602031886578
90047,17,40,2,2,0.001674707978963852,3.183301305398345e-05,0.0007226670277304947,3.333296626806259e-05,0.0024625409860163927,0.002532416023313999,-6.987503729760647e-05
90047,18,39,0,0,0.0016528330161236227,4.3625012040138245e-05,0.0011258340091444552,4.2665982618927956e-05,0.002864958019927144,0.002220541995484382,0.0006444160244427621
90047,19,41,0,0,0.0016689999611116946,3.0125025659799576e-05,0.0010010830010287464,3.6792014725506306e-05,0.002737000002525747,0.0026727920048870146,6.42079976387322e-05
90047,20,41,0,0,0.0017848749994300306,3.229099093005061e-05,0.0015236670151352882,3.691698657348752e-05,0.003377749992068857,0.0026533749769441783,0.0007243750151246786
90047,21,41,0,0,0.0016949999844655395,2.9542017728090286e-05,0.0006104159983806312,3.679195651784539e-05,0.0023717499570921063,0.0023406660184264183,3.108393866568804e-05
90047,22,41,1,1,0.0016666660085320473,2.9999995604157448e-05,0.0008185839978978038,3.3374992199242115e-05,0.0025486249942332506,0.0023117499658837914,0.00023687502834945917
90047,23,40,0,0,0.0016623749979771674,3.0041963327676058e-05,0.001251750043593347,3.608298720791936e-05,0.00298024999210611,0.0025728329783305526,0.0004074170137755573
90047,24,40,1,1,0.0016831670072861016,3.0124967452138662e-05,0.0018272500019520521,3.5333039704710245e-05,0.0035758750163950026,0.0023236250272020698,0.0012522499891929328
90047,25,39,0,0,0.0016164580010809004,2.9541959520429373e-05,0.0005680830217897892,3.20419785566628e-05,0.002246124960947782,0.002210000006016344,3.612495493143797e-05
90047,26,39,0,0,0.0016739999991841614,3.108399687334895e-05,0.0019188750302419066,3.479100996628404e-05,0.003658750036265701,0.0022124999668449163,0.0014462500694207847
90047,27,39,2,2,0.0016255000373348594,2.9041955713182688e-05,0.000655542011372745,3.470800584182143e-05,0.0023447920102626085,0.0023659580037929118,-2.116599353030324e-05
90047,28,37,3,3,0.001609915983863175,3.2542040571570396e-05,0.0007070829742588103,3.774999640882015e-05,0.0023872909951023757,0.002502207993529737,-0.00011491699842736125
90047,29,34,1,1,0.0015410830383189023,2.9791961424052715e-05,0.001274125010240823,3.483303589746356e-05,0.0028798330458812416,0.0026824999949894845,0.000197333050891757
90047,30,33,1,1,0.001510749978478998,3.0708033591508865e-05,0.000989166961517185,3.404100425541401e-05,0.002564665977843106,0.0023984999861568213,0.00016616599168628454
90047,31,32,1,1,0.0015078340074978769,4.050001734867692e-05,0.001037707959767431,3.408303018659353e-05,0.0026201250148005784,0.003091124992351979,-0.00047099997755140066
90047,32,31,0,0,0.0015072079841047525,3.2750016544014215e-05,0.0006847080076113343,3.754196222871542e-05,0.0022622079704888165,0.0033912499784491956,-0.0011290420079603791
90047,33,31,0,0,0.0014639580040238798,3.0542025342583656e-05,0.0007310829823836684,3.658398054540157e-05,0.0022621669922955334,0.003038041992112994,-0.0007758749998174608
90047,34,31,1,1,0.001491290982812643,3.037502756342292e-05,0.0006938339793123305,3.450002986937761e-05,0.002250000019557774,0.0022253329516388476,2.4667067918926477e-05
90047,35,30,0,0,0.001475290977396071,3.512500552460551e-05,0.0013271250063553452,3.73339862562716e-05,0.0028748749755322933,0.002426957944408059,0.0004479170311242342
90047,36,30,0,0,0.0014560419949702919,3.125000512227416e-05,0.0012670410214923322,3.5208999179303646e-05,0.002789542020764202,0.003240875026676804,-0.00045133300591260195
90047,37,30,0,0,0.001443374960217625,3.0333001632243395e-05,0.0014850000152364373,3.612501313909888e-05,0.0029948329902254045,0.0025680839898996055,0.000426749000325799
90047,38,30,1,1,0.0014488330343738198,3.024999750778079e-05,0.0006646249676123261,3.283401019871235e-05,0.002176542009692639,0.0020926669822074473,8.387502748519182e-05
90047,39,29,2,2,0.0014974999940022826,3.1582952942699194e-05,0.0009879590361379087,3.420800203457475e-05,0.0025512499851174653,0.0021271660225465894,0.0004240839625708759
90047,40,27,2,2,0.0013897909666411579,3.179203486070037e-05,0.0005250419490039349,3.7375022657215595e-05,0.0019839999731630087,0.0021981250029057264,-0.00021412502974271774
90047,41,25,2,2,0.0013217499945312738,3.283401019871235e-05,0.0004937909543514252,3.529200330376625e-05,0.0018836669623851776,0.001957707980182022,-7.404101779684424e-05
90047,42,23,1,1,0.001315042027272284,3.241701051592827e-05,0.0005393750034272671,3.629096318036318e-05,0.0019231250043958426,0.003308375016786158,-0.0013852500123903155
90047,43,22,0,0,0.0012977920123375952,3.120797919109464e-05,0.0008502919808961451,3.166601527482271e-05,0.0022109579876996577,0.002713875030167401,-0.0005029170424677432
90047,44,22,1,1,0.0013155830092728138,3.2333016861230135e-05,0.0011246249778196216,3.7375022657215595e-05,0.002509916026610881,0.003278625023085624,-0.0007687089964747429
90047,45,21,0,0,0.0012751250178553164,3.250001464039087e-05,0.0007634579669684172,3.704201662912965e-05,0.002108125016093254,0.0018291660235263407,0.00027895899256691337
90047,46,21,0,0,0.0012464590254239738,3.116601146757603e-05,0.0009149169782176614,3.312499029561877e-05,0.00222566700540483,0.0019406659994274378,0.0002850010059773922
90047,47,21,1,1,0.0012577080051414669,3.0709023121744394e-05,0.0005509159527719021,3.441702574491501e-05,0.0018737500067800283,0.0018501249724067748,2.3625034373253584e-05
90047,48,20,0,0,0.0012082080356776714,3.166700480505824e-05,0.0013681669952347875,3.791600465774536e-05,0.0026459580403752625,0.0021427079918794334,0.0005032500484958291
90047,49,20,0,0,0.0012315839994698763,3.058300353586674e-05,0.0007142079994082451,3.225001273676753e-05,0.0020086250151507556,0.0018497909768484533,0.00015883403830230236
90047,50,20,0,0,0.001240084005985409,3.024999750778079e-05,0.0013354159891605377,3.62499849870801e-05,0.0026419999776408076,0.0017894160118885338,0.0008525839657522738
90047,51,20,1,1,0.001273999980185181,3.250001464039087e-05,0.0005162499728612602,3.4208991564810276e-05,0.0018569589592516422,0.002013541990891099,-0.00015658303163945675
90047,52,19,2,2,0.0012054999824613333,2.9999995604157448e-05,0.0009986250079236925,3.612501313909888e-05,0.002270249999128282,0.002729166008066386,-0.0004589160089381039
90047,53,17,4,4,0.0011342910001985729,2.9333983547985554e-05,0.00046787504106760025,3.408297197893262e-05,0.0016655829967930913,0.0018168339738622308,-0.00015125097706913948
90047,54,13,0,0,0.0010945419780910015,2.9999995604157448e-05,0.0016521660145372152,0.00011783401714637876,0.002894542005378753,0.0016731669893488288,0.0012213750160299242
90047,55,13,0,0,0.001090165984351188,3.408401971682906e-05,0.001297999988310039,0.00012137502199038863,0.0025436250143684447,0.001725458016153425,0.0008181669982150197
90047,56,13,1,1,0.0010723340092226863,3.045797348022461e-05,0.0009607920073904097,3.7958030588924885e-05,0.0021015420206822455,0.002476916997693479,-0.00037537497701123357
90047,57,12,2,2,0.0010779579752124846,3.225001273676753e-05,0.0013644999708049,3.6958022974431515e-05,0.0025116659817285836,0.001657125016208738,0.0008545409655198455
90047,58,10,0,0,0.0009900000295601785,4.233396612107754e-05,0.0005389160360209644,3.574998117983341e-05,0.0016070000128820539,0.0023135420051403344,-0.0007065419922582805
90047,59,10,0,0,0.0010139999794773757,3.0499999411404133e-05,0.0008265000069513917,3.2999960239976645e-05,0.0019039999460801482,0.0016254170332103968,0.00027858291286975145
90047,60,10,0,0,0.0010509999701753259,3.454199759289622e-05,0.0006139579927548766,3.4958997275680304e-05,0.001734458957798779,0.0027130829985253513,-0.0009786240407265723
90047,61,10,2,2,0.0010506249964237213,3.433297388255596e-05,0.0008664589840918779,3.979104803875089e-05,0.001991208002436906,0.001595832989551127,0.00039537501288577914
90047,62,8,0,0,0.0009744170238263905,3.041699528694153e-05,0.0018735830090008676,4.1207997128367424e-05,0.002919625025242567,0.0015163749922066927,0.0014032500330358744
90047,63,8,1,1,0.0009817089885473251,3.304105484858155e-05,0.0008739589829929173,3.324996214359999e-05,0.001921958988532424,0.002806458971463144,-0.0008844999829307199
90047,64,7,3,3,0.0009466250194236636,3.1791976653039455e-05,0.0007605830323882401,3.708299482241273e-05,0.001776083023287356,0.001996584003791213,-0.00022050098050385714
90047,65,4,1,1,0.0009199169580824673,3.425002796575427e-05,0.0015514999977312982,0.00013562501408159733,0.002641291997861117,0.0017941249534487724,0.0008471670444123447
90047,66,3,0,0,0.0008675840217620134,4.920799983665347e-05,0.0014260419993661344,4.1000021155923605e-05,0.002383834042120725,0.0024376660003326833,-5.383195821195841e-05
90047,67,3,2,2,0.0008577079861424863,3.2791984267532825e-05,0.0015431659994646907,3.5208999179303646e-05,0.0024688749690540135,0.0029126660083420575,-0.000443791039288044
90047,68,1,0,0,0.000814041995909065,3.02919652312994e-05,0.0004331659874878824,3.4374999813735485e-05,0.0013118749484419823,0.0013328749919310212,-2.1000043489038944e-05
90047,69,1,2,1,0.0008226660429500043,3.0583993066102266e-05,0.0008378750062547624,3.854098031297326e-05,0.0017296660225838423,0.0018341669929213822,-0.00010450097033753991
90047,70,0,1,0,0.0008085420122370124,4.22910088673234e-05,0.0005025420105084777,3.8041966035962105e-05,0.0013914169976487756,0.002388958993833512,-0.0009975419961847365
90047,71,0,2,0,0.0007898339536041021,3.08750313706696e-05,0.000469457998406142,3.366702003404498e-05,0.0013238340034149587,0.001333541003987193,-9.707000572234392e-06
90047,72,0,3,0,0.0007846249500289559,3.024999750778079e-05,0.000835416023619473,3.4334021620452404e-05,0.0016846249927766621,0.0013262080028653145,0.00035841698991134763
90047,73,0,6,0,0.000777832989115268,2.9583985451608896e-05,0.0006351660122163594,3.654201282188296e-05,0.0014791249996051192,0.001802583981771022,-0.00032345898216590285
90047,74,0,7,0,0.000793792016338557,3.137503517791629e-05,0.0005979579873383045,3.229198046028614e-05,0.001455417019315064,0.0013438749592751265,0.0001115420600399375
90047,75,0,8,0,0.000794457970187068,3.220804501324892e-05,0.0007184589630924165,3.50830378010869e-05,0.0015802080160938203,0.0013559579965658486,0.00022425001952797174
90047,76,0,9,0,0.0007863749633543193,3.0499999411404133e-05,0.0011537090176716447,3.691599704325199e-05,0.00200749997748062,0.002260125009343028,-0.0002526250318624079
90047,77,0,9,0,0.0007758330320939422,3.0374969355762005e-05,0.001021375006530434,3.5959004890173674e-05,0.0018635420128703117,0.0019542500376701355,-9.070802479982376e-05
90047,78,0,9,0,0.0007848750101402402,3.0708033591508865e-05,0.00074562500230968,3.2999960239976645e-05,0.0015942080062814057,0.0013294999953359365,0.00026470801094546914
90048,0,0,10,0,0.0007980000227689743,3.6457960959523916e-05,0.0005450000171549618,3.583403304219246e-05,0.0014152920339256525,0.0018890840001404285,-0.00047379196621477604
90048,1,2,10,0,0.0016694159712642431,3.50000336766243e-05,0.0005302499630488455,3.8416997995227575e-05,0.0022730829659849405,0.0027390829636715353,-0.0004659999976865947
90048,2,4,10,0,0.0009362500277347863,3.370898775756359e-05,0.0019219160312786698,0.0001516249612905085,0.003043500008061528,0.0023052910109981894,0.0007382089970633388
90048,3,6,10,0,0.0009467920172028244,4.066701512783766e-05,0.000824540969915688,3.687501884996891e-05,0.001848875021096319,0.0027478340198285878,-0.0008989589987322688
90048,4,9,10,0,0.0009785420261323452,2.9999995604157448e-05,0.0011026659631170332,3.525003558024764e-05,0.0021464580204337835,0.001904624979943037,0.0002418330404907465
90048,5,13,10,2,0.0012169170076958835,3.3374992199242115e-05,0.001081958005670458,3.612501313909888e-05,0.0023683750187046826,0.0026175829698331654,-0.0002492079511284828
90048,6,15,8,8,0.0011245420319028199,2.9957969672977924e-05,0.0015123750199563801,4.333397373557091e-05,0.002710208995267749,0.0023074589553289115,0.0004027500399388373
90048,7,8,0,0,0.0009588339598849416,3.3374992199242115e-05,0.0010831660474650562,3.545900108292699e-05,0.002110834000632167,0.0017169159837067127,0.00039391801692545414
90048,8,11,0,0,0.0010588750010356307,3.129197284579277e-05,0.001341374998446554,3.3917021937668324e-05,0.0024654589942656457,0.0023027919814921916,0.0001626670127734542
90048,9,14,0,0,0.0010834580170921981,2.9374961741268635e-05,0.0009717090288177133,3.145798109471798e-05,0.002115999988745898,0.002170959021896124,-5.495903315022588e-05
90048,10,18,1,1,0.0011763329966925085,3.062497125938535e-05,0.0004811250255443156,3.829202614724636e-05,0.0017263750196434557,0.0018255829927511513,-9.920797310769558e-05
90048,11,23,0,0,0.001283916993997991,3.0333001632243395e-05,0.0005141670117154717,3.270799061283469e-05,0.001861124997958541,0.002214415988419205,-0.00035329099046066403
90048,12,30,1,1,0.0014422499807551503,2.8541020583361387e-05,0.0005001249955967069,3.4833967220038176e-05,0.0020057499641552567,0.002456833957694471,-0.00045108399353921413
90048,13,32,0,0,0.0015130829997360706,3.062502946704626e-05,0.0015044169849716127,3.3333024475723505e-05,0.003081458038650453,0.003244415973313153,-0.0001629579346626997
90048,14,34,0,0,0.0015609169495292008,3.14170029014349e-05,0.0007627500453963876,3.462500171735883e-05,0.002389708999544382,0.003661709022708237,-0.001272000023163855
90048,15,43,1,1,0.0017652499955147505,3.15000070258975e-05,0.0005760830244980752,3.429199568927288e-05,0.002407125022727996,0.0027640420012176037,-0.00035691697848960757
90048,16,46,2,2,0.0018138329614885151,3.083300543949008e-05,0.001426542003173381,3.700004890561104e-05,0.0033082080190069973,0.0025507499813102186,0.0007574580376967788
90048,17,45,0,0,0.0017998339608311653,3.141601337119937e-05,0.0005367500125430524,3.3999967854470015e-05,0.002401999954599887,0.0024940840085037053,-9.208405390381813e-05
90048,18,45,3,3,0.0018171250121667981,3.250001464039087e-05,0.0010581249953247607,4.824995994567871e-05,0.0029559999820776284,0.0038691249792464077,-0.0009131249971687794
90048,19,42,0,0,0.0016847919905558228,2.9958027880638838e-05,0.0005379589856602252,3.229099093005061e-05,0.0022849999950267375,0.002768834005109966,-0.00048383401008322835
90048,20,42,0,0,0.0017265829956158996,3.041699528694153e-05,0.000530958001036197,3.312499029561877e-05,0.002321082982234657,0.0028401250019669533,-0.0005190420197322965
90048,21,42,2,2,0.001752333017066121,3.0333001632243395e-05,0.0013168749865144491,4.3666979763656855e-05,0.0031432079849764705,0.0024742080131545663,0.0006689999718219042
90048,22,40,0,0,0.0016442909836769104,3.1333998776972294e-05,0.0005375829641707242,3.3958000130951405e-05,0.0022471659467555583,0.002951416012365371,-0.0007042500656098127
90048,23,40,0,0,0.0016312500229105353,2.862501423805952e-05,0.0005003749975003302,3.20419785566628e-05,0.002192292013205588,0.002229041012469679,-3.674899926409125e-05
90048,24,40,0,0,0.0016957910265773535,3.200001083314419e-05,0.0006274999468587339,3.3709045965224504e-05,0.002389000030234456,0.0025421660393476486,-0.00015316600911319256
90048,25,40,0,0,0.001690792036242783,3.066600766032934e-05,0.001591208972968161,3.687501884996891e-05,0.0033495420357212424,0.0031860420131124556,0.00016350002260878682
90048,26,40,0,0,0.0017731660045683384,5.804200191050768e-05,0.001548082975205034,5.8125006034970284e-05,0.0034374159877188504,0.0022507079993374646,0.0011867079883813858
90048,27,40,0,0,0.0017042079707607627,3.366702003404498e-05,0.0008251669933088124,3.683299291878939e-05,0.0025998749770224094,0.00314325001090765,-0.0005433750338852406
90048,28,40,0,0,0.001689666009042412,3.100000321865082e-05,0.0005229589878581464,3.4582975786179304e-05,0.0022782079759053886,0.0023776250309310853,-9.941705502569675e-05
90048,29,40,1,1,0.0016815840499475598,3.024999750778079e-05,0.0007647500024177134,3.433297388255596e-05,0.00251091702375561,0.0023587499745190144,0.00015216704923659563
90048,30,39,0,0,0.0016504160012118518,3.0125025659799576e-05,0.0013687500031664968,3.616698086261749e-05,0.0030854580109007657,0.0023615419631823897,0.0007239160477183759
90048,31,39,1,1,0.0016522910445928574,3.549997927621007e-05,0.0019267500028945506,0.00014116696547716856,0.0037557079922407866,0.0029371249838732183,0.0008185830083675683
90048,32,38,1,1,0.0016147500136867166,3.3374992199242115e-05,0.000525166979059577,3.666698466986418e-05,0.0022099589696154,0.0023575000232085586,-0.00014754105359315872
90048,33,37,2,2,0.001633457955904305,3.304204437881708e-05,0.0006491660024039447,3.670895239338279e-05,0.0023523749550804496,0.004035875026602298,-0.0016835000715218484
90048,34,35,1,1,0.0015862500295042992,3.15000070258975e-05,0.0017266669892705977,0.00012824998702853918,0.0034726670128293335,0.002190916973631829,0.0012817500391975045
90048,35,34,0,0,0.0015307909925468266,3.0583993066102266e-05,0.0004927910049445927,3.412499791011214e-05,0.0020882909884676337,0.0022105840034782887,-0.00012229301501065493
90048,36,34,4,4,0.0015369169996120036,3.041699528694153e-05,0.0010893330327235162,3.683299291878939e-05,0.0026935000205412507,0.0021523329778574407,0.00054116704268381
90048,37,30,1,1,0.0014966250164434314,3.587501123547554e-05,0.001102499954868108,3.704102709889412e-05,0.002672041009645909,0.002064500004053116,0.0006075410055927932
90048,38,29,0,0,0.001396333973389119,2.9125018045306206e-05,0.0005604579928331077,3.225001273676753e-05,0.0020181669970043004,0.002185625024139881,-0.00016745802713558078
90048,39,29,1,1,0.0014353750157169998,3.125000512227416e-05,0.0011620409786701202,0.00015999999595806003,0.002788665995467454,0.0030734159518033266,-0.0002847499563358724
90048,40,28,1,1,0.0013946660328656435,3.0124967452138662e-05,0.0014096670201979578,3.612501313909888e-05,0.002870583033654839,0.0022051670239306986,0.0006654160097241402
90048,41,27,1,1,0.0013961250078864396,3.0207971576601267e-05,0.0005572499940171838,3.258301876485348e-05,0.002016165992245078,0.002087624976411462,-7.145898416638374e-05
90048,42,26,0,0,0.0013803329784423113,3.004202153533697e-05,0.0005394580075517297,3.1917006708681583e-05,0.0019817500142380595,0.001960374996997416,2.13750172406435e-05
90048,43,26,1,1,0.0013555000186897814,3.020802978426218e-05,0.0011458339868113399,3.566598752513528e-05,0.0025672080228105187,0.0021176249720156193,0.00044958305079489946
90048,44,25,0,0,0.0013702079886570573,3.32500203512609e-05,0.0018497090204618871,3.362499410286546e-05,0.0032867920235730708,0.0019725000020116568,0.001314292021561414
90048,45,25,2,2,0.0013828339870087802,3.9541046135127544e-05,0.0012619589688256383,4.154100315645337e-05,0.0027258750051259995,0.002635125012602657,9.074999252334237e-05
90048,46,23,0,0,0.0013409579987637699,3.629201091825962e-05,0.000561332970391959,3.712502075359225e-05,0.0019757080008275807,0.0021269169519655406,-0.00015120895113795996
90048,47,23,3,3,0.0013202080153860152,5.887501174584031e-05,0.0010900420020334423,3.724999260157347e-05,0.002506375021766871,0.003265917010139674,-0.0007595419883728027
90048,48,20,0,0,0.0012605420197360218,3.149994881823659e-05,0.0009747919975779951,4.950002767145634e-05,0.0023163339938037097,0.002374375006183982,-5.804101238027215e-05
90048,49,20,2,2,0.0012522499891929328,3.5584031138569117e-05,0.0005195409758016467,3.654201282188296e-05,0.0018439170089550316,0.0023373340372927487,-0.0004934170283377171
90048,50,18,3,3,0.0011992499930784106,3.208301495760679e-05,0.001087249955162406,3.687501884996891e-05,0.0023554579820483923,0.0021534159895963967,0.0002020419924519956
90048,51,15,1,1,0.0011551660136319697,3.312499029561877e-05,0.0012590420083142817,3.358302637934685e-05,0.002480916038621217,0.0019577909843064845,0.0005231250543147326
90048,52,14,0,0,0.0011086660088039935,3.3374992199242115e-05,0.0005355419707484543,3.32500203512609e-05,0.0017108329921029508,0.0021494999527931213,-0.0004386669606901705
90048,53,14,0,0,0.0011089579784311354,3.1167000997811556e-05,0.0011781660141423345,3.749999450519681e-05,0.0023557909880764782,0.0020571670029312372,0.000298623985145241
90048,54,14,0,0,0.0010911250137723982,3.225001273676753e-05,0.0006036660051904619,3.391696373000741e-05,0.001760957995429635,0.0021144170314073563,-0.0003534590359777212
90048,55,14,2,2,0.001097500033210963,3.108399687334895e-05,0.0005611249944195151,3.433297388255596e-05,0.001724041998386383,0.0021893749944865704,-0.0004653329961001873
90048,56,12,1,1,0.0010646249866113067,3.279204247519374e-05,0.0014112080098129809,0.0001301249722018838,0.002638750011101365,0.0021451249485835433,0.0004936250625178218
90048,57,11,2,2,0.0010806249920278788,3.320799442008138e-05,0.00048804201651364565,3.533298149704933e-05,0.0016372079844586551,0.0020805829553864896,-0.0004433749709278345
90048,58,9,3,3,0.0009776660008355975,2.9875023756176233e-05,0.0006634590099565685,3.566598752513528e-05,0.0017066660220734775,0.0015812080237083137,0.0001254579983651638
90048,59,6,1,1,0.0009446670301258564,3.229099093005061e-05,0.0007750419899821281,3.491697134450078e-05,0.001786916982382536,0.001858666946645826,-7.174996426329017e-05
90048,60,5,1,1,0.0009111249819397926,3.0333001632243395e-05,0.0005172920064069331,3.3415970392525196e-05,0.0014921659603714943,0.0021229589474387467,-0.0006307929870672524
90048,61,4,1,1,0.0008699999889358878,3.100000321865082e-05,0.0007773750112392008,3.254198236390948e-05,0.001710916985757649,0.0015168749960139394,0.00019404198974370956
90048,62,3,0,0,0.0008436249918304384,3.0166003853082657e-05,0.0005732089630328119,3.229099093005061e-05,0.0014792909496463835,0.0014118750113993883,6.741593824699521e-05
90048,63,3,1,1,0.0008713749703019857,3.9417005609720945e-05,0.0005256670410744846,3.491598181426525e-05,0.0014713749988004565,0.0018869159976020455,-0.000415540998801589
90048,64,2,0,0,0.0008566670003347099,3.320799442008138e-05,0.0007195419748313725,3.487500362098217e-05,0.001644291973207146,0.0014117499813437462,0.00023254199186339974
90048,65,2,0,0,0.0008360000210814178,3.054103581234813e-05,0.001009124971460551,0.00014466699212789536,0.0020203330204822123,0.0021026660106144845,-8.233299013227224e-05
90048,66,2,3,2,0.0008045000140555203,3.166700480505824e-05,0.0004369579837657511,3.3167016226798296e-05,0.001306292018853128,0.0016428750241175294,-0.00033658300526440144
90048,67,0,3,0,0.0007627499871887267,2.9709015507251024e-05,0.00047766597708687186,3.195903263986111e-05,0.0013020840124227107,0.0012756669893860817,2.641702303662896e-05
90048,68,0,5,0,0.0007612920016981661,2.879102248698473e-05,0.0009117500158026814,3.1750008929520845e-05,0.0017335830489173532,0.0013685000012628734,0.00036508304765447974
90048,69,0,6,0,0.0007945000543259084,2.7999980375170708e-05,0.0006626250105910003,3.679096698760986e-05,0.0015219160122796893,0.0012949170195497572,0.00022699899272993207
90048,70,0,7,0,0.0007858749595470726,3.0082999728620052e-05,0.0009837500401772559,3.2374984584748745e-05,0.0018320829840376973,0.0021198340109549463,-0.00028775102691724896
90048,71,0,7,0,0.0007870829431340098,2.9375019948929548e-05,0.0005775830359198153,3.27499583363533e-05,0.001426790957339108,0.0015120420139282942,-8.525105658918619e-05
90048,72,0,8,0,0.0007925829850137234,3.729201853275299e-05,0.00043991702841594815,3.291596658527851e-05,0.001302707998547703,0.0018192919669672847,-0.0005165839684195817
90048,73,0,8,0,0.0007869579712860286,3.0708033591508865e-05,0.0006662089726887643,3.208301495760679e-05,0.0015159579925239086,0.0013479170156642795,0.00016804097685962915
90048,74,0,9,0,0.0008021660032682121,3.441702574491501e-05,0.0009852920193225145,5.76250022277236e-05,0.0018795000505633652,0.00244508299510926,-0.0005655829445458949
90049,0,0,10,0,0.0007823749911040068,3.0292023438960314e-05,0.00149125000461936,0.00013891595881432295,0.00244283297797665,0.0013717080000787973,0.0010711249778978527
90049,1,1,10,0,0.0008235829882323742,3.574998117983341e-05,0.0007210840121842921,3.508297959342599e-05,0.0016154999611899257,0.0022909999825060368,-0.0006755000213161111
90049,2,3,10,0,0.0008515419904142618,3.004097379744053e-05,0.00046770903281867504,3.225001273676753e-05,0.001381542009767145,0.0014082920388318598,-2.675002906471491e-05
90049,3,8,10,0,0.0009530000388622284,2.96669895760715e-05,0.00047620799159631133,3.329198807477951e-05,0.0014921670081093907,0.001991333963815123,-0.0004991669557057321
90049,4,11,10,0,0.0010297909611836076,2.916704397648573e-05,0.0012444169842638075,3.158301115036011e-05,0.002334958000574261,0.002172458975110203,0.00016249902546405792
90049,5,15,10,2,0.001148874987848103,3.3333024475723505e-05,0.0005047499435022473,3.5167031455785036e-05,0.001722124987281859,0.0018824170110747218,-0.0001602920237928629
90049,6,21,8,8,0.0012687920243479311,3.200001083314419e-05,0.0007133749895729125,3.850000211969018e-05,0.002052667026873678,0.0020487919682636857,3.875058609992266e-06
90049,7,17,0,0,0.0011775419698096812,3.170798299834132e-05,0.0009129170211963356,0.00012129201786592603,0.002243458991870284,0.0027205420192331076,-0.0004770830273628235
90049,8,23,0,0,0.0012809170293621719,3.0499999411404133e-05,0.000589915958698839,3.450002986937761e-05,0.0019358330173417926,0.0019153750035911798,2.0458013750612736e-05
90049,9,26,0,0,0.0013528749695979059,3.0082999728620052e-05,0.0008005840354599059,3.374996595084667e-05,0.0022172919707372785,0.0022098749759607017,7.4169947765767574e-06
90049,10,28,1,1,0.0013940829667262733,3.0499999411404133e-05,0.0005324170342646539,3.3582968171685934e-05,0.0019905829685740173,0.002047790971118957,-5.720800254493952e-05
90049,11,30,0,0,0.0014924579882062972,3.604200901463628e-05,0.000709832995198667,3.404199378564954e-05,0.00227237498620525,0.0024000839912332594,-0.00012770900502800941
90049,12,38,0,0,0.0016279169940389693,3.112497506663203e-05,0.0005636250134557486,3.2916024792939425e-05,0.0022555830073542893,0.003277749987319112,-0.0010221669799648225
90049,13,40,0,0,0.001638667017687112,3.0542025342583656e-05,0.000550124968867749,3.429100615903735e-05,0.002253625018056482,0.002508541045244783,-0.0002549160271883011
90049,14,42,0,0,0.0017464999691583216,2.9542017728090286e-05,0.0005740830092690885,3.329198807477951e-05,0.00238341698423028,0.0027687919791787863,-0.00038537499494850636
90049,15,45,2,2,0.0017975830123759806,3.14170029014349e-05,0.0014017909998074174,3.549997927621007e-05,0.003266290994361043,0.003619958006311208,-0.00035366701195016503
90049,16,45,2,2,0.0017595409881323576,2.9416987672448158e-05,0.0008455830393359065,3.749999450519681e-05,0.002672041009645909,0.002403708000201732,0.00026833300944417715
90049,17,45,1,1,0.0017624169704504311,3.200001083314419e-05,0.0006746660219505429,3.3167016226798296e-05,0.0025022500194609165,0.003015416965354234,-0.0005131669458933175
90049,18,44,3,3,0.0017155420500785112,2.841599052771926e-05,0.0009860839927569032,3.362499410286546e-05,0.002763667027465999,0.002881959022488445,-0.00011829199502244592
90049,19,41,0,0,0.0016871250118128955,2.9541028197854757e-05,0.0006365840090438724,3.4582975786179304e-05,0.002387833024840802,0.0023324170033447444,5.541602149605751e-05
90049,20,41,0,0,0.0016717499820515513,2.9749993700534105e-05,0.0016467079985886812,3.358302637934685e-05,0.0033817910007201135,0.002768374979496002,0.0006134160212241113
90049,21,41,0,0,0.0016775000258348882,2.9916991479694843e-05,0.0005647499929182231,3.2540992833673954e-05,0.00230470800306648,0.0022945840028114617,1.0124000255018473e-05
90049,22,41,1,1,0.0016805840423330665,3.029097570106387e-05,0.0015012919902801514,3.504200140014291e-05,0.0032472090097144246,0.002311917021870613,0.0009352919878438115
90049,23,40,0,0,0.001686333038378507,4.800001624971628e-05,0.0023286249488592148,0.00017125002341344953,0.0042342080269008875,0.003552375012077391,0.0006818330148234963
90049,24,40,0,0,0.0017086250009015203,3.7999998312443495e-05,0.0010792080429382622,3.958295565098524e-05,0.002865415997803211,0.002999083953909576,-0.00013366795610636473
90049,25,40,0,0,0.001685250026639551,3.2165960874408484e-05,0.0012637500185519457,3.658398054540157e-05,0.0030177499866113067,0.002625000022817403,0.0003927499637939036
90049,26,40,0,0,0.0016785420011729002,3.166700480505824e-05,0.0005480000399984419,3.329099854454398e-05,0.0022915000445209444,0.002429459011182189,-0.00013795896666124463
90049,27,40,0,0,0.0016588750295341015,3.100000321865082e-05,0.0018380829715169966,3.3334014005959034e-05,0.003561292018275708,0.002433541987556964,0.0011277500307187438
90049,28,40,2,2,0.0016547919949516654,3.0957977287471294e-05,0.0006154580041766167,3.383401781320572e-05,0.002335041994228959,0.002780499984510243,-0.00044545799028128386
90049,29,38,0,0,0.0016341250156983733,3.1125033274292946e-05,0.0014888749574311078,3.5208999179303646e-05,0.0031893340055830777,0.0024441659916192293,0.0007451680139638484
90049,30,38,2,2,0.0016385840135626495,2.9958027880638838e-05,0.0006336249643936753,3.762502456083894e-05,0.0023397920303978026,0.0028677500085905194,-0.0005279579781927168
90049,31,36,0,0,0.0015728750149719417,3.0499999411404133e-05,0.0016354999970644712,3.4791999496519566e-05,0.0032736670109443367,0.0030555830453522503,0.00021808396559208632
90049,32,36,2,2,0.0016178329824469984,3.629201091825962e-05,0.000772042025346309,3.770797047764063e-05,0.0024638749891892076,0.0028587919659912586,-0.00039491697680205107
90049,33,34,2,2,0.0015455830143764615,3.0124967452138662e-05,0.0005557080148719251,3.549997927621007e-05,0.0021669159759767354,0.002170707972254604,-3.7919962778687477e-06
90049,34,32,0,0,0.0014842500095255673,3.104197094216943e-05,0.0005459170206449926,3.283302066847682e-05,0.002094042021781206,0.0020811670110560954,1.287501072511077e-05
90049,35,32,2,2,0.0014751669950783253,3.0082999728620052e-05,0.0005268329987302423,3.3374992199242115e-05,0.0020654579857364297,0.0022320409771054983,-0.00016658299136906862
90049,36,30,0,0,0.0014374579768627882,3.2709038350731134e-05,0.0012460409780032933,3.7833990063518286e-05,0.002754041983280331,0.002878041996154934,-0.00012400001287460327
90049,37,30,0,0,0.0014497920055873692,3.0499999411404133e-05,0.0008625829941593111,3.445800393819809e-05,0.0023773330030962825,0.002924333035480231,-0.0005470000323839486
90049,38,30,0,0,0.001457959006074816,3.0082999728620052e-05,0.0012148750247433782,3.38749960064888e-05,0.002736792026553303,0.002126582956407219,0.0006102090701460838
90049,39,30,0,0,0.0014977919636294246,3.470800584182143e-05,0.001524917024653405,3.266596468165517e-05,0.003090082958806306,0.0021620410261675715,0.0009280419326387346
90049,40,30,2,2,0.0014530419721268117,3.0125025659799576e-05,0.0021370419999584556,3.8207974284887314e-05,0.003658416972029954,0.0023876249906606972,0.001270791981369257
90049,41,28,1,1,0.001412334037013352,2.9999995604157448e-05,0.0014418329810723662,3.774999640882015e-05,0.0029219170100986958,0.0026773340068757534,0.00024458300322294235
90049,42,27,0,0,0.001422540983185172,3.20419785566628e-05,0.0017292500124312937,3.445800393819809e-05,0.0032182909781113267,0.002041625033598393,0.0011766659445129335
90049,43,27,1,1,0.0013809590018354356,3.112497506663203e-05,0.001444916008040309,3.6375015042722225e-05,0.002893374999985099,0.0020199999562464654,0.0008733750437386334
90049,44,26,0,0,0.0013681669952347875,3.333296626806259e-05,0.0014076250372454524,3.570795524865389e-05,0.0028448329539969563,0.0031236669747158885,-0.00027883402071893215
90049,45,26,0,0,0.001365708012599498,3.1167000997811556e-05,0.0005282919737510383,3.2125040888786316e-05,0.0019572920282371342,0.002690916007850319,-0.0007336239796131849
90049,46,26,2,2,0.0013316660188138485,2.8499984182417393e-05,0.0010444170329719782,3.2957992516458035e-05,0.002437541028484702,0.0021852499921806157,0.00025229103630408645
90049,47,24,4,4,0.0013558329665102065,6.975000724196434e-05,0.0013795000268146396,6.366695743054152e-05,0.002868749957997352,0.0019061669590882957,0.0009625829989090562
90049,48,20,1,1,0.0012244160170666873,3.095896681770682e-05,0.0008055000216700137,3.774999640882015e-05,0.002098625001963228,0.0024835829972289503,-0.0003849579952657223
90049,49,19,0,0,0.0012169579858891666,3.337505040690303e-05,0.001980832952540368,0.00011475000064820051,0.003345915989484638,0.0018682500231079757,0.0014776659663766623
90049,50,19,0,0,0.0012033329694531858,3.020901931449771e-05,0.0009195409948006272,3.362499410286546e-05,0.002186707977671176,0.0025600409717299044,-0.0003733329940587282
90049,51,19,3,3,0.0012314579798839986,3.3333024475723505e-05,0.0006326669827103615,3.504200140014291e-05,0.0019324999884702265,0.002218041045125574,-0.00028554105665534735
90049,52,16,0,0,0.001169542025309056,3.2374984584748745e-05,0.0014709579991176724,3.350002225488424e-05,0.0027063750312663615,0.002186916011851281,0.0005194590194150805
90049,53,16,2,2,0.0011426660348661244,3.0333991162478924e-05,0.0004808749654330313,3.400002606213093e-05,0.0016878750175237656,0.0018952079699374735,-0.00020733295241370797
90049,54,14,1,1,0.0011092920321971178,3.566697705537081e-05,0.0006243750103749335,3.579101758077741e-05,0.0018051250372081995,0.0022015839931555092,-0.00039645895594730973
90049,55,13,1,1,0.0010424169595353305,2.9541028197854757e-05,0.0013468749821186066,3.870902583003044e-05,0.0024575419956818223,0.0016123339883051813,0.000845208007376641
90049,56,12,3,3,0.0010501250508241355,3.091595135629177e-05,0.0008907089941203594,3.7375022657215595e-05,0.0020091250189580023,0.001612875028513372,0.0003962499904446304
90049,57,9,2,2,0.0009863750310614705,3.0166993383318186e-05,0.0007559999939985573,3.316602669656277e-05,0.0018057080451399088,0.002041832951363176,-0.00023612490622326732
90049,58,7,3,3,0.0009407500037923455,2.979201963171363e-05,0.00048349995631724596,3.3333024475723505e-05,0.0014873750042170286,0.001578416966367513,-9.104196215048432e-05
90049,59,4,2,2,0.0009041670127771795,3.3958000130951405e-05,0.000504958035890013,3.708398435264826e-05,0.0014801670331507921,0.001717875013127923,-0.0002377079799771309
90049,60,2,0,0,0.0008417500066570938,3.0082999728620052e-05,0.001270374981686473,0.00014604197349399328,0.00228824996156618,0.0017020410159602761,0.0005862089456059039
90049,61,2,1,1,0.0008357079932466149,3.220903454348445e-05,0.00047574995551258326,3.483303589746356e-05,0.0013785000192001462,0.002080833015497774,-0.0007023329962976277
90049,62,1,0,0,0.0008171669906005263,3.058300353586674e-05,0.0004719169810414314,3.2790994737297297e-05,0.0013524579699151218,0.0014582499861717224,-0.00010579201625660062
90049,63,1,0,0,0.0008024999988265336,3.0542025342583656e-05,0.0006322499830275774,3.2791984267532825e-05,0.0014980839914642274,0.0013087500119581819,0.00018933397950604558
90049,64,1,3,1,0.0008123749867081642,3.058405127376318e-05,0.0004374159616418183,3.304198617115617e-05,0.0013134169857949018,0.001539791002869606,-0.00022637401707470417
90049,65,0,5,0,0.0007873749709688127,3.137503517791629e-05,0.0014137919642962515,3.270799061283469e-05,0.0022652499610558152,0.0014722080086357892,0.0007930419524200261
90049,66,0,7,0,0.0007787499926052988,3.108399687334895e-05,0.0010425829677842557,3.4333032090216875e-05,0.0018867499893531203,0.0013701670104637742,0.0005165829788893461
90049,67,0,8,0,0.000807875010650605,3.391696373000741e-05,0.00046258303336799145,3.362499410286546e-05,0.0013380000018514693,0.00301799998851493,-0.0016799999866634607
90049,68,0,9,0,0.0007785410271026194,3.0166993383318186e-05,0.0008557499968446791,3.324996214359999e-05,0.0016977079794742167,0.0013437499874271452,0.00035395799204707146
90049,69,0,9,0,0.0007955419714562595,3.0166003853082657e-05,0.0008955840021371841,3.5958015359938145e-05,0.0017572499928064644,0.0016645420109853148,9.270798182114959e-05
