seed,decision_index,n_pending,n_available,n_committed,t_features_s,t_graph_build_s,t_gnn_forward_s,t_hungarian_s,t_stages_sum_s,t_total_s,t_discrepancy_s
11000,0,0,6,0,0.0003227079869247973,3.0082999728620052e-05,0.0013285420136526227,2.7332978788763285e-05,0.0017086659790948033,0.0009537090081721544,0.0007549569709226489
11000,1,0,6,0,0.0003329580067656934,3.304198617115617e-05,0.0007112080347724259,1.7291982658207417e-05,0.001094500010367483,0.0011630419758148491,-6.854196544736624e-05
11000,2,2,6,0,0.00045062502613291144,3.770797047764063e-05,0.0007125420379452407,1.9791012164205313e-05,0.0012206660467199981,0.001775040989741683,-0.0005543749430216849
11000,3,3,6,0,0.00040733302012085915,3.0333991162478924e-05,0.0006788329919800162,1.6041973140090704e-05,0.001132541976403445,0.001029333972837776,0.00010320800356566906
11000,4,3,6,0,0.000406416947953403,3.0499999411404133e-05,0.0005878330557607114,1.5457975678145885e-05,0.0010402079788036644,0.0011043749982491136,-6.416701944544911e-05
11000,5,3,6,0,0.0003862919984385371,2.887495793402195e-05,0.0005331250140443444,1.4291028492152691e-05,0.0009625829989090562,0.000999749987386167,-3.716698847711086e-05
11000,6,6,6,1,0.00045354198664426804,2.9125018045306206e-05,0.0005422499962151051,1.4792021829634905e-05,0.0010397090227343142,0.001032250002026558,7.459020707756281e-06
11000,7,5,5,5,0.0004551660385914147,3.3791991882026196e-05,0.0010161249665543437,2.537504769861698e-05,0.0015304580447264016,0.0014231250388547778,0.00010733300587162375
11000,8,2,0,0,0.0003619579947553575,3.2791984267532825e-05,0.0005488329916261137,1.5083991456776857e-05,0.0009586669621057808,0.0010480409837327898,-8.937402162700891e-05
11000,9,2,0,0,0.00038304197369143367,3.483297768980265e-05,0.0005773750017397106,1.633301144465804e-05,0.001011582964565605,0.001003999961540103,7.5830030255019665e-06
11000,10,4,0,0,0.00040366698522120714,2.8292008209973574e-05,0.0005176659906283021,1.4666991773992777e-05,0.0009642919758334756,0.0009936250280588865,-2.9333052225410938e-05
11000,11,6,0,0,0.00044533301843330264,2.862501423805952e-05,0.0005114999949000776,1.391698606312275e-05,0.0009993750136345625,0.0010238329996354878,-2.4457986000925303e-05
11000,12,7,1,1,0.000489374971948564,2.90420139208436e-05,0.0006751249893568456,1.9875005818903446e-05,0.0012134169810451567,0.0010577079956419766,0.00015570898540318012
11000,13,8,0,0,0.000538207998033613,3.1750008929520845e-05,0.0007000420009717345,1.6874982975423336e-05,0.0012868749909102917,0.0014415000332519412,-0.00015462504234164953
11000,14,8,0,0,0.000513250008225441,3.2999960239976645e-05,0.0006829170160926878,1.6290985513478518e-05,0.001245457970071584,0.0012500410084612668,-4.58303838968277e-06
11000,15,9,1,1,0.0005264579667709768,3.037502756342292e-05,0.0008626669878140092,1.7666025087237358e-05,0.0014371660072356462,0.0013444169890135527,9.274901822209358e-05
11000,16,9,0,0,0.0005513330106623471,3.420800203457475e-05,0.0007104169926606119,2.1167041268199682e-05,0.0013171250466257334,0.001212584029417485,0.00010454101720824838
11000,17,9,0,0,0.0005411659949459136,3.104202914983034e-05,0.0005388749996200204,1.6250007320195436e-05,0.0011273330310359597,0.001163666951470077,-3.633392043411732e-05
11000,18,10,2,2,0.0005921670235693455,3.6582991015166044e-05,0.0005636669811792672,2.5833025574684143e-05,0.0012182500213384628,0.0012204580125398934,-2.207991201430559e-06
11000,19,8,2,2,0.0005126249743625522,3.024999750778079e-05,0.0006673749885521829,1.89170241355896e-05,0.0012291669845581055,0.0012099999585188925,1.9167026039212942e-05
11000,20,6,0,0,0.0004627500311471522,3.2584008295089006e-05,0.0006062499596737325,1.7250014934688807e-05,0.0011188340140506625,0.0011141670402139425,4.66697383671999e-06
11000,21,6,0,0,0.0004671249771490693,3.0333001632243395e-05,0.0005712499842047691,1.5542027540504932e-05,0.0010842499905265868,0.001099916989915073,-1.5666999388486147e-05
11000,22,6,0,0,0.0004610830219462514,2.9708025977015495e-05,0.0005530839553102851,1.60830095410347e-05,0.0010599580127745867,0.001558957970701158,-0.0004989999579265714
11000,23,6,0,0,0.0004630829789675772,3.1875038985162973e-05,0.0012879169662483037,1.654098741710186e-05,0.0017994159716181457,0.0010519170318730175,0.0007474989397451282
11000,24,6,0,0,0.00046370801283046603,3.158301115036011e-05,0.0006867090123705566,1.5290977898985147e-05,0.0011972910142503679,0.0012140419567003846,-1.6750942450016737e-05
11000,25,6,0,0,0.00046633300371468067,2.987496554851532e-05,0.0005632920074276626,1.5542027540504932e-05,0.0010750420042313635,0.0012077909777872264,-0.0001327489735558629
11000,26,6,0,0,0.0004577080253511667,2.8959009796380997e-05,0.0007989159785211086,1.6250007320195436e-05,0.0013018330209888518,0.0013352090027183294,-3.3375981729477644e-05
11000,27,6,1,1,0.0011514159850776196,3.020901931449771e-05,0.0008890830213204026,1.699995482340455e-05,0.0020877079805359244,0.0019307080074213445,0.00015699997311457992
11000,28,5,1,1,0.00043462502071633935,2.9999995604157448e-05,0.0012420410057529807,7.812498370185494e-05,0.0017847910057753325,0.001446707989089191,0.0003380830166861415
11000,29,4,1,1,0.00041445798706263304,2.9250048100948334e-05,0.0005624999757856131,1.6291975043714046e-05,0.0010224999859929085,0.0016070420388132334,-0.0005845420528203249
11000,30,3,0,0,0.0003902500029653311,3.0207971576601267e-05,0.00135237502399832,0.00011124997399747372,0.0018840829725377262,0.0010111670126207173,0.0008729159599170089
11000,31,3,0,0,0.0003920830204151571,2.908398164436221e-05,0.0006301249959506094,1.591601176187396e-05,0.0010672080097720027,0.0014103749999776483,-0.00034316699020564556
11000,32,3,0,0,0.0003945000353269279,2.9916001949459314e-05,0.0005394999752752483,1.570902531966567e-05,0.0009796250378713012,0.0011539999977685511,-0.00017437495989724994
11000,33,3,1,1,0.0003929579979740083,2.9499991796910763e-05,0.0005686250515282154,1.554196933284402e-05,0.0010066250106319785,0.0010357500286772847,-2.9125018045306206e-05
11000,34,2,3,2,0.0003665830008685589,2.9083050321787596e-05,0.0005753339501097798,1.591601176187396e-05,0.0009869160130620003,0.0009600839694030583,2.6832043658941984e-05
11000,35,0,1,0,0.0003155830199830234,2.8916983865201473e-05,0.0006056250422261655,1.4874967746436596e-05,0.000965000013820827,0.0013784170150756836,-0.0004134170012548566
11000,36,0,1,0,0.00034916697768494487,4.287500632926822e-05,0.0010075410245917737,1.6708974726498127e-05,0.001416291983332485,0.0011550000053830445,0.0002612919779494405
11000,37,0,3,0,0.0003162079956382513,2.804200630635023e-05,0.0006080000312067568,1.616595545783639e-05,0.0009684159886091948,0.0013817079598084092,-0.00041329197119921446
11000,38,0,3,0,0.00032750004902482033,2.8499984182417393e-05,0.0006651669973507524,1.6457983292639256e-05,0.0010376250138506293,0.0009401250281371176,9.74999857135117e-05
11000,39,0,5,0,0.00032054103212431073,3.245897823944688e-05,0.0007361660245805979,1.4624965842813253e-05,0.0011037910007871687,0.0009761250112205744,0.00012766598956659436
11000,40,0,5,0,0.00032120803371071815,2.9499991796910763e-05,0.0007780839805491269,1.4041026588529348e-05,0.0011428330326452851,0.0010961249936372042,4.670803900808096e-05
11000,41,0,5,0,0.0003228330169804394,2.9459013603627682e-05,0.0005848750006407499,1.533300383016467e-05,0.0009525000350549817,0.0009674580069258809,-1.49579718708992e-05
11001,0,0,6,0,0.0003192080184817314,2.879201201722026e-05,0.0007204579887911677,1.4749995898455381e-05,0.0010832080151885748,0.001014833978842944,6.837403634563088e-05
11001,1,1,6,0,0.0003427499905228615,2.9916991479694843e-05,0.0006489580264315009,1.6666948795318604e-05,0.0010382919572293758,0.001553167006932199,-0.0005148750497028232
11001,2,2,6,0,0.00037004100158810616,2.979201963171363e-05,0.0006581249763257802,1.5166995581239462e-05,0.0010731249931268394,0.0012195410090498626,-0.00014641601592302322
11001,3,2,6,0,0.0003653749590739608,2.8833048418164253e-05,0.0011175419786013663,1.6207981389015913e-05,0.0015279579674825072,0.0011939160176552832,0.000334041949827224
11001,4,3,6,0,0.0003861250006593764,2.7958012651652098e-05,0.0007863749633543193,1.5083991456776857e-05,0.0012155419681221247,0.0009825000306591392,0.00023304193746298552
11001,5,3,6,0,0.00038945901906117797,3.2540992833673954e-05,0.0005475840298458934,1.5415949746966362e-05,0.0009849999914877117,0.0017527500167489052,-0.0007677500252611935
11001,6,5,6,0,0.0004433330032043159,2.9749993700534105e-05,0.0006345000001601875,1.4499993994832039e-05,0.0011220829910598695,0.0010610840399749577,6.099895108491182e-05
11001,7,8,6,5,0.0005037079681642354,2.920802216976881e-05,0.0010081249638460577,0.00011870899470523,0.0016597499488852918,0.0012240420328453183,0.0004357079160399735
11001,8,5,1,1,0.00043841602746397257,2.9374961741268635e-05,0.000641333987005055,1.912500010803342e-05,0.0011282499763183296,0.0014208329957909882,-0.00029258301947265863
11001,9,4,0,0,0.000421375036239624,3.15000070258975e-05,0.0006511249812319875,1.6583013348281384e-05,0.0011205830378457904,0.0011809170246124268,-6.033398676663637e-05
11001,10,4,0,0,0.0004030829877592623,3.008398925885558e-05,0.0006091250106692314,1.4416000340133905e-05,0.0010567079880274832,0.0011117499670945108,-5.504197906702757e-05
11001,11,6,0,0,0.0004492090083658695,2.945796586573124e-05,0.0006013330421410501,1.4458957593888044e-05,0.001094458973966539,0.00119254196761176,-9.8082993645221e-05
11001,12,6,0,0,0.0004662919673137367,3.7375022657215595e-05,0.0006118330056779087,1.5542027540504932e-05,0.0011310420231893659,0.0014072919730097055,-0.0002762499498203397
11001,13,9,0,0,0.0005291249835863709,3.091699909418821e-05,0.0006297920481301844,1.6707985196262598e-05,0.0012065420160070062,0.0012662499793805182,-5.970796337351203e-05
11001,14,9,0,0,0.0005260420148260891,3.0292023438960314e-05,0.0009773329948075116,1.858297036960721e-05,0.0015522500034421682,0.0012695000041276217,0.0002827499993145466
11001,15,10,1,1,0.0005987089825794101,3.879104042425752e-05,0.0006107499939389527,2.3874978069216013e-05,0.0012721249950118363,0.001233458984643221,3.866601036861539e-05
11001,16,10,0,0,0.0005445419810712337,2.9375019948929548e-05,0.0006137500167824328,1.758296275511384e-05,0.00120524998055771,0.0012271250016056001,-2.1875021047890186e-05
11001,17,10,2,2,0.0005506669986061752,2.97910301014781e-05,0.0013290419592522085,1.7833022866398096e-05,0.0019273330108262599,0.0018470410141162574,8.029199671000242e-05
11001,18,9,1,1,0.0005336669855751097,2.983299782499671e-05,0.000641333987005055,1.6457983292639256e-05,0.0012212919536978006,0.0017255000420846045,-0.0005042080883868039
11001,19,8,0,0,0.0005025410209782422,2.9416987672448158e-05,0.0011540830018930137,8.929200703278184e-05,0.0017753330175764859,0.0012021249858662486,0.0005732080317102373
11001,20,8,1,1,0.0004996249917894602,2.8125010430812836e-05,0.0005462919943965971,1.5583005733788013e-05,0.0010896250023506582,0.0018474580137990415,-0.0007578330114483833
11001,21,7,1,1,0.0004818750312551856,2.8582988306879997e-05,0.0006566669908352196,1.5833007637411356e-05,0.0011829580180346966,0.0011661250027827919,1.6833015251904726e-05
11001,22,6,0,0,0.000459709030110389,2.9540969990193844e-05,0.0006778340321034193,1.5040975995361805e-05,0.001182125008199364,0.0011434159823693335,3.870902583003044e-05
11001,23,6,0,0,0.00048037496162578464,2.9375019948929548e-05,0.0007604999700561166,1.4625024050474167e-05,0.001284874975681305,0.0012456249678507447,3.925000783056021e-05
11001,24,6,0,0,0.00045712501741945744,3.6582991015166044e-05,0.000617167039308697,1.5666009858250618e-05,0.001126541057601571,0.0012656660401262343,-0.0001391249825246632
11001,25,6,0,0,0.00046245899284258485,3.062502946704626e-05,0.0007965830154716969,1.616694498807192e-05,0.0013058339827693999,0.0015233329613693058,-0.00021749897859990597
11001,26,6,0,0,0.00045929098268970847,2.9416987672448158e-05,0.0007077500340528786,1.8207996618002653e-05,0.001214666001033038,0.001171666954178363,4.2999046854674816e-05
11001,27,6,0,0,0.0004641669802367687,3.058300353586674e-05,0.0007419580360874534,2.0124949514865875e-05,0.0012568329693749547,0.0010514170280657709,0.00020541594130918384
11001,28,6,1,1,0.0004534999607130885,2.9125018045306206e-05,0.0005261250189505517,1.5249999705702066e-05,0.0010239999974146485,0.0016636670334264636,-0.0006396670360118151
11001,29,5,0,0,0.00044304097536951303,3.474997356534004e-05,0.0006093750125728548,1.837499439716339e-05,0.0011055409559048712,0.0012101249885745347,-0.00010458403266966343
11001,30,5,1,1,0.0004332499811425805,2.9916991479694843e-05,0.0005107499891892076,1.4792021829634905e-05,0.0009887089836411178,0.001189082977361977,-0.0002003739937208593
11001,31,4,2,2,0.00040962500497698784,2.862501423805952e-05,0.0005086669698357582,1.5541038010269403e-05,0.000962458027061075,0.001004084013402462,-4.1625986341387033e-05
11001,32,2,1,1,0.0003610840067267418,2.8707960154861212e-05,0.00033250002888962626,1.4582998119294643e-05,0.0007368749938905239,0.0009347499581053853,-0.0001978749642148614
11001,33,1,0,0,0.0003393750521354377,2.783298259600997e-05,0.00030999997397884727,1.4375022146850824e-05,0.0006915830308571458,0.0007103329990059137,-1.8749968148767948e-05
11001,34,1,2,1,0.0003404589951969683,2.7958012651652098e-05,0.0004379169549793005,1.4500052202492952e-05,0.0008208340150304139,0.0007193750352598727,0.00010145897977054119
11001,35,0,1,0,0.0003165420494042337,2.8082984499633312e-05,0.0003957920125685632,1.7332960851490498e-05,0.0007577500073239207,0.0008902499685063958,-0.0001324999611824751
11001,36,0,3,0,0.0003396670217625797,3.100000321865082e-05,0.0005706669762730598,1.4541030395776033e-05,0.0009558750316500664,0.0009389999904669821,1.687504118308425e-05
11001,37,0,4,0,0.0003185419482178986,2.8416048735380173e-05,0.00042825000127777457,1.4083983842283487e-05,0.0007892919820733368,0.0007004590006545186,8.883298141881824e-05
11002,0,0,6,0,0.0003180410130880773,2.924998989328742e-05,0.0003188339760527015,1.4416000340133905e-05,0.0006805409793742001,0.0008458750089630485,-0.00016533402958884835
11002,1,0,6,0,0.0003244999679736793,2.9708025977015495e-05,0.00074562500230968,1.4583987649530172e-05,0.001114416983909905,0.0009203340159729123,0.00019408296793699265
11002,2,1,6,0,0.000344625033903867,3.02919652312994e-05,0.0006556670414283872,1.595797948539257e-05,0.0010465420200489461,0.0011389590217731893,-9.241700172424316e-05
11002,3,1,6,0,0.00034579099155962467,2.979201963171363e-05,0.000581375032197684,1.554196933284402e-05,0.0009725000127218664,0.000990666972938925,-1.816696021705866e-05
11002,4,2,6,0,0.00036158302100375295,2.824998227879405e-05,0.0015584580251015723,8.979195263236761e-05,0.002038082981016487,0.0009761670371517539,0.001061915943864733
11002,5,2,6,0,0.00038400001358240843,3.4958997275680304e-05,0.0005264580249786377,1.7749960534274578e-05,0.000963166996371001,0.0010453329887241125,-8.21659923531115e-05
11002,6,3,6,0,0.00040725001599639654,3.187498077750206e-05,0.0004533330211415887,1.650000922381878e-05,0.0009089580271393061,0.0008831250015646219,2.5833025574684143e-05
11002,7,5,6,1,0.0004485420067794621,2.979201963171363e-05,0.0003440000000409782,1.554097980260849e-05,0.0008378750062547624,0.0011099160183221102,-0.00027204101206734776
11002,8,5,5,5,0.0004318749997764826,3.083300543949008e-05,0.0003564170328900218,1.6707985196262598e-05,0.0008358330233022571,0.0009161669877357781,-8.033396443352103e-05
11002,9,2,0,0,0.00036025000736117363,2.920802216976881e-05,0.0006986669613979757,1.687504118308425e-05,0.0011050000321120024,0.0007491669966839254,0.000355833035428077
11002,10,3,0,0,0.0003844169550575316,2.9666000045835972e-05,0.00032579200342297554,1.4082994312047958e-05,0.0007539579528383911,0.0007846250082366168,-3.0667055398225784e-05
11002,11,3,0,0,0.0003887080238200724,2.8583977837115526e-05,0.0004615830257534981,1.429201802238822e-05,0.0008931670454330742,0.0007592080510221422,0.00013395899441093206
11002,12,5,0,0,0.0004360420280136168,2.8499984182417393e-05,0.0005466250004246831,1.5666009858250618e-05,0.001026833022478968,0.0008898329688236117,0.00013700005365535617
11002,13,8,0,0,0.0005057500093244016,2.9542017728090286e-05,0.0003338749520480633,1.4541030395776033e-05,0.0008837080094963312,0.0011235839920118451,-0.0002398759825155139
11002,14,8,1,1,0.0005048750317655504,2.8999987989664078e-05,0.000328624970279634,1.4833000022917986e-05,0.0008773329900577664,0.0009550420218147337,-7.77090317569673e-05
11002,15,9,1,1,0.000522333022672683,3.0459021218121052e-05,0.0004895409801974893,1.691700890660286e-05,0.0010592500329948962,0.0011393339955247939,-8.008396252989769e-05
11002,16,9,2,2,0.0005688749952241778,3.487500362098217e-05,0.0009079590090550482,1.8499966245144606e-05,0.0015302089741453528,0.0012627499527297914,0.00026745902141556144
11002,17,7,0,0,0.0005043749697506428,4.670803900808096e-05,0.001010207983199507,2.90420139208436e-05,0.0015903330058790743,0.0011859580408781767,0.00040437496500089765
11002,18,7,0,0,0.00048116600373759866,3.008398925885558e-05,0.0005694999708794057,1.6666017472743988e-05,0.001097415981348604,0.0010949589777737856,2.4570035748183727e-06
11002,19,8,1,1,0.0005020410171709955,2.879201201722026e-05,0.0006366249872371554,1.791701652109623e-05,0.0011853750329464674,0.001178500009700656,6.875023245811462e-06
11002,20,7,1,1,0.00047858303878456354,3.324996214359999e-05,0.00114641705295071,1.7874990589916706e-05,0.0016761250444687903,0.0013372499961405993,0.00033887504832819104
11002,21,6,0,0,0.0004539170186035335,2.8749986086040735e-05,0.0003172500291839242,1.4457968063652515e-05,0.000814375001937151,0.0008664170163683593,-5.204201443120837e-05
11002,22,6,0,0,0.0004579590167850256,2.9082992114126682e-05,0.00040258298395201564,1.508404966443777e-05,0.0009047090425156057,0.0009023750317282975,2.334010787308216e-06
11002,23,6,0,0,0.00045849999878555536,2.829096047207713e-05,0.0009431249927729368,9.237503400072455e-05,0.0015222909860312939,0.0008345000096596777,0.0006877909763716161
11002,24,6,0,0,0.00045283400686457753,3.0374969355762005e-05,0.00040370802162215114,1.4749995898455381e-05,0.0009016669937409461,0.0013931249850429595,-0.0004914579913020134
11002,25,6,0,0,0.0004528749850578606,2.7917034458369017e-05,0.000563582987524569,1.5125027857720852e-05,0.0010595000348985195,0.0010203749989159405,3.912503598257899e-05
11002,26,6,1,1,0.0004569579614326358,2.8959009796380997e-05,0.0004902909859083593,1.53339933604002e-05,0.0009915419504977763,0.001198875019326806,-0.0002073330688290298
11002,27,5,0,0,0.000426042010076344,2.841599052771926e-05,0.0003188339760527015,1.4666002243757248e-05,0.000787957978900522,0.0008023749687708914,-1.4416989870369434e-05
11002,28,5,0,0,0.0004271250218153,2.8207956347614527e-05,0.00031587504781782627,1.4166987966746092e-05,0.0007853750139474869,0.0008035419741645455,-1.816696021705866e-05
11002,29,5,1,1,0.0004320410080254078,2.824998227879405e-05,0.00033491698559373617,1.5249999705702066e-05,0.0008104579756036401,0.0008575419778935611,-4.7084002289921045e-05
11002,30,4,0,0,0.00041329197119921446,2.9375019948929548e-05,0.0006531669641844928,1.4999997802078724e-05,0.0011108339531347156,0.0009848339832387865,0.0001259999698959291
11002,31,4,1,1,0.0004098750068806112,2.883397974073887e-05,0.0003186659887433052,1.4375022146850824e-05,0.0007717499975115061,0.001123791967984289,-0.00035204197047278285
11002,32,3,0,0,0.0003892500535584986,3.0165945645421743e-05,0.0003265840350650251,1.4290970284491777e-05,0.0007602910045534372,0.0008081250125542283,-4.783400800079107e-05
11002,33,3,0,0,0.00038008298724889755,2.7708010748028755e-05,0.0004848340176977217,1.3999990187585354e-05,0.0009066250058822334,0.000982375000603497,-7.574999472126365e-05
11002,34,3,0,0,0.000380749988835305,2.7291011065244675e-05,0.0004682500148192048,1.3833981938660145e-05,0.0008901249966584146,0.0011056669754907489,-0.00021554197883233428
11002,35,3,0,0,0.00038058304926380515,2.7292000595480204e-05,0.0005398749490268528,1.3208016753196716e-05,0.0009609580156393349,0.0009360420517623425,2.4915963876992464e-05
11002,36,3,1,1,0.00038133299676701427,2.724997466430068e-05,0.0006262499955482781,1.8000020645558834e-05,0.0010528329876251519,0.0009923750185407698,6.045796908438206e-05
11002,37,2,1,1,0.000374249997548759,3.1374976970255375e-05,0.0005939590046182275,1.6790989320725203e-05,0.001016374968457967,0.0009437500266358256,7.262494182214141e-05
11002,38,1,0,0,0.0003439589636400342,3.241602098569274e-05,0.00045541697181761265,1.4999997802078724e-05,0.0008467919542454183,0.0010982499807141721,-0.0002514580264687538
11002,39,1,1,1,0.0003458340070210397,2.8915994334965944e-05,0.00033949996577575803,1.8209044355899096e-05,0.0007324590114876628,0.0007361670141108334,-3.7080026231706142e-06
11002,40,0,0,0,0.0003332910127937794,3.091699909418821e-05,0.00032433297019451857,1.4833989553153515e-05,0.0007033749716356397,0.0009167079697363079,-0.0002133329981006682
11002,41,0,0,0,0.0003218750352971256,3.062497125938535e-05,0.0006393329822458327,1.770805101841688e-05,0.0010095410398207605,0.0010044589871540666,5.082052666693926e-06
11002,42,0,1,0,0.0003147919778712094,2.8999987989664078e-05,0.0003196250181645155,1.5416007954627275e-05,0.0006788329919800162,0.0007091669831424952,-3.0333991162478924e-05
11002,43,0,1,0,0.00031883298652246594,2.945796586573124e-05,0.00031670904718339443,1.4999997802078724e-05,0.0006799999973736703,0.0008747089887037873,-0.000194708991330117
11002,44,0,2,0,0.000316707999445498,2.8875016141682863e-05,0.000311249983496964,1.4166987966746092e-05,0.0006709999870508909,0.0006867090123705566,-1.570902531966567e-05
11002,45,0,3,0,0.0003131660050712526,2.8375012334436178e-05,0.00031049997778609395,1.4125020243227482e-05,0.0006661660154350102,0.0006977079901844263,-3.154197474941611e-05
11003,0,0,6,0,0.00031254097120836377,2.8749986086040735e-05,0.0012656670296564698,2.37500062212348e-05,0.0016307079931721091,0.0009036250412464142,0.0007270829519256949
11003,1,0,6,0,0.0003231249866075814,3.095803549513221e-05,0.0006224589888006449,1.799996243789792e-05,0.0009945419733412564,0.001115958031732589,-0.00012141605839133263
11003,2,0,6,0,0.00032291701063513756,2.9790971893817186e-05,0.0007189590251073241,1.533300383016467e-05,0.0010870000114664435,0.0012122499756515026,-0.00012524996418505907
11003,3,1,6,0,0.00033595901913940907,2.841599052771926e-05,0.0005608749925158918,1.529202563688159e-05,0.0009405420278199017,0.0009748340235091746,-3.429199568927288e-05
11003,4,2,6,0,0.0003668330027721822,2.8791953809559345e-05,0.00076374999480322,1.5208031982183456e-05,0.001174582983367145,0.0009504999616183341,0.000224083021748811
11003,5,3,6,0,0.0003916659625247121,2.9875023756176233e-05,0.0006065840134397149,1.4416000340133905e-05,0.0010425410000607371,0.0011884580017067492,-0.00014591700164601207
11003,6,4,6,0,0.0004109170404262841,2.8957962058484554e-05,0.0006752500194124877,1.4375022146850824e-05,0.0011295000440441072,0.001172458054497838,-4.295801045373082e-05
11003,7,6,6,2,0.00046041602035984397,2.8916983865201473e-05,0.0005554580129683018,1.53339933604002e-05,0.0010601250105537474,0.0011116249952465296,-5.1499984692782164e-05
11003,8,4,4,4,0.00041500001680105925,3.0459021218121052e-05,0.0008696250151842833,2.583296736702323e-05,0.0013409170205704868,0.0010245419689454138,0.00031637505162507296
11003,9,1,0,0,0.0003362499992363155,2.8875016141682863e-05,0.0006649160059168935,2.204196061939001e-05,0.0010520829819142818,0.0009765000431798398,7.5582938734442e-05
11003,10,4,0,0,0.0004262909642420709,2.9500050004571676e-05,0.0007005419465713203,1.645804150030017e-05,0.001172791002318263,0.0011221659951843321,5.062500713393092e-05
11003,11,4,0,0,0.0004099169746041298,2.9541028197854757e-05,0.0003287500003352761,1.4833989553153515e-05,0.0007830419926904142,0.0010616250219754875,-0.0002785830292850733
11003,12,5,0,0,0.0004338750150054693,2.8709007892757654e-05,0.00038379098987206817,1.7708982340991497e-05,0.0008640839951112866,0.0008089169859886169,5.51670091226697e-05
11003,13,8,0,0,0.0004924579989165068,2.929195761680603e-05,0.00032762502087280154,1.491699367761612e-05,0.0008642919710837305,0.0009347909945063293,-7.049902342259884e-05
11003,14,8,1,1,0.0004929580027237535,2.862501423805952e-05,0.0005813330062665045,1.6666948795318604e-05,0.001119582972023636,0.0008849169826135039,0.00023466598941013217
11003,15,8,1,1,0.0004998749936930835,2.8916983865201473e-05,0.0006561250193044543,1.454097218811512e-05,0.0011994579690508544,0.0012550840037874877,-5.56260347366333e-05
11003,16,9,1,1,0.0005254170391708612,2.924998989328742e-05,0.0005915410001762211,1.537497155368328e-05,0.001161583000794053,0.001788834051694721,-0.0006272510509006679
11003,17,9,2,2,0.0005325000383891165,3.0082999728620052e-05,0.0006304169655777514,1.812499249354005e-05,0.001211124996189028,0.00135479198070243,-0.00014366698451340199
11003,18,7,1,1,0.0004879580228589475,3.0207971576601267e-05,0.0003788340254686773,1.7874990589916706e-05,0.0009148750104941428,0.0008888749871402979,2.600002335384488e-05
11003,19,6,0,0,0.0004586669965647161,2.8875016141682863e-05,0.0006477499846369028,1.4999997802078724e-05,0.0011502919951453805,0.0010094160097651184,0.00014087598538026214
11003,20,6,0,0,0.0004514590254984796,2.904096618294716e-05,0.0005590840009972453,1.4625024050474167e-05,0.0010542090167291462,0.0014400840154848993,-0.00038587499875575304
11003,21,6,0,0,0.0004496250185184181,2.9582995921373367e-05,0.0005297500174492598,1.4624965842813253e-05,0.0010235829977318645,0.0010750830406323075,-5.150004290044308e-05
11003,22,6,0,0,0.00046012504026293755,2.845795825123787e-05,0.00048337504267692566,1.4083983842283487e-05,0.0009860420250333846,0.0011036249925382435,-0.00011758296750485897
11003,23,6,0,0,0.000454292050562799,2.8332986403256655e-05,0.00032033398747444153,1.4416000340133905e-05,0.0008173750247806311,0.0010469580302014947,-0.00022958300542086363
11003,24,6,0,0,0.0004971660091541708,3.2958982046693563e-05,0.00035099999513477087,1.695798709988594e-05,0.0008980829734355211,0.0011239579762332141,-0.00022587500279769301
11003,25,6,0,0,0.00046675000339746475,2.883299021050334e-05,0.000571542012039572,1.4374963939189911e-05,0.00108149996958673,0.0009420419810339808,0.00013945798855274916
11003,26,6,0,0,0.0004674590309150517,2.8957962058484554e-05,0.0003248749999329448,1.4166987966746092e-05,0.0008354589808732271,0.000950917019508779,-0.00011545803863555193
11003,27,6,0,0,0.000449540966656059,2.7667032554745674e-05,0.0003583749639801681,1.3708020560443401e-05,0.0008492909837514162,0.0009000839781947434,-5.079299444332719e-05
11003,28,6,0,0,0.0004550839657895267,2.7666043024510145e-05,0.0006133340066298842,1.391599653288722e-05,0.0011100000119768083,0.0009838329860940576,0.00012616702588275075
11003,29,6,2,2,0.0004526670090854168,4.0832965169101954e-05,0.0003904170007444918,1.95419997908175e-05,0.0009034589747898281,0.001600167015567422,-0.0006967080407775939
11003,30,4,1,1,0.00041566696017980576,3.108300734311342e-05,0.0005359170027077198,1.612497726455331e-05,0.0009987919474951923,0.0014893329935148358,-0.0004905410460196435
11003,31,3,0,0,0.00038708397187292576,2.9291026294231415e-05,0.0008992920047603548,1.5707977581769228e-05,0.0013313749805092812,0.000966833031270653,0.00036454194923862815
11003,32,3,0,0,0.00039229198591783643,3.024999750778079e-05,0.0008771660504862666,1.5249999705702066e-05,0.001314958033617586,0.0012883329764008522,2.6625057216733694e-05
11003,33,3,0,0,0.00038304197369143367,2.9667047783732414e-05,0.0003726659924723208,1.491699367761612e-05,0.000800292007625103,0.001078625035006553,-0.00027833302738144994
11003,34,3,1,1,0.0003863329766318202,2.883299021050334e-05,0.00039012503111734986,1.4999997802078724e-05,0.0008202909957617521,0.0010466250241734087,-0.00022633402841165662
11003,35,2,1,1,0.00035829097032546997,2.816703636199236e-05,0.0006408329936675727,1.491699367761612e-05,0.0010422079940326512,0.0009626249666325748,7.958302740007639e-05
11003,36,1,1,1,0.00034245901042595506,3.0082999728620052e-05,0.0011707499506883323,1.82920484803617e-05,0.0015615840093232691,0.0010402919724583626,0.0005212920368649065
11003,37,0,0,0,0.0003177089965902269,2.9666000045835972e-05,0.0007444589864462614,1.6874982975423336e-05,0.0011087089660577476,0.0012119159800931811,-0.00010320701403543353
11003,38,0,0,0,0.0003247920540161431,3.1957984901964664e-05,0.0006290419842116535,1.4499993994832039e-05,0.0010002920171245933,0.0010899589979089797,-8.96669807843864e-05
11003,39,0,0,0,0.00032462499802932143,2.9958027880638838e-05,0.0004589579766616225,1.4209013897925615e-05,0.0008277500164695084,0.0008992920047603548,-7.154198829084635e-05
11003,40,0,1,0,0.00032245798502117395,2.9332994017750025e-05,0.0003227089764550328,1.4291028492152691e-05,0.0006887909839861095,0.0010879579931497574,-0.0003991670091636479
11003,41,0,3,0,0.0003316249931231141,2.924998989328742e-05,0.0004371670074760914,1.4958030078560114e-05,0.000813000020571053,0.000760875002015382,5.212501855567098e-05
11003,42,0,4,0,0.0003273339825682342,2.9540969990193844e-05,0.0005818339996039867,1.387501833960414e-05,0.0009525839705020189,0.0007468750118277967,0.00020570895867422223
11003,43,0,5,0,0.0003121249610558152,2.775003667920828e-05,0.0005959999980404973,1.7000013031065464e-05,0.0009528750088065863,0.000888958980794996,6.391602801159024e-05
11004,0,0,6,0,0.000317834026645869,2.9332994017750025e-05,0.0010509999701753259,8.279201574623585e-05,0.0014809590065851808,0.0007336249691434205,0.0007473340374417603
11004,1,0,6,0,0.0003185829846188426,2.8458016458898783e-05,0.0003809169866144657,1.6250007320195436e-05,0.0007442079950124025,0.0007799590239301324,-3.5751028917729855e-05
11004,2,2,6,0,0.0003549160319380462,2.7959002181887627e-05,0.0003221659571863711,1.3792014215141535e-05,0.0007188330055214465,0.0007416250300593674,-2.2792024537920952e-05
11004,3,3,6,0,0.0003855830291286111,3.0333001632243395e-05,0.00037154200254008174,1.4999997802078724e-05,0.000802458031103015,0.000846667040605098,-4.420900950208306e-05
11004,4,5,6,0,0.00042687496170401573,2.820801455527544e-05,0.0007237920071929693,1.4624965842813253e-05,0.0011934999492950737,0.001219166035298258,-2.566608600318432e-05
11004,5,5,6,0,0.000428958039265126,2.7916976250708103e-05,0.0006781669799238443,1.4791032299399376e-05,0.0011498330277390778,0.0008258329471573234,0.00032400008058175445
11004,6,5,6,0,0.0004309579962864518,2.8332986403256655e-05,0.00046362500870600343,1.550000160932541e-05,0.0009384159930050373,0.0008249579695984721,0.00011345802340656519
11004,7,7,6,1,0.00047637498937547207,2.920802216976881e-05,0.0010632919729687274,1.691700890660286e-05,0.001585791993420571,0.0008831669692881405,0.0007026250241324306
11004,8,9,5,5,0.0005241669714450836,2.9458024073392153e-05,0.0005697919987142086,1.5792029444128275e-05,0.0011392090236768126,0.0012738750083371997,-0.00013466598466038704
11004,9,5,0,0,0.0004263340379111469,2.845795825123787e-05,0.0003368330071680248,1.3959011994302273e-05,0.0008055840153247118,0.0010068329866044223,-0.00020124897127971053
11004,10,5,0,0,0.0004255000385455787,2.7875008527189493e-05,0.0003162909997627139,1.3833981938660145e-05,0.0007835000287741423,0.0008460840326733887,-6.258400389924645e-05
11004,11,6,0,0,0.00045954203233122826,2.9165996238589287e-05,0.00032004195963963866,1.4625024050474167e-05,0.0008233750122599304,0.000917959026992321,-9.458401473239064e-05
11004,12,6,0,0,0.00045491696801036596,2.8458016458898783e-05,0.0010008750250563025,1.5291967429220676e-05,0.001499541976954788,0.0008437919896095991,0.0006557499873451889
11004,13,6,0,0,0.0004474580055102706,2.8334034141153097e-05,0.0005609579966403544,1.391698606312275e-05,0.0010506670223549008,0.0008623750181868672,0.0001882920041680336
11004,14,8,0,0,0.0004967499990016222,2.7917034458369017e-05,0.0003582499921321869,1.429201802238822e-05,0.0008972090436145663,0.001170666015241295,-0.0002734569716267288
11004,15,9,0,0,0.0005255410214886069,2.7999980375170708e-05,0.000322124978993088,1.4042016118764877e-05,0.0008897079969756305,0.0009203329682350159,-3.062497125938535e-05
11004,16,11,1,1,0.0005725419614464045,2.9916991479694843e-05,0.0003432500525377691,1.5332945622503757e-05,0.0009610419510863721,0.0009802079875953496,-1.9166036508977413e-05
11004,17,11,0,0,0.0005590419750660658,2.8958020266145468e-05,0.0003325419966131449,1.4457968063652515e-05,0.0009349999600090086,0.000992374960333109,-5.7375000324100256e-05
11004,18,11,1,1,0.0005727919633500278,2.9458024073392153e-05,0.0005709999823011458,1.6000005416572094e-05,0.0011892499751411378,0.0009808329632505774,0.0002084170118905604
11004,19,10,2,2,0.0005395420012064278,2.824998227879405e-05,0.00033541599987074733,1.4917051885277033e-05,0.0009181250352412462,0.0012136249570176005,-0.0002954999217763543
11004,20,8,0,0,0.0005269580287858844,3.2957992516458035e-05,0.00034912500996142626,1.6083999071270227e-05,0.0009251250303350389,0.0012069169897586107,-0.0002817919594235718
11004,21,8,1,1,0.0005021250108256936,2.820900408551097e-05,0.0004770000232383609,1.4666002243757248e-05,0.0010220000403933227,0.0009673339664004743,5.4666073992848396e-05
11004,22,7,1,1,0.00047379202442243695,2.8582988306879997e-05,0.0003587499959394336,1.4792021829634905e-05,0.0008759170304983854,0.0010955000179819763,-0.00021958298748359084
11004,23,6,0,0,0.0004742079763673246,2.8500042390078306e-05,0.0004486669786274433,1.387501833960414e-05,0.0009652500157244503,0.00089441699674353,7.083301898092031e-05
11004,24,6,0,0,0.0004583330010063946,2.9958027880638838e-05,0.0007665419834665954,1.3999990187585354e-05,0.0012688330025412142,0.0011232909746468067,0.0001455420278944075
11004,25,6,0,0,0.00045070896157994866,2.8332986403256655e-05,0.0011631670058704913,1.4458026271313429e-05,0.00165666698012501,0.0010839999886229634,0.0005726669915020466
11004,26,6,0,0,0.00045383296674117446,2.924998989328742e-05,0.0005773750017397106,1.3542012311518192e-05,0.0010739999706856906,0.0010762909660115838,-2.2909953258931637e-06
11004,27,6,0,0,0.00045195798156782985,2.8667040169239044e-05,0.000715582980774343,1.4583987649530172e-05,0.001210791990160942,0.0016363750328309834,-0.0004255830426700413
11004,28,6,0,0,0.0004552080063149333,2.8416980057954788e-05,0.0003157079918310046,1.4375022146850824e-05,0.0008137080003507435,0.0008716249722056091,-5.791697185486555e-05
11004,29,6,3,3,0.000452791980933398,2.7958012651652098e-05,0.0007124579860828817,1.8584018107503653e-05,0.0012117919977754354,0.0014287909725680947,-0.00021699897479265928
11004,30,3,0,0,0.00038425001548603177,2.820900408551097e-05,0.000339541002176702,1.554196933284402e-05,0.0007675419910810888,0.0007862499915063381,-1.8708000425249338e-05
11004,31,3,1,1,0.00038062501698732376,2.7915986720472574e-05,0.0006865840405225754,1.6707985196262598e-05,0.0011118330294266343,0.0007541250088252127,0.0003577080206014216
11004,32,2,2,2,0.00036508403718471527,2.8540962375700474e-05,0.0005838340148329735,1.795799471437931e-05,0.0009954170091077685,0.0007686250028200448,0.00022679200628772378
11004,33,0,0,0,0.0003387919859960675,3.833300434052944e-05,0.0006107079680077732,1.7000013031065464e-05,0.0010048329713754356,0.0011117500253021717,-0.00010691705392673612
11004,34,0,0,0,0.00034108402905985713,3.837497206404805e-05,0.00041687500197440386,1.9832979887723923e-05,0.000816166982986033,0.0006917500286363065,0.00012441695434972644
11004,35,0,0,0,0.0003172500291839242,2.8499984182417393e-05,0.0003070419770665467,1.4332996215671301e-05,0.0006671249866485596,0.0006890840013511479,-2.195901470258832e-05
11004,36,0,0,0,0.00031095900340005755,2.829096047207713e-05,0.00030204199720174074,1.4375022146850824e-05,0.0006556669832207263,0.0006863750168122351,-3.0708033591508865e-05
11004,37,0,1,0,0.00031824997859075665,2.8959009796380997e-05,0.0003126660012640059,1.4499993994832039e-05,0.0006743749836459756,0.0009976670262403786,-0.00032329204259440303
11004,38,0,2,0,0.0003143330104649067,2.9582995921373367e-05,0.0007524589891545475,1.7790996935218573e-05,0.001114165992476046,0.0007135420455597341,0.000400623946916312
11004,39,0,3,0,0.0003189169801771641,2.824998227879405e-05,0.0005424160044640303,1.4375022146850824e-05,0.0009039579890668392,0.0011476250365376472,-0.00024366704747080803
11004,40,0,4,0,0.0003188340342603624,3.004097379744053e-05,0.0006525840144604445,1.533300383016467e-05,0.001016792026348412,0.0010256660170853138,-8.87399073690176e-06
11005,0,0,6,0,0.0003411659854464233,3.066699719056487e-05,0.0006057500140741467,1.60830095410347e-05,0.0009936660062521696,0.000736958987545222,0.00025670701870694757
11005,1,0,6,0,0.00031383399618789554,2.8082984499633312e-05,0.0010117919882759452,0.0001045830431394279,0.001458292012102902,0.00110037496779114,0.00035791704431176186
11005,2,1,6,0,0.0003364579752087593,2.8542010113596916e-05,0.0006495409761555493,1.429201802238822e-05,0.0010288329795002937,0.0011162080336362123,-8.737505413591862e-05
11005,3,2,6,0,0.000366290973033756,3.041699528694153e-05,0.0008986250031739473,1.6000005416572094e-05,0.001311332976911217,0.0012285420089028776,8.27909680083394e-05
11005,4,3,6,0,0.00038870901335030794,2.887495793402195e-05,0.00037158303894102573,1.537497155368328e-05,0.0008045419817790389,0.0008037080406211317,8.339411579072475e-07
11005,5,3,6,0,0.0003834579838439822,2.8708018362522125e-05,0.0003292919718660414,1.4249992091208696e-05,0.0007557079661637545,0.0007954169996082783,-3.970903344452381e-05
11005,6,4,6,0,0.00042679195757955313,2.97910301014781e-05,0.00033954199170693755,1.5166995581239462e-05,0.0008112919749692082,0.0013004589709453285,-0.0004891669959761202
11005,7,7,6,5,0.0004741669981740415,2.8291018679738045e-05,0.0008993749506771564,2.1167041268199682e-05,0.0014230000087991357,0.0011365829850547016,0.0002864170237444341
11005,8,3,1,1,0.0003804159932769835,2.8875016141682863e-05,0.0003202499938197434,1.4459015801548958e-05,0.0007440000190399587,0.0008645830093882978,-0.00012058299034833908
11005,9,3,0,0,0.00038695900002494454,2.7915986720472574e-05,0.0003173750010319054,1.4249992091208696e-05,0.0007464999798685312,0.0007740419823676348,-2.7542002499103546e-05
11005,10,4,0,0,0.00041258399141952395,2.8332986403256655e-05,0.00047099997755140066,1.5666999388486147e-05,0.0009275839547626674,0.0007815419812686741,0.00014604197349399328
11005,11,5,0,0,0.00043000001460313797,2.8708018362522125e-05,0.0003897090209648013,1.4707969967275858e-05,0.0008631250238977373,0.0008148750057443976,4.8250018153339624e-05
11005,12,6,0,0,0.00045304198283702135,2.8458016458898783e-05,0.0006024590111337602,1.5583005733788013e-05,0.0010995420161634684,0.0008274579886347055,0.0002720840275287628
11005,13,8,0,0,0.0005050410400144756,2.8542010113596916e-05,0.00032533297780901194,1.4499993994832039e-05,0.0008734160219319165,0.0012191659770905972,-0.0003457499551586807
11005,14,10,0,0,0.0005448329611681402,2.8542010113596916e-05,0.00033000000985339284,1.4040968380868435e-05,0.0009174159495159984,0.0011412500170990825,-0.0002238340675830841
11005,15,12,0,0,0.0006156250019557774,2.766697434708476e-05,0.000420625030528754,1.4207966160029173e-05,0.0010781249729916453,0.0010548750287853181,2.32499442063272e-05
11005,16,12,0,0,0.0005948750185780227,2.9708025977015495e-05,0.0006314169731922448,1.60830095410347e-05,0.0012720830272883177,0.0011953749926760793,7.670803461223841e-05
11005,17,12,0,0,0.0006197079783305526,3.158301115036011e-05,0.0006703340332023799,1.6250007320195436e-05,0.001337875030003488,0.0013893750146962702,-5.1499984692782164e-05
11005,18,12,0,0,0.0005886660073883832,2.8375012334436178e-05,0.0006288749864324927,1.53339933604002e-05,0.0012612499995157123,0.0018542499747127295,-0.0005929999751970172
11005,19,12,1,1,0.0006360000115819275,3.254198236390948e-05,0.000896541983820498,2.6500027161091566e-05,0.0015915840049274266,0.001231333997566253,0.00036025000736117363
11005,20,11,1,1,0.0005775829777121544,2.924998989328742e-05,0.0006980420439504087,1.5915953554213047e-05,0.0013207909651100636,0.0011310410336591303,0.00018974993145093322
11005,21,10,1,1,0.0005846249987371266,3.104197094216943e-05,0.0004812080296687782,1.654197694733739e-05,0.0011134169762954116,0.0012515829876065254,-0.00013816601131111383
11005,22,9,1,1,0.000515415973495692,2.900004619732499e-05,0.00045429199235513806,1.49579718708992e-05,0.0010136659839190543,0.0009125419892370701,0.00010112399468198419
11005,23,8,1,1,0.0004892910365015268,2.8958951588720083e-05,0.0005707910167984664,1.487502595409751e-05,0.0011039160308428109,0.0010235829977318645,8.033303311094642e-05
11005,24,7,0,0,0.00047416595043614507,2.845900598913431e-05,0.0005660000024363399,1.4249992091208696e-05,0.001082874950952828,0.000924833002500236,0.0001580419484525919
11005,25,7,0,0,0.00047274999087676406,2.820801455527544e-05,0.0006412919610738754,1.729204086586833e-05,0.0011595420073717833,0.0010287910117767751,0.00013075099559500813
11005,26,7,0,0,0.0004767499631270766,2.9499991796910763e-05,0.0004101250087842345,1.5249999705702066e-05,0.000931624963413924,0.0012452080263756216,-0.0003135830629616976
11005,27,7,1,1,0.0005157910054549575,2.8124952223151922e-05,0.0007533340249210596,1.6250007320195436e-05,0.0013134999899193645,0.0013411659747362137,-2.7665984816849232e-05
11005,28,6,0,0,0.00048104196321219206,3.2708048820495605e-05,0.0008932089549489319,1.629104372113943e-05,0.001423250010702759,0.0010767090134322643,0.0003465409972704947
11005,29,6,0,0,0.000450334046036005,2.804095856845379e-05,0.0008695420110598207,1.570803578943014e-05,0.0013636250514537096,0.0012720829690806568,9.154208237305284e-05
11005,30,6,0,0,0.0004522080416791141,2.9082992114126682e-05,0.0006901249871589243,1.4375022146850824e-05,0.001185791043099016,0.00120524998055771,-1.945893745869398e-05
11005,31,6,0,0,0.0004552910104393959,2.804200630635023e-05,0.001174874952994287,1.4208024367690086e-05,0.0016724159941077232,0.001234958996064961,0.0004374569980427623
11005,32,6,0,0,0.000453874992672354,2.9708025977015495e-05,0.0006055839476175606,1.4000048395246267e-05,0.0011031670146621764,0.0010622090194374323,4.095799522474408e-05
11005,33,6,0,0,0.0004687499604187906,3.058300353586674e-05,0.0008266670047305524,2.5083019863814116e-05,0.0013510829885490239,0.001548792002722621,-0.0001977090141735971
11005,34,6,0,0,0.00045058398973196745,2.8958020266145468e-05,0.00038370798574760556,1.579197123646736e-05,0.0008790419669821858,0.0008530410123057663,2.6000954676419497e-05
11005,35,6,0,0,0.00045433302875608206,2.883397974073887e-05,0.00032541598193347454,1.4500052202492952e-05,0.0008230830426327884,0.0011450419551692903,-0.0003219589125365019
11005,36,6,1,1,0.0004540830268524587,2.8999987989664078e-05,0.00031858397414907813,1.4208024367690086e-05,0.000815875013358891,0.0009369170293211937,-0.00012104201596230268
11005,37,5,0,0,0.0004514169995673001,3.950000973418355e-05,0.00033370801247656345,1.5166995581239462e-05,0.0008397920173592865,0.0008043330162763596,3.545900108292699e-05
11005,38,5,0,0,0.00043641601223498583,2.8542010113596916e-05,0.0005771669675596058,1.54580338858068e-05,0.0010575830237939954,0.0010595410130918026,-1.9579892978072166e-06
11005,39,5,1,1,0.00043041701428592205,2.866698196157813e-05,0.00032125000143423676,1.4790974091738462e-05,0.0007951249717734754,0.0008777080220170319,-8.25830502435565e-05
11005,40,4,0,0,0.0004052500007674098,2.8541020583361387e-05,0.00030924996826797724,1.4000048395246267e-05,0.0007570410380139947,0.0007801669999025762,-2.3125961888581514e-05
11005,41,4,1,1,0.0004087910056114197,2.8292008209973574e-05,0.00031162501545622945,1.4833000022917986e-05,0.0007635410293005407,0.0007818749872967601,-1.8333957996219397e-05
11005,42,3,1,1,0.0003843330196104944,2.7999980375170708e-05,0.00037866702768951654,1.575000351294875e-05,0.0008067500311881304,0.0007527919951826334,5.395803600549698e-05
11005,43,2,0,0,0.0003647499834187329,2.7375004719942808e-05,0.00030733400490134954,1.4249992091208696e-05,0.0007137089851312339,0.000738792004995048,-2.5083019863814116e-05
11005,44,2,0,0,0.00035924999974668026,2.8707960154861212e-05,0.0005467919982038438,1.7417012713849545e-05,0.0009521669708192348,0.0010712500079534948,-0.00011908303713425994
11005,45,2,1,1,0.00036458298563957214,2.9125018045306206e-05,0.0005952499923296273,1.6457983292639256e-05,0.0010054159793071449,0.0007567089633084834,0.0002487070159986615
11005,46,1,1,1,0.0003399169654585421,2.8958020266145468e-05,0.0005388329736888409,1.5375029761344194e-05,0.0009230829891748726,0.0009259579819627106,-2.874992787837982e-06
11005,47,0,0,0,0.000314874981995672,3.129197284579277e-05,0.0006426250329241157,1.5083001926541328e-05,0.0010038749896921217,0.0010974580072797835,-9.358301758766174e-05
11005,48,0,0,0,0.00032745901262387633,3.950000973418355e-05,0.0006614580051973462,1.5583005733788013e-05,0.001044000033289194,0.0017564999870955944,-0.0007124999538064003
11005,49,0,0,0,0.0003273329930379987,3.21249826811254e-05,0.0005713750142604113,1.675001112744212e-05,0.0009475830011069775,0.0013418340240605175,-0.0003942510229535401
11005,50,0,0,0,0.0003117500455118716,2.8915994334965944e-05,0.0005845839623361826,1.650000922381878e-05,0.0009417500114068389,0.000696042028721422,0.00024570798268541694
11005,51,0,0,0,0.0003261250094510615,2.9916001949459314e-05,0.00031924998620525,1.5459023416042328e-05,0.0006907500210218132,0.0008756249444559216,-0.0001848749234341085
11005,52,0,0,0,0.0003284999984316528,2.9458024073392153e-05,0.0003107920056208968,1.537497155368328e-05,0.000684124999679625,0.0007296249968931079,-4.549999721348286e-05
11005,53,0,2,0,0.000326167035382241,2.92909680865705e-05,0.0004950840375386178,1.491600414738059e-05,0.00086545804515481,0.0008157080155797303,4.975002957507968e-05
11005,54,0,3,0,0.0003227500128559768,3.7999998312443495e-05,0.0007999580120667815,1.9291997887194157e-05,0.001180000021122396,0.0012701249797828496,-9.012495866045356e-05
11005,55,0,3,0,0.0003142089699395001,2.9375019948929548e-05,0.00031812500674277544,1.4457968063652515e-05,0.0006761669646948576,0.0009182090288959444,-0.00024204206420108676
11005,56,0,4,0,0.0003167499671690166,3.0458031687885523e-05,0.0003357499954290688,1.4999997802078724e-05,0.0006979579920880497,0.0010594159830361605,-0.0003614579909481108
11005,57,0,4,0,0.0003126249648630619,3.024999750778079e-05,0.0009093750268220901,7.662497228011489e-05,0.0013288749614730477,0.0007480410276912153,0.0005808339337818325
11005,58,0,5,0,0.00032108399318531156,2.8915994334965944e-05,0.0003216249751858413,1.487502595409751e-05,0.0006864999886602163,0.0008014579652808607,-0.00011495797662064433
11006,0,0,6,0,0.00032600003760308027,2.9957969672977924e-05,0.001244459010194987,1.79160269908607e-05,0.001618333044461906,0.0008984999731183052,0.0007198330713436007
11006,1,0,6,0,0.00031541596399620175,2.916704397648573e-05,0.0009929169900715351,1.6665959265083075e-05,0.0013541659573093057,0.0012524169869720936,0.00010174897033721209
11006,2,1,6,0,0.0003360839909873903,2.9708025977015495e-05,0.0004290830111131072,1.5666999388486147e-05,0.0008105420274659991,0.0008719589677639306,-6.141694029793143e-05
11006,3,3,6,0,0.00042120798025280237,3.095902502536774e-05,0.0004363330081105232,1.575000351294875e-05,0.0009042500169016421,0.0008073329809121788,9.691703598946333e-05
11006,4,4,6,0,0.00042108300840482116,3.195903263986111e-05,0.0007956660119816661,1.495896140113473e-05,0.001263667014427483,0.0013137090136297047,-5.004199920222163e-05
11006,5,5,6,0,0.0004290420329198241,2.8916983865201473e-05,0.0008682080078870058,1.4749995898455381e-05,0.0013409170205704868,0.0012127090012654662,0.00012820801930502057
11006,6,5,6,0,0.00043875002302229404,2.924998989328742e-05,0.0003311249893158674,1.5166006051003933e-05,0.0008142910082824528,0.0011229999945499003,-0.00030870898626744747
11006,7,6,6,1,0.0004504999960772693,3.062497125938535e-05,0.00033662503119558096,1.5583005733788013e-05,0.0008333330042660236,0.0009167079697363079,-8.337496547028422e-05
11006,8,8,5,5,0.0005007499712519348,2.97910301014781e-05,0.0009568340028636158,2.0749983377754688e-05,0.0015081249875947833,0.0011077499948441982,0.0004003749927505851
11006,9,4,0,0,0.000414790993090719,2.8999987989664078e-05,0.0007910000276751816,1.4999997802078724e-05,0.0012497910065576434,0.0008215420530177653,0.00042824895353987813
11006,10,4,0,0,0.0004081249935552478,2.8541020583361387e-05,0.0003108339733444154,1.3958022464066744e-05,0.0007614580099470913,0.0010676659876480699,-0.0003062079777009785
11006,11,6,0,0,0.0004526670090854168,2.7916976250708103e-05,0.0003151660203002393,2.662499900907278e-05,0.000822375004645437,0.0008162499871104956,6.125017534941435e-06
11006,12,8,0,0,0.0005011250032112002,3.0499999411404133e-05,0.0005441660177893937,1.6708974726498127e-05,0.0010924999951384962,0.001336999994236976,-0.00024449999909847975
11006,13,8,0,0,0.0005348330014385283,3.004202153533697e-05,0.00034612498711794615,1.5375029761344194e-05,0.0009263750398531556,0.0009108750382438302,1.550000160932541e-05
11006,14,9,0,0,0.0005283750360831618,3.1333998776972294e-05,0.0006294159684330225,1.4416989870369434e-05,0.001203541993163526,0.0016198750236071646,-0.00041633303044363856
11006,15,9,0,0,0.0005189999938011169,2.7917034458369017e-05,0.0003225830150768161,1.3499986380338669e-05,0.0008830000297166407,0.0008934580255299807,-1.0457995813339949e-05
11006,16,9,0,0,0.0005193339893594384,2.7125002816319466e-05,0.0003214580356143415,1.3666984159499407e-05,0.0008815840119495988,0.0009352919878438115,-5.370797589421272e-05
11006,17,10,0,0,0.0005417920183390379,2.904096618294716e-05,0.0005949590122327209,1.4541030395776033e-05,0.001180333027150482,0.0011515830410644412,2.8749986086040735e-05
11006,18,12,1,1,0.0005895000067539513,2.8374954126775265e-05,0.0003428329946473241,1.4750054106116295e-05,0.000975458009634167,0.0009880829602479935,-1.2624950613826513e-05
11006,19,11,0,0,0.00057366699911654,2.90420139208436e-05,0.0007894159643910825,1.4416989870369434e-05,0.0014065419672988355,0.001115166989620775,0.00029137497767806053
11006,20,11,0,0,0.0005612919921986759,2.841599052771926e-05,0.0005954170483164489,1.5291967429220676e-05,0.0012004169984720647,0.0012277920031920075,-2.7375004719942808e-05
11006,21,11,1,1,0.0005689579993486404,2.84170382656157e-05,0.0004118329961784184,1.5207973774522543e-05,0.001024416007567197,0.0013770419755019248,-0.00035262596793472767
11006,22,10,2,2,0.0005456249928101897,2.8458016458898783e-05,0.0003291249740868807,1.4959019608795643e-05,0.0009181670029647648,0.001459041959606111,-0.0005408749566413462
11006,23,8,1,1,0.000498084002174437,2.8082984499633312e-05,0.0006454579997807741,1.5209021512418985e-05,0.0011868340079672635,0.0009177500032819808,0.0002690840046852827
11006,24,7,0,0,0.00047099997755140066,2.820801455527544e-05,0.00031658296938985586,1.4375022146850824e-05,0.0008301659836433828,0.001021500036586076,-0.00019133405294269323
11006,25,7,1,1,0.00047504197573289275,2.775003667920828e-05,0.0005037499940954149,1.4249992091208696e-05,0.0010207919985987246,0.0011774159502238035,-0.00015662395162507892
11006,26,6,0,0,0.00045483297435566783,2.8875016141682863e-05,0.00031970901181921363,1.4082994312047958e-05,0.0008174999966286123,0.0013275420060381293,-0.000510042009409517
11006,27,6,0,0,0.00045491597848013043,2.924998989328742e-05,0.00036370899761095643,1.487502595409751e-05,0.0008627499919384718,0.000907458015717566,-4.470802377909422e-05
11006,28,6,0,0,0.0004539579967968166,2.779200440272689e-05,0.0009847499895840883,0.00010387500515207648,0.0015703749959357083,0.0008722920319996774,0.0006980829639360309
11006,29,6,0,0,0.00044774997513741255,2.7833040803670883e-05,0.00031645799754187465,1.4291959814727306e-05,0.0008063329732976854,0.0014002920361235738,-0.0005939590628258884
11006,30,6,0,0,0.00044895801693201065,2.8124952223151922e-05,0.0004379170131869614,1.4833000022917986e-05,0.000929832982365042,0.0008447089930996299,8.512398926541209e-05
11006,31,6,0,0,0.00046983297215774655,2.8999987989664078e-05,0.0003250419977121055,1.4041026588529348e-05,0.0008379159844480455,0.0008567500044591725,-1.8834020011126995e-05
11006,32,6,0,0,0.00046149996342137456,2.8250040486454964e-05,0.0006389580084942281,1.4666991773992777e-05,0.0011433750041760504,0.0008397909696213901,0.0003035840345546603
11006,33,6,0,0,0.0004556250059977174,2.7999980375170708e-05,0.0012307500001043081,9.50000248849392e-05,0.0018093750113621354,0.0010762499878183007,0.0007331250235438347
11006,34,6,0,0,0.0004569169832393527,2.9125018045306206e-05,0.0006032079691067338,1.3958022464066744e-05,0.0011032079928554595,0.0010237079695798457,7.950002327561378e-05
11006,35,6,1,1,0.000452833017334342,2.8332986403256655e-05,0.0006658749771304429,1.750001683831215e-05,0.0011645409977063537,0.0011156670516356826,4.887394607067108e-05
11006,36,5,0,0,0.0004183329874649644,2.866698196157813e-05,0.0005542500293813646,1.4040968380868435e-05,0.0010152909671887755,0.0010467919637449086,-3.150099655613303e-05
11006,37,5,1,1,0.0004183329874649644,2.8125010430812836e-05,0.0005141670117154717,1.4082994312047958e-05,0.0009747080039232969,0.0008393329917453229,0.00013537501217797399
11006,38,4,1,1,0.00039674999425187707,2.8165988624095917e-05,0.0003167499671690166,1.47090177051723e-05,0.0007563749677501619,0.0009681250085122883,-0.00021175004076212645
11006,39,3,0,0,0.0003903339966200292,2.8499984182417393e-05,0.0005929580074734986,1.4542019926011562e-05,0.0010263340082019567,0.0010132499737665057,1.308403443545103e-05
11006,40,3,1,1,0.0006334999925456941,6.133399438112974e-05,0.0006192080327309668,2.466695150360465e-05,0.0013387089711613953,0.0019013750134035945,-0.0005626660422421992
11006,41,2,2,2,0.00037733401404693723,2.987496554851532e-05,0.0006187499966472387,1.5958037693053484e-05,0.0010419170139357448,0.0010421660263091326,-2.4901237338781357e-07
11006,42,0,0,0,0.0004765420453622937,3.145798109471798e-05,0.00032708299113437533,1.6667007002979517e-05,0.0008517500245943666,0.0015317920478992164,-0.0006800420233048499
11006,43,0,0,0,0.0003142500063404441,2.783298259600997e-05,0.00030079198768362403,1.4041026588529348e-05,0.0006569160032086074,0.0007028330001048744,-4.591699689626694e-05
11006,44,0,1,0,0.0003189999843016267,2.920802216976881e-05,0.00035499996738508344,1.4958030078560114e-05,0.000718166003935039,0.00124579097609967,-0.0005276249721646309
11006,45,0,1,0,0.0003172080032527447,2.820900408551097e-05,0.00030108296778053045,1.4375022146850824e-05,0.0006608749972656369,0.0006869159988127649,-2.6041001547127962e-05
11006,46,0,1,0,0.00032454199390485883,3.2540992833673954e-05,0.000327250047121197,1.979200169444084e-05,0.0007041250355541706,0.0007988750003278255,-9.474996477365494e-05
11006,47,0,1,0,0.00031895801657810807,2.7999980375170708e-05,0.0005583749734796584,1.6417005099356174e-05,0.0009217499755322933,0.001248417014721781,-0.0003266670391894877
11006,48,0,1,0,0.00031700002728030086,2.9583985451608896e-05,0.0006134160212241113,1.579197123646736e-05,0.0009757920051924884,0.0006975840078666806,0.0002782079973258078
11006,49,0,2,0,0.000322124978993088,2.9959017410874367e-05,0.000593957956880331,1.4333054423332214e-05,0.0009603750077076256,0.0011896249488927424,-0.00022924994118511677
11006,50,0,4,0,0.00031758297700434923,2.7542002499103546e-05,0.0005852080066688359,1.7291982658207417e-05,0.0009476249688304961,0.000969958957284689,-2.2333988454192877e-05
11006,51,0,5,0,0.00033741601509973407,2.8499984182417393e-05,0.0009890420478768647,1.4833000022917986e-05,0.0013697910471819341,0.0010744999744929373,0.0002952910726889968
11006,52,0,5,0,0.0003160829655826092,2.9292015824466944e-05,0.00037904101191088557,1.5583995264023542e-05,0.0007399999885819852,0.0013595839845947921,-0.0006195839960128069
11007,0,1,6,0,0.00046254199696704745,3.0041032005101442e-05,0.0006222089868970215,1.6040983609855175e-05,0.0011308329994790256,0.001679791952483356,-0.0005489589530043304
11007,1,1,6,0,0.00033837498631328344,2.724997466430068e-05,0.0006532910047098994,1.53339933604002e-05,0.0010342499590478837,0.0007132090395316482,0.0003210409195162356
11007,2,3,6,0,0.0003826250322163105,2.8708018362522125e-05,0.0012008339981548488,1.550000160932541e-05,0.0016276670503430068,0.0012196669704280794,0.0004080000799149275
11007,3,3,6,0,0.0003855000250041485,2.824998227879405e-05,0.0005817090277560055,1.7415964975953102e-05,0.0010128750000149012,0.0011630409862846136,-0.00015016598626971245
11007,4,3,6,0,0.00038425001548603177,2.9624963644891977e-05,0.00042345805559307337,1.5666999388486147e-05,0.0008530000341124833,0.0010674999793991446,-0.0002144999452866614
11007,5,3,6,0,0.0004089160356670618,3.091699909418821e-05,0.0003428749623708427,1.533300383016467e-05,0.0007980410009622574,0.0012487919884733856,-0.0004507509875111282
11007,6,7,6,2,0.0004736250266432762,2.8332986403256655e-05,0.00040904199704527855,1.575000351294875e-05,0.0009267500136047602,0.000875874946359545,5.087506724521518e-05
11007,7,5,4,4,0.00043054198613390326,2.8458016458898783e-05,0.0003791250055655837,1.5583995264023542e-05,0.0008537090034224093,0.0008409169968217611,1.2792006600648165e-05
11007,8,3,0,0,0.00038420804776251316,2.7499976567924023e-05,0.0005621250020340085,1.4792021829634905e-05,0.0009886250481940806,0.0008967919857241213,9.183306246995926e-05
11007,9,3,0,0,0.0003862499725073576,2.84170382656157e-05,0.00031254097120836377,1.3625016435980797e-05,0.0007408329984173179,0.0007612920016981661,-2.0459003280848265e-05
11007,10,4,0,0,0.0004048330010846257,2.762500662356615e-05,0.0003100419999100268,1.3707962352782488e-05,0.0007562079699710011,0.0008005410199984908,-4.433305002748966e-05
11007,11,6,0,0,0.00045366701669991016,2.845795825123787e-05,0.0005557500408031046,1.4332996215671301e-05,0.001052208011969924,0.0009265830158255994,0.00012562499614432454
11007,12,8,0,0,0.0004968330031260848,2.962502185255289e-05,0.0007120419759303331,1.533300383016467e-05,0.0012538330047391355,0.0010537079651840031,0.0002001250395551324
11007,13,9,2,2,0.0005166250048205256,2.8499984182417393e-05,0.0009253339958377182,1.5624973457306623e-05,0.001486083958297968,0.0012257079943083227,0.00026037596398964524
11007,14,8,1,1,0.0004899170016869903,2.9124959837645292e-05,0.0007867499953135848,1.629104372113943e-05,0.0013220830005593598,0.0011157499975524843,0.00020633300300687551
11007,15,7,0,0,0.00047741702292114496,3.262498648837209e-05,0.0005105409654788673,1.5000056009739637e-05,0.001035583030898124,0.001431250013411045,-0.0003956669825129211
11007,16,8,1,1,0.0004988749860785902,2.7666043024510145e-05,0.00039662496419623494,1.7667014617472887e-05,0.0009408330079168081,0.0009149580146186054,2.5874993298202753e-05
11007,17,8,0,0,0.0005006249994039536,2.879201201722026e-05,0.0004099169746041298,1.8040998838841915e-05,0.0009573749848641455,0.0008878340013325214,6.954098353162408e-05
11007,18,8,2,2,0.0005006249994039536,2.7875008527189493e-05,0.000932374969124794,1.5541038010269403e-05,0.0014764160150662065,0.0012067080242559314,0.0002697079908102751
11007,19,6,0,0,0.000495165993925184,3.7833990063518286e-05,0.0005652500549331307,1.9082974176853895e-05,0.001117333013098687,0.0008420419762842357,0.0002752910368144512
11007,20,6,0,0,0.00046358403051272035,2.8082984499633312e-05,0.0003216249751858413,1.4249992091208696e-05,0.0008275419822894037,0.0008627089555375278,-3.516697324812412e-05
11007,21,6,0,0,0.0004439170006662607,2.8375012334436178e-05,0.00041387497913092375,1.4332996215671301e-05,0.000900499988347292,0.000830999983008951,6.9500005338341e-05
11007,22,6,0,0,0.00045495794620364904,2.8500042390078306e-05,0.0004343749606050551,1.6625039279460907e-05,0.0009344579884782434,0.0008357079932466149,9.874999523162842e-05
11007,23,6,0,0,0.0004573750193230808,2.883299021050334e-05,0.0005849170265719295,1.591700129210949e-05,0.001087042037397623,0.0010684170410968363,1.8624996300786734e-05
11007,24,6,0,0,0.0004599999519996345,3.200001083314419e-05,0.0003328750026412308,1.5166995581239462e-05,0.000840041961055249,0.0012757090153172612,-0.00043566705426201224
11007,25,6,1,1,0.00045362504897639155,2.9041955713182688e-05,0.00032295804703608155,1.554196933284402e-05,0.0008211670210584998,0.0009687080164439976,-0.0001475409953854978
11007,26,5,0,0,0.00043108302634209394,2.9082992114126682e-05,0.00032116699730977416,1.4249992091208696e-05,0.0007955830078572035,0.0009092079708352685,-0.00011362496297806501
11007,27,5,2,2,0.0004330839728936553,2.8541020583361387e-05,0.001035250024870038,1.6916950698941946e-05,0.0015137919690459967,0.0008137089898809791,0.0007000829791650176
11007,28,3,0,0,0.0003910419763997197,3.166601527482271e-05,0.00033416697988286614,1.5542027540504932e-05,0.0007724169990979135,0.0011598750133998692,-0.0003874580143019557
11007,29,3,0,0,0.0003812500508502126,2.8791953809559345e-05,0.0003082920447923243,1.4749995898455381e-05,0.0007330840453505516,0.0009022500016726553,-0.00016916595632210374
11007,30,3,1,1,0.00039412500336766243,3.0125025659799576e-05,0.0009674999746493995,1.6417005099356174e-05,0.0014081670087762177,0.0009580409969203174,0.0004501260118559003
11007,31,2,0,0,0.0003525000065565109,2.824998227879405e-05,0.00032400002237409353,1.3958022464066744e-05,0.0007187080336734653,0.0010968749993480742,-0.00037816696567460895
11007,32,2,1,1,0.0009333749767392874,2.8542010113596916e-05,0.0005952909705229104,1.6459031030535698e-05,0.0015736669884063303,0.0009261670056730509,0.0006474999827332795
11007,33,1,1,1,0.00033825001446530223,3.21660190820694e-05,0.00039520900463685393,1.6833015251904726e-05,0.0007824580534361303,0.0012403340078890324,-0.0004578759544529021
11007,34,0,1,0,0.00032354198629036546,3.0292023438960314e-05,0.0005130409845151007,1.4833989553153515e-05,0.00088170898379758,0.0010090420255437493,-0.00012733304174616933
11007,35,0,2,0,0.00032041699159890413,2.8665992431342602e-05,0.00031512498389929533,1.4209013897925615e-05,0.0006784169818274677,0.00078616599785164,-0.0001077490160241723
11007,36,0,2,0,0.0003201250219717622,2.8665992431342602e-05,0.0004963339888490736,1.4124962035566568e-05,0.000859249965287745,0.0006904590409249067,0.00016879092436283827
11007,37,0,3,0,0.0003190829884260893,2.824998227879405e-05,0.00032775005092844367,1.4249992091208696e-05,0.0006893330137245357,0.0007643750286661088,-7.504201494157314e-05
11007,38,0,3,0,0.0003096250002272427,2.7499976567924023e-05,0.0006542500341311097,1.612497726455331e-05,0.0010074999881908298,0.0008303329814225435,0.00017716700676828623
11007,39,0,4,0,0.00031174998730421066,2.8749986086040735e-05,0.0003100840258412063,1.3790966477245092e-05,0.0006643749657087028,0.0008640410378575325,-0.0001996660721488297
11007,40,0,4,0,0.00031525001395493746,2.741703065112233e-05,0.00035566597944125533,1.3459008187055588e-05,0.0007117920322343707,0.0006785420118831098,3.32500203512609e-05
11007,41,0,4,0,0.0003101250040344894,2.7332978788763285e-05,0.0004063750384375453,1.3666984159499407e-05,0.0007575000054202974,0.000680500001180917,7.700000423938036e-05
11008,0,0,6,0,0.0003096659784205258,2.7959002181887627e-05,0.0003160000196658075,1.3832992408424616e-05,0.0006674579926766455,0.0007073750020936131,-3.991700941696763e-05
11008,1,1,6,0,0.00033308297861367464,2.7708010748028755e-05,0.0003167499671690166,1.3625016435980797e-05,0.0006911659729667008,0.00070508400676772,-1.3918033801019192e-05
11008,2,2,6,0,0.00038458401104435325,3.204098902642727e-05,0.0010868340032175183,1.533300383016467e-05,0.0015187920071184635,0.0011059590033255517,0.00041283300379291177
11008,3,2,6,0,0.0003582499921321869,2.762500662356615e-05,0.0004153329646214843,1.391698606312275e-05,0.0008151249494403601,0.0007466250099241734,6.849993951618671e-05
11008,4,2,6,0,0.0003569999826140702,2.762500662356615e-05,0.00033587502548471093,1.3582990504801273e-05,0.0007340830052271485,0.0009413330117240548,-0.00020725000649690628
11008,5,4,6,0,0.00044475001050159335,3.2416952308267355e-05,0.0007453750004060566,1.8000020645558834e-05,0.0012405419838614762,0.0008065829752013087,0.00043395900866016746
11008,6,6,6,2,0.00045112502994015813,2.8332986403256655e-05,0.0007733749807812274,1.7209036741405725e-05,0.0012700420338660479,0.0011722080525942147,9.783398127183318e-05
11008,7,5,4,4,0.00043233396718278527,2.8125010430812836e-05,0.0006134579889476299,1.7000013031065464e-05,0.0010909169795922935,0.0010481249773874879,4.279200220480561e-05
11008,8,2,0,0,0.0003611670108512044,2.724997466430068e-05,0.0005047079757787287,1.5375029761344194e-05,0.000908499991055578,0.0007543749525211751,0.00015412503853440285
11008,9,3,0,0,0.0003873749519698322,2.8542010113596916e-05,0.0005687910015694797,1.5209021512418985e-05,0.0009999169851653278,0.0009564170031808317,4.349998198449612e-05
11008,10,6,0,0,0.00045204098569229245,2.9125018045306206e-05,0.00033424998400732875,1.4291959814727306e-05,0.0008297079475596547,0.0008272500126622617,2.457934897392988e-06
11008,11,6,0,0,0.0004840840119868517,3.579095937311649e-05,0.0009314999915659428,1.7250014934688807e-05,0.0014686249778605998,0.0013342079473659396,0.00013441703049466014
11008,12,6,0,0,0.0004952079616487026,3.2625044696033e-05,0.0005134579841978848,1.8417020328342915e-05,0.0010597080108709633,0.000983875012025237,7.583299884572625e-05
11008,13,7,0,0,0.0004916670150123537,2.9082992114126682e-05,0.00032649998320266604,1.5166995581239462e-05,0.0008624169859103858,0.0009076250134967268,-4.5208027586340904e-05
11008,14,9,1,1,0.0005484580178745091,3.975001163780689e-05,0.0005792079609818757,1.6375037375837564e-05,0.0011837910278700292,0.0009187080431729555,0.0002650829846970737
11008,15,9,0,0,0.0005245420034043491,2.8083042707294226e-05,0.0003935829736292362,1.8250022549182177e-05,0.0009644580422900617,0.0009141669725067914,5.029106978327036e-05
11008,16,11,1,1,0.0005587499472312629,3.0416005756706e-05,0.000658750010188669,1.6042031347751617e-05,0.0012639579945243895,0.00098341703414917,0.0002805409603752196
11008,17,10,1,1,0.0005451659671962261,2.8542010113596916e-05,0.0005659579765051603,1.4999997802078724e-05,0.001154665951617062,0.0014896659995429218,-0.0003350000479258597
11008,18,9,2,2,0.0005238750018179417,2.9250048100948334e-05,0.00034004199551418424,1.4833000022917986e-05,0.0009080000454559922,0.001014542009215802,-0.00010654196375980973
11008,19,7,1,1,0.00047375005669891834,2.824998227879405e-05,0.0004817500011995435,1.4874967746436596e-05,0.0009986250079236925,0.00085966702317819,0.00013895798474550247
11008,20,6,0,0,0.00044762500328943133,2.883299021050334e-05,0.0006419169949367642,1.4416989870369434e-05,0.0011327919783070683,0.0012510410160757601,-0.00011824903776869178
11008,21,6,0,0,0.0004445829545147717,2.8667040169239044e-05,0.0015218330081552267,1.4207966160029173e-05,0.0020092909689992666,0.0013917919714003801,0.0006174989975988865
11008,22,6,0,0,0.00044549995800480247,2.8667040169239044e-05,0.0005465829744935036,1.3959011994302273e-05,0.0010347089846618474,0.0014132499927654862,-0.0003785410081036389
11008,23,6,0,0,0.00045545795001089573,2.8834037948399782e-05,0.00031054101418703794,1.395895378664136e-05,0.0008087919559329748,0.0011155829997733235,-0.0003067910438403487
11008,24,6,0,0,0.0004449999541975558,3.0542025342583656e-05,0.0003398749977350235,1.4790974091738462e-05,0.0008302079513669014,0.0008840000373311341,-5.379208596423268e-05
11008,25,6,0,0,0.0004599999519996345,2.9749993700534105e-05,0.000594708020798862,1.3833981938660145e-05,0.0010982919484376907,0.0013629999593831599,-0.00026470801094546914
11008,26,6,1,1,0.00046758295502513647,3.137503517791629e-05,0.00034129200503230095,1.6499951016157866e-05,0.0008567499462515116,0.0011015830095857382,-0.0002448330633342266
11008,27,5,1,1,0.00044308300130069256,3.0374969355762005e-05,0.0006032090168446302,1.637497916817665e-05,0.0010930419666692615,0.0008639169973321259,0.00022912496933713555
11008,28,4,0,0,0.00042862497502937913,2.983299782499671e-05,0.0003237089840695262,1.4208024367690086e-05,0.0007963749812915921,0.0008122079889290035,-1.5833007637411356e-05
11008,29,4,2,2,0.0004266659962013364,3.4791999496519566e-05,0.0003872920060530305,1.49579718708992e-05,0.0008637079736217856,0.0007818330195732415,8.187495404854417e-05
11008,30,2,1,1,0.0003548749955371022,2.9125018045306206e-05,0.0005991670186631382,1.5207973774522543e-05,0.0009983750060200691,0.0007879580371081829,0.00021041696891188622
11008,31,1,1,1,0.00033320800866931677,2.8499984182417393e-05,0.00032870896393433213,2.0208011846989393e-05,0.0007106249686330557,0.0009787079761736095,-0.0002680830075405538
11008,32,0,0,0,0.00031308300094679,2.8375012334436178e-05,0.00030191702535375953,1.4374963939189911e-05,0.0006577500025741756,0.0006772919441573322,-1.9541941583156586e-05
11008,33,0,0,0,0.00031304097501561046,2.845900598913431e-05,0.00030150002567097545,1.3707962352782488e-05,0.0006567079690285027,0.0006742079858668149,-1.750001683831215e-05
11008,34,0,0,0,0.00031004101037979126,2.8124952223151922e-05,0.0003732500481419265,1.6208970919251442e-05,0.0007276249816641212,0.0006661670049652457,6.145797669887543e-05
11008,35,0,1,0,0.00031354103703051805,2.808397402986884e-05,0.00032595801167190075,1.4125020243227482e-05,0.0006817080429755151,0.0008201250457204878,-0.0001384170027449727
11008,36,0,1,0,0.00030783400870859623,2.783298259600997e-05,0.0003053330001421273,1.4042016118764877e-05,0.0006550420075654984,0.0006954579730518162,-4.041596548631787e-05
11008,37,0,1,0,0.00031104200752452016,2.7917034458369017e-05,0.0010547079727984965,1.6125035472214222e-05,0.0014097920502535999,0.0011421670205891132,0.00026762502966448665
11008,38,0,3,0,0.00032641697907820344,2.9999995604157448e-05,0.00038891599979251623,1.4334043953567743e-05,0.0007596670184284449,0.0007247920148074627,3.487500362098217e-05
11008,39,0,4,0,0.0003119580214843154,2.8332986403256655e-05,0.0003147919778712094,1.387501833960414e-05,0.0006689580040983856,0.0006955420249141753,-2.65840208157897e-05
11009,0,0,6,0,0.0003108329838141799,2.8709007892757654e-05,0.0007715829997323453,1.8833030480891466e-05,0.0011299580219201744,0.0012895000400021672,-0.00015954201808199286
11009,1,0,6,0,0.0003144160145893693,2.9333983547985554e-05,0.0003642080118879676,1.5707977581769228e-05,0.0007236659876070917,0.0009054589900188148,-0.00018179300241172314
11009,2,0,6,0,0.0003107500378973782,2.845900598913431e-05,0.0003393749939277768,1.4040968380868435e-05,0.0006926250061951578,0.001047791971359402,-0.0003551669651642442
11009,3,1,6,0,0.00033466698369011283,2.8125010430812836e-05,0.00032900000223889947,1.5207973774522543e-05,0.0007069999701343477,0.0011179170105606318,-0.0004109170404262841
11009,4,3,6,0,0.00039175001438707113,2.908398164436221e-05,0.0007045000093057752,1.833302667364478e-05,0.0011436670320108533,0.0007704590098001063,0.000373208022210747
11009,5,4,6,0,0.0004306670161895454,3.220798680558801e-05,0.00037983397487550974,1.6625039279460907e-05,0.000859334017150104,0.0014217920252121985,-0.0005624580080620944
11009,6,5,6,0,0.00044762500328943133,2.9458024073392153e-05,0.0006293340120464563,1.4624965842813253e-05,0.001121042005252093,0.00085891701746732,0.0002621249877847731
11009,7,5,6,1,0.0004366249777376652,2.7665984816849232e-05,0.00047245901077985764,1.4208024367690086e-05,0.0009509579977020621,0.0008429170120507479,0.00010804098565131426
11009,8,6,5,5,0.0004539579967968166,2.9749993700534105e-05,0.00035916699562221766,1.5624973457306623e-05,0.000858499959576875,0.0015359999961219728,-0.0006775000365450978
11009,9,1,0,0,0.00034487503580749035,3.004097379744053e-05,0.00032920902594923973,1.4707969967275858e-05,0.0007188330055214465,0.0007346249767579138,-1.579197123646736e-05
11009,10,2,0,0,0.0003672080347314477,2.8292008209973574e-05,0.00033483299193903804,1.4291959814727306e-05,0.0007446249946951866,0.000736582966055721,8.04202863946557e-06
11009,11,4,0,0,0.00040662498213350773,2.8500042390078306e-05,0.0003738749655894935,1.4375022146850824e-05,0.0008233750122599304,0.0007815830176696181,4.179199459031224e-05
11009,12,6,0,0,0.0004537090426310897,2.804095856845379e-05,0.00035912502789869905,1.4209013897925615e-05,0.0008550840429961681,0.0008332920260727406,2.1792016923427582e-05
11009,13,7,0,0,0.00047283299500122666,2.8166978154331446e-05,0.0006669579888693988,1.4000048395246267e-05,0.0011819580104202032,0.0009849159978330135,0.00019704201258718967
11009,14,8,0,0,0.0005039169918745756,2.8916983865201473e-05,0.0007355830166488886,1.4416989870369434e-05,0.0012828339822590351,0.0008725830120965838,0.00041025097016245127
11009,15,10,0,0,0.0005350830033421516,2.8375012334436178e-05,0.0004902500077150762,1.4583987649530172e-05,0.0010682920110411942,0.0011671250103972852,-9.883299935609102e-05
11009,16,10,0,0,0.000541499990504235,3.0542025342583656e-05,0.0010575830237939954,2.4916953407227993e-05,0.001654541993048042,0.0018779159872792661,-0.00022337399423122406
11009,17,11,0,0,0.0006230000290088356,4.3874955736100674e-05,0.0014908330049365759,8.38330015540123e-05,0.0022415409912355244,0.0019171250169165432,0.00032441597431898117
11009,18,11,1,1,0.0005751660210080445,3.0542025342583656e-05,0.0011559579870663583,3.9834005292505026e-05,0.0018015000387094915,0.0022739170235581696,-0.0004724169848486781
11009,19,11,1,1,0.0005907919839955866,3.0916009563952684e-05,0.0005830419831909239,1.595797948539257e-05,0.0012207079562358558,0.0012532919645309448,-3.2584008295089006e-05
11009,20,10,0,0,0.0005590000073425472,3.008398925885558e-05,0.00033666600938886404,1.5166995581239462e-05,0.0009409170015715063,0.0013346250052563846,-0.00039370800368487835
11009,21,10,0,0,0.000538207998033613,2.924998989328742e-05,0.0003410829813219607,1.4042016118764877e-05,0.000922582985367626,0.0010123749962076545,-8.979201084002852e-05
11009,22,10,1,1,0.0005391250015236437,3.091699909418821e-05,0.00035037496127188206,1.6042031347751617e-05,0.0009364589932374656,0.0010392920230515301,-0.0001028330298140645
11009,23,9,1,1,0.000510666985064745,2.9416056349873543e-05,0.00033424998400732875,1.5624973457306623e-05,0.0008899579988792539,0.0009168749675154686,-2.6916968636214733e-05
11009,24,8,0,0,0.0005039169918745756,3.0750001315027475e-05,0.000903041975107044,1.7666025087237358e-05,0.0014553749933838844,0.0016035829903557897,-0.00014820799697190523
11009,25,8,2,2,0.000495457963552326,2.8709007892757654e-05,0.0005160830332897604,1.650000922381878e-05,0.0010567500139586627,0.0013667920138686895,-0.0003100419999100268
11009,26,6,0,0,0.0004503749660216272,2.9291026294231415e-05,0.0003231670125387609,1.4541961718350649e-05,0.0008173749665729702,0.0009575409931130707,-0.00014016602654010057
11009,27,6,0,0,0.00044895894825458527,2.8375012334436178e-05,0.00031604099785909057,1.4542019926011562e-05,0.0008079169783741236,0.0014754589647054672,-0.0006675419863313437
11009,28,6,0,0,0.00046854099491611123,5.833397153764963e-05,0.000788707984611392,1.8667022231966257e-05,0.0013342499732971191,0.0008410420268774033,0.0004932079464197159
11009,29,6,0,0,0.0004587079747579992,2.9667047783732414e-05,0.0010200829710811377,1.579197123646736e-05,0.0015242499648593366,0.0016252499772235751,-0.0001010000123642385
11009,30,6,0,0,0.0004544590483419597,2.9082992114126682e-05,0.0005021250108256936,1.5707977581769228e-05,0.0010013750288635492,0.0011903339764103293,-0.0001889589475467801
11009,31,6,0,0,0.00044891698053106666,2.8332986403256655e-05,0.0003417499829083681,1.8459046259522438e-05,0.0008374589961022139,0.0009600000339560211,-0.0001225410378538072
11009,32,6,0,0,0.0007491250289604068,3.0540977604687214e-05,0.0004987090360373259,3.200001083314419e-05,0.001310375053435564,0.0014568750048056245,-0.00014649995137006044
11009,33,6,0,0,0.00045508297625929117,2.96669895760715e-05,0.0003397919936105609,1.4041026588529348e-05,0.0008385829860344529,0.001835124974604696,-0.0009965419885702431
11009,34,6,0,0,0.0004884160007350147,3.4374999813735485e-05,0.00047020899364724755,2.016598591580987e-05,0.0010131659801118076,0.0008405420230701566,0.000172623957041651
11009,35,6,0,0,0.00046679197112098336,3.020802978426218e-05,0.00035754195414483547,1.487502595409751e-05,0.0008694169810041785,0.0008781249634921551,-8.707982487976551e-06
11009,36,6,0,0,0.00044837500900030136,2.8583977837115526e-05,0.00040079100290313363,1.466704998165369e-05,0.0008924170397222042,0.0008307090029120445,6.170803681015968e-05
11009,37,6,1,1,0.0004487080150283873,2.8124952223151922e-05,0.0005088340258225799,1.5083001926541328e-05,0.0010007499950006604,0.0008314999868161976,0.00016925000818446279
11009,38,5,1,1,0.000463999982457608,3.14170029014349e-05,0.0003376249806024134,1.6000005416572094e-05,0.0008490419713780284,0.0011903330450877547,-0.00034129107370972633
11009,39,4,1,1,0.0004034999874420464,2.7916976250708103e-05,0.00031466700602322817,1.4165998436510563e-05,0.0007602499681524932,0.0007834580028429627,-2.3208034690469503e-05
11009,40,3,1,1,0.0003827500040642917,2.74579506367445e-05,0.00030945800244808197,1.4125020243227482e-05,0.0007337909773923457,0.0008114580414257944,-7.76670640334487e-05
11009,41,2,0,0,0.0003605830133892596,2.7458008844405413e-05,0.0003094999701716006,1.3625016435980797e-05,0.0007111660088412464,0.0007273749797604978,-1.6208970919251442e-05
11009,42,2,2,2,0.0003600839991122484,2.7250032871961594e-05,0.00030700000934302807,1.4499993994832039e-05,0.0007088340353220701,0.0007428749813698232,-3.4040946047753096e-05
11009,43,0,0,0,0.00031429098453372717,2.7375004719942808e-05,0.0007147919968701899,1.3749988283962011e-05,0.001070207974407822,0.0006822079885751009,0.000387999985832721
11009,44,0,0,0,0.00033479102421551943,3.716698847711086e-05,0.00035375001607462764,1.7082958947867155e-05,0.0007427909877151251,0.0017094160430133343,-0.0009666250552982092
11009,45,0,0,0,0.00031204201513901353,2.8499984182417393e-05,0.0003038329887203872,1.5042023733258247e-05,0.0006594170117750764,0.0008239579619839787,-0.00016454095020890236
11009,46,0,0,0,0.00031774997478350997,2.8999987989664078e-05,0.0006682500243186951,1.4125020243227482e-05,0.0010291250073350966,0.0009163329959847033,0.0001127920113503933
11009,47,0,0,0,0.0003084169584326446,2.800003858283162e-05,0.0003007079940289259,1.4499993994832039e-05,0.0006516249850392342,0.0006982499617151916,-4.662497667595744e-05
11009,48,0,0,0,0.00031174998730421066,2.7958012651652098e-05,0.00030433398205786943,1.3499986380338669e-05,0.0006575419683940709,0.0006629169802181423,-5.375011824071407e-06
11009,49,0,0,0,0.00031291699269786477,2.7582980692386627e-05,0.0006307919975370169,1.3708020560443401e-05,0.0009849999914877117,0.0010416250443086028,-5.662505282089114e-05
11009,50,0,0,0,0.000307333015371114,2.766697434708476e-05,0.00030033302027732134,1.3749988283962011e-05,0.0006490829982794821,0.0007906250539235771,-0.00014154205564409494
11009,51,0,1,0,0.0003137080348096788,2.7916976250708103e-05,0.000562832981813699,1.3417040463536978e-05,0.0009178750333376229,0.0008285410003736615,8.933403296396136e-05
11009,52,0,3,0,0.0003267920110374689,3.1540985219180584e-05,0.0007912499713711441,6.504199700430036e-05,0.001214624964632094,0.0012557090376503766,-4.108407301828265e-05
11009,53,0,4,0,0.00031179195502772927,2.775003667920828e-05,0.0004900000058114529,1.7249956727027893e-05,0.0008467919542454183,0.0009201669599860907,-7.337500574067235e-05
11009,54,0,5,0,0.0003267499851062894,2.8749986086040735e-05,0.0004461249918676913,1.4291028492152691e-05,0.0008159159915521741,0.0007302080048248172,8.570798672735691e-05
11010,0,0,6,0,0.00032125000143423676,3.095902502536774e-05,0.0003364160074852407,1.4749995898455381e-05,0.0007033750298433006,0.001745041983667761,-0.0010416669538244605
11010,1,0,6,0,0.00031758396653458476,2.800003858283162e-05,0.00031649996526539326,1.4125020243227482e-05,0.0006762089906260371,0.0006961249746382236,-1.9915984012186527e-05
11010,2,0,6,0,0.000313041964545846,2.7542002499103546e-05,0.0003161660279147327,1.3792014215141535e-05,0.0006705420091748238,0.0006817500106990337,-1.1208001524209976e-05
11010,3,1,6,0,0.0003360839909873903,2.8250040486454964e-05,0.0003131660050712526,1.3666984159499407e-05,0.0006911670207045972,0.0007138749933801591,-2.2707972675561905e-05
11010,4,2,6,0,0.00035620800917968154,2.766697434708476e-05,0.0011617079726420343,9.79170436039567e-05,0.0016434999997727573,0.0007421670015901327,0.0009013329981826246
11010,5,6,6,1,0.00045266596134752035,2.8959009796380997e-05,0.0011739580077119172,1.633301144465804e-05,0.0016719159903004766,0.0008679170277900994,0.0008039989625103772
11010,6,6,5,5,0.0006872920203022659,3.0333001632243395e-05,0.0003427499905228615,1.995800994336605e-05,0.0010803330224007368,0.0018020000425167382,-0.0007216670201160014
11010,7,4,0,0,0.0004182920092716813,2.841599052771926e-05,0.00039004196878522635,1.4583056326955557e-05,0.0008513330249115825,0.0008083339780569077,4.2999046854674816e-05
11010,8,4,0,0,0.0004030829877592623,2.979201963171363e-05,0.001210041984450072,1.529103610664606e-05,0.001658208027947694,0.0013669579639099538,0.00029125006403774023
11010,9,6,0,0,0.00046795897651463747,3.079103771597147e-05,0.00045529199996963143,1.5707977581769228e-05,0.0009697499917820096,0.001966458046808839,-0.0009967080550268292
11010,10,8,0,0,0.0004977500066161156,2.862501423805952e-05,0.00034924998180940747,1.6584002878516912e-05,0.0008922090055420995,0.0008994590025395155,-7.2499969974160194e-06
11010,11,10,1,1,0.0005387499695643783,2.8125010430812836e-05,0.0003310419851914048,1.4791032299399376e-05,0.0009127079974859953,0.001048874983098358,-0.00013616698561236262
11010,12,9,1,1,0.0005363329546526074,2.8917042072862387e-05,0.0003510419628582895,1.5583005733788013e-05,0.0009318749653175473,0.001681625028140843,-0.0007497500628232956
11010,13,8,0,0,0.0005092080100439489,2.9124959837645292e-05,0.0014018749934621155,1.8417020328342915e-05,0.0019586249836720526,0.0011240410385653377,0.000834583945106715
11010,14,8,0,0,0.0005015420028939843,2.904096618294716e-05,0.0003363339928910136,1.4165998436510563e-05,0.0008810829604044557,0.0009672919986769557,-8.620903827250004e-05
11010,15,8,1,1,0.000503833987750113,2.9999995604157448e-05,0.0003519579768180847,1.4749995898455381e-05,0.0009005419560708106,0.0009994999854825437,-9.895802941173315e-05
11010,16,8,0,0,0.000490875041577965,2.829096047207713e-05,0.00032104202546179295,1.4249992091208696e-05,0.0008544580196030438,0.0008828749996609986,-2.8416980057954788e-05
11010,17,8,2,2,0.0004992500180378556,3.466696944087744e-05,0.0005104159936308861,1.675001112744212e-05,0.0010610829922370613,0.0014512080233544111,-0.00039012503111734986
11010,18,7,0,0,0.0004743330064229667,2.9416987672448158e-05,0.0003274999908171594,1.5291967429220676e-05,0.000846541952341795,0.001145249989349395,-0.00029870803700760007
11010,19,7,0,0,0.0005624580080620944,0.00010404200293123722,0.0006931669777259231,1.6208039596676826e-05,0.0013758750283159316,0.000882041989825666,0.0004938330384902656
11010,20,7,0,0,0.00047220801934599876,2.808397402986884e-05,0.0006342079723253846,1.3750046491622925e-05,0.0011482500121928751,0.000857125036418438,0.0002911249757744372
11010,21,7,1,1,0.0004747500061057508,2.7834030333906412e-05,0.0006361249834299088,1.4499993994832039e-05,0.001153209013864398,0.001042041985783726,0.00011116702808067203
11010,22,6,1,1,0.00047791702672839165,3.4999975468963385e-05,0.0008606250048615038,1.9665982108563185e-05,0.001393207989167422,0.0011487500160001218,0.0002444579731673002
11010,23,5,1,1,0.00042345799738541245,2.8542010113596916e-05,0.001199207967147231,1.729204086586833e-05,0.0016685000155121088,0.001033749955240637,0.0006347500602714717
11010,24,4,0,0,0.00040804099990054965,2.883397974073887e-05,0.0006681660306639969,1.4999997802078724e-05,0.0011200410081073642,0.0011850420269183815,-6.500101881101727e-05
11010,25,4,1,1,0.0003980419714935124,2.7458008844405413e-05,0.00031537498580291867,1.4542019926011562e-05,0.000755416986066848,0.0007814170094206929,-2.600002335384488e-05
11010,26,3,1,1,0.0003753750352188945,2.7542002499103546e-05,0.0011738750035874546,1.675001112744212e-05,0.0015935420524328947,0.00075179198756814,0.0008417500648647547
11010,27,2,0,0,0.0003631660365499556,2.808397402986884e-05,0.00030166603391990066,1.4208955690264702e-05,0.0007071250001899898,0.0010370829841122031,-0.0003299579839222133
11010,28,2,0,0,0.0003583329962566495,2.766697434708476e-05,0.0008588750497438014,1.3582990504801273e-05,0.0012584580108523369,0.0009863339946605265,0.00027212401619181037
11010,29,2,0,0,0.0003600420313887298,2.7499976567924023e-05,0.0003108329838141799,1.3792014215141535e-05,0.0007121670059859753,0.0008802500087767839,-0.00016808300279080868
11010,30,2,1,1,0.0003607500111684203,2.7790956664830446e-05,0.00041433400474488735,1.4291028492152691e-05,0.0008171660010702908,0.0007273749797604978,8.9791021309793e-05
11010,31,1,0,0,0.00033645902294665575,2.7749978471547365e-05,0.00030345801496878266,1.3708020560443401e-05,0.0006813750369474292,0.0006968750385567546,-1.550000160932541e-05
11010,32,1,0,0,0.0003652919549494982,3.2750016544014215e-05,0.0013621660182252526,9.608396794646978e-05,0.0018562919576652348,0.0009822089923545718,0.000874082965310663
11010,33,1,1,1,0.0003361250273883343,2.8082984499633312e-05,0.0003660420188680291,1.654098741710186e-05,0.0007467910181730986,0.0012754169874824584,-0.0005286259693093598
11010,34,0,2,0,0.00031491596018895507,2.804200630635023e-05,0.00030329200671985745,1.3625016435980797e-05,0.0006598749896511436,0.0006873749662190676,-2.7499976567924023e-05
11010,35,0,2,0,0.0003157909959554672,2.758402843028307e-05,0.0003024999750778079,1.3499986380338669e-05,0.0006593749858438969,0.0007115830085240304,-5.220802268013358e-05
11010,36,0,3,0,0.0003137089661322534,2.741598291322589e-05,0.00037700001848861575,1.3334036339074373e-05,0.0007314590038731694,0.000670333974994719,6.11250288784504e-05
11011,0,0,6,0,0.00031508400570601225,2.7999980375170708e-05,0.0008019999950192869,1.3582990504801273e-05,0.001158666971605271,0.0007189590251073241,0.000439707946497947
11011,1,0,6,0,0.000315624987706542,2.7666043024510145e-05,0.0003248339635320008,1.3415992725640535e-05,0.0006815409869886935,0.0010096250334754586,-0.00032808404648676515
11011,2,1,6,0,0.0003340000403113663,2.7166970539838076e-05,0.0003255830379202962,1.337495632469654e-05,0.0007001250050961971,0.0007192500052042305,-1.912500010803342e-05
11011,3,1,6,0,0.00033291697036474943,2.8082984499633312e-05,0.0012307500001043081,1.5167053788900375e-05,0.0016069170087575912,0.0007843750063329935,0.0008225420024245977
11011,4,2,6,0,0.0003578749601729214,2.84170382656157e-05,0.00037779100239276886,1.4499993994832039e-05,0.000778582994826138,0.0011825000401586294,-0.0004039170453324914
11011,5,4,6,0,0.0004123750259168446,2.9959017410874367e-05,0.0005760409985668957,1.5708967112004757e-05,0.0010340840090066195,0.001202500017825514,-0.00016841600881889462
11011,6,4,6,0,0.0004069579881615937,2.8667040169239044e-05,0.000549832999240607,1.4833989553153515e-05,0.0010002920171245933,0.0012981669860891998,-0.0002978749689646065
11011,7,5,6,1,0.0004353339900262654,3.0041032005101442e-05,0.0004461249918676913,1.5249999705702066e-05,0.0009267500136047602,0.001173917029518634,-0.0002471670159138739
11011,8,8,5,5,0.0005220419843681157,3.15000070258975e-05,0.00036566698690876365,1.8125050701200962e-05,0.0009373340290039778,0.0009923329926095903,-5.4998963605612516e-05
11011,9,7,0,0,0.000491584010887891,2.987496554851532e-05,0.00033762503881007433,1.5665951650589705e-05,0.0008747499668970704,0.0012609580298885703,-0.0003862080629914999
11011,10,8,0,0,0.0004997079959139228,2.90420139208436e-05,0.0006621250067837536,1.591700129210949e-05,0.0012067920179106295,0.001288958010263741,-8.21659923531115e-05
11011,11,8,0,0,0.0004885000525973737,2.7540954761207104e-05,0.0003220000071451068,1.3792014215141535e-05,0.0008518330287188292,0.0008827080018818378,-3.087497316300869e-05
11011,12,8,0,0,0.0004962909733876586,2.8084032237529755e-05,0.00031999999191612005,1.387501833960414e-05,0.0008582500158809125,0.000892208016011864,-3.3958000130951405e-05
11011,13,9,0,0,0.0005022909608669579,2.7250032871961594e-05,0.0003197919577360153,1.325004268437624e-05,0.0008625829941593111,0.0009171250276267529,-5.45420334674418e-05
11011,14,11,0,0,0.0005670000100508332,2.9292015824466944e-05,0.00033587496727705,1.3333046808838844e-05,0.000945500039961189,0.0010272919898852706,-8.179194992408156e-05
11011,15,11,0,0,0.0005622500320896506,2.9666000045835972e-05,0.0006882919697090983,1.4332996215671301e-05,0.0012945409980602562,0.001274416979867965,2.012401819229126e-05
11011,16,11,0,0,0.0005659580347128212,2.8749986086040735e-05,0.0007010420085862279,1.429201802238822e-05,0.001310042047407478,0.0009777500526979566,0.00033229199470952153
11011,17,12,1,1,0.0005789999850094318,2.9875023756176233e-05,0.0003696249914355576,1.5249999705702066e-05,0.0009937499999068677,0.0010089579736813903,-1.5207973774522543e-05
11011,18,11,0,0,0.0005720839835703373,2.9582995921373367e-05,0.00048566702753305435,1.4416000340133905e-05,0.001101750007364899,0.0011333329603075981,-3.1582952942699194e-05
11011,19,11,0,0,0.0005607920465990901,2.8999987989664078e-05,0.0011634579859673977,1.487502595409751e-05,0.0017681250465102494,0.0021612090058624744,-0.00039308395935222507
11011,20,11,0,0,0.000556332990527153,3.137503517791629e-05,0.0003345829900354147,1.4042016118764877e-05,0.0009363330318592489,0.0009592080023139715,-2.2874970454722643e-05
11011,21,11,1,1,0.0005598749849013984,2.8375012334436178e-05,0.00033558299764990807,1.4375022146850824e-05,0.0009382080170325935,0.0009443750022910535,-6.166985258460045e-06
11011,22,10,1,1,0.0005623750039376318,3.0125025659799576e-05,0.0005923329736106098,1.591700129210949e-05,0.0012007500045001507,0.0012540420284494758,-5.3292023949325085e-05
11011,23,9,2,2,0.0005404999828897417,2.9999995604157448e-05,0.0008494170033372939,1.6250007320195436e-05,0.0014361669891513884,0.0016807909705676138,-0.00024462398141622543
11011,24,7,0,0,0.0004917080514132977,2.9166985768824816e-05,0.0003227079869247973,1.5125027857720852e-05,0.0008587080519646406,0.000959457946009934,-0.00010074989404529333
11011,25,7,1,1,0.0004766249912790954,2.9583985451608896e-05,0.0006458330317400396,1.4666991773992777e-05,0.0011667090002447367,0.0012390830088406801,-7.237400859594345e-05
11011,26,6,0,0,0.0004522919771261513,2.8291018679738045e-05,0.0003167500253766775,1.4124962035566568e-05,0.0008114579832181334,0.000835042039398104,-2.3584056179970503e-05
11011,27,6,0,0,0.00044829200487583876,2.829096047207713e-05,0.0003158340114168823,1.3665994629263878e-05,0.000806082971394062,0.000828790944069624,-2.2707972675561905e-05
11011,28,6,0,0,0.0004807499935850501,3.1333998776972294e-05,0.0007547910208813846,2.13750172406435e-05,0.0012882500304840505,0.0014171669608913362,-0.0001289169304072857
11011,29,6,0,0,0.00045266601955518126,3.125000512227416e-05,0.0005942499847151339,1.5708967112004757e-05,0.001093874976504594,0.0010001659975387156,9.370897896587849e-05
11011,30,6,0,0,0.0004527500132098794,2.762500662356615e-05,0.00040262500988319516,1.4458026271313429e-05,0.0008974580559879541,0.0008703750208951533,2.7083035092800856e-05
11011,31,6,0,0,0.00045120896538719535,2.8125010430812836e-05,0.0016000830219127238,2.058298559859395e-05,0.002099999983329326,0.0011777919717133045,0.0009222080116160214
11011,32,6,0,0,0.0004531670128926635,3.4999975468963385e-05,0.0010609159944579005,1.4833989553153515e-05,0.001563916972372681,0.0027420420083217323,-0.0011781250359490514
11011,33,6,0,0,0.00045537500409409404,3.21660190820694e-05,0.0009093749686144292,1.5542027540504932e-05,0.0014124580193310976,0.0014676250284537673,-5.51670091226697e-05
11011,34,6,0,0,0.0004526250413618982,2.8707960154861212e-05,0.0003364169970154762,1.3666052836924791e-05,0.0008314160513691604,0.0008406660053879023,-9.249954018741846e-06
11011,35,6,1,1,0.000450958963483572,2.8083042707294226e-05,0.000727167003788054,1.4416000340133905e-05,0.0012206250103190541,0.0008924999856390059,0.00032812502468004823
11011,36,5,2,2,0.0004279169952496886,2.9499991796910763e-05,0.00034754100488498807,1.650000922381878e-05,0.0008214580011554062,0.0020979169639758766,-0.0012764589628204703
11011,37,3,0,0,0.0003838330158032477,2.8166978154331446e-05,0.0006156660383567214,1.4583987649530172e-05,0.0010422500199638307,0.0009234590106643736,0.00011879100929945707
11011,38,3,1,1,0.0003832079819403589,2.8333044610917568e-05,0.0003124169888906181,1.4707969967275858e-05,0.0007386659854091704,0.0007758749998174608,-3.7209014408290386e-05
11011,39,2,0,0,0.000355833035428077,2.8624956030398607e-05,0.0003113750135526061,1.5792029444128275e-05,0.00071162503445521,0.00078691600356251,-7.529096910730004e-05
11011,40,2,1,1,0.00036283303052186966,2.8499984182417393e-05,0.000502333976328373,1.4375022146850824e-05,0.0009080420131795108,0.0011348329717293382,-0.00022679095854982734
11011,41,1,1,1,0.00033587496727705,3.2540992833673954e-05,0.00043812498915940523,1.7125043086707592e-05,0.0008236659923568368,0.0011426660348661244,-0.0003190000425092876
11011,42,0,0,0,0.00031879200832918286,2.8582988306879997e-05,0.00032000005012378097,1.5041965525597334e-05,0.0006824170122854412,0.0007144590490497649,-3.204203676432371e-05
11011,43,0,0,0,0.00031350000062957406,3.0082999728620052e-05,0.00029912497848272324,1.4416989870369434e-05,0.0006571249687112868,0.0006963750347495079,-3.925006603822112e-05
11011,44,0,0,0,0.00031520798802375793,2.820801455527544e-05,0.00039300002390518785,1.4166987966746092e-05,0.0007505830144509673,0.001059125002939254,-0.00030854198848828673
11011,45,0,0,0,0.00031204201513901353,2.8250040486454964e-05,0.00029920798260718584,1.395796425640583e-05,0.0006534580024890602,0.0008450410095974803,-0.00019158300710842013
11011,46,0,0,0,0.00031108298571780324,2.7542002499103546e-05,0.0006073329714126885,1.4042016118764877e-05,0.0009599999757483602,0.000667833024635911,0.00029216695111244917
11011,47,0,2,0,0.0003162499633617699,2.9083050321787596e-05,0.00031058298191055655,1.3625016435980797e-05,0.0006695410120300949,0.0011242920299991965,-0.00045475101796910167
11011,48,0,4,0,0.0003257080097682774,2.8707960154861212e-05,0.00046845903852954507,1.354096457362175e-05,0.0008364159730263054,0.0006892499513924122,0.00014716602163389325
11011,49,0,5,0,0.00031541602220386267,2.766697434708476e-05,0.0007876669988036156,1.3375014532357454e-05,0.0011441250098869205,0.0006851250072941184,0.00045900000259280205
11012,0,0,6,0,0.0003201250219717622,2.8292008209973574e-05,0.0006986249936744571,1.3749988283962011e-05,0.0010607920121401548,0.0011838750215247273,-0.0001230830093845725
11012,1,1,6,0,0.0003387919859960675,2.820801455527544e-05,0.00033175002317875624,1.3541954103857279e-05,0.0007122919778339565,0.000730458996258676,-1.8167018424719572e-05
11012,2,2,6,0,0.00035929196747019887,2.762500662356615e-05,0.0006155419978313148,1.3665994629263878e-05,0.0010161249665543437,0.0010246249730698764,-8.500006515532732e-06
11012,3,2,6,0,0.0003656659973785281,2.779200440272689e-05,0.0003161249915137887,1.3792014215141535e-05,0.0007233750075101852,0.000741249998100102,-1.7874990589916706e-05
11012,4,3,6,0,0.00040191703010350466,3.125000512227416e-05,0.00042925000889226794,1.6207981389015913e-05,0.0008786250255070627,0.0009630420245230198,-8.441699901595712e-05
11012,5,4,6,0,0.0004034999874420464,2.8333975933492184e-05,0.00033791601890698075,1.3042008504271507e-05,0.0007827919907867908,0.0009942500037141144,-0.00021145801292732358
11012,6,5,6,1,0.0004274160019122064,2.7709000278264284e-05,0.000617499987129122,1.4458026271313429e-05,0.0010870830155909061,0.0008544999873265624,0.00023258302826434374
11012,7,5,5,5,0.00042879197280853987,2.762500662356615e-05,0.0005422920221462846,1.550000160932541e-05,0.001014209003187716,0.0008170829969458282,0.0001971260062418878
11012,8,2,0,0,0.0003635830362327397,2.8041948098689318e-05,0.0004982080426998436,1.3541954103857279e-05,0.0009033749811351299,0.0010255000088363886,-0.00012212502770125866
11012,9,3,0,0,0.0003805840387940407,2.7624948415905237e-05,0.00030754104955121875,1.3458949979394674e-05,0.0007292089867405593,0.0007467909599654377,-1.758197322487831e-05
11012,10,6,0,0,0.0004514169995673001,2.7665984816849232e-05,0.0005012499750591815,1.329201040789485e-05,0.0009936249698512256,0.0008588749915361404,0.00013474997831508517
11012,11,7,1,1,0.00047908397391438484,3.2957992516458035e-05,0.0003854170208796859,1.612497726455331e-05,0.0009135839645750821,0.0009556669974699616,-4.208303289487958e-05
11012,12,7,0,0,0.0004627089947462082,2.9291026294231415e-05,0.0004291249788366258,1.508404966443777e-05,0.0009362090495415032,0.0009183750371448696,1.7834012396633625e-05
11012,13,8,0,0,0.0005017920047976077,2.90420139208436e-05,0.0006085410132072866,1.3541954103857279e-05,0.0011529169860295951,0.000908166985027492,0.0002447500010021031
11012,14,9,1,1,0.000522665970493108,2.9999995604157448e-05,0.0006209589773789048,1.5125027857720852e-05,0.0011887499713338912,0.0013006249791942537,-0.00011187500786036253
11012,15,8,2,2,0.0004955840413458645,2.9499991796910763e-05,0.00033974996767938137,1.591601176187396e-05,0.0008807500125840306,0.0009131670230999589,-3.241701051592827e-05
11012,16,6,0,0,0.00044404197251424193,2.862501423805952e-05,0.00035104103153571486,1.6000005416572094e-05,0.0008397080237045884,0.0009695000480860472,-0.00012979202438145876
11012,17,8,1,1,0.0004834589781239629,2.7958012651652098e-05,0.0009088329970836639,1.7084006685763597e-05,0.0014373339945450425,0.0017771249986253679,-0.00033979100408032537
11012,18,7,0,0,0.0004740419681183994,2.8125010430812836e-05,0.0003440830041654408,1.4249992091208696e-05,0.0008604999748058617,0.0015539589803665876,-0.0006934590055607259
11012,19,7,1,1,0.00047629198525100946,3.3582968171685934e-05,0.0003397919936105609,1.5416007954627275e-05,0.0008650829549878836,0.0011529169860295951,-0.00028783403104171157
11012,20,6,0,0,0.00046300003305077553,2.9666000045835972e-05,0.000522291986271739,1.595797948539257e-05,0.001030915998853743,0.0008362910011783242,0.00019462499767541885
11012,21,6,0,0,0.0004530840087682009,2.8082984499633312e-05,0.0004337920108810067,1.3832992408424616e-05,0.0009287919965572655,0.0010085829999297857,-7.979100337252021e-05
11012,22,6,0,0,0.00045091600622981787,2.804200630635023e-05,0.0008785419631749392,1.3375014532357454e-05,0.0013708749902434647,0.0009813749929890037,0.00038949999725446105
11012,23,6,1,1,0.0004533749888651073,2.8416048735380173e-05,0.00031508394749835134,1.383305061608553e-05,0.0008107080357149243,0.000950540998019278,-0.00013983296230435371
11012,24,5,0,0,0.00043358298717066646,2.800003858283162e-05,0.00033054198138415813,1.3666984159499407e-05,0.0008057919912971556,0.0008084999863058329,-2.707995008677244e-06
11012,25,5,0,0,0.00042320904321968555,2.7708010748028755e-05,0.0003150419797748327,1.3208016753196716e-05,0.0007791670504957438,0.0009054580004885793,-0.00012629094999283552
11012,26,5,0,0,0.0004254580126143992,2.8834037948399782e-05,0.0003292909823358059,1.5291967429220676e-05,0.0007988750003278255,0.000866167014464736,-6.729201413691044e-05
11012,27,5,0,0,0.0004267499898560345,2.8458016458898783e-05,0.0004005000228062272,1.4749995898455381e-05,0.0008704580250196159,0.000799959001597017,7.049902342259884e-05
11012,28,5,2,2,0.0004292079829610884,2.862501423805952e-05,0.00031920900801196694,1.4999997802078724e-05,0.0007920420030131936,0.0012643749942071736,-0.00047233299119398
11012,29,3,1,1,0.00039420800749212503,2.962502185255289e-05,0.00032591697527095675,1.491600414738059e-05,0.0007646660087630153,0.0008915839716792107,-0.0001269179629161954
11012,30,2,0,0,0.0003577919560484588,2.8125010430812836e-05,0.0003049580263905227,1.3999990187585354e-05,0.0007048749830573797,0.0007274579838849604,-2.258300082758069e-05
11012,31,2,2,2,0.0003566249506548047,2.800003858283162e-05,0.0006862920126877725,1.7249956727027893e-05,0.0010881669586524367,0.0008890830213204026,0.0001990839373320341
11012,32,0,1,0,0.00031541596399620175,2.8084032237529755e-05,0.00031470798421651125,1.3832992408424616e-05,0.0006720409728586674,0.0006849580095149577,-1.2917036656290293e-05
11012,33,0,1,0,0.0003158340114168823,2.7624948415905237e-05,0.0008779159979894757,1.4542019926011562e-05,0.0012359169777482748,0.0012480830191634595,-1.2166041415184736e-05
11012,34,0,1,0,0.00031166599364951253,3.024999750778079e-05,0.0006466670311056077,1.4541961718350649e-05,0.0010031249839812517,0.001287166029214859,-0.0002840410452336073
11012,35,0,1,0,0.00031224999111145735,2.8250040486454964e-05,0.00034016696736216545,1.4749995898455381e-05,0.0006954169948585331,0.0008850420126691461,-0.00018962501781061292
11012,36,0,1,0,0.0003157079918310046,2.8125010430812836e-05,0.0003480419982224703,1.4249992091208696e-05,0.0007061249925754964,0.0010683340369723737,-0.0003622090443968773
11012,37,0,3,0,0.00031329202465713024,2.7875008527189493e-05,0.00030833296477794647,1.40840420499444e-05,0.0006635840400122106,0.000680500001180917,-1.6915961168706417e-05
11012,38,0,4,0,0.00031099998159334064,2.762500662356615e-05,0.0005627080099657178,1.4583987649530172e-05,0.0009159169858321548,0.0006774999783374369,0.00023841700749471784
11012,39,0,5,0,0.0003295420319773257,3.062497125938535e-05,0.00037804199382662773,1.491600414738059e-05,0.0007531250012107193,0.0013860000181011856,-0.0006328750168904662
11012,40,0,5,0,0.00031579204369336367,2.8624956030398607e-05,0.0005012910114601254,1.3542012311518192e-05,0.0008592500234954059,0.0011937920353375375,-0.0003345420118421316
11012,41,0,5,0,0.0003398749977350235,5.162495654076338e-05,0.0006476250127889216,1.6625039279460907e-05,0.0010557500063441694,0.0010157909709960222,3.9959035348147154e-05
11013,0,0,6,0,0.0003131250268779695,2.945796586573124e-05,0.000378292053937912,1.837499439716339e-05,0.0007392500410787761,0.0007432919810526073,-4.041939973831177e-06
11013,1,0,6,0,0.00031716597732156515,2.845900598913431e-05,0.0006191660067997873,1.3959011994302273e-05,0.000978750002104789,0.0009957500151358545,-1.7000013031065464e-05
11013,2,1,6,0,0.00033895799424499273,2.987496554851532e-05,0.00033420900581404567,1.5083001926541328e-05,0.000718124967534095,0.0013361669844016433,-0.0006180420168675482
11013,3,3,6,0,0.0003802920109592378,2.8499984182417393e-05,0.00036529102362692356,1.433398574590683e-05,0.0007884170045144856,0.0007754580001346767,1.2959004379808903e-05
11013,4,4,6,0,0.00040249997982755303,2.8333044610917568e-05,0.00032745901262387633,1.4415942132472992e-05,0.0007727079791948199,0.0007970419828779995,-2.4334003683179617e-05
11013,5,5,6,0,0.00042745802784338593,2.78339721262455e-05,0.00047733302926644683,1.6874982975423336e-05,0.0009495000122115016,0.0009089169907383621,4.0583021473139524e-05
11013,6,7,6,0,0.0004660409758798778,2.8959009796380997e-05,0.0008637080318294466,1.7457990907132626e-05,0.001376166008412838,0.0008886249852366745,0.00048754102317616343
11013,7,9,6,4,0.0005168330390006304,2.8749986086040735e-05,0.0006672919844277203,1.6625039279460907e-05,0.0012295000487938523,0.0016690000193193555,-0.00043949997052550316
11013,8,6,2,2,0.00045558303827419877,2.845795825123787e-05,0.0006170840351842344,1.4499993994832039e-05,0.001115625025704503,0.00234120903769508,-0.001225584011990577
11013,9,5,0,0,0.00042933301301673055,2.8959009796380997e-05,0.0008237910224124789,1.4874967746436596e-05,0.001296958012972027,0.0014213750255294144,-0.00012441701255738735
11013,10,5,0,0,0.0004238330293446779,2.8916983865201473e-05,0.0008047079900279641,1.4209013897925615e-05,0.0012716670171357691,0.0018089159857481718,-0.0005372489686124027
11013,11,6,0,0,0.0004535410553216934,2.9333983547985554e-05,0.0005343749653548002,1.3708020560443401e-05,0.0010309580247849226,0.0011193749960511923,-8.841697126626968e-05
11013,12,6,0,0,0.00047625001752749085,3.095902502536774e-05,0.000331540999468416,1.5041965525597334e-05,0.0008537920075468719,0.001273999980185181,-0.000420207972638309
11013,13,6,0,0,0.00044770899694412947,2.824998227879405e-05,0.00034725002478808165,1.3874960131943226e-05,0.0008370839641429484,0.0010012080310843885,-0.0001641240669414401
11013,14,6,0,0,0.0005012080073356628,3.633397864177823e-05,0.000980583019554615,1.8874998204410076e-05,0.0015370000037364662,0.0008319589542225003,0.0007050410495139658
11013,15,6,2,2,0.00045420799870043993,2.8499984182417393e-05,0.0010977500351145864,8.874997729435563e-05,0.0016692079952917993,0.0010794579866342247,0.0005897500086575747
11013,16,5,0,0,0.00044000003254041076,3.0207971576601267e-05,0.000612792035099119,1.85410026460886e-05,0.0011015410418622196,0.002092165988869965,-0.0009906249470077455
11013,17,10,1,1,0.0005416250205598772,2.8166978154331446e-05,0.00032816699240356684,1.4999997802078724e-05,0.0009129589889198542,0.000952292000874877,-3.933301195502281e-05
11013,18,9,0,0,0.0005194999976083636,2.824998227879405e-05,0.0006379590486176312,1.3874960131943226e-05,0.001199583988636732,0.0015600830083712935,-0.00036049901973456144
11013,19,9,1,1,0.0005198330036364496,2.779200440272689e-05,0.001166165980976075,1.8000020645558834e-05,0.0017317910096608102,0.0009154159924946725,0.0008163750171661377
11013,20,8,2,2,0.0004955000476911664,2.887495793402195e-05,0.00045904202852398157,1.5624973457306623e-05,0.0009990420076064765,0.0009396250243298709,5.9416983276605606e-05
11013,21,6,0,0,0.0004510830040089786,2.845900598913431e-05,0.00033258297480642796,1.3792014215141535e-05,0.0008259169990196824,0.0008751249988563359,-4.920799983665347e-05
11013,22,6,0,0,0.0004527089768089354,2.820801455527544e-05,0.0008977500256150961,1.3832992408424616e-05,0.0013925000093877316,0.0011513750068843365,0.00024112500250339508
11013,23,6,0,0,0.00044908298877999187,2.7292000595480204e-05,0.0003126250230707228,1.3458018656820059e-05,0.000802458031103015,0.001154333003796637,-0.0003518749726936221
11013,24,6,0,0,0.00045116699766367674,2.775003667920828e-05,0.0003506249631755054,1.3500044587999582e-05,0.00084304204210639,0.0008207080536521971,2.2333988454192877e-05
11013,25,6,1,1,0.0004434159491211176,2.958404365926981e-05,0.0003573329886421561,1.6457983292639256e-05,0.0008467909647151828,0.0010917499894276261,-0.00024495902471244335
11013,26,5,0,0,0.00046604202361777425,4.4041022192686796e-05,0.00037475000135600567,1.8083956092596054e-05,0.0009029170032590628,0.0008322920184582472,7.062498480081558e-05
11013,27,5,0,0,0.00042987498454749584,2.8333975933492184e-05,0.0003400000277906656,1.3665994629263878e-05,0.0008118749829009175,0.00093495799228549,-0.0001230830093845725
11013,28,5,1,1,0.0004285000031813979,2.783298259600997e-05,0.0009024580358527601,1.5208963304758072e-05,0.001373999984934926,0.0008374999742954969,0.0005365000106394291
11013,29,4,0,0,0.00041033304296433926,5.6416960433125496e-05,0.0003623749944381416,1.8125050701200962e-05,0.0008472500485368073,0.0007809999515302479,6.625009700655937e-05
11013,30,4,0,0,0.0004309579962864518,3.1750008929520845e-05,0.0003164589870721102,1.4874967746436596e-05,0.0007940419600345194,0.0007932090084068477,8.329516276717186e-07
11013,31,4,2,2,0.00040966697270050645,2.8833048418164253e-05,0.00039479200495406985,1.6624981071799994e-05,0.0008499170071445405,0.0008029169985093176,4.700000863522291e-05
11013,32,2,0,0,0.00036162504693493247,2.866698196157813e-05,0.00030166597571223974,1.3959011994302273e-05,0.0007059170166030526,0.0007292079972103238,-2.3290980607271194e-05
11013,33,2,0,0,0.0003580839838832617,2.9332994017750025e-05,0.0007472499855794013,1.4375022146850824e-05,0.0011490419856272638,0.00094691599952057,0.00020212598610669374
11013,34,2,1,1,0.00036812503822147846,2.9332994017750025e-05,0.0007316250121220946,1.4249992091208696e-05,0.0011433330364525318,0.0012296250206418335,-8.629198418930173e-05
11013,35,1,1,1,0.0003575420123524964,3.15000070258975e-05,0.0009153329883702099,1.5833997167646885e-05,0.0013202090049162507,0.0008080829866230488,0.0005121260182932019
11013,36,0,1,0,0.000309416966047138,2.8041016776114702e-05,0.0012287090066820383,9.474996477365494e-05,0.001660916954278946,0.0007028330001048744,0.0009580839541740716
11013,37,0,2,0,0.0003119580214843154,2.7749978471547365e-05,0.0003297500079497695,1.4874967746436596e-05,0.0006843329756520689,0.0007196249789558351,-3.529200330376625e-05
11013,38,0,4,0,0.0003120419569313526,2.9667047783732414e-05,0.001269000000320375,1.6207981389015913e-05,0.001626916986424476,0.0010904580121859908,0.0005364589742384851
11013,39,0,5,0,0.00031408300856128335,2.879201201722026e-05,0.0007272909861057997,1.5459023416042328e-05,0.0010856250301003456,0.0016569170402362943,-0.0005712920101359487
11013,40,0,5,0,0.00031429098453372717,2.8125010430812836e-05,0.001174875011201948,1.637497916817665e-05,0.0015336659853346646,0.0006960000027902424,0.0008376659825444221
11013,41,0,5,0,0.00031700002728030086,2.8499984182417393e-05,0.0006273749750107527,1.4582998119294643e-05,0.0009874579845927656,0.0009763750131241977,1.1082971468567848e-05
11013,42,0,5,0,0.00033062504371628165,2.970895729959011e-05,0.0021409160108305514,1.8291990272700787e-05,0.002519542002119124,0.0013861250481568277,0.0011334169539622962
11014,0,0,6,0,0.0003302500117570162,3.0333001632243395e-05,0.0007748749922029674,1.54580338858068e-05,0.0011509160394780338,0.0015438339905813336,-0.00039291795110329986
11014,1,2,6,0,0.0003636250039562583,2.8958951588720083e-05,0.0009939580340869725,1.7041980754584074e-05,0.001403583970386535,0.0007901249919086695,0.0006134589784778655
11014,2,2,6,0,0.00036041700514033437,2.8458016458898783e-05,0.0006427919724956155,3.545801155269146e-05,0.00106712500564754,0.0008138749981299043,0.0002532500075176358
11014,3,3,6,0,0.0003844170132651925,2.887495793402195e-05,0.0007934580207802355,1.808302477002144e-05,0.0012248330167494714,0.000842333014588803,0.0003825000021606684
11014,4,3,6,0,0.00037691701436415315,2.862501423805952e-05,0.0007031660061329603,1.6041973140090704e-05,0.0011247500078752637,0.0008039160165935755,0.0003208339912816882
11014,5,5,6,0,0.0004320000298321247,2.8125010430812836e-05,0.0004970000009052455,1.6832957044243813e-05,0.0009739579982124269,0.0011038749944418669,-0.00012991699622943997
11014,6,6,6,1,0.0004988329601474106,3.5334029234945774e-05,0.0003541659680195153,1.7000013031065464e-05,0.0009053329704329371,0.0008612090023234487,4.412396810948849e-05
11014,7,5,5,5,0.00043395900866016746,2.829096047207713e-05,0.0003439590218476951,1.691601937636733e-05,0.000823125010356307,0.0008358749910257757,-1.2749980669468641e-05
11014,8,2,0,0,0.0003582499921321869,2.8542010113596916e-05,0.0005644999910145998,1.4542019926011562e-05,0.0009658340131863952,0.001300125033594668,-0.00033429102040827274
11014,9,3,0,0,0.0004034999874420464,2.9332994017750025e-05,0.0007375419954769313,1.6416015569120646e-05,0.0011867909925058484,0.0007862079655751586,0.0004005830269306898
11014,10,3,0,0,0.0003755000070668757,2.8416980057954788e-05,0.0005127080366946757,1.712498487904668e-05,0.0009337500086985528,0.0007647079764865339,0.00016904203221201897
11014,11,3,0,0,0.000380834040697664,2.783298259600997e-05,0.0005496250232681632,1.3666984159499407e-05,0.0009719590307213366,0.0010653329663909972,-9.337393566966057e-05
11014,12,3,0,0,0.000381499994546175,2.9666000045835972e-05,0.0009096249705180526,1.550000160932541e-05,0.001336290966719389,0.0014915420324541628,-0.00015525106573477387
11014,13,6,1,1,0.00044254102976992726,2.879201201722026e-05,0.00041683297604322433,1.4959019608795643e-05,0.0009031250374391675,0.001131500001065433,-0.00022837496362626553
11014,14,7,0,0,0.0005046669975854456,3.162497887387872e-05,0.0005439579836092889,1.6125035472214222e-05,0.0010963749955408275,0.0008515410008840263,0.0002448339946568012
11014,15,8,0,0,0.0004989169538021088,2.820801455527544e-05,0.00035895901964977384,1.750001683831215e-05,0.0009035840048454702,0.0008863749681040645,1.7209036741405725e-05
11014,16,10,2,2,0.0005625420017167926,3.066600766032934e-05,0.000714500027243048,1.6291975043714046e-05,0.001324000011663884,0.001056124980095774,0.00026787503156811
11014,17,8,1,1,0.000501292000990361,2.820801455527544e-05,0.0003292079782113433,1.5125027857720852e-05,0.0008738330216147006,0.0009111669496633112,-3.733392804861069e-05
11014,18,7,2,2,0.00047320802696049213,2.8333975933492184e-05,0.00034912500996142626,1.4499993994832039e-05,0.0008651670068502426,0.001483707979787141,-0.0006185409729368985
11014,19,6,0,0,0.00045475002843886614,2.862501423805952e-05,0.0003177920007146895,1.3624958228319883e-05,0.000814792001619935,0.000839084037579596,-2.4292035959661007e-05
11014,20,6,0,0,0.0008754170266911387,3.3374992199242115e-05,0.00033970799995586276,1.7332960851490498e-05,0.0012658329796977341,0.0013508329866454005,-8.50000069476664e-05
11014,21,6,0,0,0.0004473330336622894,2.8541951905936003e-05,0.00034550001146271825,1.491699367761612e-05,0.0008362919907085598,0.0008360829669982195,2.0902371034026146e-07
11014,22,6,0,0,0.0004537920467555523,2.8665992431342602e-05,0.0005979999550618231,1.3834040146321058e-05,0.001094292034395039,0.001652708975598216,-0.000558416941203177
11014,23,6,0,0,0.00044716597767546773,2.8084032237529755e-05,0.0006250410224311054,1.579197123646736e-05,0.0011160830035805702,0.0014472909970209002,-0.00033120799344033003
11014,24,6,1,1,0.0004545830306597054,2.7959002181887627e-05,0.00035975000355392694,1.737498678267002e-05,0.00085966702317819,0.0008313329890370369,2.8334034141153097e-05
11014,25,5,1,1,0.0004418339813128114,2.9540969990193844e-05,0.000352917006239295,1.687504118308425e-05,0.0008411669987253845,0.0010444590006954968,-0.00020329200197011232
11014,26,4,1,1,0.00040883402107283473,2.8458016458898783e-05,0.001086499949451536,1.4583056326955557e-05,0.001538375043310225,0.001187915971968323,0.000350459071341902
11014,27,3,0,0,0.0003833329537883401,2.820801455527544e-05,0.00042225001379847527,1.3542012311518192e-05,0.000847332994453609,0.001102958049159497,-0.00025562505470588803
11014,28,3,1,1,0.0003860840224660933,2.8207956347614527e-05,0.0003124580252915621,1.387501833960414e-05,0.000740625022444874,0.0007545420085079968,-1.391698606312275e-05
11014,29,2,2,2,0.0003597079776227474,2.779200440272689e-05,0.0003150000120513141,1.429201802238822e-05,0.0007167920120991766,0.0007394170388579369,-2.2625026758760214e-05
11014,30,0,1,0,0.00031712499912828207,2.8166978154331446e-05,0.0003059169976040721,1.3333046808838844e-05,0.0006645420216955245,0.0006959169986657798,-3.1374976970255375e-05
11014,31,0,1,0,0.0003124589566141367,2.7291011065244675e-05,0.0003440420259721577,1.3416982255876064e-05,0.0006972089759074152,0.000742665957659483,-4.5456981752067804e-05
11014,32,0,1,0,0.00031637499341741204,2.779101487249136e-05,0.000484999967738986,1.3625016435980797e-05,0.0008427909924648702,0.0010397500009275973,-0.00019695900846272707
11014,33,0,4,0,0.0003291660104878247,3.1917006708681583e-05,0.00033474998781457543,1.5083001926541328e-05,0.000710916006937623,0.0011471250327304006,-0.00043620902579277754
11014,34,0,5,0,0.0003088750527240336,2.8791953809559345e-05,0.00037937500746920705,1.429201802238822e-05,0.0007313340320251882,0.0007222080021165311,9.126029908657074e-06
11014,35,0,5,0,0.00030987500213086605,2.824998227879405e-05,0.000305499997921288,1.3542012311518192e-05,0.0006571669946424663,0.0007055829628370702,-4.841596819460392e-05
11015,0,0,6,0,0.0003184590023010969,2.9957969672977924e-05,0.0003296250361017883,1.4874967746436596e-05,0.0006929169758222997,0.0007346670026890934,-4.175002686679363e-05
11015,1,1,6,0,0.000339917023666203,2.7749978471547365e-05,0.0003220000071451068,1.4332996215671301e-05,0.0007040000054985285,0.0007190000033006072,-1.4999997802078724e-05
11015,2,1,6,0,0.0003389160265214741,2.820900408551097e-05,0.00035391596611589193,1.3999990187585354e-05,0.0007350409869104624,0.0007038330077193677,3.120797919109464e-05
11015,3,3,6,0,0.0003757079830393195,2.762500662356615e-05,0.001262500009033829,1.4459015801548958e-05,0.0016802920144982636,0.0008557499968446791,0.0008245420176535845
11015,4,4,6,0,0.00040395796531811357,3.1333998776972294e-05,0.0003867500345222652,1.4082994312047958e-05,0.000836124992929399,0.0007951669977046549,4.095799522474408e-05
11015,5,5,6,0,0.0004306670161895454,2.7958012651652098e-05,0.00032195798121392727,1.3666984159499407e-05,0.0007942499942146242,0.0008135000243782997,-1.9250030163675547e-05
11015,6,6,6,0,0.00045074999798089266,2.7999980375170708e-05,0.0009070420055650175,1.4165998436510563e-05,0.0013999579823575914,0.0010347909992560744,0.00036516698310151696
11015,7,6,6,2,0.00047441700007766485,2.9332994017750025e-05,0.0005889590247534215,1.7790996935218573e-05,0.001110500015784055,0.0008515840163454413,0.00025891599943861365
11015,8,5,4,4,0.00042699999175965786,2.8375012334436178e-05,0.0008279579924419522,1.6041973140090704e-05,0.001299374969676137,0.0011024170089513063,0.00019695796072483063
11015,9,4,0,0,0.00040983303915709257,2.808397402986884e-05,0.0005452909972518682,1.3999990187585354e-05,0.000997208000626415,0.0012584999785758555,-0.0002612919779494405
11015,10,5,0,0,0.00042083399603143334,2.7958012651652098e-05,0.00038425001548603177,1.3542012311518192e-05,0.0008465840364806354,0.0010215420043095946,-0.00017495796782895923
11015,11,8,0,0,0.0004933750024065375,2.7915986720472574e-05,0.00032033398747444153,1.3499986380338669e-05,0.0008551249629817903,0.0008679160382598639,-1.279107527807355e-05
11015,12,8,0,0,0.0004950829898007214,2.779200440272689e-05,0.0004705000319518149,1.4082994312047958e-05,0.0010074580204673111,0.0008686250075697899,0.00013883301289752126
11015,13,9,0,0,0.0005482090055011213,3.149994881823659e-05,0.00038583303103223443,1.591700129210949e-05,0.0009814589866437018,0.0015197080210782588,-0.000538249034434557
11015,14,9,0,0,0.0005404159892350435,2.924998989328742e-05,0.0006172920111566782,1.5208031982183456e-05,0.0012021660222671926,0.0009479169966652989,0.00025424902560189366
11015,15,10,0,0,0.0005585000035353005,2.804095856845379e-05,0.000329042028170079,1.4249992091208696e-05,0.000929832982365042,0.0009663750533945858,-3.654207102954388e-05
11015,16,12,0,0,0.0005807499983347952,2.7958012651652098e-05,0.0004403750062920153,1.575000351294875e-05,0.0010648330207914114,0.0009843340376392007,8.049898315221071e-05
11015,17,12,1,1,0.0005865829880349338,2.8458016458898783e-05,0.0007071250001899898,1.387501833960414e-05,0.0013360410230234265,0.001323290984146297,1.2750038877129555e-05
11015,18,11,1,1,0.0011280409526079893,3.1542032957077026e-05,0.0010172919719479978,1.8457998521625996e-05,0.00219533295603469,0.0019025420187972486,0.00029279093723744154
11015,19,10,3,3,0.0005472500342875719,2.8582988306879997e-05,0.0006666249828413129,1.5208031982183456e-05,0.0012576660374179482,0.001025000005029142,0.00023266603238880634
11015,20,7,1,1,0.00047562498366460204,2.879102248698473e-05,0.0007897919858805835,1.4833000022917986e-05,0.0013090409920550883,0.0009324580314569175,0.00037658296059817076
11015,21,6,0,0,0.0004571659956127405,2.9500050004571676e-05,0.000353958981577307,1.4833000022917986e-05,0.0008554580272175372,0.001343499985523522,-0.00048804195830598474
11015,22,6,0,0,0.0004498329944908619,2.804200630635023e-05,0.0004784580087289214,1.4124962035566568e-05,0.0009704579715617001,0.0015324169653467834,-0.0005619589937850833
11015,23,6,0,0,0.00045408395817503333,3.0041032005101442e-05,0.0005450419848784804,1.5792029444128275e-05,0.0010449590045027435,0.001982916030101478,-0.0009379570255987346
11015,24,6,0,0,0.00044591602636501193,2.804200630635023e-05,0.0009053329704329371,1.3625016435980797e-05,0.00139291601954028,0.002209250000305474,-0.0008163339807651937
11015,25,6,1,1,0.00044179195538163185,2.7958012651652098e-05,0.0010614999919198453,2.7375004719942808e-05,0.001558624964673072,0.00117125001270324,0.0003873749519698322
11015,26,5,0,0,0.0004403750062920153,2.9292015824466944e-05,0.0003347909660078585,1.5375029761344194e-05,0.000819833017885685,0.0011259170132689178,-0.00030608399538323283
11015,27,5,0,0,0.0011309160036034882,3.9041973650455475e-05,0.000667083018925041,1.7417012713849545e-05,0.0018544580088928342,0.0016122080269269645,0.00024224998196586967
11015,28,5,0,0,0.00042220804607495666,2.9333983547985554e-05,0.0004607079899869859,1.5416997484862804e-05,0.0009276670170947909,0.001344334043096751,-0.00041666702600196004
11015,29,5,1,1,0.0004342499887570739,2.8708018362522125e-05,0.00033533398527652025,1.4165998436510563e-05,0.0008124579908326268,0.000907458015717566,-9.50000248849392e-05
11015,30,4,0,0,0.00041833403520286083,3.108294913545251e-05,0.0007781250169500709,1.6625039279460907e-05,0.001244167040567845,0.0007845420041121542,0.00045962503645569086
11015,31,4,2,2,0.0003996670129708946,2.8999987989664078e-05,0.0006799580296501517,1.537497155368328e-05,0.0011240000021643937,0.0011207499774172902,3.2500247471034527e-06
11015,32,2,1,1,0.0003629580023698509,2.908398164436221e-05,0.0005830410518683493,1.579197123646736e-05,0.0009908750071190298,0.0012377090170048177,-0.00024683400988578796
11015,33,1,2,1,0.000338749960064888,2.7917034458369017e-05,0.00030745798721909523,1.3959011994302273e-05,0.0006880839937366545,0.0010045830276794732,-0.00031649903394281864
11015,34,0,1,0,0.00031587498961016536,2.7709000278264284e-05,0.0003951250109821558,1.3249984476715326e-05,0.0007519589853473008,0.0010852499981410801,-0.0003332910127937794
11015,35,0,1,0,0.0003165840171277523,2.7582980692386627e-05,0.0003885829937644303,1.370901009067893e-05,0.0007464590016752481,0.0006721249665133655,7.433403516188264e-05
11015,36,0,2,0,0.0003182090003974736,2.7375004719942808e-05,0.0003028750070370734,1.354096457362175e-05,0.0006619999767281115,0.000697542040143162,-3.5542063415050507e-05
11015,37,0,2,0,0.0003155830199830234,2.766697434708476e-05,0.0008830830338411033,1.3207958545535803e-05,0.0012395409867167473,0.0008852090104483068,0.0003543319762684405
11015,38,0,3,0,0.000424250029027462,3.162497887387872e-05,0.000518375018145889,1.579197123646736e-05,0.0009900419972836971,0.00241554097738117,-0.0014254989800974727
11015,39,0,3,0,0.00031204201513901353,2.9582995921373367e-05,0.0003250839654356241,1.4416000340133905e-05,0.0006811249768361449,0.0008012080215848982,-0.00012008304474875331
11015,40,0,4,0,0.00031120801577344537,2.7999980375170708e-05,0.0003093340201303363,1.3749988283962011e-05,0.0006622920045629144,0.000705749960616231,-4.345795605331659e-05
11015,41,0,4,0,0.0003195420140400529,2.8624956030398607e-05,0.00048283301293849945,1.4833989553153515e-05,0.0008458339725621045,0.0007511670119129121,9.466696064919233e-05
11015,42,0,5,0,0.00032662495505064726,2.84170382656157e-05,0.00032950000604614615,1.8207996618002653e-05,0.0007027499959804118,0.0012018749839626253,-0.0004991249879822135
11015,43,0,5,0,0.00032699998700991273,2.8333044610917568e-05,0.0009418329573236406,1.4167046174407005e-05,0.0013113330351188779,0.0009794170036911964,0.00033191603142768145
11016,0,1,6,0,0.0003457919810898602,2.8749986086040735e-05,0.0003920000162906945,1.3999990187585354e-05,0.0007805419736541808,0.0007912080036476254,-1.0666029993444681e-05
11016,1,1,6,0,0.00033237499883398414,2.7125002816319466e-05,0.0003250829759053886,1.3542012311518192e-05,0.0006981249898672104,0.0006970840040594339,1.0409858077764511e-06
11016,2,2,6,0,0.00035341602051630616,2.804200630635023e-05,0.0003160829655826092,1.3999990187585354e-05,0.0007115409825928509,0.0010149579611606896,-0.00030341697856783867
11016,3,3,6,0,0.000378625001758337,2.7458008844405413e-05,0.0003203750238753855,1.3708951883018017e-05,0.000740166986361146,0.000753208005335182,-1.3041018974035978e-05
11016,4,3,6,0,0.000378625001758337,2.7375004719942808e-05,0.0003393329679965973,1.3459008187055588e-05,0.0007587919826619327,0.0007994169718585908,-4.0624989196658134e-05
11016,5,3,6,0,0.0003762079868465662,2.7333968318998814e-05,0.0007210000185295939,1.3625016435980797e-05,0.0011381669901311398,0.0007763329776935279,0.0003618340124376118
11016,6,4,6,0,0.00039983296301215887,2.716702874749899e-05,0.00035620800917968154,1.3583980035036802e-05,0.0007967919809743762,0.000787583994679153,9.207986295223236e-06
11016,7,6,6,2,0.0004552910104393959,3.0208961106836796e-05,0.00033608300145715475,1.6000005416572094e-05,0.0008375829784199595,0.000878083985298872,-4.050100687891245e-05
11016,8,5,4,4,0.00042408303124830127,2.9292015824466944e-05,0.000746707955840975,1.9000028260052204e-05,0.0012190830311737955,0.0008876670035533607,0.00033141602762043476
11016,9,2,0,0,0.00036387500585988164,2.9041024390608072e-05,0.0006787499878555536,1.3666984159499407e-05,0.0010853330022655427,0.0017108750180341303,-0.0006255420157685876
11016,10,3,0,0,0.00044129102025181055,3.1167000997811556e-05,0.0006647920235991478,1.5583005733788013e-05,0.001152833050582558,0.0018991249962709844,-0.0007462919456884265
11016,11,4,0,0,0.00040933297714218497,2.866698196157813e-05,0.0003322080010548234,1.3417040463536978e-05,0.0007836250006221235,0.0013729160418733954,-0.000589291041251272
11016,12,7,0,0,0.0004922919906675816,3.333296626806259e-05,0.0006288340082392097,1.5790981706231833e-05,0.0011702499468810856,0.00148974999319762,-0.0003195000463165343
11016,13,8,0,0,0.000502792012412101,3.0916009563952684e-05,0.0006364170112647116,1.6707985196262598e-05,0.001186833018437028,0.0011754170409403741,1.1415977496653795e-05
11016,14,10,0,0,0.0005657500005327165,3.0499999411404133e-05,0.0003495410201139748,1.5291967429220676e-05,0.0009610829874873161,0.0013324589817784727,-0.00037137599429115653
11016,15,10,0,0,0.0005577499978244305,2.9957969672977924e-05,0.0011986669851467013,8.13750084489584e-05,0.0018677499610930681,0.0009709169971756637,0.0008968329639174044
11016,16,11,1,1,0.0014485000283457339,3.516697324812412e-05,0.00045554101234301925,2.0084029529243708e-05,0.001959292043466121,0.0017766249948181212,0.00018266704864799976
11016,17,10,0,0,0.0005340829957276583,2.8333044610917568e-05,0.0006563749630004168,1.53339933604002e-05,0.0012341249966993928,0.0010302499867975712,0.0002038750099018216
11016,18,11,0,0,0.0005546659813262522,2.8292008209973574e-05,0.0004818750312551856,1.3832992408424616e-05,0.001078666013199836,0.000978458032477647,0.00010020798072218895
11016,19,11,1,1,0.0005573750240728259,2.970895729959011e-05,0.00035091600148007274,1.5042023733258247e-05,0.000953042006585747,0.0010200419928878546,-6.699998630210757e-05
11016,20,10,3,3,0.000533166981767863,2.8749986086040735e-05,0.0003510829992592335,1.533300383016467e-05,0.0009283329709433019,0.0009400839917361736,-1.1751020792871714e-05
11016,21,7,0,0,0.0004688340122811496,2.8332986403256655e-05,0.00034208304714411497,1.4124962035566568e-05,0.0008533750078640878,0.0008484999998472631,4.875008016824722e-06
11016,22,7,0,0,0.0004718329873867333,2.9417045880109072e-05,0.001120916975196451,1.554097980260849e-05,0.0016377079882659018,0.0012470829533413053,0.00039062503492459655
11016,23,7,0,0,0.0004736250266432762,2.808397402986884e-05,0.0003147500101476908,1.3999990187585354e-05,0.0008304590010084212,0.0009298330405727029,-9.93740395642817e-05
11016,24,7,0,0,0.0004941659863106906,3.2791984267532825e-05,0.0007302080048248172,1.5833997167646885e-05,0.0012729999725706875,0.0010874589788727462,0.0001855409936979413
11016,25,7,1,1,0.00047387502854689956,2.929195761680603e-05,0.0012228750274516642,1.7624988686293364e-05,0.0017436670023016632,0.0018327920115552843,-8.91250092536211e-05
11016,26,6,0,0,0.00044954195618629456,2.8375012334436178e-05,0.00047512497985735536,1.5249999705702066e-05,0.0009682919480837882,0.0015396659728139639,-0.0005713740247301757
11016,27,6,0,0,0.0004916249890811741,3.241701051592827e-05,0.0008992080111056566,1.9499973859637976e-05,0.001442749984562397,0.00102133397012949,0.0004214160144329071
11016,28,6,0,0,0.00047033297596499324,2.962502185255289e-05,0.0003675839980132878,1.4207966160029173e-05,0.0008817499619908631,0.0008569170022383332,2.483295975252986e-05
11016,29,6,0,0,0.0004628329770639539,2.8999987989664078e-05,0.0004067090339958668,1.387501833960414e-05,0.0009124170173890889,0.0011606250191107392,-0.00024820800172165036
11016,30,6,0,0,0.0004510830040089786,2.920802216976881e-05,0.0008407499990426004,6.941700121387839e-05,0.0013904580264352262,0.0018649590201675892,-0.000474500993732363
11016,31,6,0,0,0.00045837496872991323,3.179104533046484e-05,0.0004360000020824373,1.59589690156281e-05,0.0009421249851584435,0.0009646660182625055,-2.254103310406208e-05
11016,32,6,1,1,0.0004479169729165733,2.8499984182417393e-05,0.00046095799189060926,1.8125050701200962e-05,0.0009554999996908009,0.0008375829784199595,0.00011791702127084136
11016,33,5,0,0,0.0004233329673297703,2.8458016458898783e-05,0.0005595419788733125,1.6457983292639256e-05,0.0010277909459546208,0.0010954160243272781,-6.76250783726573e-05
11016,34,5,1,1,0.00042866700096055865,2.829096047207713e-05,0.000676875002682209,1.6209029126912355e-05,0.0011500419932417572,0.0008542500436306,0.0002957919496111572
11016,35,4,0,0,0.00040974997682496905,2.779200440272689e-05,0.0003113329876214266,1.3625016435980797e-05,0.0007624999852851033,0.0013637079973705113,-0.000601208012085408
11016,36,4,2,2,0.0004110000445507467,3.324996214359999e-05,0.0003476670244708657,1.5833007637411356e-05,0.0008077500388026237,0.0011984999873675406,-0.00039074994856491685
11016,37,2,2,2,0.0003719580126926303,2.9958959203213453e-05,0.0003255830379202962,1.6041973140090704e-05,0.0007435419829562306,0.0007442079950124025,-6.660120561718941e-07
11016,38,0,0,0,0.00031029200181365013,2.9082992114126682e-05,0.001034917018841952,1.4499993994832039e-05,0.001388792006764561,0.0009024160099215806,0.0004863759968429804
11016,39,0,0,0,0.00031629198929294944,2.8708018362522125e-05,0.0011392079759389162,1.5209021512418985e-05,0.0014994170051068068,0.0009997080196626484,0.0004997089854441583
11016,40,0,1,0,0.0003115829895250499,2.820900408551097e-05,0.0007259999983943999,1.6166013665497303e-05,0.001081958005670458,0.0008567500044591725,0.0002252080012112856
11016,41,0,1,0,0.0003172080032527447,2.845900598913431e-05,0.00030262500513345003,1.3749988283962011e-05,0.000662042002659291,0.0006855829851701856,-2.3540982510894537e-05
11016,42,0,2,0,0.000310958013869822,2.775003667920828e-05,0.000325749977491796,1.4083983842283487e-05,0.0006785420118831098,0.000730083032976836,-5.154102109372616e-05
11016,43,0,3,0,0.0003279580269008875,3.0791969038546085e-05,0.000616041012108326,1.5042023733258247e-05,0.0009898330317810178,0.0009502079919911921,3.962503978982568e-05
11016,44,0,4,0,0.0003448329516686499,3.0334049370139837e-05,0.0007777909631840885,1.6042031347751617e-05,0.0011689999955706298,0.0007089579594321549,0.00046004203613847494
11016,45,0,5,0,0.0003177500329911709,2.7999980375170708e-05,0.000668583030346781,1.4041957911103964e-05,0.0010283750016242266,0.000853832985740155,0.0001745420158840716
11016,46,0,5,0,0.0003135420265607536,2.7875008527189493e-05,0.0003137500025331974,1.354096457362175e-05,0.0006687080021947622,0.0006961660110391676,-2.7458008844405413e-05
11017,0,1,6,0,0.00033895799424499273,2.758402843028307e-05,0.00035695801489055157,1.3832992408424616e-05,0.000737333029974252,0.000725707970559597,1.162505941465497e-05
11017,1,2,6,0,0.00036212499253451824,2.741598291322589e-05,0.00033470900962129235,1.3832992408424616e-05,0.0007380829774774611,0.0007329999934881926,5.082983989268541e-06
11017,2,3,6,0,0.0003830839996226132,2.7499976567924023e-05,0.0003191659925505519,1.3583980035036802e-05,0.0007433339487761259,0.0007581670070067048,-1.48330582305789e-05
11017,3,3,6,0,0.0003809999907389283,2.7292000595480204e-05,0.0004005829687230289,1.3499986380338669e-05,0.0008223749464377761,0.0007597500225529075,6.262492388486862e-05
11017,4,3,6,0,0.00038079096702858806,2.7084024623036385e-05,0.0007338749710470438,1.3541022781282663e-05,0.001155290985479951,0.000989624997600913,0.00016566598787903786
11017,5,6,6,1,0.00044774997513741255,2.762500662356615e-05,0.00034370797220617533,1.4542019926011562e-05,0.0008336249738931656,0.0008340830099768937,-4.5803608372807503e-07
11017,6,8,5,5,0.0004963339888490736,2.962502185255289e-05,0.0003394579980522394,1.754198456183076e-05,0.0008829589933156967,0.0011721249902620912,-0.00028916599694639444
11017,7,3,0,0,0.00038120802491903305,2.8332986403256655e-05,0.0006672500167042017,1.5209021512418985e-05,0.0010920000495389104,0.0008156670373864472,0.0002763330121524632
11017,8,4,0,0,0.0004952910239808261,3.254198236390948e-05,0.0003711670287884772,1.7457990907132626e-05,0.0009164580260403454,0.00164808303816244,-0.0007316250121220946
11017,9,4,0,0,0.00040962500497698784,2.7582980692386627e-05,0.0012490840163081884,1.6040983609855175e-05,0.001702332985587418,0.0007934169843792915,0.0009089160012081265
11017,10,5,0,0,0.000423082965426147,5.537504330277443e-05,0.0006597499595955014,1.6625039279460907e-05,0.0011548330076038837,0.001489083981141448,-0.0003342509735375643
11017,11,5,0,0,0.0004259169800207019,3.1750008929520845e-05,0.0003399999695830047,1.6625039279460907e-05,0.0008142919978126884,0.0015062500024214387,-0.0006919580046087503
11017,12,6,0,0,0.0004516670014709234,2.97910301014781e-05,0.00032587494933977723,1.5166995581239462e-05,0.0008224999764934182,0.0008322919602505863,-9.791983757168055e-06
11017,13,8,0,0,0.0005185410263948143,2.9749993700534105e-05,0.0009559590253047645,1.5624973457306623e-05,0.0015198750188574195,0.0014774590381421149,4.241598071530461e-05
11017,14,10,0,0,0.0005681670154444873,2.941599814221263e-05,0.0006721249665133655,1.550000160932541e-05,0.0012852079817093909,0.0010035840095952153,0.00028162397211417556
11017,15,10,0,0,0.0005627080099657178,2.7875008527189493e-05,0.0003636669716797769,1.4125020243227482e-05,0.0009683750104159117,0.0016014999710023403,-0.0006331249605864286
11017,16,10,1,1,0.0005336670437827706,2.7791946195065975e-05,0.000523416034411639,1.6834004782140255e-05,0.0011017090291716158,0.0011138750123791397,-1.2165983207523823e-05
11017,17,10,1,1,0.0005447089788503945,2.8165988624095917e-05,0.0006609170231968164,1.4207966160029173e-05,0.001247999956831336,0.001215416006743908,3.258395008742809e-05
11017,18,10,1,1,0.0005387500277720392,2.78339721262455e-05,0.00032491603633388877,1.4083983842283487e-05,0.0009055840200744569,0.000959541997872293,-5.3957977797836065e-05
11017,19,9,1,1,0.0005192079697735608,2.7958012651652098e-05,0.0003190420102328062,1.4207966160029173e-05,0.0008804159588180482,0.000901291030459106,-2.087507164105773e-05
11017,20,8,0,0,0.0004964169929735363,2.820801455527544e-05,0.0003136249724775553,1.3958022464066744e-05,0.0008522080024704337,0.0008723330101929605,-2.012500772252679e-05
11017,21,8,2,2,0.0004947090055793524,2.7665984816849232e-05,0.0003588339895941317,1.8915976397693157e-05,0.0009001249563880265,0.0008793330052867532,2.0791951101273298e-05
11017,22,6,0,0,0.0004516660119406879,2.883397974073887e-05,0.0008036249782890081,1.4499993994832039e-05,0.001298624963965267,0.0012293749605305493,6.925000343471766e-05
11017,23,6,0,0,0.0004622910055331886,2.8875016141682863e-05,0.0004122090176679194,1.4124962035566568e-05,0.0009175000013783574,0.0008311670389957726,8.633296238258481e-05
11017,24,6,0,0,0.0004421250196173787,2.766697434708476e-05,0.0006652079755440354,1.5125027857720852e-05,0.0011501249973662198,0.00119087501661852,-4.075001925230026e-05
11017,25,6,0,0,0.0004529169527813792,2.8083042707294226e-05,0.0006682919920422137,1.5207973774522543e-05,0.0011644999613054097,0.0012818330433219671,-0.00011733308201655746
11017,26,6,0,0,0.00044287502532824874,2.908398164436221e-05,0.0007688750047236681,1.4416000340133905e-05,0.001255250012036413,0.0008215419948101044,0.0004337080172263086
11017,27,6,0,0,0.00044412503484636545,2.8207956347614527e-05,0.0003148340038023889,1.4208024367690086e-05,0.000801375019364059,0.001182874955702573,-0.0003814999363385141
11017,28,6,0,0,0.0004743330064229667,3.162497887387872e-05,0.0005292919813655317,1.5792029444128275e-05,0.0010510419961065054,0.000816625019069761,0.00023441697703674436
11017,29,6,0,0,0.0004523329553194344,2.875004429370165e-05,0.00037645897828042507,1.675001112744212e-05,0.0008742919890210032,0.001072124985512346,-0.00019783299649134278
11017,30,6,1,1,0.0004634999786503613,2.862501423805952e-05,0.0006138330209068954,1.4582998119294643e-05,0.0011205410119146109,0.001250249973963946,-0.00012970896204933524
11017,31,5,2,2,0.00043604103848338127,2.90420139208436e-05,0.000403541955165565,1.6416015569120646e-05,0.0008850410231389105,0.001135833968874067,-0.00025079294573515654
11017,32,3,0,0,0.0003979169996455312,2.8916983865201473e-05,0.00031224999111145735,1.4582998119294643e-05,0.0007536669727414846,0.0012909999932162464,-0.0005373330204747617
11017,33,3,0,0,0.0003732910263352096,2.7375004719942808e-05,0.0003683749819174409,1.612497726455331e-05,0.0007851659902371466,0.0007417500019073486,4.341598832979798e-05
11017,34,3,0,0,0.0003803329891525209,2.8083042707294226e-05,0.0003172919969074428,1.3666984159499407e-05,0.0007393750129267573,0.0007699590059928596,-3.0583993066102266e-05
11017,35,3,0,0,0.0003835409879684448,2.7917034458369017e-05,0.00033304200042039156,1.391599653288722e-05,0.0007584160193800926,0.0011273749987594783,-0.0003689589793793857
11017,36,3,0,0,0.0003802499850280583,2.820801455527544e-05,0.000324334017932415,1.3582990504801273e-05,0.00074637500802055,0.0007386250072158873,7.750000804662704e-06
11017,37,3,2,2,0.00037866696948185563,2.8125010430812836e-05,0.0014177499688230455,0.00010595802450552583,0.0019304999732412398,0.0010263749863952398,0.000904124986846
11017,38,1,2,1,0.00034083303762599826,2.8375012334436178e-05,0.0009382499847561121,1.77919864654541e-05,0.0013252500211820006,0.0018464999739080667,-0.0005212499527260661
11017,39,0,3,0,0.00031287496676668525,2.8959009796380997e-05,0.0010168330045416951,1.5457975678145885e-05,0.0013741249567829072,0.0012862079893238842,8.7916967459023e-05
11017,40,0,3,0,0.0003160830237902701,2.879201201722026e-05,0.001457582984585315,1.487502595409751e-05,0.0018173330463469028,0.0011196670238859951,0.0006976660224609077
11017,41,0,3,0,0.0003118750173598528,3.462500171735883e-05,0.0004347919602878392,1.466704998165369e-05,0.0007959590293467045,0.0012287080171518028,-0.0004327489878050983
11017,42,0,3,0,0.0003114999854005873,2.7375004719942808e-05,0.00031337497057393193,1.4584045857191086e-05,0.0006668340065516531,0.000687749998178333,-2.0915991626679897e-05
11017,43,0,4,0,0.0003137920284643769,2.8041016776114702e-05,0.0003167919931001961,1.3874960131943226e-05,0.000672499998472631,0.000769208010751754,-9.670801227912307e-05
11018,0,0,6,0,0.0003403330338187516,3.424996975809336e-05,0.0005019999807700515,1.7209036741405725e-05,0.0008937920210883021,0.0006999580073170364,0.00019383401377126575
11018,1,0,6,0,0.00032537500374019146,2.8917042072862387e-05,0.00046204199315980077,1.5166006051003933e-05,0.0008315000450238585,0.0007145419949665666,0.00011695805005729198
11018,2,1,6,0,0.0003490840317681432,3.062497125938535e-05,0.0011315830051898956,1.5208031982183456e-05,0.0015265000401996076,0.0009990829857997596,0.000527417054399848
11018,3,1,6,0,0.0003486250061541796,2.8541020583361387e-05,0.0005905419820919633,1.54580338858068e-05,0.000983166042715311,0.0007430000114254653,0.0002401660312898457
11018,4,2,6,0,0.00036320899380370975,2.8291018679738045e-05,0.00047037500189617276,1.833401620388031e-05,0.0008802090305835009,0.0008227499783970416,5.74590521864593e-05
11018,5,4,6,0,0.00039604201447218657,2.824998227879405e-05,0.0005063330172561109,1.4499993994832039e-05,0.0009451250080019236,0.0008487500017508864,9.637500625103712e-05
11018,6,4,6,0,0.00039604201447218657,2.7708010748028755e-05,0.0003238329663872719,1.3750046491622925e-05,0.0007613330380991101,0.0008465840364806354,-8.525099838152528e-05
11018,7,4,6,0,0.0003974999999627471,2.741598291322589e-05,0.00033587496727705,1.366704236716032e-05,0.0007744579925201833,0.0008007920114323497,-2.6334018912166357e-05
11018,8,4,6,1,0.0004024580121040344,2.7542002499103546e-05,0.00047458300832659006,1.4457968063652515e-05,0.0009190409909933805,0.00122637499589473,-0.00030733400490134954
11018,9,4,5,4,0.0004015840240754187,2.7707952540367842e-05,0.00032662501325830817,1.575000351294875e-05,0.0007716669933870435,0.0007891249842941761,-1.7457990907132626e-05
11018,10,0,1,0,0.0003141670022159815,2.7458008844405413e-05,0.00030979199800640345,1.4165998436510563e-05,0.0006655830075033009,0.0006932080141268671,-2.762500662356615e-05
11018,11,2,1,1,0.0003600830095820129,2.758402843028307e-05,0.0006336660007946193,1.6708974726498127e-05,0.0010380420135334134,0.0009451249497942626,9.291706373915076e-05
11018,12,3,0,0,0.0003840409917756915,3.08750313706696e-05,0.001140874985139817,1.695897663012147e-05,0.0015727499849162996,0.0007970830192789435,0.000775666965637356
11018,13,4,0,0,0.00040025002090260386,2.9499991796910763e-05,0.0008206660277210176,1.5666999388486147e-05,0.0012660830398090184,0.001560458040330559,-0.00029437500052154064
11018,14,5,0,0,0.000449540966656059,3.2917014323174953e-05,0.0003635000321082771,1.6167003195732832e-05,0.0008621250162832439,0.0012601249618455768,-0.00039799994556233287
11018,15,5,1,1,0.00045254197902977467,3.2333016861230135e-05,0.00034070899710059166,1.5790981706231833e-05,0.0008413749746978283,0.0017525419825688004,-0.0009111670078709722
11018,16,9,0,0,0.0005180000443942845,2.8124952223151922e-05,0.0003303750418126583,1.4499993994832039e-05,0.0008910000324249268,0.0009153340361081064,-2.4334003683179617e-05
11018,17,9,0,0,0.0005406669806689024,2.979201963171363e-05,0.0005043330020271242,1.491699367761612e-05,0.0010897089960053563,0.0012348330346867442,-0.0001451240386813879
11018,18,10,0,0,0.0005611249944195151,2.9124959837645292e-05,0.0008614580146968365,1.6375037375837564e-05,0.0014680830063298345,0.000984499987680465,0.0004835830186493695
11018,19,11,2,2,0.0006033339886926115,3.2790994737297297e-05,0.001372584025375545,2.2874970454722643e-05,0.0020315839792601764,0.001102167007047683,0.0009294169722124934
11018,20,9,0,0,0.0005307499668560922,3.116601146757603e-05,0.0005203339969739318,1.4790974091738462e-05,0.0010970409493893385,0.0009478750289417803,0.00014916592044755816
11018,21,9,1,1,0.0005347090191207826,2.8375012334436178e-05,0.0012482909951359034,1.5583995264023542e-05,0.0018269590218551457,0.0009177089668810368,0.0009092500549741089
11018,22,8,0,0,0.0004849160322919488,2.808397402986884e-05,0.0003298330120742321,1.3958022464066744e-05,0.0008567910408601165,0.0008834580075927079,-2.666696673259139e-05
11018,23,8,0,0,0.00048562500160187483,2.8165988624095917e-05,0.000322124978993088,1.387501833960414e-05,0.0008497909875586629,0.0008839580113999546,-3.4167023841291666e-05
11018,24,8,0,0,0.0005024579586461186,2.9459013603627682e-05,0.00032008299604058266,1.3708020560443401e-05,0.0008657079888507724,0.0009841250139288604,-0.00011841702507808805
11018,25,8,2,2,0.0004941250081174076,2.9041024390608072e-05,0.001073584018740803,1.637497916817665e-05,0.0016131250304169953,0.0009276250493712723,0.000685499981045723
11018,26,6,1,1,0.00045437499647960067,2.9916991479694843e-05,0.00044429098488762975,1.487502595409751e-05,0.0009434579988010228,0.0013162079849280417,-0.00037274998612701893
11018,27,5,0,0,0.00042383401887491345,2.8165988624095917e-05,0.0005213750409893692,1.4833989553153515e-05,0.000988209038041532,0.0008910420001484454,9.716703789308667e-05
11018,28,5,0,0,0.00043254200136289,3.108300734311342e-05,0.0007321250159293413,1.633400097489357e-05,0.0012120840256102383,0.0017235419945791364,-0.0005114579689688981
11018,29,5,1,1,0.0004242499708198011,2.7875008527189493e-05,0.0010222499840892851,1.604104181751609e-05,0.0014904160052537918,0.0008191670058295131,0.0006712489994242787
11018,30,4,0,0,0.0004050840507261455,2.783298259600997e-05,0.0004444170044735074,1.3874960131943226e-05,0.0008912089979276061,0.0009732079925015569,-8.199899457395077e-05
11018,31,4,0,0,0.00039958301931619644,2.745899837464094e-05,0.0003364579752087593,1.3999990187585354e-05,0.000777499983087182,0.000783582974690944,-6.082991603761911e-06
11018,32,4,1,1,0.00042112497612833977,2.9749993700534105e-05,0.00033245800295844674,1.5625031664967537e-05,0.0007989580044522882,0.0009206249960698187,-0.00012166699161753058
11018,33,3,0,0,0.0003933330299332738,2.8749986086040735e-05,0.00033004203578457236,1.516594784334302e-05,0.0007672909996472299,0.0007838750025257468,-1.6584002878516912e-05
11018,34,3,1,1,0.00039412500336766243,2.9207963962107897e-05,0.0006126250373199582,1.5707977581769228e-05,0.0010516659822314978,0.0008077080128714442,0.00024395796936005354
11018,35,2,0,0,0.00038241699803620577,2.9165996238589287e-05,0.00046616699546575546,1.395796425640583e-05,0.0008917079539969563,0.0007496249745599926,0.0001420829794369638
11018,36,2,1,1,0.00036454200744628906,2.9082992114126682e-05,0.0015186250093393028,2.0292005501687527e-05,0.001932542014401406,0.0015880419523455203,0.0003445000620558858
11018,37,1,0,0,0.00033304200042039156,2.7333036996424198e-05,0.0003113749553449452,1.3334036339074373e-05,0.0006850840291008353,0.0009005829924717546,-0.00021549896337091923
11018,38,1,0,0,0.00033854105276986957,2.7292000595480204e-05,0.00029870797879993916,1.3459008187055588e-05,0.0006780000403523445,0.0008634579717181623,-0.00018545793136581779
11018,39,1,1,1,0.00033541698940098286,3.0082999728620052e-05,0.0005992499645799398,1.491699367761612e-05,0.0009796669473871589,0.0006962909828871489,0.00028337596450001
11018,40,0,1,0,0.00031383300665766,2.7709000278264284e-05,0.001070750004146248,8.85000335983932e-05,0.0015007920446805656,0.0006915410049259663,0.0008092510397545993
11018,41,0,2,0,0.0003150829579681158,2.7542002499103546e-05,0.0006051250384189188,1.395796425640583e-05,0.000961707963142544,0.0014107089955359697,-0.0004490010323934257
11018,42,0,4,0,0.00030979199800640345,2.7082976885139942e-05,0.0003132080310024321,1.3624958228319883e-05,0.0006637079641222954,0.0008805419784039259,-0.00021683401428163052
11018,43,0,5,0,0.00032370799453929067,2.875004429370165e-05,0.00031824997859075665,1.3582990504801273e-05,0.0006842910079285502,0.0008147499756887555,-0.00013045896776020527
11018,44,0,5,0,0.0003197499900124967,2.762500662356615e-05,0.0004583330010063946,1.3582990504801273e-05,0.0008192909881472588,0.0007560839876532555,6.32070004940033e-05
11018,45,0,5,0,0.00030587497167289257,3.0792027246207e-05,0.0007657079841010273,1.5207973774522543e-05,0.0011175829567946494,0.0014185839681886137,-0.0003010010113939643
11018,46,0,5,0,0.00032704195473343134,3.629102138802409e-05,0.0003980839974246919,1.7166021279990673e-05,0.000778582994826138,0.0014324579969979823,-0.0006538750021718442
11018,47,0,5,0,0.0003161250497214496,2.9624963644891977e-05,0.0004307079943828285,1.53339933604002e-05,0.0007917920011095703,0.0007368749938905239,5.4917007219046354e-05
11018,48,0,5,0,0.0003292079782113433,2.9333052225410938e-05,0.00030991696985438466,1.4542019926011562e-05,0.0006830000202171504,0.0007287079934030771,-4.5707973185926676e-05
11019,0,0,6,0,0.000320332997944206,2.8999987989664078e-05,0.0009534169803373516,1.7250014934688807e-05,0.0013199999812059104,0.0006874579703435302,0.0006325420108623803
11019,1,0,6,0,0.0003270840388722718,3.912497777491808e-05,0.0005948750185780227,1.4874967746436596e-05,0.0009759590029716492,0.0017650829977355897,-0.0007891239947639406
11019,2,1,6,0,0.0003429579664953053,2.8334034141153097e-05,0.001166915986686945,1.6584002878516912e-05,0.0015547919902019203,0.0010319159482605755,0.0005228760419413447
11019,3,3,6,0,0.0003828330081887543,3.1709030736237764e-05,0.0012445409665815532,1.750001683831215e-05,0.0016765830223448575,0.001278792042285204,0.0003977909800596535
11019,4,3,6,0,0.0003808339824900031,3.066600766032934e-05,0.0004282089648768306,1.54580338858068e-05,0.0008551669889129698,0.0014806659892201424,-0.0006254990003071725
11019,5,4,6,0,0.0004041669890284538,2.8375012334436178e-05,0.0008034579805098474,1.8250022549182177e-05,0.0012542500044219196,0.0010047919931821525,0.0002494580112397671
11019,6,5,6,0,0.00045345898251980543,3.15000070258975e-05,0.00035695801489055157,1.679197885096073e-05,0.0008587089832872152,0.0011276250006631017,-0.00026891601737588644
11019,7,6,6,1,0.0004541659727692604,3.250001464039087e-05,0.00036454200744628906,1.675001112744212e-05,0.0008679580059833825,0.001320832991041243,-0.0004528749850578606
11019,8,9,5,5,0.0005207500071264803,2.9624963644891977e-05,0.0009738749940879643,1.8207996618002653e-05,0.0015424579614773393,0.001219041005242616,0.00032341695623472333
11019,9,4,0,0,0.00041495804907754064,2.8541951905936003e-05,0.001593083026818931,1.3959011994302273e-05,0.00205054203979671,0.0011172500089742243,0.0009332920308224857
11019,10,5,0,0,0.00042858399683609605,2.8375012334436178e-05,0.0013202500413171947,1.4874967746436596e-05,0.0017920840182341635,0.0017116250237450004,8.045899448916316e-05
11019,11,6,0,0,0.0004384170169942081,2.824998227879405e-05,0.00045554101234301925,1.4792021829634905e-05,0.0009370000334456563,0.000828542048111558,0.00010845798533409834
11019,12,6,0,0,0.0004420419572852552,2.779200440272689e-05,0.00031512504210695624,1.391599653288722e-05,0.0007988750003278255,0.0008537920075468719,-5.4917007219046354e-05
11019,13,9,0,0,0.0005460000247694552,3.5375007428228855e-05,0.0009253330063074827,2.3708969820290804e-05,0.0015304170083254576,0.0008839590009301901,0.0006464580073952675
11019,14,11,0,0,0.0005596670089289546,5.099998088553548e-05,0.00037454202538356185,1.6874982975423336e-05,0.0010020839981734753,0.0010303340386599302,-2.8250040486454964e-05
11019,15,11,0,0,0.0005793750169686973,2.9957969672977924e-05,0.0018283749814145267,1.4959019608795643e-05,0.0024526669876649976,0.0010798749863170087,0.0013727920013479888
11019,16,12,0,0,0.0005857909563928843,2.820900408551097e-05,0.0012460410362109542,1.4249992091208696e-05,0.0018742909887805581,0.00135237502399832,0.000521915964782238
11019,17,12,0,0,0.0005891249747946858,3.087497316300869e-05,0.00035725004272535443,1.6000005416572094e-05,0.000993249996099621,0.0015330419992096722,-0.0005397920031100512
11019,18,12,0,0,0.0005833340110257268,2.9332994017750025e-05,0.0003372920327819884,1.49579718708992e-05,0.0009649170096963644,0.0009951249812729657,-3.0207971576601267e-05
11019,19,12,1,1,0.0005724590155296028,2.7582980692386627e-05,0.0004420000477693975,1.4874967746436596e-05,0.0010569170117378235,0.0009890420478768647,6.787496386095881e-05
11019,20,11,1,1,0.0009900840232148767,3.2790994737297297e-05,0.0011029999586753547,1.7000013031065464e-05,0.002142874989658594,0.0018675000173971057,0.00027537497226148844
11019,21,10,0,0,0.0005553329829126596,3.100000321865082e-05,0.0003523750347085297,1.5041965525597334e-05,0.0009537499863654375,0.001487625006120652,-0.0005338750197552145
11019,22,10,2,2,0.0005382089875638485,2.862501423805952e-05,0.0008775829919613898,1.89170241355896e-05,0.0014633340178988874,0.0009912090026773512,0.00047212501522153616
11019,23,8,0,0,0.0004916660254821181,2.862501423805952e-05,0.0005199169972911477,1.3791956007480621e-05,0.001053999993018806,0.0017244580085389316,-0.0006704580155201256
11019,24,8,0,0,0.000513250008225441,3.441702574491501e-05,0.0007481249631382525,2.3042026441544294e-05,0.0013188340235501528,0.0011505409493111074,0.00016829307423904538
11019,25,8,1,1,0.0004924999666400254,2.900004619732499e-05,0.0003307919832877815,1.537497155368328e-05,0.0008676669676788151,0.001032250002026558,-0.0001645830343477428
11019,26,7,1,1,0.0005032499902881682,3.287498839199543e-05,0.000618582998868078,1.5666999388486147e-05,0.0011703749769367278,0.0009150830446742475,0.00025529193226248026
11019,27,6,0,0,0.00046729197492823005,2.900004619732499e-05,0.0003292500041425228,1.4332996215671301e-05,0.0008398750214837492,0.0008718749741092324,-3.1999952625483274e-05
11019,28,6,0,0,0.00047912501031532884,3.108300734311342e-05,0.0006127079832367599,1.591700129210949e-05,0.0011388330021873116,0.0008495000074617565,0.0002893329947255552
11019,29,6,0,0,0.00046362500870600343,2.7959002181887627e-05,0.0004462499637156725,1.4165998436510563e-05,0.0009519999730400741,0.000862542015966028,8.945795707404613e-05
11019,30,6,0,0,0.0004420420154929161,2.7915986720472574e-05,0.001047458965331316,1.4165998436510563e-05,0.0015315829659812152,0.0015566659858450294,-2.5083019863814116e-05
11019,31,6,0,0,0.00045137497363612056,2.7875008527189493e-05,0.00031704199500381947,1.3999990187585354e-05,0.0008102919673547149,0.0008265419746749103,-1.6250007320195436e-05
11019,32,6,0,0,0.00044600002001971006,2.779200440272689e-05,0.0003281249664723873,1.4249992091208696e-05,0.000816166982986033,0.0008145000319927931,1.6669509932398796e-06
11019,33,6,1,1,0.0004788750084117055,3.141601337119937e-05,0.000880667008459568,1.77919864654541e-05,0.001408750016707927,0.0008315409650094807,0.0005772090516984463
11019,34,5,0,0,0.000418415991589427,2.741703065112233e-05,0.0006280000088736415,1.3874960131943226e-05,0.001087707991246134,0.0010847499943338335,2.9579969123005867e-06
11019,35,5,1,1,0.000732625019736588,2.9916991479694843e-05,0.0007408329984173179,1.4749995898455381e-05,0.001518125005532056,0.0014360829954966903,8.204201003536582e-05
11019,36,4,0,0,0.00039775000186637044,2.8582988306879997e-05,0.0004903330118395388,1.5041965525597334e-05,0.0009317079675383866,0.0007674590451642871,0.0001642489223740995
11019,37,4,1,1,0.00046549999387934804,2.8999987989664078e-05,0.0008425409905612469,1.5833997167646885e-05,0.0013528749695979059,0.001683457987383008,-0.00033058301778510213
11019,38,3,0,0,0.00038475001929327846,2.9707967769354582e-05,0.0004067920381203294,1.391698606312275e-05,0.0008351670112460852,0.0019200420356355608,-0.0010848750243894756
11019,39,3,3,3,0.0003803329891525209,2.7709000278264284e-05,0.000310208008158952,1.4625024050474167e-05,0.0007328750216402113,0.0009560000034980476,-0.00022312498185783625
11019,40,0,1,0,0.00034004199551418424,3.733299672603607e-05,0.0003564170328900218,1.6000005416572094e-05,0.0007497920305468142,0.0006816669483669102,6.812508217990398e-05
11019,41,0,1,0,0.00031287496676668525,2.758402843028307e-05,0.0006404159939847887,1.679197885096073e-05,0.0009976669680327177,0.000850624986924231,0.00014704198110848665
11019,42,0,1,0,0.000321083003655076,2.9624963644891977e-05,0.000501292000990361,1.587503356859088e-05,0.0008678750018589199,0.0007177500519901514,0.00015012494986876845
11019,43,0,1,0,0.00031466700602322817,2.8708018362522125e-05,0.0005737090250477195,1.3999990187585354e-05,0.0009310840396210551,0.0007353330147452652,0.00019575102487578988
11019,44,0,1,0,0.00032229197677224874,2.9749993700534105e-05,0.00035404099617153406,1.7417012713849545e-05,0.0007234999793581665,0.0015226659597828984,-0.000799165980424732
11019,45,0,1,0,0.0003357499954290688,3.850000211969018e-05,0.0005894170026294887,1.712498487904668e-05,0.0009807919850572944,0.0014690419775433838,-0.00048824999248608947
11019,46,0,1,0,0.00031358300475403666,2.78339721262455e-05,0.00038670800859108567,2.6458001229912043e-05,0.0007545829867012799,0.0009934999980032444,-0.00023891701130196452
11019,47,0,2,0,0.0003161249915137887,2.8166978154331446e-05,0.0003067500074394047,1.4208024367690086e-05,0.000665250001475215,0.0007405420183204114,-7.529201684519649e-05
11019,48,0,2,0,0.00031450000824406743,2.779200440272689e-05,0.0015982500044628978,1.5457975678145885e-05,0.001955999992787838,0.0007288749911822379,0.0012271250016056001
11019,49,0,3,0,0.00031408300856128335,3.041699528694153e-05,0.0004039169871248305,1.4458026271313429e-05,0.0007628750172443688,0.0010518329800106585,-0.0002889579627662897
11019,50,0,4,0,0.0003178750048391521,3.037502756342292e-05,0.0003280409728176892,1.4166987966746092e-05,0.0006904579931870103,0.0008312909631058574,-0.00014083296991884708
11019,51,0,5,0,0.0003158340114168823,2.8749986086040735e-05,0.00033362500835210085,1.3665994629263878e-05,0.0006918750004842877,0.0006985419895499945,-6.66698906570673e-06
11020,0,1,6,0,0.0003358329995535314,2.8999987989664078e-05,0.0003274169866926968,1.4666002243757248e-05,0.0007069159764796495,0.0011036249925382435,-0.000396709016058594
11020,1,1,6,0,0.00033599999733269215,2.8332986403256655e-05,0.00031870801467448473,1.3999990187585354e-05,0.0006970409885980189,0.0007176670478656888,-2.0626059267669916e-05
11020,2,1,6,0,0.00033695902675390244,2.8041016776114702e-05,0.0007259589619934559,1.4082994312047958e-05,0.001105041999835521,0.001154957979451865,-4.9915979616343975e-05
11020,3,2,6,0,0.0003635000321082771,2.8958020266145468e-05,0.0008830419974401593,1.454097218811512e-05,0.001290041022002697,0.0013572919997386634,-6.725097773596644e-05
11020,4,5,6,0,0.00042345799738541245,2.8332986403256655e-05,0.0005341669893823564,1.4167046174407005e-05,0.0010001250193454325,0.0009674580069258809,3.266701241955161e-05
11020,5,5,6,0,0.00043050001841038465,2.8332986403256655e-05,0.0003268339787609875,1.3791024684906006e-05,0.0007994580082595348,0.0008102079737000167,-1.0749965440481901e-05
11020,6,6,6,0,0.0004515420296229422,2.8332986403256655e-05,0.00036258401814848185,1.3790966477245092e-05,0.0008562500006519258,0.0008573749801144004,-1.1249794624745846e-06
11020,7,8,6,2,0.0004937499761581421,2.7917034458369017e-05,0.0011845830013044178,1.5291967429220676e-05,0.0017215419793501496,0.000898041995242238,0.0008234999841079116
11020,8,8,4,4,0.0004952499875798821,2.8125010430812836e-05,0.00033254100708290935,1.5249999705702066e-05,0.0008711660047993064,0.000889333023224026,-1.8167018424719572e-05
11020,9,5,0,0,0.0004283339949324727,2.8083042707294226e-05,0.0003172919969074428,1.3874960131943226e-05,0.000787583994679153,0.0011281659826636314,-0.0003405819879844785
11020,10,6,0,0,0.0004523329553194344,2.8333044610917568e-05,0.00032366695813834667,1.4125020243227482e-05,0.0008184579783119261,0.0009331670007668436,-0.00011470902245491743
11020,11,6,0,0,0.0004557499778456986,2.779200440272689e-05,0.0010762910242192447,1.4375022146850824e-05,0.001574208028614521,0.0008282500202767551,0.0007459580083377659
11020,12,6,0,0,0.0004425839870236814,3.10409814119339e-05,0.00038829201366752386,1.4833000022917986e-05,0.0008767499821260571,0.001187541987746954,-0.0003107920056208968
11020,13,7,0,0,0.0004836670123040676,2.7875008527189493e-05,0.000343457970302552,1.3542012311518192e-05,0.0008685420034453273,0.001557875017169863,-0.0006893330137245357
11020,14,7,0,0,0.0004741250304505229,2.7458008844405413e-05,0.00031529198167845607,1.3625016435980797e-05,0.0008305000374093652,0.0008555409731343389,-2.504093572497368e-05
11020,15,8,0,0,0.0004985420382581651,2.7375004719942808e-05,0.00032012496376410127,1.366704236716032e-05,0.0008597090491093695,0.0009234999888576567,-6.37909397482872e-05
11020,16,9,0,0,0.0005192920216359198,2.762500662356615e-05,0.0007403749623335898,1.4041026588529348e-05,0.001301333017181605,0.0008982500294223428,0.0004030829877592623
11020,17,10,1,1,0.000542874971870333,2.7875008527189493e-05,0.00033995899138972163,1.3791024684906006e-05,0.0009244999964721501,0.0011372080189175904,-0.0002127080224454403
11020,18,11,0,0,0.0005553750088438392,2.820900408551097e-05,0.0005365829565562308,1.4582998119294643e-05,0.0011347499676048756,0.0011562919826246798,-2.154201501980424e-05
11020,19,11,1,1,0.0005583339952863753,2.7833040803670883e-05,0.0007100829971022904,1.4708959497511387e-05,0.001310958992689848,0.001268249994609505,4.270899808034301e-05
11020,20,10,1,1,0.0005343329976312816,2.716702874749899e-05,0.000555249978788197,1.4833000022917986e-05,0.0011315830051898956,0.0009230829891748726,0.000208500016015023
11020,21,9,1,1,0.0005151669611223042,2.7541012968868017e-05,0.0006041250308044255,1.4291959814727306e-05,0.001161124964710325,0.0009278330253437161,0.00023329193936660886
11020,22,8,0,0,0.0005174999823793769,3.3374992199242115e-05,0.00035787501838058233,1.6583013348281384e-05,0.0009253330063074827,0.0008869579760357738,3.8375030271708965e-05
11020,23,8,1,1,0.0005030419561080635,2.7875008527189493e-05,0.0005174580146558583,1.4999997802078724e-05,0.00106337497709319,0.0009377080132253468,0.00012566696386784315
11020,24,7,0,0,0.0004794999840669334,2.8125010430812836e-05,0.0004058330086991191,1.395895378664136e-05,0.0009274169569835067,0.0008537920075468719,7.362494943663478e-05
11020,25,7,1,1,0.00047579099191352725,2.775003667920828e-05,0.00032583397114649415,1.4458026271313429e-05,0.0008438330260105431,0.00114266702439636,-0.0002988339983858168
11020,26,6,0,0,0.0004508750280365348,2.745899837464094e-05,0.0006114160059951246,1.391698606312275e-05,0.001103667018469423,0.0009561249753460288,0.00014754204312339425
11020,27,6,0,0,0.00045116699766367674,2.741703065112233e-05,0.001073541003279388,9.499996667727828e-05,0.0016471249982714653,0.001173082971945405,0.0004740420263260603
11020,28,6,0,0,0.00045141601003706455,2.979201963171363e-05,0.0003595419693738222,1.387501833960414e-05,0.0008546250173822045,0.001206083979923278,-0.00035145896254107356
11020,29,6,0,0,0.0004490839783102274,2.8041016776114702e-05,0.00030970899388194084,1.3832992408424616e-05,0.0008006669813767076,0.0008328339899890125,-3.2167008612304926e-05
11020,30,6,0,0,0.000453874992672354,2.7709000278264284e-05,0.001070333004463464,1.4542019926011562e-05,0.0015664590173400939,0.0008251669933088124,0.0007412920240312815
11020,31,6,0,0,0.0004496669862419367,2.758303890004754e-05,0.00031945796217769384,1.3500044587999582e-05,0.0008102080319076777,0.0010376250138506293,-0.00022741698194295168
11020,32,6,0,0,0.00045366701669991016,3.029097570106387e-05,0.0003280420205555856,1.4208024367690086e-05,0.0008262080373242497,0.0014272499829530716,-0.0006010419456288218
11020,33,6,0,0,0.0004512909799814224,2.8499984182417393e-05,0.00033650000113993883,1.387501833960414e-05,0.0008301659836433828,0.0008346250397153199,-4.459056071937084e-06
11020,34,6,0,0,0.0004492499865591526,2.78339721262455e-05,0.0009490410448051989,1.4291959814727306e-05,0.0014404169633053243,0.0008475409704260528,0.0005928759928792715
11020,35,6,1,1,0.00044741597957909107,2.820900408551097e-05,0.0006585000082850456,1.4208024367690086e-05,0.0011483330163173378,0.001707750023342669,-0.0005594170070253313
11020,36,5,2,2,0.00045112502994015813,3.424996975809336e-05,0.0003402919974178076,1.8166028894484043e-05,0.0008438330260105431,0.0008272089762613177,1.6624049749225378e-05
11020,37,3,1,1,0.00038379098987206817,2.8875016141682863e-05,0.00033487501787021756,1.5083991456776857e-05,0.0007626250153407454,0.0007665000157430768,-3.875000402331352e-06
11020,38,2,0,0,0.0003637499758042395,2.8709007892757654e-05,0.00030637497548013926,1.4499993994832039e-05,0.0007133339531719685,0.0007819170132279396,-6.858306005597115e-05
11020,39,2,2,2,0.0003577090101316571,2.9125018045306206e-05,0.0005930829793214798,1.5457975678145885e-05,0.000995374983176589,0.001027291000355035,-3.1916017178446054e-05
11020,40,0,0,0,0.00031533301807940006,2.862501423805952e-05,0.0005934169748798013,1.4165998436510563e-05,0.0009515410056337714,0.0007023750222288072,0.0002491659834049642
11020,41,0,0,0,0.0003150409902445972,2.84170382656157e-05,0.00033187499502673745,1.391698606312275e-05,0.0006892500096000731,0.0012682079686783254,-0.0005789579590782523
11020,42,0,2,0,0.00031583302188664675,2.8499984182417393e-05,0.00030462502036243677,1.3459008187055588e-05,0.0006624170346185565,0.0006762080010958016,-1.3790966477245092e-05
11020,43,0,2,0,0.00031329202465713024,2.8292008209973574e-05,0.0003025829792022705,1.3792014215141535e-05,0.0006579590262845159,0.0006769170286133885,-1.895800232887268e-05
11020,44,0,2,0,0.00030916696414351463,3.0082999728620052e-05,0.0003255000337958336,1.4416989870369434e-05,0.0006791669875383377,0.001069959020242095,-0.0003907920327037573
11020,45,0,2,0,0.0003075840068049729,2.829096047207713e-05,0.0003012500237673521,1.433398574590683e-05,0.000651458976790309,0.0006935839774087071,-4.212500061839819e-05
11020,46,0,5,0,0.00030833296477794647,2.758303890004754e-05,0.0003814169904217124,1.5542027540504932e-05,0.0007328750216402113,0.0007180420216172934,1.4833000022917986e-05
11020,47,0,5,0,0.0003136669984087348,2.7833040803670883e-05,0.0006965419743210077,1.6375037375837564e-05,0.001054417050909251,0.0007727500051259995,0.0002816670457832515
11021,0,0,6,0,0.00031212501926347613,2.8125010430812836e-05,0.000320332997944206,1.3999990187585354e-05,0.0006745830178260803,0.0007534159813076258,-7.883296348154545e-05
11021,1,0,6,0,0.00031037500593811274,2.766697434708476e-05,0.0015662910300306976,0.00010387500515207648,0.0020082080154679716,0.0006738340016454458,0.0013343740138225257
11021,2,0,6,0,0.00030966702615842223,2.8707960154861212e-05,0.0004479589988477528,1.4332996215671301e-05,0.0008006669813767076,0.0011729160323739052,-0.00037224905099719763
11021,3,0,6,0,0.0003149579861201346,2.8334034141153097e-05,0.0009559160098433495,1.8624996300786734e-05,0.0013178330264054239,0.001348000019788742,-3.0166993383318186e-05
11021,4,0,6,0,0.0003102499758824706,2.9292015824466944e-05,0.0006883749738335609,1.4125020243227482e-05,0.001042041985783726,0.0014599169953726232,-0.00041787500958889723
11021,5,1,6,0,0.0003317499649710953,2.7834030333906412e-05,0.00044949998846277595,1.4082994312047958e-05,0.0008231669780798256,0.0010574170155450702,-0.00023425003746524453
11021,6,1,6,0,0.0003298749797977507,2.7333036996424198e-05,0.0006397090037353337,1.391599653288722e-05,0.0010108330170623958,0.0009876670083031058,2.316600875928998e-05
11021,7,2,6,0,0.0003567080129869282,3.27499583363533e-05,0.0006232080049812794,1.4459015801548958e-05,0.0010271249921061099,0.0012533330009318888,-0.00022620800882577896
11021,8,4,6,1,0.0003997500170953572,2.7458008844405413e-05,0.0009171249694190919,1.775001874193549e-05,0.00136208301410079,0.0016153340111486614,-0.00025325099704787135
11021,9,3,5,3,0.0003861250006593764,2.762500662356615e-05,0.0010917079634964466,9.675003821030259e-05,0.0016022080089896917,0.0008073750068433583,0.0007948330021463335
11021,10,1,2,1,0.00034441601019352674,2.9875023756176233e-05,0.000387999985832721,1.537497155368328e-05,0.0007776659913361073,0.0007727090269327164,4.956964403390884e-06
11021,11,1,1,1,0.0003428749623708427,2.8834037948399782e-05,0.0003672500024549663,1.799996243789792e-05,0.0007569589652121067,0.000714832975063473,4.212599014863372e-05
11021,12,4,0,0,0.00040437496500089765,2.8458016458898783e-05,0.0009267919813282788,6.962503539398313e-05,0.0014292499981820583,0.0008240829920396209,0.0006051670061424375
11021,13,6,0,0,0.0004569580196402967,2.7875008527189493e-05,0.00039187498623505235,1.4999997802078724e-05,0.0008917080122046173,0.0012832499924115837,-0.0003915419802069664
11021,14,7,0,0,0.0004718329873867333,2.8709007892757654e-05,0.00032416603062301874,1.3833981938660145e-05,0.0008385420078411698,0.0013648329768329859,-0.000526290968991816
11021,15,9,1,1,0.0005195420235395432,2.8041016776114702e-05,0.00032541697146371007,1.4375022146850824e-05,0.0008873750339262187,0.0009046670165844262,-1.7291982658207417e-05
11021,16,8,0,0,0.0004970000009052455,2.8374954126775265e-05,0.0003202500520274043,1.3749988283962011e-05,0.0008593749953433871,0.0009247080306522548,-6.533303530886769e-05
11021,17,10,0,0,0.0005393329774960876,2.9749993700534105e-05,0.0006806250312365592,1.3791956007480621e-05,0.0012634999584406614,0.0009667089907452464,0.000296790967695415
11021,18,11,1,1,0.0005682500195689499,2.9165996238589287e-05,0.0003404170274734497,1.491699367761612e-05,0.000952750036958605,0.0010992089519277215,-0.00014645891496911645
11021,19,10,2,2,0.0005383749958127737,2.804200630635023e-05,0.0007087499834597111,1.6833015251904726e-05,0.0012920000008307397,0.0011251249816268682,0.0001668750192038715
11021,20,8,0,0,0.0004942499799653888,2.9708025977015495e-05,0.0006635420140810311,1.4082994312047958e-05,0.0012015830143354833,0.0017107910243794322,-0.0005092080100439489
11021,21,8,0,0,0.0004885829985141754,2.766697434708476e-05,0.00059291603974998,1.3541954103857279e-05,0.0011227079667150974,0.0010454999865032732,7.720798021182418e-05
11021,22,8,0,0,0.000504540977999568,3.0292023438960314e-05,0.00047583295963704586,1.4625024050474167e-05,0.0010252909851260483,0.0012965829810127616,-0.00027129199588671327
11021,23,8,0,0,0.0005486250156536698,3.341602860018611e-05,0.0008478749659843743,1.6042031347751617e-05,0.0014459580415859818,0.0009158750181086361,0.0005300830234773457
11021,24,8,1,1,0.000495542015414685,2.8166978154331446e-05,0.0003232500166632235,1.4666002243757248e-05,0.0008616250124759972,0.0009035000111907721,-4.187499871477485e-05
11021,25,7,0,0,0.00047029199777171016,2.9165996238589287e-05,0.0007136670174077153,1.4416989870369434e-05,0.0012275420012883842,0.0021100000012665987,-0.0008824579999782145
11021,26,7,0,0,0.0004754159599542618,2.8667040169239044e-05,0.0006430830108001828,1.637497916817665e-05,0.0011635409900918603,0.0012584159849211574,-9.487499482929707e-05
11021,27,7,1,1,0.00046545802615582943,2.8041948098689318e-05,0.0003231250448152423,1.4791963621973991e-05,0.000831416982691735,0.000851999968290329,-2.058298559859395e-05
11021,28,6,0,0,0.0004407919477671385,2.7833040803670883e-05,0.0003207919653505087,1.4125020243227482e-05,0.0008035419741645455,0.0008230000385083258,-1.945806434378028e-05
11021,29,6,0,0,0.0004452079883776605,2.8999987989664078e-05,0.000320709019433707,1.3958022464066744e-05,0.0008088750182650983,0.0008157499833032489,-6.874965038150549e-06
11021,30,6,0,0,0.000445541983935982,2.7708010748028755e-05,0.00040541699854657054,1.3792014215141535e-05,0.0008924590074457228,0.0008363339584320784,5.612504901364446e-05
11021,31,6,0,0,0.00044579198583960533,2.7582980692386627e-05,0.0007013329886831343,1.4459015801548958e-05,0.0011891669710166752,0.000853499979712069,0.0003356669913046062
11021,32,6,1,1,0.0004574170452542603,3.0333001632243395e-05,0.0006969999521970749,1.4208024367690086e-05,0.0011989580234512687,0.0008722090278752148,0.00032674899557605386
11021,33,5,0,0,0.00042866700096055865,2.8957962058484554e-05,0.0003153340076096356,1.4541030395776033e-05,0.0007875000010244548,0.000958500022534281,-0.00017100002150982618
11021,34,5,0,0,0.0004244159790687263,2.8375012334436178e-05,0.0004217919777147472,1.366704236716032e-05,0.00088825001148507,0.0008725420339033008,1.5707977581769228e-05
11021,35,5,0,0,0.0004236659733578563,2.8709007892757654e-05,0.0006809160113334656,1.3749988283962011e-05,0.0011470409808680415,0.0009148329845629632,0.00023220799630507827
11021,36,5,2,2,0.0004296250408515334,2.8541951905936003e-05,0.0007348750368691981,1.4790974091738462e-05,0.001207833003718406,0.0012942079920321703,-8.637498831376433e-05
11021,37,3,1,1,0.00038712500827386975,2.8165988624095917e-05,0.0005104999872855842,1.4999997802078724e-05,0.0009407909819856286,0.0012933750404044986,-0.00035258405841886997
11021,38,2,0,0,0.0003593749715946615,2.7958012651652098e-05,0.0003636669716797769,1.4333054423332214e-05,0.0007653330103494227,0.0007839580066502094,-1.8624996300786734e-05
11021,39,2,0,0,0.0003605840029194951,2.8125010430812836e-05,0.0005586660117842257,1.716695260256529e-05,0.0009645419777370989,0.0008673749980516732,9.716697968542576e-05
11021,40,2,0,0,0.000364875013474375,2.8458016458898783e-05,0.000334082986228168,1.429201802238822e-05,0.00074170803418383,0.000947292021010071,-0.00020558398682624102
11021,41,2,2,2,0.0003661250229924917,2.8875016141682863e-05,0.000809666991699487,1.4792021829634905e-05,0.0012194590526632965,0.0010238749673590064,0.00019558408530429006
11021,42,0,0,0,0.00031945802038535476,2.8542010113596916e-05,0.000311999989207834,1.4582998119294643e-05,0.0006745830178260803,0.0007487920229323208,-7.420900510624051e-05
11021,43,0,0,0,0.000307709036860615,2.741598291322589e-05,0.0003314589848741889,1.3499986380338669e-05,0.0006800839910283685,0.0008568749763071537,-0.00017679098527878523
11021,44,0,0,0,0.00030437501845881343,2.7416972443461418e-05,0.0002984580351039767,1.3416982255876064e-05,0.0006436670082621276,0.0006545420037582517,-1.087499549612403e-05
11021,45,0,0,0,0.0003049169899895787,2.6958005037158728e-05,0.00036154198460280895,1.5791039913892746e-05,0.0007092080195434391,0.0006815000087954104,2.7708010748028755e-05
11021,46,0,1,0,0.0003137909807264805,2.762500662356615e-05,0.0003813340445049107,1.5790981706231833e-05,0.0007385410135611892,0.0006941250176168978,4.441599594429135e-05
11021,47,0,1,0,0.00031008297810330987,2.8416980057954788e-05,0.0004528750432655215,1.3666984159499407e-05,0.0008050419855862856,0.0006868749624118209,0.0001181670231744647
11021,48,0,2,0,0.00031637499341741204,2.704199869185686e-05,0.0003025829792022705,1.387501833960414e-05,0.0006598749896511436,0.00103387504350394,-0.00037400005385279655
11021,49,0,2,0,0.0003149170079268515,2.7916976250708103e-05,0.000303708016872406,1.3542012311518192e-05,0.0006600840133614838,0.0007547090062871575,-9.462499292567372e-05
11021,50,0,3,0,0.0003150830161757767,2.8959009796380997e-05,0.00036891602212563157,1.3499986380338669e-05,0.000726458034478128,0.0011932079796679318,-0.00046674994518980384
11021,51,0,5,0,0.00030808401061221957,2.7291011065244675e-05,0.0006156250019557774,1.3499986380338669e-05,0.0009645000100135803,0.0007052500150166452,0.00025924999499693513
11022,0,0,6,0,0.00031029200181365013,2.766697434708476e-05,0.000351125025190413,1.3625016435980797e-05,0.0007027090177871287,0.0007072080043144524,-4.498986527323723e-06
11022,1,1,6,0,0.00034899997990578413,2.8665992431342602e-05,0.0007650000043213367,1.3416982255876064e-05,0.0011560829589143395,0.0007201249827630818,0.00043595797615125775
11022,2,2,6,0,0.0004966669948771596,5.908298771828413e-05,0.0008638330036774278,3.704201662912965e-05,0.0014566250029020011,0.0015179589972831309,-6.133399438112974e-05
11022,3,2,6,0,0.0003664169926196337,3.0499999411404133e-05,0.0012461660080589354,1.5792029444128275e-05,0.0016588750295341015,0.001137541956268251,0.0005213330732658505
11022,4,5,6,0,0.00045170902740210295,2.862501423805952e-05,0.0006803749711252749,1.4958030078560114e-05,0.0011756670428439975,0.001644417003262788,-0.0004687499604187906
11022,5,6,6,0,0.0004554159822873771,3.020901931449771e-05,0.0008218329749070108,1.733301905915141e-05,0.001324790995568037,0.0016210830071941018,-0.0002962920116260648
11022,6,7,6,0,0.0005354579770937562,5.21670444868505e-05,0.00043162499787285924,2.6749970857053995e-05,0.00104599999031052,0.0008985839667730033,0.0001474160235375166
11022,7,7,6,1,0.00047308299690485,2.8458016458898783e-05,0.0003682919777929783,1.4666991773992777e-05,0.0008844999829307199,0.0008906670263968408,-6.167043466120958e-06
11022,8,7,5,5,0.00047974998597055674,2.8542010113596916e-05,0.0003992919810116291,1.5790981706231833e-05,0.0009233749588020146,0.0008781669894233346,4.520796937867999e-05
11022,9,3,0,0,0.0003862919984385371,2.8708018362522125e-05,0.00040266697760671377,1.4499993994832039e-05,0.0008321669884026051,0.0008432080503553152,-1.1041061952710152e-05
11022,10,4,0,0,0.0004094169707968831,2.8125010430812836e-05,0.0012026249896734953,1.4958030078560114e-05,0.0016551250009797513,0.0008761669741943479,0.0007789580267854035
11022,11,4,0,0,0.000403582991566509,2.8917042072862387e-05,0.0003146659582853317,1.4042016118764877e-05,0.000761208008043468,0.001121042005252093,-0.0003598339972086251
11022,12,4,0,0,0.0004089580033905804,3.02919652312994e-05,0.00040900002932175994,1.4499993994832039e-05,0.0008627499919384718,0.0008074580109678209,5.529198097065091e-05
11022,13,8,1,1,0.0005200839950703084,3.283302066847682e-05,0.0003350829938426614,1.6667007002979517e-05,0.0009046670165844262,0.0008912499761208892,1.3417040463536978e-05
11022,14,8,0,0,0.0004917079932056367,2.8375012334436178e-05,0.0008234999841079116,1.5833007637411356e-05,0.0013594159972853959,0.0008806659607216716,0.0004787500365637243
11022,15,9,1,1,0.0005178329884074628,2.920802216976881e-05,0.0003346250159665942,1.4874967746436596e-05,0.0008965409942902625,0.001710292010102421,-0.0008137510158121586
11022,16,8,0,0,0.0004981660167686641,2.866698196157813e-05,0.0003233749885112047,1.4375022146850824e-05,0.0008645830093882978,0.000921208004001528,-5.662499461323023e-05
11022,17,9,1,1,0.0005125830066390336,2.9916991479694843e-05,0.0008282079943455756,1.4708028174936771e-05,0.0013854160206392407,0.0012462919694371521,0.0001391240512020886
11022,18,8,1,1,0.00048812496243044734,2.8292008209973574e-05,0.0005914160283282399,1.47090177051723e-05,0.0011225420166738331,0.0012521659955382347,-0.00012962397886440158
11022,19,8,1,1,0.0004877920146100223,2.820801455527544e-05,0.0006223749951459467,1.433398574590683e-05,0.0011527090100571513,0.0009997079614549875,0.0001530010486021638
11022,20,7,0,0,0.0004649159964174032,2.7499976567924023e-05,0.0003260840312577784,1.4165998436510563e-05,0.0008326660026796162,0.0008751669665798545,-4.2500963900238276e-05
11022,21,7,1,1,0.00048454198986291885,2.879201201722026e-05,0.0004540410009212792,1.4583987649530172e-05,0.0009819589904509485,0.000877375015988946,0.00010458397446200252
11022,22,6,0,0,0.00045508297625929117,2.804200630635023e-05,0.0006504160119220614,1.5666999388486147e-05,0.001149207993876189,0.0009270409937016666,0.0002221670001745224
11022,23,6,0,0,0.00045787496492266655,3.3333024475723505e-05,0.0003262920072302222,1.4457968063652515e-05,0.0008319579646922648,0.0012599159963428974,-0.0004279580316506326
11022,24,6,0,0,0.0004534999607130885,2.8292008209973574e-05,0.0007995000341907144,1.5790981706231833e-05,0.0012970829848200083,0.0009793339995667338,0.00031774898525327444
11022,25,6,1,1,0.00044104200787842274,2.7582980692386627e-05,0.001251709007192403,7.983302930369973e-05,0.0018001670250669122,0.0008320829947479069,0.0009680840303190053
11022,26,5,0,0,0.0004283749731257558,2.9333052225410938e-05,0.00032670795917510986,1.4209013897925615e-05,0.0007986249984242022,0.0010919999913312495,-0.00029337499290704727
11022,27,5,0,0,0.0004247089964337647,2.7958012651652098e-05,0.00031629198929294944,1.4082994312047958e-05,0.0007830419926904142,0.0008101669955067337,-2.7125002816319466e-05
11022,28,5,1,1,0.0004240419948473573,2.804200630635023e-05,0.00037116598105058074,1.4583987649530172e-05,0.0008378339698538184,0.0008043330162763596,3.350095357745886e-05
11022,29,4,1,1,0.0003969160025008023,2.8125010430812836e-05,0.0006014590035192668,1.4790974091738462e-05,0.0010412909905426204,0.000788707984611392,0.0002525830059312284
11022,30,3,0,0,0.0003818339901044965,2.7916044928133488e-05,0.0008025839924812317,1.7040991224348545e-05,0.0012293750187382102,0.0007448330288752913,0.00048454198986291885
11022,31,3,1,1,0.0003891250235028565,2.8082984499633312e-05,0.0003262920072302222,1.4499993994832039e-05,0.0007580000092275441,0.0008702090126462281,-0.000112209003418684
11022,32,2,2,2,0.00036458298563957214,2.762500662356615e-05,0.00031033402774482965,1.491600414738059e-05,0.0007174580241553485,0.0007591660250909626,-4.170800093561411e-05
11022,33,0,0,0,0.00031587498961016536,2.8250040486454964e-05,0.0004907919792458415,1.3832992408424616e-05,0.0008487500017508864,0.0007880409830249846,6.070901872590184e-05
11022,34,0,0,0,0.00031649996526539326,2.8458016458898783e-05,0.0008713749703019857,1.5249999705702066e-05,0.0012315829517319798,0.0010692079667933285,0.00016237498493865132
11022,35,0,1,0,0.00031749997287988663,2.8291018679738045e-05,0.0008501670090481639,1.5166995581239462e-05,0.001211124996189028,0.0009539169841445982,0.0002572080120444298
11022,36,0,1,0,0.000310958013869822,2.7416972443461418e-05,0.0003333750064484775,1.3375014532357454e-05,0.0006851250072941184,0.0007164590060710907,-3.1333998776972294e-05
11022,37,0,3,0,0.00031575001776218414,2.8207956347614527e-05,0.0006836249958723783,1.5167053788900375e-05,0.0010427500237710774,0.0007117500063031912,0.0003310000174678862
11022,38,0,4,0,0.00034195801708847284,3.1750008929520845e-05,0.0003976249718107283,1.5125027857720852e-05,0.0007864580256864429,0.0006962090265005827,9.024899918586016e-05
11022,39,0,5,0,0.0003168329712934792,2.804200630635023e-05,0.00031291600316762924,1.3749988283962011e-05,0.0006715409690514207,0.0008084999863058329,-0.00013695901725441217
11023,0,0,6,0,0.0003150830161757767,2.7875008527189493e-05,0.0006592919817194343,1.391599653288722e-05,0.0010161660029552877,0.0009444160386919975,7.174996426329017e-05
11023,1,0,6,0,0.00031512498389929533,2.7749978471547365e-05,0.0003162909997627139,1.3666984159499407e-05,0.000672832946293056,0.0007665419834665954,-9.37090371735394e-05
11023,2,0,6,0,0.0003151660203002393,2.745899837464094e-05,0.0010918750194832683,0.0001142079709097743,0.0015487080090679228,0.0008070410112850368,0.000741666997782886
11023,3,0,6,0,0.0003118750173598528,2.824998227879405e-05,0.000316707999445498,1.4082994312047958e-05,0.0006709159933961928,0.0008353330194950104,-0.0001644170260988176
11023,4,0,6,0,0.00031045801006257534,2.741703065112233e-05,0.00030287494882941246,1.3583048712462187e-05,0.0006543330382555723,0.0008554169908165932,-0.00020108395256102085
11023,5,3,6,0,0.0003789999755099416,2.720800694078207e-05,0.0005467089940793812,1.3791024684906006e-05,0.0009667080012150109,0.0007502919761464,0.0002164160250686109
11023,6,3,6,0,0.00037929200334474444,2.7125002816319466e-05,0.00031766598112881184,1.3959011994302273e-05,0.000738041999284178,0.00104825000744313,-0.000310208008158952
11023,7,4,6,1,0.00040745799196884036,2.8582988306879997e-05,0.0003782919957302511,1.687504118308425e-05,0.0008312080171890557,0.0011971250060014427,-0.000365916988812387
11023,8,5,5,5,0.00042858399683609605,2.9707967769354582e-05,0.00032591703347861767,1.6082951333373785e-05,0.0008002919494174421,0.0008884999551810324,-8.820800576359034e-05
11023,9,1,0,0,0.0003415420069359243,2.8500042390078306e-05,0.0006071249954402447,1.4166987966746092e-05,0.0009913340327329934,0.0009595829760655761,3.175105666741729e-05
11023,10,3,0,0,0.0003830839996226132,3.1790987122803926e-05,0.0003250000299885869,1.3791956007480621e-05,0.0007536669727414846,0.0007481250213459134,5.541951395571232e-06
11023,11,5,0,0,0.00043049996020272374,2.775003667920828e-05,0.0006337919621728361,1.3583048712462187e-05,0.0011056250077672303,0.0012505410122685134,-0.00014491600450128317
11023,12,8,0,0,0.0004884999943897128,2.7708010748028755e-05,0.0005901249824091792,1.4209013897925615e-05,0.0011205420014448464,0.001543459016829729,-0.0004229170153848827
11023,13,10,0,0,0.0005356670008040965,2.7458008844405413e-05,0.0005081670242361724,1.3832992408424616e-05,0.001085125026293099,0.0009152079583145678,0.00016991706797853112
11023,14,11,0,0,0.0005621669697575271,2.7958012651652098e-05,0.000343833991792053,1.3708020560443401e-05,0.0009476669947616756,0.0009414999512955546,6.167043466120958e-06
11023,15,12,2,2,0.0005814169999212027,2.8124952223151922e-05,0.0004917079932056367,1.5334051568061113e-05,0.0011165839969180524,0.0011066659935750067,9.918003343045712e-06
11023,16,10,1,1,0.0005535840173251927,2.8582988306879997e-05,0.0004017500323243439,1.4624965842813253e-05,0.0009985420037992299,0.00140879099490121,-0.0004102489911019802
11023,17,9,0,0,0.0005235410062596202,2.7709000278264284e-05,0.0006559159955941141,1.370901009067893e-05,0.0012208750122226775,0.0009199579944834113,0.00030091701773926616
11023,18,9,0,0,0.0005214169505052269,3.15000070258975e-05,0.00036624999484047294,1.4708028174936771e-05,0.0009338749805465341,0.002024292014539242,-0.0010904170339927077
11023,19,9,1,1,0.0005264999927021563,2.8958020266145468e-05,0.0006369170150719583,1.4249992091208696e-05,0.0012066250201314688,0.0010539580252952874,0.0001526669948361814
11023,20,8,2,2,0.0005065830191597342,2.7999980375170708e-05,0.00032762502087280154,1.4374963939189911e-05,0.0008765829843468964,0.00118937500519678,-0.00031279202084988356
11023,21,6,0,0,0.00044945802073925734,2.8292008209973574e-05,0.0004587079747579992,1.3375014532357454e-05,0.0009498330182395875,0.0011827500420622528,-0.00023291702382266521
11023,22,6,0,0,0.00046020897570997477,3.2750016544014215e-05,0.00035566597944125533,1.570902531966567e-05,0.00086433399701491,0.0009137499728240073,-4.941597580909729e-05
11023,23,6,1,1,0.00044179201358929276,2.9541028197854757e-05,0.0003250419977121055,1.4291959814727306e-05,0.0008106669993139803,0.0009188340045511723,-0.00010816700523719192
11023,24,5,0,0,0.00041958404472097754,2.7707952540367842e-05,0.0007789580267854035,1.4375022146850824e-05,0.0012406250461935997,0.0009262909879907966,0.00031433405820280313
11023,25,5,0,0,0.0004175420035608113,2.7125002816319466e-05,0.000627624976914376,1.4000048395246267e-05,0.001086292031686753,0.0012378329993225634,-0.00015154096763581038
11023,26,5,0,0,0.00043591699795797467,2.8999987989664078e-05,0.0005427080322988331,1.5249999705702066e-05,0.001022875017952174,0.001216583012137562,-0.0001937079941853881
11023,27,5,2,2,0.00043091701809316874,2.866698196157813e-05,0.0016536249895580113,9.616604074835777e-05,0.002209375030361116,0.0015500419540330768,0.0006593330763280392
11023,28,3,2,2,0.0003864579484798014,2.9083050321787596e-05,0.0013636669609695673,1.7042038962244987e-05,0.0017962499987334013,0.0012964580091647804,0.0004997919895686209
11023,29,1,0,0,0.0003387079923413694,2.9125018045306206e-05,0.00036629196256399155,1.7000013031065464e-05,0.0007511249859817326,0.0009949159575626254,-0.0002437909715808928
11023,30,1,0,0,0.00034087500534951687,2.8833048418164253e-05,0.0004206669982522726,1.4499993994832039e-05,0.0008048750460147858,0.00158716703299433,-0.0007822919869795442
11023,31,1,0,0,0.0003344999859109521,3.1791976653039455e-05,0.000736583024263382,1.3959011994302273e-05,0.0011168339988216758,0.0007154170307330787,0.00040141696808859706
11023,32,1,4,1,0.00033712497679516673,2.8041016776114702e-05,0.0007050000131130219,1.4499993994832039e-05,0.0010846660006791353,0.0010261250426992774,5.854095797985792e-05
11023,33,0,4,0,0.0003177920007146895,2.820801455527544e-05,0.0005325840320438147,1.5790981706231833e-05,0.0008943750290200114,0.001286791986785829,-0.00039241695776581764
11023,34,0,4,0,0.00033541698940098286,3.4167023841291666e-05,0.0008955409866757691,0.00010758399730548263,0.0013727089972235262,0.0007594579947181046,0.0006132510025054216
11023,35,0,5,0,0.0003185829846188426,2.8458016458898783e-05,0.0003190420102328062,1.49579718708992e-05,0.0006810409831814468,0.00091758300550282,-0.00023654202232137322
11023,36,0,5,0,0.0003160830237902701,2.7709000278264284e-05,0.00031408295035362244,1.383305061608553e-05,0.0006717080250382423,0.0006942080217413604,-2.2499996703118086e-05
11024,0,0,6,0,0.00031699996907263994,2.8583977837115526e-05,0.00031650002347305417,1.4541030395776033e-05,0.0006766250007785857,0.0007124579860828817,-3.583298530429602e-05
11024,1,2,6,0,0.00036408298183232546,2.804200630635023e-05,0.0011916660005226731,8.133403025567532e-05,0.0016651250189170241,0.001003707991912961,0.0006614170270040631
11024,2,2,6,0,0.0005243330379016697,3.0791969038546085e-05,0.00046570802805945277,1.6167003195732832e-05,0.0010370000381954014,0.0013485000235959888,-0.0003114999854005873
11024,3,2,6,0,0.0003576249582692981,2.8125010430812836e-05,0.0007708339835517108,1.6541045624762774e-05,0.0011731249978765845,0.0007468329858966172,0.00042629201197996736
11024,4,3,6,0,0.0003850000211969018,2.904096618294716e-05,0.0011092920321971178,1.575000351294875e-05,0.0015390830230899155,0.001106250041630119,0.00043283298145979643
11024,5,3,6,0,0.0003790840273723006,3.287498839199543e-05,0.0004361660103313625,1.650000922381878e-05,0.0008646250353194773,0.002314250043127686,-0.0014496250078082085
11024,6,5,6,0,0.0004312500241212547,2.783298259600997e-05,0.00033175002317875624,1.4208955690264702e-05,0.0008050419855862856,0.000838291016407311,-3.324903082102537e-05
11024,7,6,6,0,0.0004860420012846589,2.7749978471547365e-05,0.00037004100158810616,1.4209013897925615e-05,0.000898041995242238,0.0008492080378346145,4.883395740762353e-05
11024,8,8,6,2,0.0005195420235395432,3.1917006708681583e-05,0.0004754579858854413,1.7624988686293364e-05,0.0010445420048199594,0.0009175409795716405,0.0001270010252483189
11024,9,6,4,4,0.00045124994358047843,3.079103771597147e-05,0.00035441701766103506,1.6249949112534523e-05,0.0008527079480700195,0.0019125410472042859,-0.0010598330991342664
11024,10,2,0,0,0.0003589580301195383,2.783298259600997e-05,0.00032158399699255824,1.4416000340133905e-05,0.0007227910100482404,0.0015141670010052621,-0.0007913759909570217
11024,11,4,0,0,0.00040312501369044185,2.7332978788763285e-05,0.0010086250258609653,1.7666956409811974e-05,0.0014567499747499824,0.0007756249979138374,0.0006811249768361449
11024,12,7,0,0,0.0004693330265581608,2.8125010430812836e-05,0.00041679199784994125,2.4999957531690598e-05,0.0009392499923706055,0.0008661249885335565,7.312500383704901e-05
11024,13,7,0,0,0.0004710420034825802,2.7875008527189493e-05,0.0003546249936334789,1.3958022464066744e-05,0.0008675000281073153,0.0008721250342205167,-4.62500611320138e-06
11024,14,10,0,0,0.0005435409839265049,2.716702874749899e-05,0.0008461669785901904,1.5583005733788013e-05,0.0014324579969979823,0.0009409170015715063,0.000491540995426476
11024,15,11,0,0,0.000582750013563782,3.062497125938535e-05,0.0007562080281786621,2.1333980839699507e-05,0.001390916993841529,0.0012547079822979867,0.00013620901154354215
11024,16,11,3,3,0.000569708994589746,2.9041024390608072e-05,0.00035737495636567473,1.5375029761344194e-05,0.000971500005107373,0.0009783339919522405,-6.833986844867468e-06
11024,17,9,2,2,0.000524416973348707,2.8166978154331446e-05,0.00036116602132096887,1.4959019608795643e-05,0.0009287089924328029,0.001252374961040914,-0.00032366596860811114
11024,18,7,1,1,0.0004753330140374601,2.8166978154331446e-05,0.0005240419995971024,1.3958022464066744e-05,0.0010415000142529607,0.0008496249793097377,0.000191875034943223
11024,19,6,0,0,0.0004438749747350812,2.8708018362522125e-05,0.0008268340025097132,1.3790966477245092e-05,0.0013132079620845616,0.001963249989785254,-0.0006500420277006924
11024,20,6,0,0,0.00046329101314768195,3.1374976970255375e-05,0.0005385419935919344,1.4166987966746092e-05,0.0010473749716766179,0.0016360419685952365,-0.0005886669969186187
11024,21,6,0,0,0.00045604200568050146,2.8082984499633312e-05,0.00032770802499726415,1.3583980035036802e-05,0.0008254169952124357,0.0010110419825650752,-0.00018562498735263944
11024,22,6,0,0,0.0004497920162975788,2.824998227879405e-05,0.0006887500057928264,1.3542012311518192e-05,0.0011803340166807175,0.0013578330399468541,-0.00017749902326613665
11024,23,6,0,0,0.001146750000771135,3.129197284579277e-05,0.00033900002017617226,1.6415957361459732e-05,0.0015334579511545599,0.00201129203196615,-0.00047783408081158996
11024,24,6,0,0,0.00045020796824246645,2.745899837464094e-05,0.00031304103322327137,1.3749988283962011e-05,0.0008044579881243408,0.001098833978176117,-0.00029437599005177617
11024,25,6,0,0,0.00044708402128890157,2.783298259600997e-05,0.00033133302349597216,1.391698606312275e-05,0.0008201670134440064,0.001374665996991098,-0.0005544989835470915
11024,26,6,0,0,0.00045612500980496407,2.9916991479694843e-05,0.0007077499758452177,1.4958030078560114e-05,0.0012087500072084367,0.001044292002916336,0.00016445800429210067
11024,27,6,0,0,0.00045295804738998413,2.8416980057954788e-05,0.0006147910025902092,1.387501833960414e-05,0.0011100410483777523,0.0012435420067049563,-0.000133500958327204
11024,28,6,1,1,0.0004622919950634241,2.858304651454091e-05,0.001154291967395693,1.5625031664967537e-05,0.0016607920406386256,0.0018331250175833702,-0.0001723329769447446
11024,29,5,0,0,0.00041795801371335983,2.8916983865201473e-05,0.0006397499819286168,1.3665994629263878e-05,0.001100290974136442,0.0015200409688986838,-0.00041974999476224184
11024,30,5,1,1,0.0004157920484431088,2.7499976567924023e-05,0.000824958027806133,1.4208955690264702e-05,0.0012824590085074306,0.0012376250233501196,4.483398515731096e-05
11024,31,4,0,0,0.0004176670336164534,2.8707960154861212e-05,0.0004793750122189522,1.366704236716032e-05,0.0009394170483574271,0.0011565000168047845,-0.00021708296844735742
11024,32,4,2,2,0.00040041597094386816,2.741703065112233e-05,0.0005539169651456177,1.5208031982183456e-05,0.0009969579987227917,0.0009852919611148536,1.1666037607938051e-05
11024,33,2,2,2,0.00035479204962030053,2.7707952540367842e-05,0.0006139170145615935,1.4708028174936771e-05,0.0010111250448971987,0.0011914170463569462,-0.00018029200145974755
11024,34,0,0,0,0.00031637499341741204,2.7333036996424198e-05,0.00033883395371958613,1.4165998436510563e-05,0.0006967079825699329,0.0008974170195870101,-0.0002007090370170772
11024,35,0,0,0,0.00031029200181365013,2.7541944291442633e-05,0.000829958007670939,3.037502756342292e-05,0.0011981669813394547,0.0008527080062776804,0.00034545897506177425
11024,36,0,0,0,0.00031812500674277544,2.8499984182417393e-05,0.00032879202626645565,1.4249992091208696e-05,0.0006896670092828572,0.0007414169958792627,-5.1749986596405506e-05
11024,37,0,0,0,0.00032570899929851294,3.108300734311342e-05,0.00033354200422763824,1.4874967746436596e-05,0.0007052089786157012,0.0007602080004289746,-5.499902181327343e-05
11024,38,0,1,0,0.00032716698478907347,2.8999987989664078e-05,0.000342792016454041,1.4708028174936771e-05,0.0007136670174077153,0.0007059160270728171,7.750990334898233e-06
11024,39,0,2,0,0.00032524997368454933,2.9082992114126682e-05,0.0003582920180633664,1.4375022146850824e-05,0.0007270000060088933,0.0006992500275373459,2.7749978471547365e-05
11024,40,0,4,0,0.00032158399699255824,2.8958020266145468e-05,0.0008383329841308296,1.737498678267002e-05,0.0012062499881722033,0.0010542499949224293,0.00015199999324977398
11025,0,0,6,0,0.00031929201213642955,2.8541020583361387e-05,0.0005409589502960443,1.5958037693053484e-05,0.0009047500207088888,0.0009537499863654375,-4.899996565654874e-05
11025,1,0,6,0,0.0003095419961027801,2.8332986403256655e-05,0.00032062502577900887,1.3708020560443401e-05,0.000672208028845489,0.0006872499943710864,-1.5041965525597334e-05
11025,2,1,6,0,0.0003394579980522394,2.7709000278264284e-05,0.0003197499900124967,1.4416000340133905e-05,0.0007013329886831343,0.0007760830339975655,-7.475004531443119e-05
11025,3,2,6,0,0.00036391697358340025,2.7958012651652098e-05,0.00032233400270342827,1.3625016435980797e-05,0.0007278340053744614,0.0007837919984012842,-5.5957993026822805e-05
11025,4,4,6,0,0.00040608301060274243,2.7834030333906412e-05,0.0003279579686932266,1.391698606312275e-05,0.0007757919956929982,0.0008071250049397349,-3.1333009246736765e-05
11025,5,4,6,0,0.00040433299727737904,2.7708010748028755e-05,0.0003238749923184514,1.370901009067893e-05,0.0007696250104345381,0.000784750038292259,-1.5125027857720852e-05
11025,6,5,6,1,0.00045012502232566476,3.045896301046014e-05,0.0006317910156212747,1.7042038962244987e-05,0.0011294170399196446,0.0009036249830387533,0.00022579205688089132
11025,7,4,5,4,0.00040554197039455175,2.8332986403256655e-05,0.00090562499826774,1.8250022549182177e-05,0.0013577499776147306,0.0008031250326894224,0.0005546249449253082
11025,8,2,1,1,0.0003660409711301327,2.8250040486454964e-05,0.0008239589515142143,1.4999997802078724e-05,0.0012332499609328806,0.0007576659554615617,0.00047558400547131896
11025,9,3,0,0,0.00038112502079457045,3.024999750778079e-05,0.0003872920060530305,1.591700129210949e-05,0.0008145840256474912,0.0011496659717522562,-0.00033508194610476494
11025,10,4,0,0,0.00040020805317908525,2.8624956030398607e-05,0.001030209008604288,1.550000160932541e-05,0.0014745420194230974,0.001002917008008808,0.0004716250114142895
11025,11,7,0,0,0.0004753749817609787,2.8166978154331446e-05,0.0005264580249786377,1.433398574590683e-05,0.0010443339706398547,0.0015617909957654774,-0.0005174570251256227
11025,12,8,0,0,0.0004979589721187949,2.8041016776114702e-05,0.0003661250229924917,1.3708951883018017e-05,0.0009058339637704194,0.0011135420063510537,-0.00020770804258063436
11025,13,9,1,1,0.0008899999666027725,3.287498839199543e-05,0.00043237500358372927,1.6375037375837564e-05,0.0013716249959543347,0.0016316669643856585,-0.00026004196843132377
11025,14,9,0,0,0.0005198750295676291,2.8375012334436178e-05,0.0005803339881822467,1.4124962035566568e-05,0.0011427089921198785,0.0012457499979063869,-0.00010304100578650832
11025,15,9,2,2,0.0005073750508017838,2.7332978788763285e-05,0.00031999999191612005,1.491699367761612e-05,0.0008696250151842833,0.0013032909482717514,-0.00043366593308746815
11025,16,8,1,1,0.0004996249917894602,2.816703636199236e-05,0.0009252500021830201,1.758296275511384e-05,0.0014706249930895865,0.0019272500067017972,-0.00045662501361221075
11025,17,8,0,0,0.0005027090082876384,2.7582980692386627e-05,0.00032470800215378404,1.4042016118764877e-05,0.000869042007252574,0.0009503749897703528,-8.133298251777887e-05
11025,18,8,1,1,0.0014470419846475124,3.220798680558801e-05,0.0009248339920304716,1.60830095410347e-05,0.0024201669730246067,0.0014140419661998749,0.0010061250068247318
11025,19,7,0,0,0.0004727920168079436,2.8292008209973574e-05,0.00032491597812622786,1.370901009067893e-05,0.0008397090132348239,0.0008875419734977186,-4.783296026289463e-05
11025,20,7,0,0,0.00047487503616139293,2.8082984499633312e-05,0.00031516700983047485,1.333298860117793e-05,0.000831458019092679,0.0008511249907314777,-1.9666971638798714e-05
11025,21,7,1,1,0.00046770903281867504,2.7875008527189493e-05,0.0009315829956904054,1.4416989870369434e-05,0.0014415840269066393,0.001252459012903273,0.00018912501400336623
11025,22,6,0,0,0.0004550000303424895,2.824998227879405e-05,0.00034070899710059166,1.354096457362175e-05,0.0008374999742954969,0.0008427500142715871,-5.250039976090193e-06
11025,23,6,0,0,0.0004562090034596622,2.7665984816849232e-05,0.0005876250215806067,1.3792014215141535e-05,0.0010852920240722597,0.0012229589628987014,-0.00013766693882644176
11025,24,6,0,0,0.0004373340052552521,2.7582980692386627e-05,0.0006311670294962823,1.3749988283962011e-05,0.001109834003727883,0.0012223340454511344,-0.00011250004172325134
11025,25,6,0,0,0.0004409169778227806,2.783298259600997e-05,0.0006423750310204923,1.333397813141346e-05,0.0011244589695706964,0.000815083971247077,0.00030937499832361937
11025,26,6,0,0,0.0004403339698910713,2.720800694078207e-05,0.0003339999821037054,1.3208016753196716e-05,0.0008147499756887555,0.0008082499844022095,6.499991286545992e-06
11025,27,6,0,0,0.0004367500077933073,2.7125002816319466e-05,0.00030683301156386733,1.3459008187055588e-05,0.0007841670303605497,0.0008116249809972942,-2.74579506367445e-05
11025,28,6,1,1,0.0004574580234475434,2.8583977837115526e-05,0.0007175829960033298,1.4416989870369434e-05,0.001218041987158358,0.0009885000181384385,0.00022954196901991963
11025,29,5,2,2,0.0004319170257076621,2.7916976250708103e-05,0.000321416009683162,1.4499993994832039e-05,0.0007957500056363642,0.0009747499716468155,-0.00017899996601045132
11025,30,3,2,2,0.0003845419851131737,2.9749993700534105e-05,0.0003399580018594861,1.5583995264023542e-05,0.0007698339759372175,0.0010438330355100334,-0.0002739990595728159
11025,31,1,0,0,0.00033904198789969087,2.8292008209973574e-05,0.00033129099756479263,1.4708959497511387e-05,0.0007133339531719685,0.0007258750265464187,-1.2541073374450207e-05
11025,32,1,0,0,0.00034179200883954763,2.8165988624095917e-05,0.0006860839785076678,1.670804340392351e-05,0.0010727500193752348,0.0006976659642532468,0.00037508405512198806
11025,33,1,1,1,0.00033350003650411963,2.7499976567924023e-05,0.0005141670117154717,1.6874982975423336e-05,0.0008920420077629387,0.0007061249925754964,0.0001859170151874423
11025,34,0,1,0,0.0009732909966260195,3.15000070258975e-05,0.0007314999820664525,1.5416997484862804e-05,0.0017517079832032323,0.0017144170124083757,3.729097079485655e-05
11025,35,0,4,0,0.00031404104083776474,2.7916976250708103e-05,0.00035137502709403634,1.3416982255876064e-05,0.0007067500264383852,0.0006901249871589243,1.6625039279460907e-05
11025,36,0,4,0,0.00031762500293552876,2.7749978471547365e-05,0.0003385419840924442,1.3458018656820059e-05,0.0006973749841563404,0.0006850830395705998,1.2291944585740566e-05
11025,37,0,4,0,0.00031762500293552876,2.78339721262455e-05,0.00030112499371171,1.3333046808838844e-05,0.0006599170155823231,0.0006807500030845404,-2.0832987502217293e-05
11025,38,0,5,0,0.00031520804623141885,2.7333968318998814e-05,0.0003601660137064755,1.3542012311518192e-05,0.0007162500405684114,0.0006870839861221611,2.91660544462502e-05
11026,0,0,6,0,0.00031658296938985586,2.7708010748028755e-05,0.0010270420461893082,7.966696284711361e-05,0.0014509999891743064,0.0010963749955408275,0.0003546249936334789
11026,1,1,6,0,0.00036408298183232546,3.066699719056487e-05,0.0012755000498145819,6.333296187222004e-05,0.0017335829907096922,0.0007802500040270388,0.0009533329866826534
11026,2,3,6,0,0.0003801669809035957,2.7666043024510145e-05,0.0009793339995667338,1.4374963939189911e-05,0.0014015419874340296,0.0012260829680599272,0.00017545901937410235
11026,3,3,6,0,0.0003762500127777457,2.7959002181887627e-05,0.0005824579857289791,1.6291975043714046e-05,0.0010029589757323265,0.001111290999688208,-0.0001083320239558816
11026,4,4,6,0,0.0003992919810116291,2.7958012651652098e-05,0.0011329170083627105,1.6417005099356174e-05,0.0015765840071253479,0.0008190410444512963,0.0007575429626740515
11026,5,4,6,0,0.00040083297062665224,2.7458008844405413e-05,0.0003493750118650496,1.3542012311518192e-05,0.0007912080036476254,0.0008112079813145101,-1.999997766688466e-05
11026,6,4,6,0,0.00042275001760572195,2.9999995604157448e-05,0.00041345797944813967,1.487502595409751e-05,0.0008810830186121166,0.0012532920227386057,-0.00037220900412648916
11026,7,5,6,3,0.0004474580055102706,2.9708025977015495e-05,0.000689874985255301,1.5708967112004757e-05,0.0011827499838545918,0.000993209017906338,0.00018954096594825387
11026,8,4,3,3,0.00040733302012085915,2.866698196157813e-05,0.0004928330308757722,1.5249999705702066e-05,0.0009440830326639116,0.000865790992975235,7.82920396886766e-05
11026,9,1,0,0,0.00033912499202415347,2.8499984182417393e-05,0.0004734999965876341,1.3832992408424616e-05,0.0008549579652026296,0.0009118339512497187,-5.68759860470891e-05
11026,10,2,0,0,0.0003533750423230231,2.96669895760715e-05,0.00042345799738541245,1.370901009067893e-05,0.000820209039375186,0.001157917024102062,-0.000337707984726876
11026,11,3,0,0,0.0003719999804161489,3.0082999728620052e-05,0.0004952920135110617,1.3625016435980797e-05,0.0009110000100918114,0.0015128329978324473,-0.0006018329877406359
11026,12,3,0,0,0.00038724998012185097,4.899996565654874e-05,0.0007375000277534127,1.612497726455331e-05,0.0011898749507963657,0.0013724580057896674,-0.00018258305499330163
11026,13,4,0,0,0.00040058401646092534,2.845795825123787e-05,0.0003567080129869282,1.387501833960414e-05,0.0007996250060386956,0.0008382090018130839,-3.858399577438831e-05
11026,14,5,0,0,0.0004194590146653354,2.8125010430812836e-05,0.00047795800492167473,1.333298860117793e-05,0.0009388750186190009,0.0013730409555137157,-0.00043416593689471483
11026,15,6,0,0,0.0004394589923322201,2.7416041120886803e-05,0.0003142499481327832,1.308403443545103e-05,0.0007942090160213411,0.0011222499888390303,-0.0003280409728176892
11026,16,10,0,0,0.0005525830201804638,2.824998227879405e-05,0.0003465000190772116,1.333298860117793e-05,0.0009406660101376474,0.0009082499891519547,3.241602098569274e-05
11026,17,10,0,0,0.0005307919927872717,2.7041009161621332e-05,0.0010042919893749058,1.466704998165369e-05,0.0015767920413054526,0.0009299580124206841,0.0006468340288847685
11026,18,11,0,0,0.0005952499923296273,5.6124990805983543e-05,0.0005804169923067093,1.3666984159499407e-05,0.0012454589596018195,0.0014342080103233457,-0.00018874905072152615
11026,19,12,3,3,0.0005833750474266708,2.7416972443461418e-05,0.0006693750037811697,1.4625024050474167e-05,0.001294792047701776,0.0016130420262925327,-0.00031824997859075665
11026,20,9,0,0,0.0005134160164743662,2.7333968318998814e-05,0.0010985000408254564,4.8749963752925396e-05,0.0016879999893717468,0.0010078750201500952,0.0006801249692216516
11026,21,9,2,2,0.0005237919976934791,3.14170029014349e-05,0.0003411660436540842,1.6624981071799994e-05,0.0009130000253207982,0.00101741700200364,-0.00010441697668284178
11026,22,7,1,1,0.0004705000319518149,2.920901170000434e-05,0.0005272079724818468,1.5416997484862804e-05,0.0010423340136185288,0.0015397079987451434,-0.0004973739851266146
11026,23,6,0,0,0.00045179203152656555,2.8332986403256655e-05,0.00031758297700434923,1.4334043953567743e-05,0.0008120420388877392,0.0008406249689869583,-2.8582930099219084e-05
11026,24,6,0,0,0.00044954195618629456,2.7833040803670883e-05,0.0005626249476335943,2.274999860674143e-05,0.0010627499432303011,0.0008243750198744237,0.0002383749233558774
11026,25,6,0,0,0.00046362500870600343,3.166601527482271e-05,0.00039779196958988905,1.729204086586833e-05,0.0009103750344365835,0.000919707992579788,-9.33295814320445e-06
11026,26,6,0,0,0.0004538330249488354,2.8416980057954788e-05,0.0003702910034917295,1.4166987966746092e-05,0.0008667079964652658,0.0010531249572522938,-0.00018641696078702807
11026,27,6,0,0,0.00045329099521040916,2.7875008527189493e-05,0.0006177499890327454,1.3749988283962011e-05,0.001112665981054306,0.0008514160290360451,0.00026124995201826096
11026,28,6,0,0,0.0004451249842531979,2.7542002499103546e-05,0.0003665830008685589,1.4209013897925615e-05,0.000853459001518786,0.0008211249951273203,3.2334006391465664e-05
11026,29,6,0,0,0.0004592090263031423,2.9207963962107897e-05,0.000321792031172663,1.5083001926541328e-05,0.0008252920233644545,0.0008487910381518304,-2.3499014787375927e-05
11026,30,6,0,0,0.00045608298387378454,2.879201201722026e-05,0.0007485829992219806,1.737498678267002e-05,0.0012508329818956554,0.0008447919972240925,0.0004060409846715629
11026,31,6,0,0,0.0011487089795991778,3.2333016861230135e-05,0.0010872079874388874,1.6584002878516912e-05,0.0022848339867778122,0.0012345000286586583,0.001050333958119154
11026,32,6,0,0,0.00046483398182317615,2.9499991796910763e-05,0.0009412910440005362,1.4666991773992777e-05,0.0014502920093946159,0.001294290996156633,0.000156001013237983
11026,33,6,0,0,0.0004516249755397439,2.9458024073392153e-05,0.0005820419755764306,1.570803578943014e-05,0.0010788330109789968,0.0016481659840792418,-0.000569332973100245
11026,34,6,0,0,0.00044700002763420343,2.7582980692386627e-05,0.00032529199961572886,1.3665994629263878e-05,0.0008135410025715828,0.0009711250313557684,-0.00015758402878418565
11026,35,6,0,0,0.00045074999798089266,2.7916976250708103e-05,0.0003180410130880773,1.3583980035036802e-05,0.0008102919673547149,0.0008164590108208358,-6.167043466120958e-06
11026,36,6,2,2,0.00047629198525100946,3.083300543949008e-05,0.0004835419822484255,1.6791047528386116e-05,0.0010074580204673111,0.001595166977494955,-0.0005877089570276439
11026,37,4,1,1,0.0004242499708198011,2.958404365926981e-05,0.0012192080030217767,1.737498678267002e-05,0.0016904170042835176,0.000810332945547998,0.0008800840587355196
11026,38,3,2,2,0.0003893749671988189,2.8334034141153097e-05,0.00032012496376410127,1.550000160932541e-05,0.0007533339667133987,0.0007834169664420187,-3.0082999728620052e-05
11026,39,1,1,1,0.00033695902675390244,2.9125018045306206e-05,0.00033391598844900727,1.4708959497511387e-05,0.0007147089927457273,0.0014667920186184347,-0.0007520830258727074
11026,40,0,0,0,0.0003131250268779695,2.8582988306879997e-05,0.000587833987083286,1.4125020243227482e-05,0.000943667022511363,0.0006925000343471766,0.0002511669881641865
11026,41,0,1,0,0.0003197080222889781,2.8166978154331446e-05,0.00030354101909324527,1.370901009067893e-05,0.0006651250296272337,0.0010110830189660192,-0.0003459579893387854
11026,42,0,1,0,0.0003161670174449682,2.8292008209973574e-05,0.00030095799593254924,1.3708020560443401e-05,0.0006591250421479344,0.000681541976518929,-2.2416934370994568e-05
11026,43,0,1,0,0.0003149170079268515,2.7708010748028755e-05,0.0003273329930379987,1.3499986380338669e-05,0.0006834579980932176,0.000667041982524097,1.6416015569120646e-05
11026,44,0,3,0,0.0003134160069748759,2.920901170000434e-05,0.00032708299113437533,1.3749988283962011e-05,0.0006834579980932176,0.000724292011000216,-4.0834012906998396e-05
11026,45,0,3,0,0.0003127079689875245,2.779200440272689e-05,0.0003351669874973595,1.3708020560443401e-05,0.0006893749814480543,0.0006807079771533608,8.66700429469347e-06
11026,46,0,3,0,0.0003106250078417361,2.7334026526659727e-05,0.0003343750140629709,1.354096457362175e-05,0.0006858750130049884,0.0006695000338368118,1.637497916817665e-05
11026,47,0,5,0,0.0003097080043517053,2.7957954443991184e-05,0.0008835000335238874,1.3416982255876064e-05,0.00123458297457546,0.0010054160375148058,0.00022916693706065416
11026,48,0,5,0,0.00031099998159334064,2.8958020266145468e-05,0.00036570901283994317,1.4290970284491777e-05,0.000719957984983921,0.0006764999707229435,4.345801426097751e-05
11026,49,0,5,0,0.00030808401061221957,2.7083035092800856e-05,0.00031183299142867327,1.3499986380338669e-05,0.0006605000235140324,0.0007126249838620424,-5.212496034801006e-05
11027,0,1,6,0,0.0003623749944381416,3.26669542118907e-05,0.0012888750061392784,1.4208024367690086e-05,0.0016981249791570008,0.0009999590110965073,0.0006981659680604935
11027,1,1,6,0,0.00033012498170137405,2.8125010430812836e-05,0.0003418749547563493,3.629201091825962e-05,0.0007364169578067958,0.001016707974486053,-0.00028029101667925715
11027,2,2,6,0,0.0003593749715946615,2.820900408551097e-05,0.000933166011236608,1.675001112744212e-05,0.0013374999980442226,0.000780416012275964,0.0005570839857682586
11027,3,3,6,0,0.0003819999983534217,2.8416980057954788e-05,0.0003696249914355576,1.4291028492152691e-05,0.0007943329983390868,0.00149125000461936,-0.0006969170062802732
11027,4,6,6,0,0.000452083011623472,2.824998227879405e-05,0.0005939590046182275,1.3958022464066744e-05,0.0010882500209845603,0.000994333007838577,9.391701314598322e-05
11027,5,6,6,0,0.0004855830338783562,3.3374992199242115e-05,0.0008440419915132225,1.6250007320195436e-05,0.0013792500249110162,0.0008881659596227109,0.0004910840652883053
11027,6,6,6,0,0.00046195898903533816,2.8499984182417393e-05,0.001040375034790486,3.2957992516458035e-05,0.0015637920005246997,0.0011838329955935478,0.00037995900493115187
11027,7,7,6,3,0.0005305830272845924,3.2582960557192564e-05,0.00043575000017881393,1.8000020645558834e-05,0.0010169160086661577,0.0017379579949192703,-0.0007210419862531126
11027,8,5,3,3,0.0004331250092945993,3.16659570671618e-05,0.000340208993293345,1.5541038010269403e-05,0.0008205409976653755,0.0009422919829376042,-0.00012175098527222872
11027,9,5,0,0,0.00043208402348682284,3.024999750778079e-05,0.0007999580120667815,1.8291990272700787e-05,0.001280584023334086,0.0010379170416854322,0.00024266698164865375
11027,10,7,0,0,0.0004605000140145421,2.7499976567924023e-05,0.00039008300518617034,1.7208978533744812e-05,0.0008952919743023813,0.0008596669649705291,3.56250093318522e-05
11027,11,9,0,0,0.0005219589802436531,2.8958020266145468e-05,0.0006044579786248505,1.4083983842283487e-05,0.0011694589629769325,0.00120133301243186,-3.1874049454927444e-05
11027,12,9,0,0,0.0005229999660514295,2.84170382656157e-05,0.0006830419879406691,1.3707962352782488e-05,0.0012481669546104968,0.0009526250069029629,0.00029554194770753384
11027,13,9,0,0,0.0005208749789744616,2.8165988624095917e-05,0.000643167004454881,1.3458018656820059e-05,0.0012056659907102585,0.0013734590029343963,-0.00016779301222413778
11027,14,10,0,0,0.0005489580216817558,2.8082984499633312e-05,0.0010806669597513974,1.4083052519708872e-05,0.0016717910184524953,0.0011374999885447323,0.000534291029907763
11027,15,11,0,0,0.0005554999806918204,2.8332986403256655e-05,0.0005262920167297125,1.5457975678145885e-05,0.0011255829595029354,0.0017292919801548123,-0.0006037090206518769
11027,16,12,0,0,0.0005877080257050693,2.908398164436221e-05,0.0011910829925909638,9.587500244379044e-05,0.0019037500023841858,0.0013658330426551402,0.0005379169597290456
11027,17,12,0,0,0.0006134159630164504,2.9416987672448158e-05,0.00034025002969428897,1.4042016118764877e-05,0.0009971249965019524,0.0012764999992214143,-0.0002793750027194619
11027,18,12,2,2,0.0005902500124648213,2.804200630635023e-05,0.0006480829906649888,1.4749995898455381e-05,0.0012811250053346157,0.001113333972170949,0.00016779103316366673
11027,19,10,1,1,0.0005403329851105809,2.8332986403256655e-05,0.00033075001556426287,1.4209013897925615e-05,0.0009136250009760261,0.0014013330219313502,-0.0004877080209553242
11027,20,9,1,1,0.0005250839749351144,2.8082984499633312e-05,0.0003228330169804394,1.429201802238822e-05,0.0008902919944375753,0.0009544999920763075,-6.42079976387322e-05
11027,21,8,2,2,0.0005177920102141798,3.120797919109464e-05,0.00033129198709502816,1.6624981071799994e-05,0.0008969169575721025,0.0008807919803075492,1.612497726455331e-05
11027,22,6,0,0,0.00045550003414973617,2.9582995921373367e-05,0.0003499169833958149,1.4958030078560114e-05,0.0008499580435454845,0.0008531250059604645,-3.1669624149799347e-06
11027,23,6,0,0,0.0004505830002017319,2.879201201722026e-05,0.0004052500007674098,1.4416989870369434e-05,0.0008990420028567314,0.001534292008727789,-0.0006352500058710575
11027,24,6,0,0,0.0004498750204220414,2.7709000278264284e-05,0.0007319579599425197,1.9250030163675547e-05,0.001228792010806501,0.0011289999820291996,9.979202877730131e-05
11027,25,6,0,0,0.00046500004827976227,2.9207963962107897e-05,0.0003325419966131449,1.4708028174936771e-05,0.0008414580370299518,0.0011077499948441982,-0.0002662919578142464
11027,26,6,0,0,0.00045645900536328554,2.7875008527189493e-05,0.0011252079857513309,1.591700129210949e-05,0.0016254590009339154,0.0009119160240516067,0.0007135429768823087
11027,27,6,0,0,0.00045320799108594656,2.8542010113596916e-05,0.0009515410056337714,0.00010254199150949717,0.001535832998342812,0.0010216670343652368,0.0005141659639775753
11027,28,6,0,0,0.0004735839902423322,2.8957962058484554e-05,0.0009596670279279351,1.533300383016467e-05,0.0014775419840589166,0.0016030839760787785,-0.00012554199201986194
11027,29,6,0,0,0.00045591703383252025,2.8916983865201473e-05,0.0003493750118650496,1.4290970284491777e-05,0.0008484999998472631,0.0011820000363513827,-0.00033350003650411963
11027,30,6,0,0,0.00044766702922061086,3.241701051592827e-05,0.000486082979477942,1.4249992091208696e-05,0.0009804170113056898,0.0013962909579277039,-0.00041587394662201405
11027,31,6,2,2,0.00045666698133572936,2.962502185255289e-05,0.00034129200503230095,1.4582998119294643e-05,0.0008421670063398778,0.0008630829979665577,-2.0915991626679897e-05
11027,32,4,0,0,0.0004131660098209977,2.9916991479694843e-05,0.0005850829766131938,1.4542019926011562e-05,0.0010427079978398979,0.0013937499606981874,-0.0003510419628582895
11027,33,4,0,0,0.00041512498864904046,2.92909680865705e-05,0.0003676250344142318,1.4749995898455381e-05,0.0008267909870482981,0.0009484580368734896,-0.0001216670498251915
11027,34,4,0,0,0.00041033298475667834,2.879201201722026e-05,0.00047033297596499324,1.4000048395246267e-05,0.0009234580211341381,0.001068208017386496,-0.00014474999625235796
11027,35,4,1,1,0.0004027090035378933,2.7665984816849232e-05,0.0003078749869018793,1.3959011994302273e-05,0.0007522089872509241,0.0007891670102253556,-3.6958022974431515e-05
11027,36,3,1,1,0.00037404202157631516,2.8082984499633312e-05,0.00030975003028288484,1.4499993994832039e-05,0.0007263750303536654,0.0007769999792799354,-5.062494892627001e-05
11027,37,2,0,0,0.0003522500046528876,2.762500662356615e-05,0.00045074999798089266,1.3375014532357454e-05,0.0008440000237897038,0.0007301669684238732,0.00011383305536583066
11027,38,2,2,2,0.00036037503741681576,2.9166985768824816e-05,0.0004079159698449075,1.7209036741405725e-05,0.0008146670297719538,0.0017104159924201667,-0.0008957489626482129
11027,39,0,0,0,0.00031004101037979126,2.8125010430812836e-05,0.0002962920116260648,1.3582990504801273e-05,0.0006480410229414701,0.0006704590050503612,-2.241798210889101e-05
11027,40,0,0,0,0.00030883302679285407,2.745899837464094e-05,0.0003090829704888165,1.3249984476715326e-05,0.0006586249801330268,0.000655542011372745,3.0829687602818012e-06
11027,41,0,1,0,0.00030895904637873173,2.7125002816319466e-05,0.0002999999560415745,1.329102087765932e-05,0.000649375026114285,0.0006646669935435057,-1.5291967429220676e-05
11027,42,0,1,0,0.00030554202385246754,2.7458008844405413e-05,0.00030029198387637734,1.3042008504271507e-05,0.0006463340250775218,0.0006599159678444266,-1.3581942766904831e-05
11027,43,0,1,0,0.00030879100086167455,2.7500034775584936e-05,0.0006488339859060943,1.287501072511077e-05,0.0009980000322684646,0.0006673330208286643,0.00033066701143980026
11027,44,0,3,0,0.00030391698237508535,2.7332978788763285e-05,0.0003470419906079769,1.3167038559913635e-05,0.0006914589903317392,0.0010252089705318213,-0.00033374998020008206
11027,45,0,5,0,0.0003470830270089209,3.0791969038546085e-05,0.00034566601971164346,1.7041980754584074e-05,0.0007405829965136945,0.000697457988280803,4.312500823289156e-05
11027,46,0,5,0,0.00031700002728030086,2.762500662356615e-05,0.00031358300475403666,1.4291959814727306e-05,0.000672499998472631,0.000697874987963587,-2.5374989490956068e-05
11027,47,0,5,0,0.0003132909769192338,2.7749978471547365e-05,0.0007234590011648834,1.4999997802078724e-05,0.0010794999543577433,0.0010646250448189676,1.4874909538775682e-05
11028,0,0,6,0,0.0003172080032527447,2.762500662356615e-05,0.0003202920197509229,1.4833000022917986e-05,0.0006799580296501517,0.0008172499947249889,-0.0001372919650748372
11028,1,0,6,0,0.0003178329789079726,2.7500034775584936e-05,0.0005793339805677533,1.387501833960414e-05,0.000938542012590915,0.0009378749527968466,6.670597940683365e-07
11028,2,0,6,0,0.00031525001395493746,2.7541944291442633e-05,0.00031108304392546415,1.395796425640583e-05,0.0006678329664282501,0.001007332990411669,-0.00033950002398341894
11028,3,1,6,0,0.00034374999813735485,2.7374946512281895e-05,0.0014855830231681466,0.0001016249880194664,0.0019583329558372498,0.0014940419932827353,0.0004642909625545144
11028,4,3,6,0,0.0003933329717256129,2.9417045880109072e-05,0.00036204198841005564,1.4499993994832039e-05,0.0007992920000106096,0.0009742090478539467,-0.00017491704784333706
11028,5,4,6,0,0.00041437498293817043,2.9082992114126682e-05,0.000354750023689121,1.4166987966746092e-05,0.0008123749867081642,0.0010834999848157167,-0.00027112499810755253
11028,6,4,6,0,0.00039941701106727123,2.7499976567924023e-05,0.0006843329756520689,1.3708020560443401e-05,0.0011249579838477075,0.0010581670212559402,6.679096259176731e-05
11028,7,5,6,0,0.00042045797454193234,2.7458008844405413e-05,0.00035679200664162636,1.3208016753196716e-05,0.0008179160067811608,0.0008628750219941139,-4.495901521295309e-05
11028,8,9,6,4,0.0005072919884696603,2.7458008844405413e-05,0.0004172080080024898,1.5833997167646885e-05,0.0009677920024842024,0.0009016669937409461,6.612500874325633e-05
11028,9,7,2,2,0.00047904200619086623,2.8875016141682863e-05,0.00033070798963308334,1.4708028174936771e-05,0.0008533330401405692,0.0009593330323696136,-0.00010599999222904444
11028,10,6,0,0,0.00045062496792525053,2.8333044610917568e-05,0.000330416951328516,1.3917044270783663e-05,0.0008232920081354678,0.0008376250043511391,-1.4332996215671301e-05
11028,11,7,0,0,0.0004770830273628235,2.804200630635023e-05,0.0003512499970383942,1.5416997484862804e-05,0.0008717920281924307,0.0008475829963572323,2.4209031835198402e-05
11028,12,8,0,0,0.0004993749898858368,2.8458016458898783e-05,0.0003225000109523535,1.395796425640583e-05,0.0008642909815534949,0.0013511659926734865,-0.00048687501111999154
11028,13,8,0,0,0.0005022500408813357,2.883397974073887e-05,0.0003227909910492599,1.4166987966746092e-05,0.0008680419996380806,0.0013408340164460242,-0.0004727920168079436
11028,14,8,0,0,0.0004991249879822135,2.741703065112233e-05,0.00034329097252339125,1.3833981938660145e-05,0.0008836669730953872,0.0008944590226747096,-1.0792049579322338e-05
11028,15,11,0,0,0.0005612919921986759,2.9708025977015495e-05,0.0019265000009909272,4.033296136185527e-05,0.002557832980528474,0.0014321249909698963,0.0011257079895585775
11028,16,12,1,1,0.0005986249889247119,3.587501123547554e-05,0.0009399999980814755,1.9249971956014633e-05,0.0015937499701976776,0.0017782500362955034,-0.00018450006609782577
11028,17,11,0,0,0.0005820830119773746,3.279204247519374e-05,0.0010544999968260527,2.5082961656153202e-05,0.0016944580129347742,0.0017380419885739684,-4.358397563919425e-05
11028,18,11,0,0,0.0005722090136259794,3.287498839199543e-05,0.0008979159756563604,1.6042031347751617e-05,0.0015190420090220869,0.0018881250289268792,-0.0003690830199047923
11028,19,11,1,1,0.0005851670284755528,2.9416987672448158e-05,0.000674333015922457,1.5083001926541328e-05,0.0013040000339969993,0.001388083037454635,-8.408300345763564e-05
11028,20,10,1,1,0.0005795829929411411,5.2541960030794144e-05,0.0007321670418605208,2.3457978386431932e-05,0.001387749973218888,0.001362042035907507,2.57079373113811e-05
11028,21,9,1,1,0.0005235419957898557,3.058300353586674e-05,0.0013549170107580721,8.725002408027649e-05,0.001996292034164071,0.0014979579718783498,0.0004983340622857213
11028,22,8,0,0,0.0005082919960841537,2.8999987989664078e-05,0.0007030420238152146,1.6166013665497303e-05,0.0012565000215545297,0.0012427499750629067,1.3750046491622925e-05
11028,23,8,0,0,0.0004996660281904042,3.316695801913738e-05,0.0006310419994406402,1.650000922381878e-05,0.0011803749948740005,0.0017466249992139637,-0.0005662500043399632
11028,24,8,1,1,0.0004985000123269856,2.9999995604157448e-05,0.0003364169970154762,1.5666999388486147e-05,0.0008805840043351054,0.0014314589789137244,-0.000550874974578619
11028,25,7,0,0,0.0004769170191138983,2.879102248698473e-05,0.001084374962374568,1.8000020645558834e-05,0.0016080830246210098,0.0008675410063005984,0.0007405420183204114
11028,26,7,1,1,0.0004962909733876586,3.5792007111012936e-05,0.0007519170176237822,1.8624996300786734e-05,0.0013026249944232404,0.0013047910179011524,-2.166023477911949e-06
11028,27,6,1,1,0.0004446249804459512,2.8667040169239044e-05,0.0004184169811196625,1.454097218811512e-05,0.0009062499739229679,0.0014371250290423632,-0.0005308750551193953
11028,28,5,0,0,0.0004241249989718199,2.7916976250708103e-05,0.0003242920502088964,1.391599653288722e-05,0.0007902500219643116,0.0008570000063627958,-6.674998439848423e-05
11028,29,5,0,0,0.00043116696178913116,2.9458024073392153e-05,0.00033554196124896407,1.4792021829634905e-05,0.0008109589689411223,0.0008572920341975987,-4.63330652564764e-05
11028,30,5,0,0,0.00043829099740833044,2.820900408551097e-05,0.0021285410039126873,3.1958974432200193e-05,0.002626999979838729,0.0010451659909449518,0.0015818339888937771
11028,31,5,2,2,0.00043524999637156725,2.983299782499671e-05,0.0015794580103829503,9.295897325500846e-05,0.0021374999778345227,0.0008515419904142618,0.001285957987420261
11028,32,3,2,2,0.0003815419622696936,2.8500042390078306e-05,0.0003168329712934792,1.5542027540504932e-05,0.0007424170034937561,0.0008506669546477497,-0.0001082499511539936
11028,33,1,1,1,0.00033933401573449373,2.8332986403256655e-05,0.0004598330124281347,1.650000922381878e-05,0.0008440000237897038,0.0007155410130508244,0.00012845901073887944
11028,34,0,0,0,0.0003097499720752239,2.8082984499633312e-05,0.0011380420182831585,1.6667007002979517e-05,0.0014925419818609953,0.0010097080375999212,0.00048283394426107407
11028,35,0,2,0,0.00031991704599931836,2.7999980375170708e-05,0.0003096250002272427,1.3999990187585354e-05,0.0006715420167893171,0.0007466670358553529,-7.512501906603575e-05
11028,36,0,4,0,0.00031491596018895507,2.7875008527189493e-05,0.0007625840371474624,1.3790966477245092e-05,0.001119165972340852,0.0006886249757371843,0.00043054099660366774
11028,37,0,4,0,0.00030987500213086605,2.766697434708476e-05,0.00034125003730878234,1.3582990504801273e-05,0.0006923750042915344,0.0006957089644856751,-3.3339601941406727e-06
11028,38,0,4,0,0.00031629204750061035,3.4958007745444775e-05,0.00035566696897149086,1.712498487904668e-05,0.0007240420090965927,0.0007660000119358301,-4.195800283923745e-05
11028,39,0,4,0,0.00030762498499825597,2.920802216976881e-05,0.0003142919740639627,1.4499993994832039e-05,0.0006656249752268195,0.0006974590360186994,-3.183406079187989e-05
11029,0,0,6,0,0.00032637501135468483,3.6165991332381964e-05,0.0004467499675229192,1.7125043086707592e-05,0.0008264160132966936,0.0015092079993337393,-0.0006827919860370457
11029,1,0,6,0,0.0003197909682057798,2.9916991479694843e-05,0.0003517500008456409,1.5666999388486147e-05,0.0007171249599196017,0.0007504999521188438,-3.3374992199242115e-05
11029,2,1,6,0,0.00033866596641018987,2.862501423805952e-05,0.0007963749812915921,1.5959027223289013e-05,0.0011796249891631305,0.000759374990593642,0.0004202499985694885
11029,3,1,6,0,0.0003368750330992043,2.8707960154861212e-05,0.0009386250167153776,1.529202563688159e-05,0.0013195000356063247,0.0010787500068545341,0.00024075002875179052
11029,4,3,6,0,0.00038991699693724513,2.800003858283162e-05,0.0006020829896442592,1.3749988283962011e-05,0.001033750013448298,0.001507583016064018,-0.00047383300261572003
11029,5,6,6,0,0.00044829200487583876,2.9916991479694843e-05,0.00034620804945006967,1.4707969967275858e-05,0.0008391250157728791,0.0012192080030217767,-0.00038008298724889755
11029,6,7,6,2,0.00047983304830268025,2.929195761680603e-05,0.0005931660416536033,1.579197123646736e-05,0.001118083018809557,0.0008610420045442879,0.00025704101426526904
11029,7,6,4,4,0.00046595901949331164,2.9540969990193844e-05,0.00033770903246477246,1.612497726455331e-05,0.0008493339992128313,0.000890083028934896,-4.0749029722064734e-05
11029,8,4,0,0,0.0004213749780319631,3.062497125938535e-05,0.0007628750172443688,1.5042023733258247e-05,0.0012299169902689755,0.0008092499920167029,0.0004206669982522726
11029,9,4,0,0,0.00041545898420736194,2.9165996238589287e-05,0.0005986670148558915,1.3666984159499407e-05,0.001056958979461342,0.0008000829839147627,0.00025687599554657936
11029,10,4,0,0,0.00045091600622981787,4.354194970801473e-05,0.0005407920107245445,2.2499996703118086e-05,0.0010577499633654952,0.0010477910400368273,9.958923328667879e-06
11029,11,7,0,0,0.0004695830284617841,2.9499991796910763e-05,0.00034429202787578106,1.4582998119294643e-05,0.0008579580462537706,0.0008679170277900994,-9.958981536328793e-06
11029,12,8,0,0,0.0005021669785492122,2.9082992114126682e-05,0.00034708401653915644,1.4416000340133905e-05,0.0008927499875426292,0.0008784999954514205,1.4249992091208696e-05
11029,13,9,0,0,0.00051754096057266,2.879201201722026e-05,0.0003263329854235053,1.3959011994302273e-05,0.0008866249700076878,0.0009512499673292041,-6.462499732151628e-05
11029,14,10,0,0,0.0005432079778984189,2.8375012334436178e-05,0.0003248749999329448,1.3624958228319883e-05,0.0009100829483941197,0.000928416964598,-1.833401620388031e-05
11029,15,10,2,2,0.0005392080056481063,2.8416980057954788e-05,0.0004921670188196003,1.491600414738059e-05,0.001074708008673042,0.0009437080007046461,0.00013100000796839595
11029,16,9,1,1,0.0005217920406721532,2.8332986403256655e-05,0.0013787500211037695,9.491696255281568e-05,0.002023792010731995,0.0009075829875655472,0.0011162090231664479
11029,17,8,1,1,0.0005099590052850544,3.0082999728620052e-05,0.0003647920093499124,1.5083001926541328e-05,0.0009199170162901282,0.0012817920069210231,-0.0003618749906308949
11029,18,7,1,1,0.0004808329977095127,3.208301495760679e-05,0.0015689170104451478,1.591700129210949e-05,0.0020977500244043767,0.0011212079552933574,0.0009765420691110194
11029,19,7,1,1,0.0005046669975854456,3.10409814119339e-05,0.0009928750223480165,1.6417005099356174e-05,0.0015450000064447522,0.002095458039548248,-0.0005504580331034958
11029,20,6,0,0,0.0004437500028871,2.8165988624095917e-05,0.00035162497078999877,2.5500019546598196e-05,0.0008490409818477929,0.000828124990221113,2.0915991626679897e-05
11029,21,6,0,0,0.00045520905405282974,2.845795825123787e-05,0.0009223750093951821,1.712498487904668e-05,0.0014231670065782964,0.0008744579972699285,0.000548709009308368
11029,22,6,0,0,0.0004604579880833626,3.4791999496519566e-05,0.0006397079559974372,1.633400097489357e-05,0.001151291944552213,0.001086584001313895,6.470794323831797e-05
11029,23,6,0,0,0.00045658304588869214,3.1333998776972294e-05,0.0006919580046087503,1.5666999388486147e-05,0.001195542048662901,0.0013733329833485186,-0.00017779093468561769
11029,24,6,0,0,0.0004515839973464608,2.8957962058484554e-05,0.0006516670109704137,1.4208024367690086e-05,0.0011464169947430491,0.0011940000113099813,-4.75830165669322e-05
11029,25,6,0,0,0.00045679102186113596,2.7999980375170708e-05,0.00036637502489611506,1.4541961718350649e-05,0.0008657079888507724,0.0009616659954190254,-9.595800656825304e-05
11029,26,6,0,0,0.00045304204104468226,2.8957962058484554e-05,0.0008237080182880163,1.4959019608795643e-05,0.0013206670409999788,0.0008647500071674585,0.00045591703383252025
11029,27,6,0,0,0.000457541027572006,2.8041948098689318e-05,0.0007907500257715583,1.8667022231966257e-05,0.0012950000236742198,0.001098582986742258,0.00019641703693196177
11029,28,6,1,1,0.0004480829811654985,2.8834037948399782e-05,0.00047391600674018264,1.4999997802078724e-05,0.0009658330236561596,0.0010597090004011989,-9.387597674503922e-05
11029,29,5,3,3,0.00042925000889226794,2.7999980375170708e-05,0.0003982500056736171,1.5833007637411356e-05,0.0008713330025784671,0.0008667499641887844,4.58303838968277e-06
11029,30,2,1,1,0.00035970896715298295,2.7875008527189493e-05,0.0007540410151705146,1.5166995581239462e-05,0.0011567919864319265,0.0007621669792570174,0.0003946250071749091
11029,31,1,0,0,0.00033795798663049936,2.7999980375170708e-05,0.00033879204420372844,1.4124962035566568e-05,0.0007188749732449651,0.0006970830145291984,2.179195871576667e-05
11029,32,1,1,1,0.0003370830090716481,2.779200440272689e-05,0.0009094160050153732,1.958396751433611e-05,0.0012938749860040843,0.0007202080450952053,0.000573666940908879
11029,33,0,0,0,0.0003178329789079726,2.9458024073392153e-05,0.0008145839674398303,1.5208031982183456e-05,0.0011770830024033785,0.00162266701227054,-0.0004455840098671615
11029,34,0,0,0,0.000314916018396616,2.7499976567924023e-05,0.00030804204288870096,1.3624958228319883e-05,0.0006640829960815609,0.0011277910089120269,-0.00046370801283046603
11029,35,0,0,0,0.00031462498009204865,2.766697434708476e-05,0.00029975001234561205,1.3542012311518192e-05,0.0006555839790962636,0.0009978330344893038,-0.0003422490553930402
11029,36,0,0,0,0.0003107909578830004,2.7250032871961594e-05,0.0005109999910928309,1.691700890660286e-05,0.0008659579907543957,0.0007737079868093133,9.225000394508243e-05
11029,37,0,0,0,0.00031429098453372717,2.9583985451608896e-05,0.000731583044398576,1.6707985196262598e-05,0.0010921659995801747,0.0013039170298725367,-0.00021175103029236197
11029,38,0,3,0,0.00032545800786465406,2.9207963962107897e-05,0.00040900002932175994,1.5291967429220676e-05,0.0007789579685777426,0.0007244159933179617,5.4541975259780884e-05
11029,39,0,5,0,0.00032400002237409353,2.9125018045306206e-05,0.0007059999625198543,1.4416000340133905e-05,0.001073541003279388,0.0007298330310732126,0.00034370797220617533
11029,40,0,5,0,0.0003201669896952808,2.9041024390608072e-05,0.000317834026645869,1.4374963939189911e-05,0.0006814170046709478,0.0007000420009717345,-1.8624996300786734e-05
11029,41,0,5,0,0.00030737504130229354,2.7166970539838076e-05,0.0003070830134674907,1.3416982255876064e-05,0.0006550420075654984,0.0008254580316133797,-0.00017041602404788136
11029,42,0,5,0,0.0003440000000409782,3.408297197893262e-05,0.00032891699811443686,1.6166013665497303e-05,0.000723165983799845,0.0008082500426098704,-8.508405881002545e-05
11030,0,0,6,0,0.0003077909932471812,2.84170382656157e-05,0.0010900829802267253,1.8208986148238182e-05,0.0014444999978877604,0.0009490000084042549,0.0004954999894835055
11030,1,0,6,0,0.00031574995955452323,2.9125018045306206e-05,0.00032587500754743814,1.4666991773992777e-05,0.0006854169769212604,0.0007303750026039779,-4.495802568271756e-05
11030,2,2,6,0,0.00036166602512821555,2.8416980057954788e-05,0.0003254999755881727,1.4083052519708872e-05,0.0007296660332940519,0.0007955000037327409,-6.5833970438689e-05
11030,3,2,6,0,0.00035683397436514497,2.8125010430812836e-05,0.000688833009917289,1.4999997802078724e-05,0.0010887919925153255,0.0007453340222127736,0.000343457970302552
11030,4,4,6,0,0.0004080839571543038,2.820801455527544e-05,0.0003298330120742321,1.3999990187585354e-05,0.0007801249739713967,0.0008258330053649843,-4.570803139358759e-05
11030,5,6,6,0,0.00045362499076873064,2.8375012334436178e-05,0.0006653330055996776,1.391698606312275e-05,0.0011612499947659671,0.0008590419893153012,0.00030220800545066595
11030,6,7,6,2,0.0004741669981740415,2.9582995921373367e-05,0.0007281249854713678,1.5666999388486147e-05,0.0012475419789552689,0.0013942919904366136,-0.0001467500114813447
11030,7,6,4,4,0.0004432499990798533,2.8665992431342602e-05,0.0007628339808434248,1.5375029761344194e-05,0.0012501250021159649,0.0013959170319139957,-0.00014579202979803085
11030,8,2,0,0,0.00036225002259016037,2.8999987989664078e-05,0.0004260839777998626,1.4165998436510563e-05,0.0008314999868161976,0.0019373340182937682,-0.0011058340314775705
11030,9,4,0,0,0.0004260000423528254,3.287498839199543e-05,0.0003773329663090408,1.6542035154998302e-05,0.0008527500322088599,0.0010848750243894756,-0.00023212499218061566
11030,10,4,0,0,0.0004117920179851353,2.9541959520429373e-05,0.00031570805003866553,1.4041957911103964e-05,0.0007710839854553342,0.0010689579648897052,-0.000297873979434371
11030,11,4,0,0,0.00040670798625797033,2.758303890004754e-05,0.000629416957963258,1.3542012311518192e-05,0.001077249995432794,0.000773875042796135,0.00030337495263665915
11030,12,6,0,0,0.00045329099521040916,2.8499984182417393e-05,0.00032645900500938296,1.4165998436510563e-05,0.0008224159828387201,0.001041750016156584,-0.00021933403331786394
11030,13,7,0,0,0.00047129200538620353,2.758303890004754e-05,0.0006117919692769647,1.3999990187585354e-05,0.001124667003750801,0.0008535420056432486,0.00027112499810755253
11030,14,10,0,0,0.0005381670198403299,2.779200440272689e-05,0.0014010830200277269,9.074999252334237e-05,0.002057792036794126,0.000918666017241776,0.00113912601955235
11030,15,11,1,1,0.0005599999567493796,2.8875016141682863e-05,0.00034129200503230095,1.4542019926011562e-05,0.000944708997849375,0.0016934159793891013,-0.0007487069815397263
11030,16,10,1,1,0.0005354590248316526,2.7708010748028755e-05,0.00041870796121656895,1.4375022146850824e-05,0.0009962500189431012,0.0009258750360459089,7.037498289719224e-05
11030,17,10,3,3,0.000541082990821451,2.766697434708476e-05,0.00032900000223889947,1.5583005733788013e-05,0.0009133329731412232,0.0009384170407429338,-2.5084067601710558e-05
11030,18,7,0,0,0.0004669170011766255,2.7332978788763285e-05,0.0003421669825911522,1.391698606312275e-05,0.0008503339486196637,0.0009071249514818192,-5.679100286215544e-05
11030,19,7,0,0,0.00046433298848569393,2.762500662356615e-05,0.0006181250209920108,1.391698606312275e-05,0.0011240000021643937,0.0008423339459113777,0.000281666056253016
11030,20,7,0,0,0.00046445796033367515,2.758402843028307e-05,0.000643207982648164,1.3542012311518192e-05,0.0011487919837236404,0.0008341670036315918,0.00031462498009204865
11030,21,7,0,0,0.0004669999470934272,2.775003667920828e-05,0.0003172499709762633,1.3708020560443401e-05,0.0008257079753093421,0.0009679580107331276,-0.00014225003542378545
11030,22,7,1,1,0.0004747080383822322,2.7375004719942808e-05,0.00045479199616238475,1.4165998436510563e-05,0.0009710410377010703,0.0008696250151842833,0.00010141602251678705
11030,23,6,0,0,0.00045662501361221075,3.0082999728620052e-05,0.001299499999731779,1.4583987649530172e-05,0.00180079200072214,0.0008776250178925693,0.0009231669828295708
11030,24,6,0,0,0.0004747500061057508,3.0374969355762005e-05,0.0005122500006109476,1.54580338858068e-05,0.0010328330099582672,0.0014622079906985164,-0.00042937498074024916
11030,25,6,0,0,0.0004511660081334412,2.7791946195065975e-05,0.0006080830353312194,1.370901009067893e-05,0.0011007499997504056,0.0008325409726239741,0.00026820902712643147
11030,26,6,0,0,0.0004467089893296361,2.7665984816849232e-05,0.00031816703267395496,1.4041957911103964e-05,0.0008065839647315443,0.0008299579494632781,-2.33739847317338e-05
11030,27,6,0,0,0.0004564579576253891,2.9500050004571676e-05,0.0011919589596800506,0.00010179099626839161,0.001779707963578403,0.0011979590053670108,0.0005817489582113922
11030,28,6,2,2,0.0004478340269997716,2.741598291322589e-05,0.0008268749807029963,1.5959027223289013e-05,0.0013180840178392828,0.0012040829751640558,0.00011400104267522693
11030,29,4,0,0,0.00040424999315291643,2.8500042390078306e-05,0.0007175839855335653,1.591601176187396e-05,0.001166250032838434,0.0012076249695383012,-4.137493669986725e-05
11030,30,4,1,1,0.0004029159899801016,2.78339721262455e-05,0.0006230410072021186,1.433398574590683e-05,0.0010681249550543725,0.001081958005670458,-1.383305061608553e-05
11030,31,3,3,3,0.00037833297392353415,2.8250040486454964e-05,0.000752874999307096,1.4624965842813253e-05,0.0011740829795598984,0.0011764580267481506,-2.3750471882522106e-06
11030,32,0,0,0,0.00031037500593811274,2.741598291322589e-05,0.0007553339819423854,1.383305061608553e-05,0.0011069580214098096,0.0010696250246837735,3.733299672603607e-05
11030,33,0,0,0,0.00030824996065348387,2.820900408551097e-05,0.0008469160529784858,2.7749978471547365e-05,0.001211124996189028,0.0016862500342540443,-0.00047512503806501627
11030,34,0,0,0,0.000321374973282218,3.270799061283469e-05,0.0007772500393912196,1.6041973140090704e-05,0.001147374976426363,0.001749624963849783,-0.00060224998742342
11030,35,0,0,0,0.00031579198548570275,2.8707960154861212e-05,0.0010347500210627913,6.208301056176424e-05,0.0014413329772651196,0.0011142499861307442,0.00032708299113437533
11030,36,0,2,0,0.0003327910089865327,2.766697434708476e-05,0.0013137499918229878,1.7874990589916706e-05,0.001692082965746522,0.0011354999733157456,0.0005565829924307764
11030,37,0,2,0,0.00031225004931911826,2.8624956030398607e-05,0.0007016659947112203,1.875002635642886e-05,0.001061291026417166,0.0011318749748170376,-7.058394839987159e-05
11030,38,0,4,0,0.00031704199500381947,2.7875008527189493e-05,0.0004208330065011978,1.4083983842283487e-05,0.0007798339938744903,0.0011844169930554926,-0.0004045829991810024
11030,39,0,4,0,0.0003189999843016267,2.7291011065244675e-05,0.0003106250078417361,1.3625016435980797e-05,0.0006705410196445882,0.0007322910241782665,-6.17500045336783e-05
11031,0,0,6,0,0.000313041964545846,2.7999980375170708e-05,0.0003167500253766775,1.391599653288722e-05,0.0006717079668305814,0.000697166018653661,-2.5458051823079586e-05
11031,1,0,6,0,0.0003226249828003347,2.924998989328742e-05,0.0008412080351263285,1.53339933604002e-05,0.0012084170011803508,0.0008790409774519503,0.00032937602372840047
11031,2,0,6,0,0.00031579204369336367,2.866698196157813e-05,0.0004362909821793437,1.4375022146850824e-05,0.0007951250299811363,0.0015599170001223683,-0.000764791970141232
11031,3,0,6,0,0.0003131669946014881,2.7708010748028755e-05,0.0011234169942326844,1.6291975043714046e-05,0.0014805839746259153,0.0010070420103147626,0.0004735419643111527
11031,4,0,6,0,0.0003088339581154287,2.8333044610917568e-05,0.0006888329517096281,1.466704998165369e-05,0.001040667004417628,0.0009954999550245702,4.516704939305782e-05
11031,5,0,6,0,0.00030929100466892123,2.7583970222622156e-05,0.0007725830073468387,1.3542012311518192e-05,0.0011229999945499003,0.0007082080119289458,0.0004147919826209545
11031,6,1,6,0,0.0003291249740868807,2.7333036996424198e-05,0.00037008296931162477,1.3792014215141535e-05,0.0007403329946100712,0.0009810409974306822,-0.000240708002820611
11031,7,3,6,0,0.0003747919690795243,2.7958012651652098e-05,0.0003302500117570162,1.3749988283962011e-05,0.0007467499817721546,0.0007703329902142286,-2.358300844207406e-05
11031,8,4,6,1,0.00039833300979807973,2.724997466430068e-05,0.00032183300936594605,1.4209013897925615e-05,0.0007616250077262521,0.0007771669770590961,-1.554196933284402e-05
11031,9,3,5,3,0.00037879199953749776,2.7458008844405413e-05,0.0003791249473579228,1.687504118308425e-05,0.0008022499969229102,0.0008195409900508821,-1.7290993127971888e-05
11031,10,2,2,2,0.00035641598515212536,2.779200440272689e-05,0.0004122499958612025,1.4542019926011562e-05,0.0008110000053420663,0.000737291993573308,7.37080117687583e-05
11031,11,2,0,0,0.0003684579860419035,3.024999750778079e-05,0.0007750830263830721,1.495896140113473e-05,0.0011887499713338912,0.00091758300550282,0.00027116696583107114
11031,12,5,0,0,0.00043058302253484726,2.8707960154861212e-05,0.00031929201213642955,1.4208024367690086e-05,0.0007927910191938281,0.001000707969069481,-0.0002079169498756528
11031,13,7,0,0,0.000475957989692688,2.816703636199236e-05,0.0003164159716106951,1.4083983842283487e-05,0.000834624981507659,0.0008953750366345048,-6.075005512684584e-05
11031,14,10,0,0,0.0005447500152513385,2.962502185255289e-05,0.0008456249488517642,1.5833007637411356e-05,0.001435832993593067,0.0012644589878618717,0.0001713740057311952
11031,15,12,0,0,0.0006133329588919878,3.091699909418821e-05,0.0005837080534547567,1.5707977581769228e-05,0.001243665989022702,0.0012887080083601177,-4.5042019337415695e-05
11031,16,12,1,1,0.0005884160054847598,2.862501423805952e-05,0.0005539589910767972,1.4541030395776033e-05,0.0011855410411953926,0.0009901250014081597,0.00019541603978723288
11031,17,11,0,0,0.0005614589899778366,2.762500662356615e-05,0.0005961659480817616,1.570902531966567e-05,0.00120095897000283,0.0011628330103121698,3.812595969066024e-05
11031,18,11,0,0,0.0006029580254107714,3.6874960642308e-05,0.0003725829883478582,1.8125050701200962e-05,0.0010305410251021385,0.0011825839756056666,-0.00015204295050352812
11031,19,11,1,1,0.0005866250139661133,2.9499991796910763e-05,0.0007379589951597154,1.5041034203022718e-05,0.0013691250351257622,0.000995707989204675,0.00037341704592108727
11031,20,10,0,0,0.0005335420137271285,5.166599294170737e-05,0.0007171669858507812,1.6667007002979517e-05,0.0013190419995225966,0.0011885410058312118,0.0001305009936913848
11031,21,10,1,1,0.000528791977558285,2.8499984182417393e-05,0.00032391701824963093,1.4125020243227482e-05,0.0008953340002335608,0.000981333025265485,-8.599902503192425e-05
11031,22,9,2,2,0.0005121250287629664,2.766697434708476e-05,0.00039854098577052355,1.4375022146850824e-05,0.0009527080110274255,0.000896541983820498,5.616602720692754e-05
11031,23,7,1,1,0.00046795798698440194,2.758303890004754e-05,0.0003185419482178986,1.4042016118764877e-05,0.000828124990221113,0.0008907080045901239,-6.258301436901093e-05
11031,24,6,0,0,0.00044062500819563866,2.7125002816319466e-05,0.0003924159682355821,1.391698606312275e-05,0.000874082965310663,0.0008195409900508821,5.4541975259780884e-05
11031,25,6,0,0,0.0004484999808482826,2.7500034775584936e-05,0.000500582973472774,1.3459008187055588e-05,0.0009900419972836971,0.0008096670499071479,0.00018037494737654924
11031,26,6,0,0,0.000472417043056339,3.370799822732806e-05,0.00035491696326062083,2.0292005501687527e-05,0.0008813340100459754,0.0011432499741204083,-0.00026191596407443285
11031,27,6,0,0,0.0004535000189207494,2.8416980057954788e-05,0.00035329099046066403,1.4583987649530172e-05,0.0008497919770888984,0.0011916669900529087,-0.00034187501296401024
11031,28,6,0,0,0.0004558329819701612,2.779200440272689e-05,0.00031895801657810807,1.433398574590683e-05,0.000816916988696903,0.0008360000210814178,-1.908303238451481e-05
11031,29,6,1,1,0.00045437499647960067,2.7916976250708103e-05,0.0006596660241484642,1.6041973140090704e-05,0.0011579999700188637,0.0009753329795785248,0.00018266699044033885
11031,30,5,0,0,0.000428540981374681,2.8334034141153097e-05,0.0008217909489758313,1.5959027223289013e-05,0.0012946249917149544,0.0012107500224374235,8.387496927753091e-05
11031,31,5,0,0,0.0004219579859636724,2.804200630635023e-05,0.000686999992467463,1.6457983292639256e-05,0.001153457968030125,0.0008980409475043416,0.0002554170205257833
11031,32,5,0,0,0.0004297079867683351,2.8207956347614527e-05,0.00038537505315616727,1.395895378664136e-05,0.0008572499500587583,0.0008123340085148811,4.4915941543877125e-05
11031,33,5,1,1,0.00043050001841038465,2.7875008527189493e-05,0.000311249983496964,1.4125020243227482e-05,0.0007837500306777656,0.0008264170028269291,-4.2666972149163485e-05
11031,34,4,1,1,0.00041741703171283007,2.8499984182417393e-05,0.0006371249910444021,1.5249999705702066e-05,0.0010982920066453516,0.0008777499897405505,0.00022054201690480113
11031,35,3,0,0,0.00038662500446662307,2.8499984182417393e-05,0.0006094590062275529,1.387501833960414e-05,0.0010384590132161975,0.0008101670537143946,0.00022829195950180292
11031,36,3,1,1,0.00038645899621769786,2.9707967769354582e-05,0.0003186250105500221,1.4833000022917986e-05,0.0007496249745599926,0.0015855419915169477,-0.0008359170169569552
11031,37,2,0,0,0.0006948749651201069,2.8958020266145468e-05,0.0004609170136973262,1.5874975360929966e-05,0.0012006249744445086,0.0015990409883670509,-0.00039841601392254233
11031,38,2,2,2,0.00036987499333918095,2.8125010430812836e-05,0.000308374990709126,1.4624965842813253e-05,0.000720999960321933,0.0007585000130347908,-3.750005271285772e-05
11031,39,0,0,0,0.00031383399618789554,2.841599052771926e-05,0.0008401250233873725,1.5749945305287838e-05,0.0011981249554082751,0.000683374993968755,0.0005147499614395201
11031,40,0,0,0,0.00031354097882285714,2.7375004719942808e-05,0.0004455420421436429,1.4207966160029173e-05,0.000800665991846472,0.0007407909724861383,5.987501936033368e-05
11031,41,0,2,0,0.000490875041577965,2.9541959520429373e-05,0.0003231670125387609,1.687504118308425e-05,0.0008604590548202395,0.001601582975126803,-0.0007411239203065634
11031,42,0,2,0,0.00031229096930474043,2.7667032554745674e-05,0.00031291699269786477,1.4040968380868435e-05,0.0006669159629382193,0.0006962919724173844,-2.9376009479165077e-05
11031,43,0,3,0,0.00031266699079424143,3.062502946704626e-05,0.00134862499544397,3.51249473169446e-05,0.0017270419630222023,0.0013968750135973096,0.00033016694942489266
11031,44,0,4,0,0.0003290839958935976,3.837497206404805e-05,0.001514833013061434,1.9625003915280104e-05,0.0019019169849343598,0.001807166961953044,9.475002298131585e-05
11031,45,0,4,0,0.00030883302679285407,6.404198938980699e-05,0.0007303750026039779,2.6458001229912043e-05,0.001129708020016551,0.0014928340096957982,-0.00036312598967924714
11032,0,0,6,0,0.0003183750086463988,2.900004619732499e-05,0.00036841596011072397,1.8624996300786734e-05,0.0007344160112552345,0.001467500056605786,-0.0007330840453505516
11032,1,0,6,0,0.00031404203036800027,2.8499984182417393e-05,0.0003490410163067281,1.4499993994832039e-05,0.0007060830248519778,0.00148079200880602,-0.0007747089839540422
11032,2,0,6,0,0.0003139160107821226,2.779200440272689e-05,0.0007213330245576799,1.4124962035566568e-05,0.001077166001778096,0.0006972089759074152,0.0003799570258706808
11032,3,0,6,0,0.00031650002347305417,2.8333975933492184e-05,0.0005424999981187284,1.8207996618002653e-05,0.0009055419941432774,0.0010005420190282166,-9.50000248849392e-05
11032,4,2,6,0,0.00037620897637680173,2.9582995921373367e-05,0.0005567920161411166,1.9332976080477238e-05,0.000981916964519769,0.0008032500045374036,0.00017866695998236537
11032,5,4,6,0,0.0004078329657204449,2.8875016141682863e-05,0.0006726250285282731,1.795799471437931e-05,0.0011272910051047802,0.0011246660142205656,2.6249908842146397e-06
11032,6,6,6,0,0.0004509579739533365,2.9334041755646467e-05,0.0003874579560942948,1.5166995581239462e-05,0.0008829169673845172,0.0008642500033602118,1.8666964024305344e-05
11032,7,8,6,6,0.0004980419762432575,2.8833048418164253e-05,0.0007541669765487313,1.8417020328342915e-05,0.001299459021538496,0.0009520419989712536,0.0003474170225672424
11032,8,2,0,0,0.00036391697358340025,3.100000321865082e-05,0.00035275000846013427,1.5208031982183456e-05,0.0007628750172443688,0.0010350420488975942,-0.0002721670316532254
11032,9,3,0,0,0.0003820420242846012,2.8082984499633312e-05,0.0003042499884031713,1.4082994312047958e-05,0.0007284579914994538,0.0007693750085309148,-4.0917017031461e-05
11032,10,4,0,0,0.0004030410200357437,2.7416972443461418e-05,0.000309542054310441,1.3749988283962011e-05,0.0007537500350736082,0.0007696669781580567,-1.5916943084448576e-05
11032,11,7,1,1,0.00047912501031532884,2.9999995604157448e-05,0.0004163749981671572,1.6707985196262598e-05,0.0009422079892829061,0.0010501249926164746,-0.00010791700333356857
11032,12,7,0,0,0.0004719580174423754,2.783298259600997e-05,0.0003179169725626707,1.3792014215141535e-05,0.0008314999868161976,0.0008626669878140092,-3.1167000997811556e-05
11032,13,7,0,0,0.00045958400005474687,3.024999750778079e-05,0.0006707079592160881,1.4167046174407005e-05,0.0011747090029530227,0.0012413330259732902,-6.662402302026749e-05
11032,14,8,0,0,0.0004963329993188381,2.9458024073392153e-05,0.0003273339825682342,1.4208024367690086e-05,0.0008673330303281546,0.0009709580335766077,-0.00010362500324845314
11032,15,8,0,0,0.0004979579825885594,2.8959009796380997e-05,0.0005970830097794533,1.7167010810226202e-05,0.0011411670129746199,0.0009571250411681831,0.00018404197180643678
11032,16,10,1,1,0.0005497499951161444,2.8332986403256655e-05,0.0005137500120326877,1.579197123646736e-05,0.001107624964788556,0.0015055410331115127,-0.00039791606832295656
11032,17,10,1,1,0.0005434999475255609,2.920802216976881e-05,0.000589667004533112,2.3083004634827375e-05,0.001185457978863269,0.0009475409751757979,0.00023791700368747115
11032,18,9,0,0,0.0005373749881982803,3.14170029014349e-05,0.0007825419888831675,1.4999997802078724e-05,0.0013663339777849615,0.0012545829522423446,0.00011175102554261684
11032,19,9,1,1,0.0005187090137042105,2.8708018362522125e-05,0.00046016694977879524,1.837499439716339e-05,0.0010259589762426913,0.0012416659737937152,-0.00021570699755102396
11032,20,8,2,2,0.0005152500234544277,3.0583993066102266e-05,0.00042749999556690454,1.7457990907132626e-05,0.0009907920029945672,0.0009478330030106008,4.295899998396635e-05
11032,21,6,0,0,0.0004676670068874955,2.9957969672977924e-05,0.0003327500307932496,1.5207973774522543e-05,0.0008455829811282456,0.0011462079710327089,-0.0003006249899044633
11032,22,6,0,0,0.0004479169729165733,2.8332986403256655e-05,0.0007410839898511767,1.6000005416572094e-05,0.0012333339545875788,0.0010090830037370324,0.00022425095085054636
11032,23,6,0,0,0.0004545000265352428,2.7749978471547365e-05,0.0006675419863313437,1.675001112744212e-05,0.001166542002465576,0.0008383329841308296,0.00032820901833474636
11032,24,6,0,0,0.00044791604159399867,2.8624956030398607e-05,0.0003227500128559768,1.3792014215141535e-05,0.0008130830246955156,0.0008266249787993729,-1.3541954103857279e-05
11032,25,6,0,0,0.00044350000098347664,2.783298259600997e-05,0.0003160419873893261,1.4541030395776033e-05,0.0008019160013645887,0.0008468339801765978,-4.4917978812009096e-05
11032,26,6,0,0,0.0004490839783102274,2.762500662356615e-05,0.0003143330104649067,1.4166987966746092e-05,0.0008052089833654463,0.0008202909957617521,-1.50820123963058e-05
11032,27,6,1,1,0.00044425000669434667,2.7875008527189493e-05,0.0003202909720130265,1.4583987649530172e-05,0.0008069999748840928,0.0008201670134440064,-1.3167038559913635e-05
11032,28,5,0,0,0.0004224579897709191,2.8416980057954788e-05,0.00031054101418703794,1.3833981938660145e-05,0.000775249965954572,0.0011159590212628245,-0.0003407090553082526
11032,29,5,0,0,0.0004246670287102461,2.8207956347614527e-05,0.0005955000524409115,1.3666984159499407e-05,0.0010620420216582716,0.0010348749929107726,2.716702874749899e-05
11032,30,5,1,1,0.00042216700967401266,3.0499999411404133e-05,0.00033495796378701925,1.5249999705702066e-05,0.0008028749725781381,0.0008375420002266765,-3.466702764853835e-05
11032,31,4,0,0,0.0004052919684909284,2.7915986720472574e-05,0.000504916999489069,1.4125020243227482e-05,0.0009522499749436975,0.0007940829964354634,0.00015816697850823402
11032,32,4,2,2,0.00040083302883431315,2.7749978471547365e-05,0.0007962919771671295,1.6541045624762774e-05,0.0012414160300977528,0.001184666994959116,5.674903513863683e-05
11032,33,2,0,0,0.00036212499253451824,2.9707967769354582e-05,0.0007242500432766974,1.4166987966746092e-05,0.0011302499915473163,0.0012637499603442848,-0.00013349996879696846
11032,34,2,1,1,0.0003547499654814601,2.762500662356615e-05,0.0003067500074394047,1.454097218811512e-05,0.0007036659517325461,0.0007789999945089221,-7.533404277637601e-05
11032,35,1,0,0,0.00033308297861367464,2.7875008527189493e-05,0.00032283400651067495,1.4041026588529348e-05,0.0006978330202400684,0.0007067499682307243,-8.916947990655899e-06
11032,36,1,0,0,0.0003283339901827276,2.7165981009602547e-05,0.00031575001776218414,1.3999990187585354e-05,0.0006852499791420996,0.0006859159911982715,-6.660120561718941e-07
11032,37,1,0,0,0.00034866598434746265,2.8084032237529755e-05,0.00031462498009204865,1.4791032299399376e-05,0.0007061660289764404,0.000740625022444874,-3.445899346843362e-05
11032,38,1,0,0,0.00034895900171250105,2.8124952223151922e-05,0.0005942500429227948,1.454097218811512e-05,0.000985874969046563,0.000723250035662204,0.0002626249333843589
11032,39,1,1,1,0.0007110000005923212,3.120797919109464e-05,0.000325749977491796,1.6542035154998302e-05,0.0010844999924302101,0.001973375037778169,-0.0008888750453479588
11032,40,0,1,0,0.00031874998239800334,3.158301115036011e-05,0.0004390829708427191,1.4666991773992777e-05,0.0008040829561650753,0.0007110000005923212,9.308295557275414e-05
11032,41,0,1,0,0.0003160419873893261,3.0333001632243395e-05,0.0003119580214843154,1.495896140113473e-05,0.0006732919719070196,0.0007227499736472964,-4.9458001740276814e-05
11032,42,0,3,0,0.0003150000120513141,2.904096618294716e-05,0.00031229201704263687,1.4708028174936771e-05,0.0006710410234518349,0.0008741659694351256,-0.00020312494598329067
11032,43,0,3,0,0.0003106250078417361,2.7999980375170708e-05,0.0003107910160906613,1.4041957911103964e-05,0.000663457962218672,0.0007027920219115913,-3.9334059692919254e-05
11032,44,0,3,0,0.0003148330142721534,2.7749978471547365e-05,0.0008130830246955156,1.3749988283962011e-05,0.0011694160057231784,0.0009846250177361071,0.00018479098798707128
11032,45,0,3,0,0.0003114580176770687,2.6999972760677338e-05,0.00030933303060010076,1.3874960131943226e-05,0.00066166598116979,0.0006807920290157199,-1.912604784592986e-05
11032,46,0,3,0,0.00030745897674933076,2.7541012968868017e-05,0.00031575001776218414,1.3666984159499407e-05,0.0006644169916398823,0.0009781669941730797,-0.0003137500025331974
11032,47,0,3,0,0.0003073749830946326,2.775003667920828e-05,0.00031566701363772154,1.3624958228319883e-05,0.0006644169916398823,0.0009486660128459334,-0.0002842490212060511
11032,48,0,4,0,0.00032712501706555486,2.7583970222622156e-05,0.0003926249919459224,1.4125020243227482e-05,0.0007614589994773269,0.0009798750397749245,-0.00021841604029759765
11032,49,0,5,0,0.00031287496676668525,2.8749986086040735e-05,0.0003213750314898789,1.4457968063652515e-05,0.0006774579524062574,0.0006851250072941184,-7.667054887861013e-06
11032,50,0,5,0,0.00031591596780344844,3.120902692899108e-05,0.000989499967545271,1.5375029761344194e-05,0.0013519999920390546,0.0010734170209616423,0.00027858297107741237
11032,51,0,5,0,0.0003202499938197434,2.9499991796910763e-05,0.0007404590141959488,1.454097218811512e-05,0.0011047499720007181,0.001063500007148832,4.1249964851886034e-05
11032,52,0,5,0,0.0003108750097453594,2.7749978471547365e-05,0.0003488750080578029,1.391599653288722e-05,0.0007014159928075969,0.0008978329715318978,-0.00019641697872430086
11032,53,0,5,0,0.0003109579556621611,2.7083035092800856e-05,0.0006523749907501042,1.391698606312275e-05,0.001004332967568189,0.0010270419879816473,-2.2709020413458347e-05
11032,54,0,5,0,0.0003107499796897173,2.7083035092800856e-05,0.0004384170169942081,1.3499986380338669e-05,0.0007897500181570649,0.0006987079977989197,9.104202035814524e-05
11033,0,0,6,0,0.00031229201704263687,2.7541012968868017e-05,0.0008956249803304672,1.4083983842283487e-05,0.0012495419941842556,0.0009365000296384096,0.000313041964545846
11033,1,0,6,0,0.000311249983496964,2.7542002499103546e-05,0.00031241599936038256,1.3917044270783663e-05,0.0006651250296272337,0.001085874973796308,-0.0004207499441690743
11033,2,1,6,0,0.0003368749748915434,2.9583985451608896e-05,0.0006246660486795008,1.6167003195732832e-05,0.001007292012218386,0.001072457991540432,-6.516597932204604e-05
11033,3,1,6,0,0.00033954199170693755,2.866698196157813e-05,0.000323957996442914,1.4417048078030348e-05,0.00070658401818946,0.0007294589886441827,-2.2874970454722643e-05
11033,4,3,6,0,0.00038529204903170466,2.8332986403256655e-05,0.0003214169992133975,1.387501833960414e-05,0.000748917052987963,0.0007677089888602495,-1.8791935872286558e-05
11033,5,3,6,0,0.00039133295649662614,4.1542050894349813e-05,0.00039916596142575145,1.6375037375837564e-05,0.000848416006192565,0.0013823750196024776,-0.0005339590134099126
11033,6,4,6,0,0.0004272499936632812,3.020802978426218e-05,0.0009330419707112014,7.945799734443426e-05,0.001469957991503179,0.001495625008828938,-2.5667017325758934e-05
11033,7,4,6,0,0.00041083298856392503,3.066699719056487e-05,0.00034612498711794615,1.6624981071799994e-05,0.000804249953944236,0.0013669999898411334,-0.0005627500358968973
11033,8,6,6,2,0.00047383300261572003,3.445800393819809e-05,0.0005540000274777412,0.0001211669878102839,0.0011834580218419433,0.0008619169821031392,0.0003215410397388041
11033,9,4,4,4,0.000403582991566509,2.9332994017750025e-05,0.0006865839823149145,1.6375037375837564e-05,0.001135875005275011,0.0022502089850604534,-0.0011143339797854424
11033,10,0,0,0,0.00032587500754743814,2.9333983547985554e-05,0.00033129099756479263,1.570902531966567e-05,0.000702209013979882,0.0006962910410948098,5.917972885072231e-06
11033,11,3,0,0,0.0003802920109592378,2.962502185255289e-05,0.000571542012039572,1.4290970284491777e-05,0.0009957500151358545,0.0012710420414805412,-0.00027529202634468675
11033,12,4,0,0,0.00040679197991266847,2.8165988624095917e-05,0.0006919590523466468,1.6832957044243813e-05,0.001143749977927655,0.0013424999779090285,-0.00019874999998137355
11033,13,6,0,0,0.0004468749975785613,2.92909680865705e-05,0.0009001670405268669,1.4999997802078724e-05,0.0013913330039940774,0.0008777910261414945,0.0005135419778525829
11033,14,9,0,0,0.0005235410062596202,2.8458947781473398e-05,0.0003951660473830998,1.679197885096073e-05,0.0009639579802751541,0.0012235830072313547,-0.0002596250269562006
11033,15,11,1,1,0.0005632499814964831,2.8500042390078306e-05,0.0004283339949324727,2.1040963474661112e-05,0.0010411249822936952,0.0010941249784082174,-5.299999611452222e-05
11033,16,10,1,1,0.0007631250191479921,3.400002606213093e-05,0.0003743749693967402,2.0458013750612736e-05,0.001191958028357476,0.0016671670018695295,-0.0004752089735120535
11033,17,9,1,1,0.0005342500517144799,3.062497125938535e-05,0.0007559160003438592,1.6459031030535698e-05,0.0013372500543482602,0.0014948329771868885,-0.0001575829228386283
11033,18,9,1,1,0.0005162080051377416,2.883397974073887e-05,0.0003416250110603869,1.4874967746436596e-05,0.0009015419636853039,0.0016988340066745877,-0.0007972920429892838
11033,19,8,2,2,0.0004935829783789814,2.804200630635023e-05,0.0003421250148676336,1.5166006051003933e-05,0.0008789160056039691,0.0008777499897405505,1.166015863418579e-06
11033,20,6,0,0,0.0004446249804459512,2.84170382656157e-05,0.0003173329751007259,1.4249992091208696e-05,0.0008046249859035015,0.0008282920462079346,-2.3667060304433107e-05
11033,21,6,0,0,0.00044299999717622995,2.745899837464094e-05,0.0003346250159665942,1.4040968380868435e-05,0.0008191249798983335,0.0008214159752242267,-2.2909953258931637e-06
11033,22,6,0,0,0.000442666991148144,2.820801455527544e-05,0.0008695420110598207,1.6707985196262598e-05,0.0013571250019595027,0.0008200000156648457,0.000537124986294657
11033,23,6,0,0,0.0004475829773582518,2.762500662356615e-05,0.00039850000757724047,2.1874962840229273e-05,0.0008955829543992877,0.0011847920250147581,-0.0002892090706154704
11033,24,6,0,0,0.00044599996181204915,2.7916044928133488e-05,0.00042512500658631325,1.3999990187585354e-05,0.0009130410035140812,0.0011820419458672404,-0.0002690009423531592
11033,25,6,0,0,0.0004700829740613699,3.01670515909791e-05,0.0003897499991580844,1.4624965842813253e-05,0.0009046249906532466,0.001528916007373482,-0.0006242910167202353
11033,26,6,0,0,0.0004506660043261945,2.808397402986884e-05,0.0005936659872531891,1.675001112744212e-05,0.0010891659767366946,0.0008415410411544144,0.00024762493558228016
11033,27,6,1,1,0.00046800001291558146,3.170897252857685e-05,0.0006669579888693988,1.591700129210949e-05,0.0011825839756056666,0.001409083022736013,-0.0002264990471303463
11033,28,5,1,1,0.0004295420367270708,2.829096047207713e-05,0.0006082920008338988,1.4458026271313429e-05,0.0010805830243043602,0.0010699580307118595,1.0624993592500687e-05
11033,29,4,0,0,0.0004089580033905804,2.6916968636214733e-05,0.0003095410065725446,1.3499986380338669e-05,0.0007589159649796784,0.0008975840173661709,-0.0001386680523864925
11033,30,4,1,1,0.0004089580033905804,2.7332978788763285e-05,0.0004449589760042727,1.4125020243227482e-05,0.0008953749784268439,0.0007734160171821713,0.00012195896124467254
11033,31,3,2,2,0.00038404198130592704,2.7291011065244675e-05,0.00030979199800640345,1.4542019926011562e-05,0.0007356670103035867,0.0009327089646831155,-0.00019704195437952876
11033,32,1,0,0,0.0003375830128788948,2.8332986403256655e-05,0.0008004999835975468,1.812499249354005e-05,0.0011845409753732383,0.0009722919785417616,0.0002122489968314767
11033,33,1,1,1,0.000347500026691705,3.083300543949008e-05,0.0003623749944381416,1.5291967429220676e-05,0.0007559999939985573,0.001499583013355732,-0.0007435830193571746
11033,34,0,0,0,0.0003107080119661987,2.7875008527189493e-05,0.0003007499617524445,1.5125027857720852e-05,0.0006544580101035535,0.0006842080038040876,-2.9749993700534105e-05
11033,35,0,0,0,0.00030916702235117555,2.9624963644891977e-05,0.00030820799292996526,1.4375022146850824e-05,0.0006613750010728836,0.0008412920287810266,-0.000179917027708143
11033,36,0,2,0,0.00032058299984782934,2.78339721262455e-05,0.00043404102325439453,1.391698606312275e-05,0.0007963749812915921,0.0007400829927064478,5.629198858514428e-05
11033,37,0,4,0,0.00031883298652246594,2.78339721262455e-05,0.0004112080205231905,1.3625016435980797e-05,0.0007714999956078827,0.0006901249871589243,8.13750084489584e-05
11033,38,0,4,0,0.0003190000425092876,2.783298259600997e-05,0.0006907919887453318,1.3625016435980797e-05,0.0010512500302866101,0.0008181669982150197,0.00023308303207159042
11033,39,0,4,0,0.0003178750048391521,2.7333036996424198e-05,0.00030395796056836843,1.3542012311518192e-05,0.0006627080147154629,0.0006794579676352441,-1.6749952919781208e-05
11033,40,0,5,0,0.0003155000158585608,2.704199869185686e-05,0.00032462499802932143,1.3458018656820059e-05,0.0006806250312365592,0.0006804169970564544,2.0803418010473251e-07
11034,0,0,6,0,0.00031045899959281087,2.7708010748028755e-05,0.00046254199696704745,1.4125020243227482e-05,0.0008148340275511146,0.0006894580437801778,0.00012537598377093673
11034,1,0,6,0,0.0003332089981995523,3.2957992516458035e-05,0.00071779201971367,1.595797948539257e-05,0.001099916989915073,0.0008343340014107525,0.0002655829885043204
11034,2,1,6,0,0.0003287909785285592,2.8542010113596916e-05,0.00031924998620525,1.4499993994832039e-05,0.0006910829688422382,0.0007194170029833913,-2.8334034141153097e-05
11034,3,2,6,0,0.00035791698610410094,2.779101487249136e-05,0.0013507919502444565,1.5833007637411356e-05,0.0017523329588584602,0.0010287910117767751,0.0007235419470816851
11034,4,4,6,0,0.00043391698272898793,3.0916009563952684e-05,0.0004355420242063701,1.695798709988594e-05,0.0009173330035991967,0.001147707982454449,-0.00023037497885525227
11034,5,4,6,0,0.0003962920163758099,2.7915986720472574e-05,0.00048741698265075684,1.5000056009739637e-05,0.000926625041756779,0.0008316250168718398,9.50000248849392e-05
11034,6,6,6,1,0.00045262498315423727,2.8540962375700474e-05,0.00034783402225002646,1.4625024050474167e-05,0.0008436249918304384,0.0009217500337399542,-7.812504190951586e-05
11034,7,8,5,5,0.0004941669758409262,2.820801455527544e-05,0.0010780419688671827,0.0001045830431394279,0.0017050000024028122,0.0008977089892141521,0.0008072910131886601
11034,8,3,0,0,0.0003823329461738467,2.7917034458369017e-05,0.00034254201455041766,1.3832992408424616e-05,0.000766624987591058,0.0012412499636411667,-0.00047462497605010867
11034,9,5,0,0,0.00043091701809316874,2.7667032554745674e-05,0.0004891249700449407,1.3749988283962011e-05,0.0009614590089768171,0.0011117919930256903,-0.00015033298404887319
11034,10,6,0,0,0.0004546659765765071,2.7500034775584936e-05,0.0003640420036390424,1.3666984159499407e-05,0.0008598749991506338,0.00087554199853912,-1.5666999388486147e-05
11034,11,7,0,0,0.00047566700959578156,2.7082976885139942e-05,0.0003488750080578029,1.3458018656820059e-05,0.0008650830131955445,0.000852041004691273,1.3042008504271507e-05
11034,12,9,0,0,0.0005202090251259506,2.7458008844405413e-05,0.0006392499781213701,1.3582990504801273e-05,0.0012005000025965273,0.0009010829962790012,0.0002994170063175261
11034,13,9,0,0,0.0005228749942034483,3.14170029014349e-05,0.0009437499684281647,1.6457983292639256e-05,0.0015144999488256872,0.0015763749834150076,-6.187503458932042e-05
11034,14,10,0,0,0.0005342919612303376,2.8582988306879997e-05,0.000698584015481174,1.4582998119294643e-05,0.0012760419631376863,0.0012402500142343342,3.579194890335202e-05
11034,15,11,0,0,0.0005701659829355776,2.9084039852023125e-05,0.00037604098906740546,1.3792014215141535e-05,0.0009890830260701478,0.001990749966353178,-0.0010016669402830303
11034,16,12,2,2,0.0005836659693159163,2.958404365926981e-05,0.0012782079866155982,8.570798672735691e-05,0.0019771659863181412,0.0015080840094015002,0.000469081976916641
11034,17,10,0,0,0.0005334169836714864,2.7708010748028755e-05,0.0007897919858805835,1.4790974091738462e-05,0.0013657079543918371,0.0014392919838428497,-7.358402945101261e-05
11034,18,10,0,0,0.0005454999627545476,2.8709007892757654e-05,0.0006903330213390291,1.4042016118764877e-05,0.0012785840081050992,0.001423583016730845,-0.00014499900862574577
11034,19,10,1,1,0.0005417499924078584,2.762500662356615e-05,0.0012175829615443945,1.6625039279460907e-05,0.00180358299985528,0.0021538329892791808,-0.00035024998942390084
11034,20,9,1,1,0.0005547500331886113,3.058300353586674e-05,0.00105066696414724,1.8708000425249338e-05,0.0016547080012969673,0.0012662499793805182,0.00038845802191644907
11034,21,8,0,0,0.0005137500120326877,3.125000512227416e-05,0.0010032919817604125,1.491600414738059e-05,0.0015632080030627549,0.0018871659995056689,-0.000323957996442914
11034,22,8,1,1,0.0004972920287400484,3.1957984901964664e-05,0.0008508340106345713,2.0208011846989393e-05,0.0014002920361235738,0.0014903749688528478,-9.008293272927403e-05
11034,23,7,0,0,0.000480624963529408,2.916704397648573e-05,0.0006018329877406359,1.3874960131943226e-05,0.0011254999553784728,0.0014892090111970901,-0.00036370905581861734
11034,24,7,0,0,0.000502375012729317,3.125000512227416e-05,0.0007234580116346478,1.5666999388486147e-05,0.001272750028874725,0.0016668750322423875,-0.00039412500336766243
11034,25,7,0,0,0.00047579105012118816,2.7999980375170708e-05,0.0004996249917894602,1.3625016435980797e-05,0.0010170410387217999,0.0008913750061765313,0.00012566603254526854
11034,26,7,2,2,0.000477125053294003,2.7499976567924023e-05,0.0006484590121544898,1.6624981071799994e-05,0.0011697090230882168,0.001057624991517514,0.00011208403157070279
11034,27,5,0,0,0.0004279579734429717,2.84170382656157e-05,0.0008316659950651228,3.629195271059871e-05,0.001324332959484309,0.0008076250087469816,0.0005167079507373273
11034,28,5,0,0,0.00042533298255875707,3.241701051592827e-05,0.0003316249931231141,1.579197123646736e-05,0.0008051669574342668,0.0009651670115999877,-0.00016000005416572094
11034,29,5,0,0,0.00043637497583404183,2.8999987989664078e-05,0.000506458047311753,1.7041980754584074e-05,0.000988874991890043,0.0008377090562134981,0.0001511659356765449
11034,30,5,0,0,0.0004390840185806155,2.9332994017750025e-05,0.0007285000174306333,1.799996243789792e-05,0.0012149169924668968,0.0012207909603603184,-5.87396789342165e-06
11034,31,5,1,1,0.00045900000259280205,3.258301876485348e-05,0.0003976249718107283,1.7041980754584074e-05,0.0009062499739229679,0.0008480410324409604,5.8208941482007504e-05
11034,32,4,0,0,0.0004402499762363732,3.8375030271708965e-05,0.00036579195875674486,1.9791012164205313e-05,0.0008642079774290323,0.0008107500034384429,5.345797399058938e-05
11034,33,4,2,2,0.0004081669612787664,2.9917049687355757e-05,0.0003502909676171839,1.670903293415904e-05,0.0008050840115174651,0.0013785000192001462,-0.0005734160076826811
11034,34,2,1,1,0.00035741698229685426,2.858304651454091e-05,0.00032529199961572886,1.5915953554213047e-05,0.0007272079819813371,0.000754708016756922,-2.7500034775584936e-05
11034,35,1,1,1,0.0003343750140629709,3.008398925885558e-05,0.00033187499502673745,1.4416000340133905e-05,0.0007107499986886978,0.000966083025559783,-0.00025533302687108517
11034,36,0,0,0,0.0003542500198818743,3.954098792746663e-05,0.0011537920217961073,2.2957974579185247e-05,0.0015705410041846335,0.0006821670103818178,0.0008883739938028157
11034,37,0,2,0,0.0003209580318070948,3.0124967452138662e-05,0.000783667026553303,1.8457998521625996e-05,0.0011532080243341625,0.0009110000100918114,0.00024220801424235106
11034,38,0,2,0,0.0003115829895250499,2.8833048418164253e-05,0.00031520897755399346,1.7583020962774754e-05,0.0006732080364599824,0.0007197079830802977,-4.649994662031531e-05
11034,39,0,2,0,0.0003690000157803297,4.241697024554014e-05,0.000363083032425493,2.041697734966874e-05,0.0007949169958010316,0.0006887500057928264,0.00010616699000820518
11034,40,0,2,0,0.0003153750440105796,2.845795825123787e-05,0.00039712502621114254,1.795898424461484e-05,0.0007589170127175748,0.0006946249632164836,6.429204950109124e-05
11034,41,0,2,0,0.00031041697366163135,2.9292015824466944e-05,0.00040025002090260386,1.4749995898455381e-05,0.0007547090062871575,0.0007135830237530172,4.112598253414035e-05
11034,42,0,2,0,0.0007433329592458904,3.466702764853835e-05,0.0003487910144031048,1.7624988686293364e-05,0.0011444159899838269,0.0016073330189101398,-0.0004629170289263129
11034,43,0,4,0,0.0003130839904770255,4.591600736603141e-05,0.0003243749961256981,1.6291975043714046e-05,0.000699666969012469,0.000692416972015053,7.2499969974160194e-06
11034,44,0,5,0,0.00030995800625532866,2.8708018362522125e-05,0.00032391696004197,1.4708028174936771e-05,0.0006772910128347576,0.0009957500151358545,-0.0003184590023010969
11034,45,0,5,0,0.00031583302188664675,2.9499991796910763e-05,0.0009720830130390823,1.4624965842813253e-05,0.001332040992565453,0.0009662089869379997,0.00036583200562745333
11035,0,0,6,0,0.0003310829633846879,3.845803439617157e-05,0.0006479169824160635,1.5666999388486147e-05,0.0010331249795854092,0.0016739999991841614,-0.0006408750195987523
11035,1,0,6,0,0.00030745798721909523,2.816703636199236e-05,0.0009803749853745103,1.5083001926541328e-05,0.0013310830108821392,0.0009070000378414989,0.00042408297304064035
11035,2,2,6,0,0.0003563340287655592,2.924998989328742e-05,0.00033374998020008206,1.529103610664606e-05,0.0007346250349655747,0.001010957988910377,-0.0002763329539448023
11035,3,3,6,0,0.0003986249794252217,2.9292015824466944e-05,0.00032779196044430137,1.5249999705702066e-05,0.0007709589553996921,0.0009216660400852561,-0.00015070708468556404
11035,4,5,6,0,0.0004248329787515104,2.7875008527189493e-05,0.00039358303183689713,1.5291967429220676e-05,0.0008615829865448177,0.0008171250228770077,4.445796366780996e-05
11035,5,7,6,1,0.0004714160459116101,2.8791953809559345e-05,0.0003398749977350235,1.5083001926541328e-05,0.0008551659993827343,0.0008757079485803843,-2.0541949197649956e-05
11035,6,8,5,5,0.0005143749876879156,2.9666000045835972e-05,0.0007309590000659227,1.912500010803342e-05,0.0012941249879077077,0.0010311249643564224,0.00026300002355128527
11035,7,5,0,0,0.00044012500438839197,2.9375019948929548e-05,0.00032758398447185755,1.5208031982183456e-05,0.0008122920407913625,0.0009200829663313925,-0.00010779092554003
11035,8,6,0,0,0.00046633300371468067,2.9082992114126682e-05,0.0005520000122487545,1.47090177051723e-05,0.0010621250257827342,0.0011106249876320362,-4.8499961849302053e-05
11035,9,6,0,0,0.0004392080008983612,2.8916983865201473e-05,0.00031504203798249364,1.4624965842813253e-05,0.0007977919885888696,0.0011464160052128136,-0.00034862401662394404
11035,10,7,0,0,0.00047937495401129127,2.879102248698473e-05,0.0004472089931368828,1.4458026271313429e-05,0.0009698329959064722,0.0008414170006290078,0.0001284159952774644
11035,11,7,0,0,0.00047099997755140066,2.7458008844405413e-05,0.0005520419799722731,1.391698606312275e-05,0.001064416952431202,0.0008966659661382437,0.00016775098629295826
11035,12,8,0,0,0.0005028750165365636,2.8041016776114702e-05,0.000317084020934999,1.4165998436510563e-05,0.0008621660526841879,0.0008627499919384718,-5.83939254283905e-07
11035,13,8,1,1,0.0004898330080322921,2.7333968318998814e-05,0.0003588750259950757,1.4457968063652515e-05,0.0008904999704100192,0.0008716249722056091,1.8874998204410076e-05
11035,14,9,0,0,0.0005115000531077385,2.7999980375170708e-05,0.0005750000127591193,1.4791963621973991e-05,0.0011292920098640025,0.0009110420360229909,0.00021824997384101152
11035,15,11,1,1,0.0005574579699896276,2.8499984182417393e-05,0.00039175001438707113,1.5874975360929966e-05,0.000993582943920046,0.0009614999871701002,3.208295674994588e-05
11035,16,10,1,1,0.000536374980583787,2.8542010113596916e-05,0.0010184579878114164,3.0082999728620052e-05,0.0016134579782374203,0.001254625036381185,0.00035883294185623527
11035,17,9,1,1,0.0005438330117613077,3.1374976970255375e-05,0.0005755419842898846,1.6792037058621645e-05,0.0011675420100800693,0.0009842500439845026,0.00018329196609556675
11035,18,8,0,0,0.0004957090131938457,2.8458016458898783e-05,0.0007120830123312771,1.4791963621973991e-05,0.0012510420056059957,0.0012443340383470058,6.707967258989811e-06
11035,19,8,0,0,0.000495457963552326,2.816703636199236e-05,0.0011102499556727707,1.4666002243757248e-05,0.0016485409578308463,0.0011420829687267542,0.0005064579891040921
11035,20,8,1,1,0.0004899170016869903,3.1374976970255375e-05,0.000845208007376641,1.6792037058621645e-05,0.0013832920230925083,0.0013350420049391687,4.8250018153339624e-05
11035,21,7,1,1,0.0005243749474175274,4.8667017836123705e-05,0.0007808330119587481,2.6541994884610176e-05,0.0013804169720970094,0.001120291999541223,0.00026012497255578637
11035,22,6,0,0,0.000463999982457608,3.1333009246736765e-05,0.0004980419762432575,1.7167010810226202e-05,0.0010105419787578285,0.0011967500322498381,-0.00018620805349200964
11035,23,6,0,0,0.0004669170011766255,2.924998989328742e-05,0.0005821249797008932,1.6583013348281384e-05,0.0010948749841190875,0.00106337497709319,3.15000070258975e-05
11035,24,6,0,0,0.00044362497283145785,2.8083042707294226e-05,0.0007294169627130032,1.4666002243757248e-05,0.0012157909804955125,0.0010931659489870071,0.00012262503150850534
11035,25,6,0,0,0.00044654199155047536,2.8999987989664078e-05,0.00035975000355392694,1.6624981071799994e-05,0.0008519169641658664,0.0008554160012863576,-3.4990371204912663e-06
11035,26,6,0,0,0.0004472919972613454,2.845795825123787e-05,0.00031979201594367623,1.4416989870369434e-05,0.0008099589613266289,0.000835416023619473,-2.5457062292844057e-05
11035,27,6,1,1,0.000453874992672354,2.766697434708476e-05,0.0003165830275975168,1.4874967746436596e-05,0.0008129999623633921,0.0008255410357378423,-1.2541073374450207e-05
11035,28,5,2,2,0.0004199999966658652,2.8332986403256655e-05,0.00032104202546179295,1.5416997484862804e-05,0.0007847920060157776,0.000840833003167063,-5.604099715128541e-05
11035,29,3,1,1,0.00037949997931718826,4.2458006646484137e-05,0.0005578330019488931,1.4999997802078724e-05,0.0009947909857146442,0.0007639999967068434,0.00023079098900780082
11035,30,2,0,0,0.00037641695234924555,2.9041024390608072e-05,0.0003082500188611448,1.5458965208381414e-05,0.0007291669608093798,0.0009364169673062861,-0.00020725000649690628
11035,31,2,0,0,0.0003499169833958149,2.762500662356615e-05,0.0006049160147085786,1.4625024050474167e-05,0.0009970830287784338,0.0007717089611105621,0.00022537406766787171
11035,32,2,0,0,0.0003600000054575503,2.8125010430812836e-05,0.0009673330350778997,4.095898475497961e-05,0.0013964170357212424,0.0009316250216215849,0.00046479201409965754
11035,33,2,0,0,0.0003589999978430569,2.7499976567924023e-05,0.000338125042617321,1.4666991773992777e-05,0.0007392920088022947,0.000759459042456001,-2.0167033653706312e-05
11035,34,2,1,1,0.00036387500585988164,2.9166985768824816e-05,0.0005739580374211073,1.495896140113473e-05,0.0009819589904509485,0.0010784159530885518,-9.645696263760328e-05
11035,35,1,1,1,0.00033433304633945227,2.8082984499633312e-05,0.0005600840086117387,1.4999997802078724e-05,0.000937500037252903,0.0009927090140990913,-5.520897684618831e-05
11035,36,0,1,0,0.0003086659708060324,2.762500662356615e-05,0.0003546249936334789,1.425005029886961e-05,0.0007051660213619471,0.0008932079654186964,-0.00018804194405674934
11035,37,0,2,0,0.00031408300856128335,2.7708010748028755e-05,0.00032154202926903963,1.4332996215671301e-05,0.000677666044794023,0.0006750829634256661,2.583081368356943e-06
11035,38,0,3,0,0.00031354196835309267,2.7250032871961594e-05,0.0003226670087315142,1.4332996215671301e-05,0.0006777920061722398,0.000681833946146071,-4.041939973831177e-06
11035,39,0,4,0,0.00033345900010317564,2.9082992114126682e-05,0.0004883329966105521,1.5249999705702066e-05,0.0008661249885335565,0.0006785419536754489,0.00018758303485810757
11035,40,0,4,0,0.0003217079793103039,2.916704397648573e-05,0.0003564999788068235,1.4625024050474167e-05,0.0007220000261440873,0.0009441670263186097,-0.0002221670001745224
11035,41,0,4,0,0.00032350001856684685,3.0166993383318186e-05,0.0006369159673340619,1.4499993994832039e-05,0.001005082973279059,0.0011754169827327132,-0.0001703340094536543
11036,0,0,6,0,0.0003247090498916805,2.9332994017750025e-05,0.0004202499985694885,1.49579718708992e-05,0.0007892500143498182,0.0007287090411409736,6.054097320884466e-05
11036,1,0,6,0,0.0003110409597866237,2.7709000278264284e-05,0.00031841598683968186,1.4000048395246267e-05,0.0006711659952998161,0.0008177499985322356,-0.0001465840032324195
11036,2,1,6,0,0.00033429096220061183,2.7709000278264284e-05,0.00032491603633388877,1.4208955690264702e-05,0.0007011249545030296,0.0012011250364594162,-0.0005000000819563866
11036,3,2,6,0,0.00036212499253451824,2.7250032871961594e-05,0.00037279195385053754,1.6583013348281384e-05,0.0007787499926052988,0.0008266249787993729,-4.7874986194074154e-05
11036,4,2,6,0,0.00036045798333361745,2.900004619732499e-05,0.001097792002838105,1.5124969650059938e-05,0.0015023750020191073,0.0008181249722838402,0.0006842500297352672
11036,5,3,6,0,0.0006199160125106573,3.125000512227416e-05,0.0003433749661780894,1.6250007320195436e-05,0.0010107909911312163,0.0015508750220760703,-0.000540084030944854
11036,6,4,6,0,0.00040304200956597924,2.8332986403256655e-05,0.0003295420319773257,1.4707969967275858e-05,0.0007756249979138374,0.0009810409974306822,-0.00020541599951684475
11036,7,5,6,1,0.00043512502452358603,2.7875008527189493e-05,0.0006527079967781901,1.4249992091208696e-05,0.0011299580219201744,0.000809375022072345,0.00032058299984782934
11036,8,5,5,5,0.00042579200817272067,2.7790956664830446e-05,0.0008083340362645686,1.8332968465983868e-05,0.0012802499695681036,0.0009255419718101621,0.0003547079977579415
11036,9,4,0,0,0.00040499999886378646,2.7958012651652098e-05,0.0005358329508453608,1.3917044270783663e-05,0.000982708006631583,0.0009969170205295086,-1.4209013897925615e-05
11036,10,5,0,0,0.0004290419747121632,2.9916001949459314e-05,0.0006360420375131071,1.6207981389015913e-05,0.0011112079955637455,0.0012077920255251229,-9.658402996137738e-05
11036,11,8,0,0,0.0004892920260317624,2.9332994017750025e-05,0.0004396669683046639,1.4542019926011562e-05,0.0009728340082801878,0.001136832986958325,-0.00016399897867813706
11036,12,9,0,0,0.000512917002197355,2.7957954443991184e-05,0.0003343750140629709,1.4166987966746092e-05,0.0008894169586710632,0.0014849579893052578,-0.0005955410306341946
11036,13,9,2,2,0.0005155829712748528,2.7375004719942808e-05,0.0008252079715020955,1.7542042769491673e-05,0.0013857079902663827,0.0009220829815603793,0.00046362500870600343
11036,14,9,1,1,0.000517666048835963,2.829195000231266e-05,0.0004362500039860606,1.4499993994832039e-05,0.0009967079968191683,0.001176042016595602,-0.0001793340197764337
11036,15,8,0,0,0.0004955410258844495,2.8333975933492184e-05,0.0005987909971736372,1.7625046893954277e-05,0.001140291045885533,0.0009212909499183297,0.00021900009596720338
11036,16,8,0,0,0.0004919589846394956,2.8541020583361387e-05,0.00038758397568017244,1.4332996215671301e-05,0.0009224169771187007,0.0016144579858519137,-0.000692041008733213
11036,17,9,1,1,0.0005446660215966403,3.250001464039087e-05,0.0007012499845586717,1.812499249354005e-05,0.001296541013289243,0.0009252079762518406,0.0003713330370374024
11036,18,8,2,2,0.0005008329753763974,3.583403304219246e-05,0.00035270798252895474,1.6167003195732832e-05,0.0009055419941432774,0.0017433750326745212,-0.0008378330385312438
11036,19,6,0,0,0.00044754199916496873,3.137503517791629e-05,0.000551957986317575,1.4416989870369434e-05,0.0010452920105308294,0.001176707970444113,-0.0001314159599132836
11036,20,6,0,0,0.0004480829811654985,2.9416987672448158e-05,0.0004988750442862511,2.1082989405840635e-05,0.0009974580025300384,0.0010795409907586873,-8.20829882286489e-05
11036,21,6,0,0,0.0004540000227279961,3.129197284579277e-05,0.00033787498250603676,1.645804150030017e-05,0.0008396250195801258,0.00134937500115484,-0.0005097499815747142
11036,22,6,0,0,0.0004468749975785613,2.9332994017750025e-05,0.0006854580133222044,1.5416997484862804e-05,0.0011770830024033785,0.0011767909745685756,2.92027834802866e-07
11036,23,6,0,0,0.0004588330048136413,3.0166993383318186e-05,0.0003796670353040099,1.6624981071799994e-05,0.0008852920145727694,0.0008294589933939278,5.583302117884159e-05
11036,24,6,2,2,0.00045645801583305,2.9582995921373367e-05,0.0007768339710310102,1.750001683831215e-05,0.0012803749996237457,0.0015045000473037362,-0.00022412504767999053
11036,25,4,1,1,0.0004045839887112379,2.875004429370165e-05,0.0003704159753397107,1.679197885096073e-05,0.000820541987195611,0.0011614999966695905,-0.0003409580094739795
11036,26,3,0,0,0.0003789999755099416,2.8333044610917568e-05,0.0005932920030318201,1.5416997484862804e-05,0.001016042020637542,0.0007817090372554958,0.00023433298338204622
11036,27,3,2,2,0.00037458300357684493,2.8749986086040735e-05,0.0008283750503323972,1.6082951333373785e-05,0.0012477909913286567,0.001042832969687879,0.0002049580216407776
11036,28,1,0,0,0.00041087501449510455,3.249995643272996e-05,0.0005851250025443733,1.6042031347751617e-05,0.0010445420048199594,0.0010269579943269491,1.7584010493010283e-05
11036,29,1,1,1,0.00035016698529943824,3.845803439617157e-05,0.0003577499883249402,1.650000922381878e-05,0.0007628750172443688,0.0011233749683015049,-0.00036049995105713606
11036,30,0,0,0,0.00033070798963308334,2.9542017728090286e-05,0.0009017499978654087,1.7915968783199787e-05,0.001279915974009782,0.0007179169915616512,0.0005619989824481308
11036,31,0,1,0,0.0003279589582234621,3.104103961959481e-05,0.000513208971824497,1.6874982975423336e-05,0.0008890839526429772,0.0013771249796263874,-0.0004880410269834101
11036,32,0,3,0,0.00031100003980100155,2.8541951905936003e-05,0.0009238750208169222,1.9916973542422056e-05,0.0012833339860662818,0.0010365000343881547,0.00024683395167812705
11036,33,0,4,0,0.0003107499796897173,2.8375012334436178e-05,0.00031462498009204865,1.5166006051003933e-05,0.000668915978167206,0.0007154589984565973,-4.654302028939128e-05
11037,0,0,6,0,0.00031575001776218414,2.7916976250708103e-05,0.0003203750238753855,1.4666991773992777e-05,0.0006787090096622705,0.0007038339972496033,-2.5124987587332726e-05
11037,1,1,6,0,0.0003339580143801868,3.0333001632243395e-05,0.0005595000111497939,1.4666991773992777e-05,0.0009384580189362168,0.001005082973279059,-6.66249543428421e-05
11037,2,1,6,0,0.00033537502167746425,2.824998227879405e-05,0.0003219170030206442,1.4458026271313429e-05,0.0007000000332482159,0.0007558749639429152,-5.587493069469929e-05
11037,3,2,6,0,0.0003564999788068235,3.004202153533697e-05,0.0006098329904489219,1.612497726455331e-05,0.0010124999680556357,0.0011118330294266343,-9.933306137099862e-05
11037,4,2,6,0,0.00035870797000825405,2.7917034458369017e-05,0.0003392079961486161,1.5083991456776857e-05,0.000740916992072016,0.0007469159900210798,-5.998997949063778e-06
11037,5,5,6,0,0.00043237500358372927,2.879201201722026e-05,0.00033891701605170965,1.4082994312047958e-05,0.0008141670259647071,0.0013561670202761889,-0.0005419999943114817
11037,6,5,6,0,0.00043891603127121925,2.929195761680603e-05,0.00033654202707111835,1.4457968063652515e-05,0.0008192079840227962,0.0008572910446673632,-3.808306064456701e-05
11037,7,7,6,1,0.0004653329961001873,2.7667032554745674e-05,0.0005898330127820373,1.637497916817665e-05,0.0010992080206051469,0.0008770829881541431,0.0002221250324510038
11037,8,6,5,5,0.00045258295722305775,2.820801455527544e-05,0.0007636669906787574,1.9458006136119366e-05,0.00126391596859321,0.0012322919792495668,3.162398934364319e-05
11037,9,2,0,0,0.0003640420036390424,2.7458008844405413e-05,0.0005228749942034483,1.6708974726498127e-05,0.0009310839814133942,0.0008820840157568455,4.899996565654874e-05
11037,10,2,0,0,0.00036145898047834635,2.8041016776114702e-05,0.0003094589919783175,1.3958022464066744e-05,0.0007129170116968453,0.0008617080166004598,-0.00014879100490361452
11037,11,3,0,0,0.0003808330511674285,2.9041955713182688e-05,0.0003304580459371209,1.5207973774522543e-05,0.0007555410265922546,0.0007708750199526548,-1.53339933604002e-05
11037,12,4,0,0,0.00040912500116974115,2.8292008209973574e-05,0.0005511249764822423,1.7000013031065464e-05,0.0010055419988930225,0.001112000027205795,-0.00010645802831277251
11037,13,5,0,0,0.00044016598258167505,2.9333983547985554e-05,0.0005351250292733312,1.5249999705702066e-05,0.0010198749951086938,0.0008315829909406602,0.0001882920041680336
11037,14,5,1,1,0.0004397499724291265,2.9458024073392153e-05,0.00033129198709502816,1.5457975678145885e-05,0.0008159579592756927,0.0011539999977685511,-0.0003380420384928584
11037,15,5,0,0,0.0004292079829610884,2.804200630635023e-05,0.000328666006680578,1.4083983842283487e-05,0.0007999999797903001,0.0008338339976035058,-3.383401781320572e-05
11037,16,7,1,1,0.0004914160235784948,2.824998227879405e-05,0.0003195839817635715,1.5208031982183456e-05,0.0008544580196030438,0.0008584579918533564,-3.999972250312567e-06
11037,17,7,1,1,0.00047575001372024417,2.7999980375170708e-05,0.0003339590039104223,1.4582998119294643e-05,0.0008522919961251318,0.0008553339866921306,-3.04199056699872e-06
11037,18,8,0,0,0.000494792009703815,2.820801455527544e-05,0.00031816697446629405,1.4208024367690086e-05,0.0008553750230930746,0.0008770409622229636,-2.166593912988901e-05
11037,19,9,1,1,0.0005265839863568544,2.8958020266145468e-05,0.0005621250020340085,1.4749995898455381e-05,0.0011324170045554638,0.0011457920190878212,-1.3375014532357454e-05
11037,20,8,0,0,0.0004992499598301947,2.8541020583361387e-05,0.0006174590089358389,1.5624973457306623e-05,0.0011608749628067017,0.0011530829942785203,7.791968528181314e-06
11037,21,8,1,1,0.00050016597378999,2.7834030333906412e-05,0.0011453749611973763,8.7958003859967e-05,0.0017613329691812396,0.0008909580064937472,0.0008703749626874924
11037,22,7,2,2,0.0004646250163204968,2.941599814221263e-05,0.0003405419993214309,1.7250014934688807e-05,0.0008518330287188292,0.0011203750036656857,-0.0002685419749468565
11037,23,5,0,0,0.0004201669944450259,3.666704287752509e-05,0.0005031659966334701,1.3792014215141535e-05,0.0009737920481711626,0.0010440840269438922,-7.029197877272964e-05
11037,24,5,0,0,0.00043504202039912343,2.8915994334965944e-05,0.0005392919993028045,1.4332996215671301e-05,0.0010175830102525651,0.001101749949157238,-8.416693890467286e-05
11037,25,5,1,1,0.0004272909718565643,2.90420139208436e-05,0.0003178330371156335,1.4458957593888044e-05,0.0007886249804869294,0.0009198749903589487,-0.0001312500098720193
11037,26,4,0,0,0.0004060409846715629,2.758402843028307e-05,0.00038254098035395145,1.5833997167646885e-05,0.0008319999906234443,0.0007799160084687173,5.208398215472698e-05
11037,27,4,1,1,0.0004095410113222897,2.7709000278264284e-05,0.000317040947265923,1.40840420499444e-05,0.0007683750009164214,0.0007964579854160547,-2.8082984499633312e-05
11037,28,3,0,0,0.00038708298234269023,2.7250032871961594e-05,0.0003108749515376985,1.3834040146321058e-05,0.0007390420068986714,0.0007511250441893935,-1.2083037290722132e-05
11037,29,3,1,1,0.00039062497671693563,3.024999750778079e-05,0.0007029999978840351,1.6125035472214222e-05,0.0011400000075809658,0.0009581670165061951,0.0001818329910747707
11037,30,2,2,2,0.0003732910263352096,2.924998989328742e-05,0.0003266669809818268,1.5625031664967537e-05,0.0007448330288752913,0.0007644589641131461,-1.962593523785472e-05
11037,31,0,1,0,0.00032533297780901194,2.8916983865201473e-05,0.0010084580280818045,0.00010329199722036719,0.0014659999869763851,0.0010097919730469584,0.00045620801392942667
11037,32,0,1,0,0.0003178339684382081,4.3041014578193426e-05,0.0003207499976269901,1.387501833960414e-05,0.0006954999989829957,0.000836124992929399,-0.00014062499394640326
11037,33,0,2,0,0.00031700002728030086,3.054196713492274e-05,0.0003991670091636479,1.4249992091208696e-05,0.0007609589956700802,0.0007120829541236162,4.8876041546463966e-05
11037,34,0,3,0,0.0003144159563817084,2.758402843028307e-05,0.00045612500980496407,1.4124962035566568e-05,0.0008122499566525221,0.0007946250261738896,1.762493047863245e-05
11037,35,0,4,0,0.00031391700031235814,2.8165988624095917e-05,0.0003302089753560722,1.3665994629263878e-05,0.0006859579589217901,0.0009941249736584723,-0.0003081670147366822
11037,36,0,4,0,0.0003180000348947942,2.7416972443461418e-05,0.0003112500417046249,1.3874960131943226e-05,0.0006705420091748238,0.0006748330197297037,-4.291010554879904e-06
11037,37,0,5,0,0.00031058304011821747,2.7499976567924023e-05,0.00031849998049438,1.4125020243227482e-05,0.000670708017423749,0.0006914589903317392,-2.0750972907990217e-05
11038,0,0,6,0,0.0003132079727947712,3.1542032957077026e-05,0.0003274169866926968,1.4416000340133905e-05,0.0006865829927846789,0.0006963330088183284,-9.750016033649445e-06
11038,1,1,6,0,0.0003952909610234201,3.137503517791629e-05,0.0003403750015422702,1.599994720891118e-05,0.0007830409449525177,0.001566207967698574,-0.0007831670227460563
11038,2,1,6,0,0.00033479201374575496,2.8082984499633312e-05,0.0007219589897431433,1.5208031982183456e-05,0.001100042019970715,0.0011146669858135283,-1.4624965842813253e-05
11038,3,2,6,0,0.00035733397817239165,2.8458016458898783e-05,0.00035262497840449214,1.429201802238822e-05,0.0007527089910581708,0.0007319589494727552,2.0750041585415602e-05
11038,4,3,6,0,0.00037991697899997234,2.7291011065244675e-05,0.00031920900801196694,1.4165998436510563e-05,0.0007405829965136945,0.0007802919717505574,-3.97089752368629e-05
11038,5,3,6,0,0.00037937500746920705,3.0583993066102266e-05,0.0006946659996174276,1.53339933604002e-05,0.001119958993513137,0.0017190829967148602,-0.0005991240032017231
11038,6,5,6,0,0.0004456249880604446,2.8375012334436178e-05,0.0006188330007717013,1.4208955690264702e-05,0.0011070419568568468,0.001316749956458807,-0.00020970799960196018
11038,7,5,6,0,0.000417291943449527,2.758303890004754e-05,0.0006533749983645976,1.2999982573091984e-05,0.0011112499632872641,0.0010831250110641122,2.8124952223151922e-05
11038,8,6,6,4,0.0004457499599084258,2.762500662356615e-05,0.0003863330348394811,1.8499966245144606e-05,0.0008782079676166177,0.0009297920041717589,-5.158403655514121e-05
11038,9,3,2,2,0.0003979169996455312,2.9165996238589287e-05,0.0004165000282227993,1.579197123646736e-05,0.0008593749953433871,0.0008297089952975512,2.9666000045835972e-05
11038,10,3,0,0,0.0004011249984614551,3.112497506663203e-05,0.0005157080013304949,1.4999997802078724e-05,0.0009629579726606607,0.0014133750228211284,-0.0004504170501604676
11038,11,4,0,0,0.00042145804036408663,2.9707967769354582e-05,0.0003205840475857258,1.4665944036096334e-05,0.0007864159997552633,0.0008877089712768793,-0.00010129297152161598
11038,12,6,0,0,0.0004464160301722586,2.7875008527189493e-05,0.0009886249899864197,1.4749995898455381e-05,0.0014776660245843232,0.0010982499807141721,0.00037941604387015104
11038,13,6,0,0,0.00044295802945271134,2.7708010748028755e-05,0.0003171669668518007,1.4167046174407005e-05,0.0008020000532269478,0.0010481670033186674,-0.00024616695009171963
11038,14,6,0,0,0.0004450409905984998,2.7959002181887627e-05,0.00032666599145159125,1.3834040146321058e-05,0.0008135000243782997,0.0009200409986078739,-0.0001065409742295742
11038,15,6,1,1,0.0004443750367499888,2.779200440272689e-05,0.0003207499976269901,1.4707969967275858e-05,0.0008076250087469816,0.000986291968729347,-0.00017866695998236537
11038,16,8,0,0,0.0005218340083956718,2.9499991796910763e-05,0.0005310830310918391,1.4082994312047958e-05,0.0010965000255964696,0.0014089170144870877,-0.0003124169888906181
11038,17,10,0,0,0.0005350830033421516,2.9583985451608896e-05,0.00035641598515212536,1.750001683831215e-05,0.000938582990784198,0.0011786249815486372,-0.0002400419907644391
11038,18,11,0,0,0.0005518749821931124,2.820801455527544e-05,0.0004811669932678342,1.4291028492152691e-05,0.0010755410185083747,0.001203874999191612,-0.00012833398068323731
11038,19,11,0,0,0.0005657089641317725,2.8375012334436178e-05,0.0004231660277582705,1.4166987966746092e-05,0.0010314169921912253,0.0009585830266587436,7.283396553248167e-05
11038,20,11,0,0,0.0005587500054389238,2.829096047207713e-05,0.00068845902569592,1.4249992091208696e-05,0.0012897499836981297,0.0010293340310454369,0.0002604159526526928
11038,21,11,0,0,0.00056245899759233,2.74579506367445e-05,0.0005528330220840871,1.391698606312275e-05,0.0011566669563762844,0.001356207998469472,-0.00019954104209318757
11038,22,11,0,0,0.0005650829989463091,2.8999987989664078e-05,0.00039970799116417766,1.487502595409751e-05,0.0010086660040542483,0.0018965829513035715,-0.0008879169472493231
11038,23,11,2,2,0.0005630829837173223,2.8416980057954788e-05,0.0011848750291392207,1.6583013348281384e-05,0.0017929580062627792,0.0009563749772496521,0.0008365830290131271
11038,24,9,1,1,0.0005357500049285591,2.8749986086040735e-05,0.00033179199090227485,1.5625031664967537e-05,0.0009119170135818422,0.0012262089876458049,-0.0003142919740639627
11038,25,8,1,1,0.0005137500120326877,2.8916983865201473e-05,0.0006712080212309957,1.6041973140090704e-05,0.0012299169902689755,0.0012810419430024922,-5.112495273351669e-05
11038,26,7,0,0,0.0004914160235784948,2.8749986086040735e-05,0.00044033402809873223,1.554097980260849e-05,0.0009760410175658762,0.0008840829832479358,9.195803431794047e-05
11038,27,7,2,2,0.0004736660048365593,2.8333975933492184e-05,0.0004124999977648258,1.491600414738059e-05,0.0009294159826822579,0.0008659170125611126,6.349897012114525e-05
11038,28,5,0,0,0.0004266250180080533,2.841599052771926e-05,0.0003167919931001961,1.387501833960414e-05,0.0007857080199755728,0.0008573749801144004,-7.166696013882756e-05
11038,29,5,0,0,0.00042395800119265914,2.7999980375170708e-05,0.0003083330229856074,1.3749988283962011e-05,0.0007740409928373992,0.0008043749839998782,-3.0333991162478924e-05
11038,30,5,0,0,0.0004274160019122064,2.7916976250708103e-05,0.0007135830237530172,1.6167003195732832e-05,0.0011850830051116645,0.0009042500169016421,0.00028083298821002245
11038,31,5,0,0,0.0004214999498799443,2.8375012334436178e-05,0.001083791023120284,0.00010141701204702258,0.0016350829973816872,0.0008381250081583858,0.0007969579892233014
11038,32,5,1,1,0.0004277499974705279,2.7917034458369017e-05,0.00031699996907263994,1.4332996215671301e-05,0.0007869999972172081,0.0008683750056661665,-8.13750084489584e-05
11038,33,4,0,0,0.0004022499779239297,2.8125010430812836e-05,0.000536416016984731,1.3959011994302273e-05,0.0009807500173337758,0.0014874579501338303,-0.0005067079328000546
11038,34,4,0,0,0.0004024159861728549,2.908398164436221e-05,0.00032729102531448007,1.4542019926011562e-05,0.0007733330130577087,0.0007800840539857745,-6.751040928065777e-06
11038,35,4,1,1,0.000404624966904521,2.8250040486454964e-05,0.0005959579721093178,1.5125027857720852e-05,0.0010439580073580146,0.001198040961753577,-0.0001540829543955624
11038,36,3,1,1,0.00037479097954928875,2.7500034775584936e-05,0.0005763749941252172,1.4416989870369434e-05,0.0009930829983204603,0.001125624985434115,-0.0001325419871136546
11038,37,2,1,1,0.00035674998071044683,2.8250040486454964e-05,0.00032570899929851294,1.5707977581769228e-05,0.000726416998077184,0.0009685000404715538,-0.00024208304239436984
11038,38,1,0,0,0.00033587502548471093,2.762500662356615e-05,0.00030216696904972196,1.4125020243227482e-05,0.0006797920214012265,0.000760124996304512,-8.03329749032855e-05
11038,39,1,0,0,0.00032970798201859,2.7458008844405413e-05,0.0011595420073717833,0.00010329199722036719,0.0016199999954551458,0.0007140410016290843,0.0009059589938260615
11038,40,1,0,0,0.0003464999608695507,3.054103581234813e-05,0.00034170900471508503,1.4790974091738462e-05,0.0007335409754887223,0.0016727090114727616,-0.0009391680359840393
11038,41,1,0,0,0.000349665991961956,2.8709007892757654e-05,0.0003205409739166498,1.4666991773992777e-05,0.0007135829655453563,0.0009629590203985572,-0.0002493760548532009
11038,42,1,1,1,0.00034558301558718085,3.0542025342583656e-05,0.0013037079479545355,9.912502719089389e-05,0.0017789580160751939,0.0009978750022128224,0.0007810830138623714
11038,43,0,0,0,0.0003124580252915621,2.7499976567924023e-05,0.0002995000104419887,1.3792014215141535e-05,0.0006532500265166163,0.0011197080020792782,-0.0004664579755626619
11038,44,0,1,0,0.0003114580176770687,2.8416980057954788e-05,0.0005517909885384142,1.391698606312275e-05,0.0009055829723365605,0.0006771250045858324,0.00022845796775072813
11038,45,0,1,0,0.0003131669946014881,2.7875008527189493e-05,0.0005224999622441828,1.387501833960414e-05,0.0008774169837124646,0.0010276249959133565,-0.00015020801220089197
11038,46,0,2,0,0.00030812498880550265,2.741703065112233e-05,0.0003062079777009785,1.3542012311518192e-05,0.0006552920094691217,0.0006701249512843788,-1.4832941815257072e-05
11038,47,0,5,0,0.00031112501164898276,2.808397402986884e-05,0.00034320802660658956,1.6207981389015913e-05,0.0006986249936744571,0.0008721670019440353,-0.00017354200826957822
11038,48,0,5,0,0.00031070795375853777,2.7333036996424198e-05,0.0003100419999100268,1.3666984159499407e-05,0.0006617499748244882,0.0007107919664122164,-4.904199158772826e-05
11038,49,0,5,0,0.00031395896803587675,2.779101487249136e-05,0.0003153340076096356,1.391599653288722e-05,0.0006709999870508909,0.0007301250007003546,-5.9125013649463654e-05
11038,50,0,5,0,0.00030995800625532866,2.8458947781473398e-05,0.00032412505242973566,1.4374963939189911e-05,0.0006769169704057276,0.0010213329805992544,-0.00034441601019352674
11038,51,0,5,0,0.0003114580176770687,2.762500662356615e-05,0.000807542004622519,1.4416989870369434e-05,0.0011610420187935233,0.0010290840291418135,0.0001319579896517098
11039,0,0,6,0,0.0003333750064484775,2.9375019948929548e-05,0.00039029098115861416,1.433398574590683e-05,0.000767374993301928,0.0007893750444054604,-2.2000051103532314e-05
11039,1,0,6,0,0.0003101250040344894,2.845900598913431e-05,0.0005954999942332506,1.3750046491622925e-05,0.0009478340507484972,0.0008699159952811897,7.791805546730757e-05
11039,2,0,6,0,0.00031887501245364547,2.8084032237529755e-05,0.0006166250095702708,1.391599653288722e-05,0.0009775000507943332,0.0010836250148713589,-0.00010612496407702565
11039,3,2,6,0,0.00035012501757591963,2.700003096833825e-05,0.001027999969664961,1.5083001926541328e-05,0.0014202080201357603,0.0007438340107910335,0.0006763740093447268
11039,4,2,6,0,0.0003731249598786235,2.9999995604157448e-05,0.0005285420338623226,1.3415992725640535e-05,0.000945082982070744,0.0009174590231850743,2.7623958885669708e-05
11039,5,3,6,0,0.0003777920501306653,2.7540954761207104e-05,0.0003183750086463988,1.3792014215141535e-05,0.0007375000277534127,0.0007942920201458037,-5.6791992392390966e-05
11039,6,6,6,1,0.0004807499935850501,2.9333983547985554e-05,0.00037158303894102573,1.5291967429220676e-05,0.0008969589835032821,0.0015097910072654486,-0.0006128320237621665
11039,7,5,5,5,0.00043920899042859674,2.875004429370165e-05,0.00038350000977516174,1.8540944438427687e-05,0.0008699999889358878,0.0008929590112529695,-2.295902231708169e-05
11039,8,0,0,0,0.0003218339988961816,2.862501423805952e-05,0.00032970798201859,1.4999997802078724e-05,0.0006951669929549098,0.000973291986156255,-0.0002781249932013452
11039,9,0,0,0,0.0003231250448152423,2.8959009796380997e-05,0.0006842079455964267,1.387501833960414e-05,0.0010501670185476542,0.0007013330468907952,0.0003488339716568589
11039,10,1,0,0,0.00032762496266514063,2.716702874749899e-05,0.0005043330020271242,1.4374963939189911e-05,0.0008734999573789537,0.0010194160277023911,-0.00014591607032343745
11039,11,3,0,0,0.0003891250235028565,2.7791946195065975e-05,0.0003090830286964774,1.3749988283962011e-05,0.0007397499866783619,0.0008087499882094562,-6.900000153109431e-05
11039,12,8,0,0,0.000492250022944063,2.7541012968868017e-05,0.0003825839958153665,1.4416000340133905e-05,0.0009167910320684314,0.0008796249749138951,3.716605715453625e-05
11039,13,8,0,0,0.0005083330324850976,2.7749978471547365e-05,0.00032237498089671135,1.4999997802078724e-05,0.0008734579896554351,0.0008704169886186719,3.0410010367631912e-06
11039,14,8,1,1,0.0004890839918516576,3.0125025659799576e-05,0.00045041594421491027,1.4584045857191086e-05,0.0009842090075835586,0.0008902080007828772,9.400100680068135e-05
11039,15,8,0,0,0.00048479100223630667,2.7333968318998814e-05,0.0003191659925505519,1.3834040146321058e-05,0.0008451250032521784,0.0012582910130731761,-0.0004131660098209977
11039,16,9,0,0,0.0005091660423204303,2.7749978471547365e-05,0.0016296249814331532,0.00010079203639179468,0.0022673330386169255,0.0008822500240057707,0.0013850830146111548
11039,17,11,1,1,0.0005796669865958393,2.7458008844405413e-05,0.000985582999419421,7.316697156056762e-05,0.0016658749664202332,0.001108958967961371,0.0005569159984588623
11039,18,10,1,1,0.0005355839966796339,2.7708010748028755e-05,0.001061999995727092,1.6207981389015913e-05,0.0016414999845437706,0.0019948749686591327,-0.00035337498411536217
11039,19,9,2,2,0.000516165979206562,2.7959002181887627e-05,0.0004480829811654985,1.4666991773992777e-05,0.001006874954327941,0.0013391670072451234,-0.00033229205291718245
11039,20,7,1,1,0.00047566695138812065,2.8416048735380173e-05,0.0007202089764177799,8.762499783188105e-05,0.0013119169743731618,0.0009397080284543335,0.00037220894591882825
11039,21,6,0,0,0.0005319169722497463,5.000003147870302e-05,0.001034540997352451,3.183400258421898e-05,0.0016482920036651194,0.0012709589791484177,0.0003773330245167017
11039,22,6,0,0,0.0004522079834714532,2.7916976250708103e-05,0.0008098329999484122,1.95419997908175e-05,0.001309499959461391,0.001030583051033318,0.00027891690842807293
11039,23,6,0,0,0.0004676670068874955,2.7875008527189493e-05,0.0004776669666171074,1.4541030395776033e-05,0.0009877500124275684,0.001206332992296666,-0.00021858297986909747
11039,24,6,0,0,0.0004997089854441583,3.187498077750206e-05,0.00038370798574760556,1.6125035472214222e-05,0.0009314169874414802,0.0012201249483041465,-0.00028870796086266637
11039,25,6,0,0,0.00044824997894465923,2.7541012968868017e-05,0.00040370901115238667,1.3707962352782488e-05,0.0008932079654186964,0.000827083014883101,6.612495053559542e-05
11039,26,6,0,0,0.00044237502152100205,2.8749986086040735e-05,0.0006802080315537751,1.3707962352782488e-05,0.0011650410015136003,0.0013659169781021774,-0.00020087597658857703
11039,27,6,0,0,0.00044887495459988713,2.804200630635023e-05,0.00036466604797169566,1.337495632469654e-05,0.0008549579652026296,0.0011006250279024243,-0.00024566706269979477
11039,28,6,0,0,0.00044954201439395547,2.7375004719942808e-05,0.00031429098453372717,1.3625016435980797e-05,0.0008048330200836062,0.0008147080079652369,-9.874987881630659e-06
11039,29,6,0,0,0.0004485839745029807,2.783298259600997e-05,0.0003107080119661987,1.3459008187055588e-05,0.000800583977252245,0.0008221669704653323,-2.158299321308732e-05
11039,30,6,0,0,0.0004487499827519059,2.7375004719942808e-05,0.0007615420036017895,1.3792014215141535e-05,0.0012514590052887797,0.0009957909933291376,0.00025566801195964217
11039,31,6,0,0,0.0004486249526962638,2.7542002499103546e-05,0.0007793750264681876,1.3832992408424616e-05,0.0012693749740719795,0.0011353750014677644,0.00013399997260421515
11039,32,6,0,0,0.0004567920113913715,2.824998227879405e-05,0.0010515829781070352,1.4125020243227482e-05,0.0015507499920204282,0.001974542043171823,-0.00042379205115139484
11039,33,6,0,0,0.0004689999623224139,3.8416997995227575e-05,0.00042862503323704004,3.474997356534004e-05,0.0009707919671200216,0.000818000000435859,0.00015279196668416262
11039,34,6,2,2,0.0004484999808482826,3.504200140014291e-05,0.0006200000061653554,1.941696973517537e-05,0.0011229589581489563,0.0008606659830547869,0.0002622929750941694
11039,35,4,1,1,0.0003940419992431998,2.866698196157813e-05,0.000335916003677994,1.5666999388486147e-05,0.0007742919842712581,0.0008133749943226576,-3.908301005139947e-05
11039,36,3,1,1,0.00039724999805912375,2.9958959203213453e-05,0.0008346250397153199,1.6290985513478518e-05,0.0012781249824911356,0.0009096250287257135,0.0003684999537654221
11039,37,2,1,1,0.0003664999967440963,2.8958020266145468e-05,0.0003202499938197434,1.5209021512418985e-05,0.0007309170323424041,0.0007775829872116446,-4.666595486924052e-05
11039,38,1,0,0,0.00035454099997878075,3.125000512227416e-05,0.00033404200803488493,1.5083001926541328e-05,0.0007349160150624812,0.001292916014790535,-0.0005579999997280538
11039,39,1,1,1,0.00035320798633620143,2.8999987989664078e-05,0.00033366697607561946,1.5249999705702066e-05,0.000731124950107187,0.0007404170464724302,-9.292096365243196e-06
11039,40,0,0,0,0.0003150000120513141,2.7582980692386627e-05,0.0003592090215533972,1.8624996300786734e-05,0.0007204170105978847,0.0006719169905409217,4.850002005696297e-05
11039,41,0,0,0,0.00031541596399620175,2.7667032554745674e-05,0.0004623329732567072,1.3834040146321058e-05,0.0008192500099539757,0.0007246669847518206,9.458302520215511e-05
11039,42,0,0,0,0.000322124978993088,2.8082984499633312e-05,0.0008453750051558018,1.487502595409751e-05,0.0012104579946026206,0.0009180839988403022,0.00029237399576231837
11039,43,0,0,0,0.0003046669880859554,2.783298259600997e-05,0.00030154199339449406,1.3916054740548134e-05,0.0006479580188170075,0.0006857080152258277,-3.774999640882015e-05
11039,44,0,0,0,0.0003049160004593432,2.7334026526659727e-05,0.00029329099925234914,2.8999987989664078e-05,0.0006545410142280161,0.0006629999843426049,-8.458970114588737e-06
11039,45,0,1,0,0.00031483295606449246,2.741703065112233e-05,0.0003127909731119871,1.3834040146321058e-05,0.000668874999973923,0.0009719160152599216,-0.0003030410152859986
11039,46,0,2,0,0.00032008299604058266,3.162503708153963e-05,0.00031454197596758604,1.387501833960414e-05,0.0006801250274293125,0.0008372499723918736,-0.00015712494496256113
11039,47,0,3,0,0.0003155000158585608,3.0499999411404133e-05,0.00031104200752452016,1.3874960131943226e-05,0.0006709169829264283,0.0006857910193502903,-1.487403642386198e-05
11039,48,0,4,0,0.00031400000443682075,2.7583970222622156e-05,0.0007067500264383852,1.5707977581769228e-05,0.0010640419786795974,0.0012175419833511114,-0.00015350000467151403
11039,49,0,4,0,0.0003222909872420132,2.96669895760715e-05,0.0009047500207088888,1.4499993994832039e-05,0.0012712079915218055,0.0007638750248588622,0.0005073329666629434
11040,0,0,6,0,0.00030883296858519316,2.9875023756176233e-05,0.0007692920044064522,1.5874975360929966e-05,0.0011238749721087515,0.0010096670011989772,0.0001142079709097743
11040,1,0,6,0,0.0003150000120513141,5.0332979299128056e-05,0.0006907500210218132,1.612497726455331e-05,0.0010722079896368086,0.00106020801467821,1.1999974958598614e-05
11040,2,0,6,0,0.00038470799336209893,2.8709007892757654e-05,0.0011722909985110164,6.349995965138078e-05,0.0016492079594172537,0.0017561250133439898,-0.00010691705392673612
11040,3,0,6,0,0.0005358749767765403,3.204203676432371e-05,0.0008800829527899623,1.6375037375837564e-05,0.0014643750037066638,0.0016877499874681234,-0.0002233749837614596
11040,4,2,6,0,0.0003696669591590762,3.270799061283469e-05,0.000333750038407743,1.4874967746436596e-05,0.0007509999559260905,0.0007964170072227716,-4.5417051296681166e-05
11040,5,5,6,0,0.0004496669862419367,2.9541959520429373e-05,0.000672958034556359,1.5291967429220676e-05,0.0011674589477479458,0.0008712910348549485,0.00029616791289299726
11040,6,6,6,0,0.0004676670068874955,2.9124959837645292e-05,0.00046608300181105733,1.391698606312275e-05,0.0009767919545993209,0.0008694579591974616,0.00010733399540185928
11040,7,6,6,2,0.0004773329710587859,3.237504279240966e-05,0.0003630829742178321,1.737498678267002e-05,0.0008901659748516977,0.0012497080024331808,-0.0003595420275814831
11040,8,5,4,4,0.0004284169990569353,2.858304651454091e-05,0.0003248749999329448,1.5624973457306623e-05,0.0007975000189617276,0.0008270000107586384,-2.9499991796910763e-05
11040,9,2,0,0,0.00036758300848305225,2.8583977837115526e-05,0.0004057910409756005,1.3749988283962011e-05,0.0008157080155797303,0.0007313329842872918,8.437503129243851e-05
11040,10,5,0,0,0.00042820797534659505,2.8542010113596916e-05,0.00031233299523591995,1.3542012311518192e-05,0.0007826249930076301,0.0007994159823283553,-1.6790989320725203e-05
11040,11,7,0,0,0.0004728339845314622,2.8125010430812836e-05,0.000332291005179286,1.3666984159499407e-05,0.0008469169843010604,0.0008454159833490849,1.501000951975584e-06
11040,12,9,0,0,0.0005252079572528601,2.8083042707294226e-05,0.0007187919691205025,1.3792014215141535e-05,0.0012858749832957983,0.001143458008300513,0.00014241697499528527
11040,13,11,0,0,0.000554541009478271,2.8499984182417393e-05,0.0006079999729990959,1.491699367761612e-05,0.0012059579603374004,0.0012199170305393636,-1.3959070201963186e-05
11040,14,11,1,1,0.0005584169994108379,2.7915986720472574e-05,0.0003411669749766588,1.5125027857720852e-05,0.0009426249889656901,0.00095008296193555,-7.4579729698598385e-06
11040,15,11,0,0,0.0005583330057561398,2.8416980057954788e-05,0.000842666020616889,1.4083983842283487e-05,0.001443499990273267,0.0011614999966695905,0.00028199999360367656
11040,16,11,1,1,0.0005666670040227473,2.8542010113596916e-05,0.0005547910113818944,1.4374963939189911e-05,0.0011643749894574285,0.002011834003496915,-0.0008474590140394866
11040,17,10,1,1,0.0005274160066619515,2.7875008527189493e-05,0.0003725420101545751,1.4541961718350649e-05,0.0009423749870620668,0.0009842909639701247,-4.191597690805793e-05
11040,18,9,1,1,0.0005171659868210554,2.7583970222622156e-05,0.0006747909937985241,1.6417005099356174e-05,0.0012359579559415579,0.0009239580249413848,0.0003119999310001731
11040,19,8,1,1,0.0004957920173183084,2.824998227879405e-05,0.00045595801202580333,1.4874967746436596e-05,0.0009948749793693423,0.0008874580380506814,0.00010741694131866097
11040,20,7,0,0,0.0004770000232383609,2.8542010113596916e-05,0.0006472080131061375,1.937500201165676e-05,0.001172125048469752,0.0010248749749734998,0.0001472500734962523
11040,21,7,1,1,0.000519458029884845,3.108300734311342e-05,0.0006918339640833437,1.6583013348281384e-05,0.0012589580146595836,0.0015607919776812196,-0.000301833963021636
11040,22,6,0,0,0.00045416702050715685,2.783298259600997e-05,0.0005145000177435577,1.3666984159499407e-05,0.001010167005006224,0.0008989170310087502,0.00011124997399747372
11040,23,6,0,0,0.00045187503565102816,3.654201282188296e-05,0.00032783299684524536,1.533300383016467e-05,0.0008315830491483212,0.0014225420309230685,-0.0005909589817747474
11040,24,6,1,1,0.00044666603207588196,2.808397402986884e-05,0.0003358329995535314,1.4958030078560114e-05,0.0008255410357378423,0.0008418340003117919,-1.6292964573949575e-05
11040,25,5,1,1,0.00042329198913648725,2.7875008527189493e-05,0.0014959999825805426,1.750001683831215e-05,0.0019646669970825315,0.001243292004801333,0.0007213749922811985
11040,26,4,2,2,0.0004291249788366258,2.9165996238589287e-05,0.0006467500352300704,1.575000351294875e-05,0.0011207910138182342,0.0010922920191660523,2.8498994652181864e-05
11040,27,2,0,0,0.00035324995405972004,2.7916044928133488e-05,0.0003070840029977262,1.4374963939189911e-05,0.0007026249659247696,0.0007360840099863708,-3.345904406160116e-05
11040,28,2,0,0,0.00035266700433567166,2.820801455527544e-05,0.0005844170227646828,1.391698606312275e-05,0.0009792090277187526,0.0008910830365493894,8.812599116936326e-05
11040,29,2,0,0,0.0003719999804161489,3.2374984584748745e-05,0.0006411659996956587,1.5125027857720852e-05,0.0010606659925542772,0.0014715000288560987,-0.00041083403630182147
11040,30,2,1,1,0.000354708987288177,2.775003667920828e-05,0.0011565829627215862,1.6375037375837564e-05,0.001555417024064809,0.0011558749829418957,0.00039954204112291336
11040,31,1,0,0,0.00033145799534395337,3.1750008929520845e-05,0.0010028749820776284,1.433398574590683e-05,0.0013804169720970094,0.001092416001483798,0.0002880009706132114
11040,32,1,0,0,0.000331540999468416,2.72089964710176e-05,0.0003023330355063081,1.3874960131943226e-05,0.0006749579915776849,0.0008052919874899089,-0.00013033399591222405
11040,33,1,1,1,0.0003357079694978893,3.1750008929520845e-05,0.0007942090160213411,1.4833000022917986e-05,0.0011764999944716692,0.000695709022693336,0.0004807909717783332
11040,34,0,2,0,0.0003417080151848495,3.137503517791629e-05,0.0014213339891284704,2.7165981009602547e-05,0.0018215830205008388,0.0009938750299625099,0.0008277079905383289
11040,35,0,3,0,0.0003239160287193954,3.1958974432200193e-05,0.0005164160393178463,1.4249992091208696e-05,0.0008865410345606506,0.0016591669991612434,-0.0007726259646005929
11040,36,0,3,0,0.0003200420178472996,2.8499984182417393e-05,0.00031650002347305417,1.4166987966746092e-05,0.0006792090134695172,0.0008378339698538184,-0.00015862495638430119
11040,37,0,4,0,0.0003161249915137887,2.941599814221263e-05,0.00031629204750061035,1.4416989870369434e-05,0.0006762500270269811,0.0007899169577285647,-0.00011366693070158362
11040,38,0,4,0,0.00030741700902581215,2.7999980375170708e-05,0.0004100410151295364,1.8208986148238182e-05,0.0007636669906787574,0.000678708020132035,8.495897054672241e-05
11040,39,0,4,0,0.00031308300094679,3.020802978426218e-05,0.0006341669941321015,1.5583005733788013e-05,0.0009930410305969417,0.001138458028435707,-0.00014541699783876538
11040,40,0,5,0,0.0003111670375801623,2.829096047207713e-05,0.0007924170349724591,1.4749995898455381e-05,0.0011466250289231539,0.0007011250127106905,0.0004455000162124634
11041,0,0,6,0,0.0003095410065725446,2.7916976250708103e-05,0.00031812500674277544,1.4125020243227482e-05,0.0006697080098092556,0.0007072919979691505,-3.758398815989494e-05
11041,1,0,6,0,0.0003106250078417361,2.7790956664830446e-05,0.000313167052809149,1.4082994312047958e-05,0.0006656660116277635,0.0006842500297352672,-1.8584018107503653e-05
11041,2,1,6,0,0.0003601249773055315,2.983299782499671e-05,0.0003262500395067036,1.6208970919251442e-05,0.0007324169855564833,0.0009147090022452176,-0.0001822920166887343
11041,3,1,6,0,0.00033541599987074733,2.858403604477644e-05,0.0003373749786987901,1.5416007954627275e-05,0.0007167910225689411,0.0007168750162236392,-8.399365469813347e-08
11041,4,1,6,0,0.0003332090564072132,2.8582988306879997e-05,0.0005422919639386237,1.4666002243757248e-05,0.0009187500108964741,0.001607834012247622,-0.0006890840013511479
11041,5,5,6,0,0.0004437500028871,2.8708018362522125e-05,0.0005397920031100512,1.6291975043714046e-05,0.0010285419994033873,0.0008340000058524311,0.00019454199355095625
11041,6,6,6,0,0.0004493749584071338,2.758402843028307e-05,0.0005591660155914724,1.337495632469654e-05,0.0010494999587535858,0.0008389169815927744,0.00021058297716081142
11041,7,7,6,2,0.0004724159953184426,2.6958994567394257e-05,0.0003258329816162586,1.4542019926011562e-05,0.000839749991428107,0.0012406249879859388,-0.00040087499655783176
11041,8,6,4,4,0.00045195798156782985,2.7917034458369017e-05,0.0004907079855911434,1.5125027857720852e-05,0.000985708029475063,0.0008241250179708004,0.00016158301150426269
11041,9,2,0,0,0.00036091700894758105,2.7957954443991184e-05,0.0006046250346116722,1.4249992091208696e-05,0.001007749990094453,0.0008532920037396252,0.00015445798635482788
11041,10,4,0,0,0.00040545902447775006,2.7958012651652098e-05,0.00033229199470952153,1.6415957361459732e-05,0.0007821249892003834,0.0009776660008355975,-0.0001955410116352141
11041,11,6,0,0,0.00047329202061519027,3.879197174683213e-05,0.000968958018347621,1.6457983292639256e-05,0.0014974999940022826,0.002527084026951343,-0.0010295840329490602
11041,12,7,0,0,0.000489333993755281,2.9666000045835972e-05,0.0012167500099167228,1.491699367761612e-05,0.0017506669973954558,0.0012283329851925373,0.0005223340122029185
11041,13,8,0,0,0.0005092089995741844,2.8125010430812836e-05,0.0009191660210490227,1.5249999705702066e-05,0.001471750030759722,0.001559290976729244,-8.7540945969522e-05
11041,14,9,0,0,0.0005136670079082251,2.800003858283162e-05,0.0003233749885112047,1.4624965842813253e-05,0.0008796670008450747,0.0011599999852478504,-0.00028033298440277576
11041,15,12,1,1,0.0005779159837402403,2.7709000278264284e-05,0.00033425004221498966,1.4666002243757248e-05,0.0009545410284772515,0.00096895796013996,-1.4416931662708521e-05
11041,16,11,2,2,0.000560707994736731,2.8250040486454964e-05,0.00033833400812000036,1.5832949429750443e-05,0.0009431249927729368,0.0009980419999919832,-5.4917007219046354e-05
11041,17,9,3,3,0.0005272090202197433,2.9165996238589287e-05,0.0007872919668443501,1.5958037693053484e-05,0.0013596250209957361,0.0009829589980654418,0.0003766660229302943
11041,18,6,0,0,0.00044537498615682125,2.8709007892757654e-05,0.0007029580301605165,1.4666991773992777e-05,0.0011917090159840882,0.0012252919841557741,-3.3582968171685934e-05
11041,19,6,0,0,0.0004504579701460898,2.8500042390078306e-05,0.0003334999782964587,1.4792021829634905e-05,0.0008272500126622617,0.000868332979734987,-4.1082967072725296e-05
11041,20,6,0,0,0.00044670799979940057,2.7917034458369017e-05,0.00030808296287432313,1.3792014215141535e-05,0.0007965000113472342,0.0009325830033048987,-0.0001360829919576645
11041,21,6,0,0,0.0004462910001166165,2.800003858283162e-05,0.0006659170030616224,1.4457968063652515e-05,0.001154666009824723,0.000993874971754849,0.00016079103806987405
11041,22,6,0,0,0.00045420799870043993,2.9416987672448158e-05,0.0005417499924078584,1.679197885096073e-05,0.0010421669576317072,0.0017410829896107316,-0.0006989160319790244
11041,23,6,1,1,0.00043941696640104055,2.9082992114126682e-05,0.0003221250372007489,1.4999997802078724e-05,0.0008056249935179949,0.0008551669889129698,-4.954199539497495e-05
11041,24,5,0,0,0.00041795900324359536,2.8125010430812836e-05,0.0004269159981049597,1.387501833960414e-05,0.0008868750301189721,0.0008034580387175083,8.341699140146375e-05
11041,25,5,0,0,0.00045974995009601116,3.095902502536774e-05,0.00033058301778510213,1.5624973457306623e-05,0.0008369169663637877,0.0007912080036476254,4.5708962716162205e-05
11041,26,5,1,1,0.00043833296513184905,2.8917042072862387e-05,0.00032604194711893797,1.491600414738059e-05,0.00080820795847103,0.0009347919840365648,-0.00012658402556553483
11041,27,4,0,0,0.00041500001680105925,2.8707960154861212e-05,0.0013874589931219816,9.054102702066302e-05,0.001921707997098565,0.0009510000236332417,0.0009707079734653234
11041,28,4,2,2,0.0004080839571543038,2.800003858283162e-05,0.000320332997944206,1.4749995898455381e-05,0.0007711669895797968,0.0008244169875979424,-5.324999801814556e-05
11041,29,2,2,2,0.0003600419731810689,2.84170382656157e-05,0.00037399999564513564,1.695798709988594e-05,0.0007794169941917062,0.0009159999899566174,-0.00013658299576491117
11041,30,0,1,0,0.00030995800625532866,2.745899837464094e-05,0.00032833300065249205,1.4042016118764877e-05,0.0006797920214012265,0.0006930840318091214,-1.329201040789485e-05
11041,31,0,1,0,0.00030750001315027475,2.762500662356615e-05,0.0003536660224199295,1.3749988283962011e-05,0.0007025410304777324,0.0006632079603150487,3.9333070162683725e-05
11041,32,0,2,0,0.00030874996446073055,2.7125002816319466e-05,0.0005693749990314245,1.3542012311518192e-05,0.0009187919786199927,0.0007208749884739518,0.00019791699014604092
11041,33,0,2,0,0.0003147500101476908,2.8749986086040735e-05,0.00031166698317974806,1.4208024367690086e-05,0.0006693750037811697,0.0010526669793762267,-0.000383291975595057
11041,34,0,3,0,0.0003094999701716006,2.775003667920828e-05,0.000307333015371114,1.4707969967275858e-05,0.0006592909921891987,0.0006968330126255751,-3.754202043637633e-05
11041,35,0,4,0,0.00030866701854392886,2.741598291322589e-05,0.0003131669946014881,1.3583048712462187e-05,0.000662833044771105,0.000720667012501508,-5.7833967730402946e-05
11041,36,0,4,0,0.00031529198167845607,2.900004619732499e-05,0.000643917010165751,1.4165998436510563e-05,0.0010023750364780426,0.0012287079589441419,-0.00022633292246609926
11041,37,0,5,0,0.00030999997397884727,2.804200630635023e-05,0.0003144160145893693,1.391698606312275e-05,0.0006663749809376895,0.0011065829894505441,-0.0004402080085128546
11042,0,0,6,0,0.00031633395701646805,3.0041032005101442e-05,0.0012102499604225159,1.4167046174407005e-05,0.0015707919956184924,0.0013594579650089145,0.0002113340306095779
11042,1,3,6,0,0.00037812499795109034,2.7125002816319466e-05,0.0007018749602138996,1.4209013897925615e-05,0.001121333974879235,0.001206332992296666,-8.499901741743088e-05
11042,2,3,6,0,0.0003815829986706376,3.445905167609453e-05,0.0006919579464010894,1.850002445280552e-05,0.001126500021200627,0.001279250020161271,-0.000152749998960644
11042,3,4,6,0,0.0004087919951416552,2.920802216976881e-05,0.0008546249591745436,1.4249992091208696e-05,0.0013068749685771763,0.0011242080363444984,0.00018266693223267794
11042,4,4,6,0,0.000420207972638309,3.300001844763756e-05,0.0008713750285096467,1.5583005733788013e-05,0.0013401660253293812,0.001647916971705854,-0.0003077509463764727
11042,5,5,6,0,0.00044616597006097436,3.004202153533697e-05,0.0003472079988569021,1.5042023733258247e-05,0.0008384580141864717,0.0008650000090710819,-2.6541994884610176e-05
11042,6,5,6,0,0.0004390000249259174,2.9166985768824816e-05,0.00033954199170693755,1.4625024050474167e-05,0.0008223340264521539,0.0008395839831791818,-1.7249956727027893e-05
11042,7,6,6,4,0.0004553329781629145,2.758402843028307e-05,0.0003332499763928354,1.5624973457306623e-05,0.0008317919564433396,0.0008720830082893372,-4.029105184599757e-05
11042,8,3,2,2,0.00037824996979907155,2.8041016776114702e-05,0.0004842089838348329,1.712498487904668e-05,0.0009076249552890658,0.000806083029601723,0.00010154192568734288
11042,9,5,0,0,0.00042566697811707854,3.041699528694153e-05,0.0006915000267326832,1.49579718708992e-05,0.0011625419720076025,0.0012088329531252384,-4.6290981117635965e-05
11042,10,5,0,0,0.0007329999934881926,2.8958951588720083e-05,0.0005955000524409115,1.5207973774522543e-05,0.0013726669712923467,0.001940542017109692,-0.0005678750458173454
11042,11,6,0,0,0.00043595803435891867,2.766697434708476e-05,0.0004374160198494792,1.4083983842283487e-05,0.0009151250123977661,0.0011020420351997018,-0.00018691702280193567
11042,12,6,0,0,0.00045491696801036596,2.8292008209973574e-05,0.00044616597006097436,1.4209013897925615e-05,0.0009435839601792395,0.001400000008288771,-0.0004564160481095314
11042,13,8,0,0,0.0004976659547537565,2.800003858283162e-05,0.0009105839999392629,1.4332996215671301e-05,0.0014505829894915223,0.001207791967317462,0.00024279102217406034
11042,14,9,0,0,0.0005192499957047403,2.8333044610917568e-05,0.0004805419594049454,1.387501833960414e-05,0.0010420000180602074,0.0009435410029254854,9.8459015134722e-05
11042,15,11,0,0,0.0005629580118693411,2.762500662356615e-05,0.0006697920034639537,1.3874960131943226e-05,0.0012742499820888042,0.0011076669907197356,0.00016658299136906862
11042,16,11,0,0,0.00058637501206249,3.062497125938535e-05,0.001060625014360994,1.579197123646736e-05,0.0016934169689193368,0.0018915419932454824,-0.00019812502432614565
11042,17,11,0,0,0.0009575419826433063,3.095803549513221e-05,0.00034662499092519283,1.6708974726498127e-05,0.0013518339837901294,0.002168959006667137,-0.0008171250228770077
11042,18,11,1,1,0.0005687499651685357,2.983299782499671e-05,0.001413542020600289,1.8749968148767948e-05,0.0020308749517425895,0.0014169579953886569,0.0006139169563539326
11042,19,11,1,1,0.0005732910358346999,2.983398735523224e-05,0.0010572500177659094,1.8499966245144606e-05,0.0016788750072009861,0.0016967910341918468,-1.79160269908607e-05
11042,20,10,1,1,0.0005420829984359443,2.8084032237529755e-05,0.0003382499562576413,1.4500052202492952e-05,0.0009229170391336083,0.0016517500043846667,-0.0007288329652510583
11042,21,9,2,2,0.000522333022672683,3.6999990697950125e-05,0.0003737919614650309,1.9167026039212942e-05,0.000952292000874877,0.0010407500085420907,-8.845800766721368e-05
11042,22,7,0,0,0.00046687497524544597,3.270799061283469e-05,0.00034791702637448907,1.612497726455331e-05,0.000863624969497323,0.0013518749619834125,-0.00048824999248608947
11042,23,7,0,0,0.00046449998626485467,2.8082984499633312e-05,0.0004456670139916241,1.91659783013165e-05,0.0009574159630574286,0.00090562499826774,5.179096478968859e-05
11042,24,7,0,0,0.00047391699627041817,3.095803549513221e-05,0.0013222919660620391,9.575003059580922e-05,0.0019229170284233987,0.0010875409934669733,0.0008353760349564254
11042,25,7,0,0,0.0004847500240430236,3.0540977604687214e-05,0.001191916991956532,1.7167010810226202e-05,0.001724375004414469,0.0011016250355169177,0.0006227499688975513
11042,26,7,1,1,0.00048220896860584617,3.020802978426218e-05,0.0003741669934242964,1.5416007954627275e-05,0.000901999999769032,0.0012008330086246133,-0.0002988330088555813
11042,27,6,0,0,0.00045424996642395854,3.370898775756359e-05,0.0009542080224491656,1.4958030078560114e-05,0.0014571250067092478,0.001466332993004471,-9.207986295223236e-06
11042,28,6,0,0,0.00045249995309859514,2.84170382656157e-05,0.00033604097552597523,1.3959011994302273e-05,0.0008309169788844883,0.00118545803707093,-0.00035454105818644166
11042,29,6,0,0,0.00045241700718179345,2.8207956347614527e-05,0.0006567080272361636,1.370901009067893e-05,0.0011510420008562505,0.0011957919923588634,-4.474999150261283e-05
11042,30,6,0,0,0.00045254197902977467,2.8292008209973574e-05,0.00031429098453372717,1.3792014215141535e-05,0.0008089169859886169,0.0008379589999094605,-2.90420139208436e-05
11042,31,6,0,0,0.00045308301923796535,2.783298259600997e-05,0.000995459035038948,0.00010441598715260625,0.0015807910240255296,0.0011549999471753836,0.00042579107685014606
11042,32,6,0,0,0.0004717920091934502,3.345799632370472e-05,0.0007091249572113156,1.8584018107503653e-05,0.0012329589808359742,0.001327665988355875,-9.47070075199008e-05
11042,33,6,0,0,0.00044354202691465616,2.9582995921373367e-05,0.0006470420048572123,1.5749945305287838e-05,0.0011359169729985297,0.0015322919934988022,-0.0003963750205002725
11042,34,6,0,0,0.00045499997213482857,2.9459013603627682e-05,0.00033487501787021756,1.3874960131943226e-05,0.000833208963740617,0.0015171249979175627,-0.0006839160341769457
11042,35,6,0,0,0.00048162497114390135,3.933400148525834e-05,0.0003962499904446304,1.9791012164205313e-05,0.0009369999752379954,0.0008299589972011745,0.00010704097803682089
11042,36,6,1,1,0.0004512079758569598,2.8749986086040735e-05,0.00045958301052451134,1.637497916817665e-05,0.0009559159516356885,0.0008768330444581807,7.908290717750788e-05
11042,37,5,2,2,0.0004276669933460653,2.7875008527189493e-05,0.0004384170169942081,1.4707969967275858e-05,0.0009086669888347387,0.0010460829944349825,-0.0001374160056002438
11042,38,3,0,0,0.00038474996108561754,2.7125002816319466e-05,0.0003078749869018793,1.3416050933301449e-05,0.0007331660017371178,0.0007595000206492841,-2.6334018912166357e-05
11042,39,3,2,2,0.0003859589924104512,2.7541012968868017e-05,0.0003183339722454548,1.4791032299399376e-05,0.0007466250099241734,0.0007584170089103281,-1.1791998986154795e-05
11042,40,1,0,0,0.0003385419840924442,2.7582980692386627e-05,0.0006943750195205212,1.3416982255876064e-05,0.001073916966561228,0.0008553749648854136,0.0002185420016758144
11042,41,1,0,0,0.00033733295276761055,2.6833033189177513e-05,0.00041145901195704937,1.333298860117793e-05,0.0007889579865150154,0.0006908749928697944,9.8082993645221e-05
11042,42,1,1,1,0.0003691249876283109,3.56250093318522e-05,0.0010015000007115304,1.4666002243757248e-05,0.0014209159999154508,0.0009713339968584478,0.000449582003057003
11042,43,0,0,0,0.00036266702227294445,5.566695472225547e-05,0.0012030830257572234,3.2917014323174953e-05,0.0016543340170755982,0.0011315830051898956,0.0005227510118857026
11042,44,0,0,0,0.00031512504210695624,2.8915994334965944e-05,0.000313041964545846,1.487502595409751e-05,0.0006719580269418657,0.001245250052306801,-0.0005732920253649354
11042,45,0,0,0,0.0003192080184817314,2.8375012334436178e-05,0.000795207975897938,1.654197694733739e-05,0.001159332983661443,0.0007577500073239207,0.00040158297633752227
11042,46,0,0,0,0.00031183299142867327,2.96669895760715e-05,0.0006294170161709189,1.4833000022917986e-05,0.0009857499971985817,0.0007157090003602207,0.000270040996838361
11042,47,0,0,0,0.00032895803451538086,2.9166985768824816e-05,0.00043308298336341977,1.570803578943014e-05,0.0008069160394370556,0.0014547499595209956,-0.00064783392008394
11042,48,0,0,0,0.0003284999984316528,2.9459013603627682e-05,0.0005881660035811365,1.5459023416042328e-05,0.0009615840390324593,0.0007859999896027148,0.00017558404942974448
11042,49,0,0,0,0.00032658298732712865,2.8749986086040735e-05,0.00031525001395493746,1.5124969650059938e-05,0.0006857079570181668,0.0010726249893195927,-0.00038691703230142593
11042,50,0,1,0,0.00031529198167845607,2.8083042707294226e-05,0.00030608399538323283,1.4833000022917986e-05,0.0006642920197919011,0.0007111250306479633,-4.6833010856062174e-05
11042,51,0,1,0,0.0003107080119661987,2.7709000278264284e-05,0.0003389159683138132,1.4499993994832039e-05,0.0006918329745531082,0.000830708013381809,-0.00013887503882870078
11042,52,0,3,0,0.00030691700521856546,2.8749986086040735e-05,0.0004782910109497607,1.6499951016157866e-05,0.0008304579532705247,0.0007254999945871532,0.00010495795868337154
11042,53,0,5,0,0.0003135420265607536,2.7915986720472574e-05,0.00045358401257544756,1.7040991224348545e-05,0.0008120830170810223,0.0009803749853745103,-0.00016829196829348803
11042,54,0,5,0,0.0003025829792022705,2.7667032554745674e-05,0.00031833298271521926,1.4457968063652515e-05,0.000663040962535888,0.0007040830096229911,-4.104204708710313e-05
11043,0,0,6,0,0.00030329200671985745,2.7875008527189493e-05,0.0014872499741613865,2.0832987502217293e-05,0.0018392499769106507,0.0006941250176168978,0.001145124959293753
11043,1,0,6,0,0.00031104200752452016,3.083300543949008e-05,0.0008172499947249889,2.1874962840229273e-05,0.0011809999705292284,0.001124874979723245,5.6124990805983543e-05
11043,2,0,6,0,0.0003065000055357814,2.8665992431342602e-05,0.0007336670532822609,1.579197123646736e-05,0.0010846250224858522,0.0007203749846667051,0.0003642500378191471
11043,3,1,6,0,0.0003356249653734267,2.800003858283162e-05,0.00038991699693724513,1.3707962352782488e-05,0.0007672499632462859,0.0011334999580867589,-0.00036624999484047294
11043,4,2,6,0,0.0003600839991122484,2.783298259600997e-05,0.00045912497444078326,1.3792014215141535e-05,0.0008608339703641832,0.0007435419829562306,0.00011729198740795255
11043,5,5,6,1,0.0004318749997764826,3.024999750778079e-05,0.0009107919759117067,1.5583005733788013e-05,0.001388499978929758,0.0012702919775620103,0.00011820800136774778
11043,6,5,5,5,0.0004306670161895454,2.845795825123787e-05,0.0003399580018594861,1.7084006685763597e-05,0.000816166982986033,0.0008282919880002737,-1.2125005014240742e-05
11043,7,1,0,0,0.00033079099375754595,2.820900408551097e-05,0.000692791014444083,2.0916981156915426e-05,0.0010727079934440553,0.0007070419960655272,0.0003656659973785281
11043,8,1,0,0,0.0003345839795656502,2.9540969990193844e-05,0.000631959002930671,1.5833007637411356e-05,0.0010119169601239264,0.001034499960951507,-2.258300082758069e-05
11043,9,3,0,0,0.0003827910404652357,2.9916991479694843e-05,0.000667500018607825,1.537497155368328e-05,0.0010955830221064389,0.0007537920027971268,0.0003417910193093121
11043,10,4,0,0,0.0004190829931758344,3.0082999728620052e-05,0.0007210840121842921,1.850002445280552e-05,0.001188750029541552,0.0009339160169474781,0.000254834012594074
11043,11,5,0,0,0.00044770800741389394,2.9749993700534105e-05,0.0006807500030845404,1.595797948539257e-05,0.001174165983684361,0.0008537499816156924,0.0003204160020686686
11043,12,8,0,0,0.0005119159468449652,2.9917049687355757e-05,0.0004741669981740415,1.5290977898985147e-05,0.0010312909726053476,0.0009066670318134129,0.00012462394079193473
11043,13,9,1,1,0.000521541980560869,2.8708018362522125e-05,0.0005999999702908099,1.4416989870369434e-05,0.0011646669590845704,0.0013502499787136912,-0.00018558301962912083
11043,14,9,0,0,0.0005207079811953008,2.8916983865201473e-05,0.00032900000223889947,1.5958037693053484e-05,0.0008945830049924552,0.0011132080107927322,-0.000218625005800277
11043,15,9,1,1,0.0005133750382810831,2.8207956347614527e-05,0.00032341701444238424,1.487502595409751e-05,0.0008798750350251794,0.0008926669834181666,-1.2791948392987251e-05
11043,16,8,1,1,0.00048516702372580767,2.7999980375170708e-05,0.0003215830074623227,1.4749995898455381e-05,0.0008495000074617565,0.0009171669953502715,-6.7666987888515e-05
11043,17,9,1,1,0.0005087910103611648,2.7834030333906412e-05,0.0005942079587839544,1.487502595409751e-05,0.0011457080254331231,0.0016604579868726432,-0.0005147499614395201
11043,18,8,1,1,0.0005235000280663371,3.104197094216943e-05,0.000671125017106533,1.6291975043714046e-05,0.0012419589911587536,0.0009179579792544246,0.00032400101190432906
11043,19,7,0,0,0.00047629198525100946,2.7875008527189493e-05,0.0003192080184817314,1.3749988283962011e-05,0.0008371250005438924,0.0008873750339262187,-5.0250033382326365e-05
11043,20,7,1,1,0.00047395797446370125,2.7916976250708103e-05,0.000364125007763505,1.4416989870369434e-05,0.0008804169483482838,0.000920834019780159,-4.041707143187523e-05
11043,21,6,0,0,0.00045125000178813934,2.7708010748028755e-05,0.0005847500287927687,1.3874960131943226e-05,0.00107758300146088,0.0010333749814890325,4.4208019971847534e-05
11043,22,6,0,0,0.00044945901026949286,2.7707952540367842e-05,0.0006578750326298177,1.3832992408424616e-05,0.001148874987848103,0.0013698749826289713,-0.0002209999947808683
11043,23,6,0,0,0.0004507920239120722,2.8540962375700474e-05,0.00031745899468660355,1.383305061608553e-05,0.0008106250315904617,0.0008644170011393726,-5.3791969548910856e-05
11043,24,6,0,0,0.00047687499318271875,4.9083027988672256e-05,0.0004093340248800814,1.920794602483511e-05,0.0009544999920763075,0.0008266249787993729,0.00012787501327693462
11043,25,6,0,0,0.00047212501522153616,3.27499583363533e-05,0.00044062500819563866,1.629104372113943e-05,0.0009617910254746675,0.0010948330163955688,-0.0001330419909209013
11043,26,6,0,0,0.0004500840441323817,2.7875008527189493e-05,0.000706207996699959,1.3582990504801273e-05,0.0011977500398643315,0.0012379999971017241,-4.0249957237392664e-05
11043,27,6,1,1,0.0004839590401388705,5.220796447247267e-05,0.0005018750089220703,1.9708008039742708e-05,0.0010577500215731561,0.0018962500034831464,-0.0008384999819099903
11043,28,5,0,0,0.0004270000499673188,2.883299021050334e-05,0.00032104196725413203,1.5042023733258247e-05,0.0007919170311652124,0.0008410420268774033,-4.9124995712190866e-05
11043,29,5,0,0,0.0004182920092716813,2.9166985768824816e-05,0.0003245000261813402,1.4833000022917986e-05,0.0007867920212447643,0.0011235830024816096,-0.00033679098123684525
11043,30,5,0,0,0.0004266659962013364,2.7999980375170708e-05,0.00030937499832361937,1.40840420499444e-05,0.0007781250169500709,0.0010149999870918691,-0.00023687497014179826
11043,31,5,2,2,0.000435416994150728,2.7875008527189493e-05,0.00048758299089968204,1.4541961718350649e-05,0.0009654169552959502,0.0007896659662947059,0.0001757509890012443
11043,32,3,1,1,0.0003768329625017941,2.800003858283162e-05,0.00033849995816126466,1.4333054423332214e-05,0.0007576660136692226,0.0010850830003619194,-0.0003274169866926968
11043,33,2,0,0,0.00035912502789869905,2.741598291322589e-05,0.0002995000104419887,1.4083983842283487e-05,0.0007001250050961971,0.0007147919968701899,-1.4666991773992777e-05
11043,34,2,2,2,0.0003552919952198863,2.7082976885139942e-05,0.0003054580301977694,1.4583987649530172e-05,0.0007024169899523258,0.0007200000109151006,-1.7583020962774754e-05
11043,35,0,0,0,0.00031041703186929226,2.7416972443461418e-05,0.0005779999773949385,1.3541022781282663e-05,0.0009293750044889748,0.0007158750086091459,0.00021349999587982893
11043,36,0,0,0,0.00031450000824406743,3.183301305398345e-05,0.00034433399559929967,1.5666009858250618e-05,0.0007063330267556012,0.00166937499307096,-0.0009630419663153589
11043,37,0,0,0,0.00031633401522412896,2.862501423805952e-05,0.0005861250101588666,1.3749988283962011e-05,0.0009448340279050171,0.0010310409707017243,-8.620694279670715e-05
11043,38,0,0,0,0.0003162499633617699,2.875004429370165e-05,0.0006456669652834535,1.4708028174936771e-05,0.0010053750011138618,0.0012359999818727374,-0.0002306249807588756
11043,39,0,1,0,0.0003125829971395433,2.7916976250708103e-05,0.00030333298491314054,1.487502595409751e-05,0.0006587079842574894,0.000679416989441961,-2.0709005184471607e-05
11043,40,0,2,0,0.00031216698698699474,2.7500034775584936e-05,0.00030695798341184855,1.4166987966746092e-05,0.0006607919931411743,0.0007139579975046217,-5.316600436344743e-05
11043,41,0,2,0,0.000313041964545846,2.7375004719942808e-05,0.00030695798341184855,1.4125020243227482e-05,0.0006614999729208648,0.0006756659713573754,-1.4165998436510563e-05
11043,42,0,2,0,0.0003151660203002393,3.125000512227416e-05,0.0011286669760011137,1.4249992091208696e-05,0.0014893329935148358,0.000998291012365371,0.0004910419811494648
11043,43,0,3,0,0.00031270901672542095,2.983299782499671e-05,0.00046383298467844725,1.3542012311518192e-05,0.0008199170115403831,0.001551374967675656,-0.000731457956135273
11043,44,0,3,0,0.00031470798421651125,2.7999980375170708e-05,0.00037712499033659697,1.645804150030017e-05,0.0007362909964285791,0.0006852910155430436,5.099998088553548e-05
11043,45,0,3,0,0.0003297500079497695,3.1957984901964664e-05,0.00036345800617709756,1.487502595409751e-05,0.0007400410249829292,0.001902499992866069,-0.0011624589678831398
11043,46,0,5,0,0.0003179579507559538,2.7542002499103546e-05,0.0003132499987259507,1.4208024367690086e-05,0.0006729579763486981,0.0006899580475874245,-1.7000071238726377e-05
11044,0,0,6,0,0.000315624987706542,2.90420139208436e-05,0.0006527910009026527,1.4166987966746092e-05,0.0010116249904967844,0.0008207499631680548,0.00019087502732872963
11044,1,0,6,0,0.00031583302188664675,2.983398735523224e-05,0.0013016659650020301,2.012500772252679e-05,0.001667457981966436,0.001063500007148832,0.0006039579748176038
11044,2,0,6,0,0.00031162501545622945,2.9416987672448158e-05,0.00032020796788856387,1.5459023416042328e-05,0.0006767089944332838,0.0007456670282408595,-6.89580338075757e-05
11044,3,0,6,0,0.00030925002647563815,3.124994691461325e-05,0.0004150840104557574,1.4416000340133905e-05,0.0007699999841861427,0.0007724589668214321,-2.4589826352894306e-06
11044,4,0,6,0,0.00031037500593811274,2.7999980375170708e-05,0.0006056670099496841,1.4625024050474167e-05,0.0009586670203134418,0.0006806669989600778,0.000278000021353364
11044,5,0,6,0,0.00036158302100375295,3.070797538384795e-05,0.0007041670032776892,1.6457983292639256e-05,0.0011129159829579294,0.0006984160281717777,0.00041449995478615165
11044,6,0,6,0,0.0003404169692657888,4.087499110028148e-05,0.001403417030815035,2.8665992431342602e-05,0.001813374983612448,0.0011867909925058484,0.0006265839911065996
11044,7,2,6,1,0.0003556670271791518,3.391696373000741e-05,0.0005729999975301325,1.733301905915141e-05,0.0009799170074984431,0.0014814999885857105,-0.0005015829810872674
11044,8,3,5,3,0.0003843330196104944,2.824998227879405e-05,0.0007210000185295939,1.4874967746436596e-05,0.001148457988165319,0.0013597920187748969,-0.0002113340306095779
11044,9,3,2,2,0.0003819999983534217,3.095902502536774e-05,0.0009243329986929893,1.812499249354005e-05,0.0013554170145653188,0.0012670420110225677,8.837500354275107e-05
11044,10,4,0,0,0.0006507919752039015,2.9458024073392153e-05,0.00043349998304620385,1.795799471437931e-05,0.0011317079770378768,0.0018422499997541308,-0.000710542022716254
11044,11,6,0,0,0.0004574169870465994,2.9749993700534105e-05,0.0004975000047124922,1.4041026588529348e-05,0.000998708012048155,0.0009347500163130462,6.395799573510885e-05
11044,12,6,0,0,0.0004486250109039247,2.8125010430812836e-05,0.00031829194631427526,1.3375014532357454e-05,0.0008084169821813703,0.0008602080051787198,-5.17910229973495e-05
11044,13,6,0,0,0.00045200000749900937,2.804200630635023e-05,0.0007408750243484974,1.4332996215671301e-05,0.0012352500343695283,0.0011309590190649033,0.00010429101530462503
11044,14,6,0,0,0.00045120803406462073,2.7999980375170708e-05,0.0006425419705919921,1.775001874193549e-05,0.001139500003773719,0.0016282920259982347,-0.0004887920222245157
11044,15,8,0,0,0.0004963750252500176,2.7499976567924023e-05,0.0003993750433437526,1.3791956007480621e-05,0.0009370420011691749,0.0008984170272015035,3.8624973967671394e-05
11044,16,9,0,0,0.0005192499957047403,2.7375004719942808e-05,0.0003462500171735883,1.3999990187585354e-05,0.0009068750077858567,0.0008996250107884407,7.2499969974160194e-06
11044,17,11,2,2,0.0005607500206679106,2.7458008844405413e-05,0.0005879999953322113,1.4374963939189911e-05,0.0011905829887837172,0.0009522910113446414,0.0002382919774390757
11044,18,10,0,0,0.0005422499962151051,2.7875008527189493e-05,0.0008460409590043128,2.820900408551097e-05,0.0014443749678321183,0.0009186670067720115,0.0005257079610601068
11044,19,10,1,1,0.0005384169635362923,3.0750001315027475e-05,0.0009924580226652324,1.650000922381878e-05,0.001578124996740371,0.001418125000782311,0.00015999999595806003
11044,20,9,0,0,0.0005087499739602208,2.779200440272689e-05,0.00032762502087280154,1.4416989870369434e-05,0.0008785839891061187,0.0012084170011803508,-0.0003298330120742321
11044,21,9,1,1,0.0005346249672584236,3.0499999411404133e-05,0.0006768340244889259,1.7000013031065464e-05,0.001258959004189819,0.0009153749560937285,0.00034358404809609056
11044,22,8,1,1,0.000529874989297241,3.837497206404805e-05,0.0009189580450765789,2.0292005501687527e-05,0.0015075000119395554,0.001129375013988465,0.00037812499795109034
11044,23,7,0,0,0.0004737079725600779,2.8958020266145468e-05,0.0003375000087544322,1.3583980035036802e-05,0.0008537499816156924,0.0016681659617461264,-0.000814415980130434
11044,24,7,0,0,0.00047212501522153616,2.7999980375170708e-05,0.00034974998561665416,1.3708020560443401e-05,0.0008635830017738044,0.0009190840064547956,-5.550100468099117e-05
11044,25,7,0,0,0.0004787920042872429,3.0333001632243395e-05,0.0003476249985396862,1.4542019926011562e-05,0.000871292024385184,0.000896541983820498,-2.524995943531394e-05
11044,26,7,1,1,0.0004936250043101609,2.9375019948929548e-05,0.0005505839944817126,1.5833007637411356e-05,0.0010894170263782144,0.0010654170182533562,2.400000812485814e-05
11044,27,6,0,0,0.0005025420105084777,3.574998117983341e-05,0.0011841669911518693,2.3040978703647852e-05,0.0017454999615438282,0.0008749580010771751,0.0008705419604666531
11044,28,6,0,0,0.00047137500951066613,3.21249826811254e-05,0.00039437500527128577,1.7084006685763597e-05,0.0009149590041488409,0.0009214169695042074,-6.4579653553664684e-06
11044,29,6,0,0,0.000447375001385808,2.908398164436221e-05,0.0003232500166632235,1.4625024050474167e-05,0.0008143340237438679,0.0008431249880231917,-2.8790964279323816e-05
11044,30,6,0,0,0.0004491249565035105,2.7667032554745674e-05,0.0003375830128788948,1.4374963939189911e-05,0.0008287499658763409,0.0009170839912258089,-8.833402534946799e-05
11044,31,6,0,0,0.0004449999541975558,2.820801455527544e-05,0.00043145898962393403,1.4208024367690086e-05,0.0009188749827444553,0.000819791981484741,9.908300125971437e-05
11044,32,6,1,1,0.0004513339954428375,2.8291018679738045e-05,0.0005085000302642584,1.4083983842283487e-05,0.0010022090282291174,0.0008253749692812562,0.0001768340589478612
11044,33,5,1,1,0.0005522499559447169,3.1292031053453684e-05,0.00033970799995586276,1.8499966245144606e-05,0.000941749953199178,0.002019750012550503,-0.001078000059351325
11044,34,4,0,0,0.00040266598807647824,2.7875008527189493e-05,0.00035849999403581023,1.4041957911103964e-05,0.0008030829485505819,0.0008664579945616424,-6.337504601106048e-05
11044,35,4,1,1,0.00040433299727737904,2.766697434708476e-05,0.0005942499847151339,1.425005029886961e-05,0.0010405000066384673,0.0007715410320088267,0.0002689589746296406
11044,36,3,0,0,0.0003792910138145089,2.724997466430068e-05,0.00030141702154651284,1.3666984159499407e-05,0.0007216249941848218,0.0010102500091306865,-0.0002886250149458647
11044,37,3,1,1,0.00038416701136156917,2.700003096833825e-05,0.0005245419451966882,1.4750054106116295e-05,0.0009504590416327119,0.0010065839742310345,-5.612493259832263e-05
11044,38,2,1,1,0.00038012495497241616,2.9582995921373367e-05,0.0006429580389522016,1.4791963621973991e-05,0.0010674579534679651,0.001056583016179502,1.0874937288463116e-05
11044,39,1,1,1,0.00034058402525261045,2.9041024390608072e-05,0.0006111249676905572,1.4999997802078724e-05,0.0009957500151358545,0.001233208051417023,-0.00023745803628116846
11044,40,0,1,0,0.00031291600316762924,2.820900408551097e-05,0.00035095796920359135,1.3208016753196716e-05,0.0007052909932099283,0.00105066696414724,-0.00034537597093731165
11044,41,0,1,0,0.00031270901672542095,2.741598291322589e-05,0.0003077500150538981,1.3542012311518192e-05,0.0006614170270040631,0.0006786250160075724,-1.7207989003509283e-05
11044,42,0,1,0,0.0003137079766020179,2.762500662356615e-05,0.0003284169943071902,1.3458018656820059e-05,0.0006832079961895943,0.0006701659876853228,1.3042008504271507e-05
11044,43,0,2,0,0.00033374998020008206,2.8375012334436178e-05,0.0009961659670807421,1.3750046491622925e-05,0.0013720410061068833,0.0007117079803720117,0.0006603330257348716
11044,44,0,2,0,0.0003150000120513141,2.7707952540367842e-05,0.00033058301778510213,1.3583980035036802e-05,0.0006868749624118209,0.0006857919506728649,1.0830117389559746e-06
11044,45,0,2,0,0.0003137089661322534,2.762500662356615e-05,0.0005839160294272006,1.3666984159499407e-05,0.0009389169863425195,0.0006756659713573754,0.00026325101498514414
11044,46,0,4,0,0.00031275005312636495,2.7665984816849232e-05,0.00030337501084432006,1.3583980035036802e-05,0.000657375028822571,0.0006797920214012265,-2.241699257865548e-05
11044,47,0,5,0,0.00031245796708390117,2.7375004719942808e-05,0.00030804198468104005,1.325004268437624e-05,0.0006611249991692603,0.0006868329946883023,-2.5707995519042015e-05
11044,48,0,5,0,0.0003123750211670995,2.7708010748028755e-05,0.00047324999468401074,1.4457968063652515e-05,0.0008277909946627915,0.0006730000022798777,0.00015479099238291383
11045,0,0,6,0,0.00031054095597937703,2.7542002499103546e-05,0.0012266249977983534,0.00010612502228468657,0.0016708329785615206,0.0009877089760266244,0.0006831240025348961
11045,1,0,6,0,0.00031995796598494053,2.7875008527189493e-05,0.000315292039886117,1.3624958228319883e-05,0.0006767499726265669,0.001080416957847774,-0.00040366698522120714
11045,2,0,6,0,0.0003160000196658075,2.762500662356615e-05,0.00033137499121949077,1.3459008187055588e-05,0.00068845902569592,0.0007132500177249312,-2.479099202901125e-05
11045,3,0,6,0,0.00031695800134912133,2.741703065112233e-05,0.0003801669809035957,1.3541022781282663e-05,0.000738083035685122,0.0006910000229254365,4.7083012759685516e-05
11045,4,2,6,0,0.00035920797381550074,3.250001464039087e-05,0.00087704200996086,6.137503078207374e-05,0.0013301250291988254,0.0011534169898368418,0.00017670803936198354
11045,5,3,6,0,0.00038158398820087314,2.8165988624095917e-05,0.0006416250253096223,1.3874960131943226e-05,0.0010652499622665346,0.001498167053796351,-0.0004329170915298164
11045,6,6,6,0,0.0004460840136744082,2.7540954761207104e-05,0.0003522090264596045,1.354096457362175e-05,0.0008393749594688416,0.0008449580054730177,-5.58304600417614e-06
11045,7,7,6,3,0.00046979100443422794,3.0166993383318186e-05,0.0010314169921912253,1.629104372113943e-05,0.0015476660337299109,0.0013125839759595692,0.00023508205777034163
11045,8,4,3,3,0.0004149579908698797,3.3708056434988976e-05,0.0006277499487623572,1.5833997167646885e-05,0.0010922499932348728,0.0016607079887762666,-0.0005684579955413938
11045,9,1,0,0,0.00034016696736216545,2.9749993700534105e-05,0.000779333000537008,1.675001112744212e-05,0.0011659999727271497,0.0014573750086128712,-0.00029137503588572145
11045,10,6,0,0,0.0004496250185184181,2.9375019948929548e-05,0.000731165986508131,1.7667014617472887e-05,0.0012278330395929515,0.001176375022623688,5.1458016969263554e-05
11045,11,6,0,0,0.00046387501060962677,2.9624963644891977e-05,0.0003338750102557242,1.487502595409751e-05,0.0008422500104643404,0.0008688340312801301,-2.65840208157897e-05
11045,12,7,0,0,0.0004863340291194618,2.9375019948929548e-05,0.0005831659655086696,1.4499993994832039e-05,0.001113375008571893,0.0008671249961480498,0.00024625001242384315
11045,13,9,0,0,0.000527708965819329,2.8665992431342602e-05,0.0006456249975599349,1.3625016435980797e-05,0.0012156249722465873,0.0009261659579351544,0.00028945901431143284
11045,14,10,0,0,0.000530916964635253,2.7667032554745674e-05,0.000470208004117012,1.3542012311518192e-05,0.0010423340136185288,0.0011951670167036355,-0.0001528330030851066
11045,15,11,0,0,0.0005806660046800971,3.1917006708681583e-05,0.00036820798413828015,1.6083999071270227e-05,0.000996874994598329,0.0009234590106643736,7.341598393395543e-05
11045,16,11,1,1,0.0005511670024134219,2.7416041120886803e-05,0.0006866249605081975,1.4417048078030348e-05,0.0012796250521205366,0.0009487909846939147,0.0003308340674266219
11045,17,10,3,3,0.0005419169901870191,2.7665984816849232e-05,0.0004069170099683106,1.9833038095384836e-05,0.0009963330230675638,0.0009312080219388008,6.512500112876296e-05
11045,18,8,1,1,0.0004953329917043447,2.8833048418164253e-05,0.0003665419644676149,1.5542027540504932e-05,0.0009062500321306288,0.0009110000100918114,-4.749977961182594e-06
11045,19,7,1,1,0.0004652910283766687,2.8583977837115526e-05,0.0003286250284872949,1.537497155368328e-05,0.0008378750062547624,0.0011080419644713402,-0.00027016695821657777
11045,20,6,0,0,0.00044774997513741255,2.8499984182417393e-05,0.0005064579891040921,1.4167046174407005e-05,0.000996874994598329,0.0011251250398345292,-0.0001282500452362001
11045,21,6,0,0,0.00045358302304521203,2.90420139208436e-05,0.00032883300445973873,1.4749995898455381e-05,0.0008262080373242497,0.0008230420062318444,3.1660310924053192e-06
11045,22,6,0,0,0.0004507090197876096,2.9790971893817186e-05,0.0008324170485138893,1.5457975678145885e-05,0.001328375015873462,0.00155216600978747,-0.00022379099391400814
11045,23,6,0,0,0.00045175000559538603,2.8291018679738045e-05,0.0009482919704169035,1.466704998165369e-05,0.0014430000446736813,0.0014802499790675938,-3.7249934393912554e-05
11045,24,6,0,0,0.0004539999645203352,2.9916001949459314e-05,0.000575500016566366,1.3792014215141535e-05,0.001073207997251302,0.0017239170265384018,-0.0006507090292870998
11045,25,6,0,0,0.00045091600622981787,2.820900408551097e-05,0.0003199159982614219,1.4042016118764877e-05,0.0008130830246955156,0.0008334579761140049,-2.0374951418489218e-05
11045,26,6,1,1,0.0004569169832393527,2.858304651454091e-05,0.0004196249647065997,1.4708028174936771e-05,0.0009198330226354301,0.0009995420114137232,-7.970898877829313e-05
11045,27,5,0,0,0.0004332499811425805,2.8125010430812836e-05,0.0004954580217599869,1.4166987966746092e-05,0.0009710000013001263,0.0008464590064249933,0.00012454099487513304
11045,28,5,0,0,0.0004344169865362346,2.7916044928133488e-05,0.00031599996145814657,1.3792014215141535e-05,0.0007921250071376562,0.0012087919749319553,-0.0004166669677942991
11045,29,5,1,1,0.0004292079829610884,2.7749978471547365e-05,0.00032162503339350224,1.433398574590683e-05,0.0007929169805720448,0.0008098749676719308,-1.695798709988594e-05
11045,30,4,1,1,0.0004104170366190374,2.7749978471547365e-05,0.0010037919855676591,1.8791004549711943e-05,0.0014607500052079558,0.0007811249815858901,0.0006796250236220658
11045,31,3,0,0,0.00038112502079457045,2.8375012334436178e-05,0.0003616670146584511,1.4249992091208696e-05,0.0007854170398786664,0.0008548750192858279,-6.945797940716147e-05
11045,32,3,1,1,0.00037929200334474444,2.7541012968868017e-05,0.00030166696524247527,1.4416989870369434e-05,0.0007229169714264572,0.0007611250039190054,-3.820803249254823e-05
11045,33,2,1,1,0.00035345798823982477,2.9417045880109072e-05,0.0008402079693041742,1.4042016118764877e-05,0.001237125019542873,0.0009448749478906393,0.0002922500716522336
11045,34,1,1,1,0.00033604196505621076,2.7958012651652098e-05,0.00030437501845881343,1.4249992091208696e-05,0.000682624988257885,0.0009434169624000788,-0.0002607919741421938
11045,35,0,0,0,0.00031429098453372717,2.7875008527189493e-05,0.000297166989184916,1.3832992408424616e-05,0.0006531659746542573,0.0006801669951528311,-2.700102049857378e-05
11045,36,0,1,0,0.0003225830150768161,2.7749978471547365e-05,0.0008008330478332937,9.841698920354247e-05,0.0012495830305851996,0.0007939590141177177,0.00045562401646748185
11045,37,0,3,0,0.0003145409864373505,2.762500662356615e-05,0.00030670897103846073,1.3791024684906006e-05,0.0006626659887842834,0.0010316669940948486,-0.00036900100531056523
11045,38,0,4,0,0.00031574995955452323,2.8958020266145468e-05,0.0010014580329880118,1.4416989870369434e-05,0.00136058300267905,0.0014537079841829836,-9.312498150393367e-05
11045,39,0,5,0,0.0003107090014964342,3.0750001315027475e-05,0.0008268750389106572,1.4624965842813253e-05,0.001182959007564932,0.0010560829541645944,0.0001268760534003377
11046,0,0,6,0,0.00031658296938985586,3.0542025342583656e-05,0.00033654202707111835,1.4290970284491777e-05,0.0006979579920880497,0.0007800839957781136,-8.212600369006395e-05
11046,1,1,6,0,0.00033895799424499273,2.804200630635023e-05,0.00031999999191612005,1.391698606312275e-05,0.0007009169785305858,0.0011181249865330756,-0.0004172080080024898
11046,2,2,6,0,0.00036025000736117363,2.7833040803670883e-05,0.0003216249751858413,1.3749988283962011e-05,0.0007234580116346478,0.0007411669939756393,-1.7708982340991497e-05
11046,3,2,6,0,0.0003625000244937837,2.78339721262455e-05,0.0003185000387020409,1.3375014532357454e-05,0.0007222090498544276,0.000739875016734004,-1.7665966879576445e-05
11046,4,2,6,0,0.00037658301880583167,3.1374976970255375e-05,0.000350042013451457,1.637497916817665e-05,0.0007743749883957207,0.0014392500161193311,-0.0006648750277236104
11046,5,3,6,0,0.00038591696647927165,2.824998227879405e-05,0.000336292025167495,1.387501833960414e-05,0.0007643339922651649,0.0008574159583076835,-9.308196604251862e-05
11046,6,3,6,0,0.0003783749998547137,2.7458008844405413e-05,0.0003232500166632235,1.3874960131943226e-05,0.0007429579854942858,0.0010262500145472586,-0.0002832920290529728
11046,7,4,6,1,0.00040625000838190317,2.804200630635023e-05,0.0003476249985396862,1.3958022464066744e-05,0.0007958750356920063,0.0007849580142647028,1.0917021427303553e-05
11046,8,9,5,5,0.0005449590389616787,3.1750008929520845e-05,0.0006299159722402692,1.991703175008297e-05,0.0012265420518815517,0.0009163750219158828,0.0003101670299656689
11046,9,5,0,0,0.0004264999879524112,2.8125010430812836e-05,0.0006405419553630054,1.4082994312047958e-05,0.0011092499480582774,0.0008354170131497085,0.00027383293490856886
11046,10,6,0,0,0.00045295903692021966,2.7749978471547365e-05,0.000386958010494709,1.679197885096073e-05,0.0008844590047374368,0.0008367080008611083,4.775100387632847e-05
11046,11,7,0,0,0.00046912499237805605,2.8582988306879997e-05,0.00032541697146371007,1.4582998119294643e-05,0.0008377079502679408,0.0008539580157957971,-1.625006552785635e-05
11046,12,8,0,0,0.000490083999466151,2.824998227879405e-05,0.00032175000524148345,1.4582998119294643e-05,0.0008546669851057231,0.0008756250026635826,-2.095801755785942e-05
11046,13,9,0,0,0.0005140419816598296,2.779101487249136e-05,0.00032220897264778614,1.4291028492152691e-05,0.0008783329976722598,0.001036000030580908,-0.00015766703290864825
11046,14,9,0,0,0.0005177919520065188,2.8708018362522125e-05,0.0008949580369517207,1.9749975763261318e-05,0.001461207983084023,0.002337916987016797,-0.0008767090039327741
11046,15,11,1,1,0.0005620000301860273,2.96669895760715e-05,0.0009947920334525406,1.4499993994832039e-05,0.0016009590472094715,0.001724792004097253,-0.00012383295688778162
11046,16,10,1,1,0.0005372089799493551,2.783298259600997e-05,0.0003456250415183604,1.4666991773992777e-05,0.0009253339958377182,0.0017168340273201466,-0.0007915000314824283
11046,17,10,1,1,0.0006679170182906091,3.6415993236005306e-05,0.0005244999774731696,2.012500772252679e-05,0.0012489579967223108,0.001779042009729892,-0.0005300840130075812
11046,18,9,1,1,0.0005264589563012123,2.875004429370165e-05,0.0004546659765765071,1.6584002878516912e-05,0.001026458980049938,0.0009250830044038594,0.00010137597564607859
11046,19,8,1,1,0.0004961669910699129,2.820801455527544e-05,0.0003468749928288162,1.487502595409751e-05,0.000886125024408102,0.0010252909851260483,-0.0001391659607179463
11046,20,7,0,0,0.00046374998055398464,2.7458008844405413e-05,0.00031687499722465873,1.429201802238822e-05,0.000822375004645437,0.0008486249716952443,-2.624996704980731e-05
11046,21,7,0,0,0.0004878750187344849,3.024999750778079e-05,0.0003182920045219362,1.4499993994832039e-05,0.0008509170147590339,0.0010678750113584101,-0.0002169579965993762
11046,22,7,0,0,0.0004727920168079436,2.7915986720472574e-05,0.0006053749821148813,1.370901009067893e-05,0.0011197919957339764,0.0009998339810408652,0.00011995801469311118
11046,23,7,1,1,0.00046916602877900004,2.745899837464094e-05,0.0004559159860946238,1.433398574590683e-05,0.0009668749989941716,0.0008465000428259373,0.00012037495616823435
11046,24,6,1,1,0.00044908298877999187,2.7333968318998814e-05,0.0003174160374328494,1.4249992091208696e-05,0.0008080829866230488,0.0008461670367978513,-3.808405017480254e-05
11046,25,5,1,1,0.00042583298636600375,2.7375004719942808e-05,0.0009755000355653465,1.9749975763261318e-05,0.0014484580024145544,0.0011002919636666775,0.0003481660387478769
11046,26,4,0,0,0.0004113329923711717,2.879201201722026e-05,0.0008842080133035779,1.4124962035566568e-05,0.0013384579797275364,0.0010794170084409416,0.00025904097128659487
11046,27,4,1,1,0.00040441699093207717,2.8375012334436178e-05,0.0014113750075921416,0.00010808301158249378,0.0019522500224411488,0.0013960840296931565,0.0005561659927479923
11046,28,3,1,1,0.0003866669721901417,2.7375004719942808e-05,0.00031654100166633725,1.5083991456776857e-05,0.0007456669700331986,0.0015487499767914414,-0.0008030830067582428
11046,29,2,1,1,0.0003747920272871852,2.8665992431342602e-05,0.00032837502658367157,1.4458957593888044e-05,0.0007462920038960874,0.0007367919897660613,9.500014130026102e-06
11046,30,1,1,1,0.0003363749710842967,2.7916976250708103e-05,0.0014178750570863485,1.699995482340455e-05,0.0017991669592447579,0.0007270830101333559,0.001072083949111402
11046,31,0,0,0,0.0003106669755652547,2.7958012651652098e-05,0.000390583008993417,1.395895378664136e-05,0.0007431669509969652,0.000988541985861957,-0.0002453750348649919
11046,32,0,2,0,0.00030879100086167455,2.7375004719942808e-05,0.0004212089697830379,1.383305061608553e-05,0.0007712080259807408,0.0007270000060088933,4.4208019971847534e-05
11046,33,0,3,0,0.0003155000158585608,2.879201201722026e-05,0.0003315829671919346,1.4042016118764877e-05,0.0006899170111864805,0.0010158750228583813,-0.00032595801167190075
11046,34,0,4,0,0.00031183299142867327,2.7916976250708103e-05,0.0003125829971395433,1.3750046491622925e-05,0.0006660830113105476,0.0008280829642899334,-0.00016199995297938585
11046,35,0,5,0,0.00031479104654863477,2.9499991796910763e-05,0.000506417010910809,1.4291959814727306e-05,0.0008650000090710819,0.001358125009573996,-0.0004931250005029142
11046,36,0,5,0,0.0003164589870721102,2.7915986720472574e-05,0.0007935840403661132,1.7290993127971888e-05,0.0011552500072866678,0.0006844999734312296,0.00047075003385543823
11047,0,0,6,0,0.0003231250448152423,3.045797348022461e-05,0.0003315419889986515,1.4708028174936771e-05,0.0006998330354690552,0.0013654580106958747,-0.0006656249752268195
11047,1,1,6,0,0.0003861670265905559,7.895799353718758e-05,0.0005320829804986715,4.320900188758969e-05,0.0010404170025140047,0.0007257499964907765,0.00031466700602322817
11047,2,1,6,0,0.0003381659626029432,2.9417045880109072e-05,0.00035691697848960757,1.4790974091738462e-05,0.0007392909610643983,0.0008030829485505819,-6.379198748618364e-05
11047,3,2,6,0,0.0003599170013330877,2.8708018362522125e-05,0.0003274589544162154,1.4291028492152691e-05,0.0007303750026039779,0.0007558749639429152,-2.5499961338937283e-05
11047,4,4,6,0,0.0004100830410607159,2.8416980057954788e-05,0.0009191249846480787,1.3958022464066744e-05,0.0013715830282308161,0.0008407920249737799,0.0005307910032570362
11047,5,5,6,0,0.00042466697050258517,2.8875016141682863e-05,0.0010331249795854092,1.5167053788900375e-05,0.0015018340200185776,0.0016848330269567668,-0.00018299900693818927
11047,6,6,6,0,0.00047904200619086623,3.491598181426525e-05,0.0011779590277001262,7.762497989460826e-05,0.001769541995599866,0.0015009170165285468,0.0002686249790713191
11047,7,9,6,5,0.0005093340296298265,3.9583013858646154e-05,0.0003459579893387854,2.1249987185001373e-05,0.0009161250200122595,0.0013043339713476598,-0.00038820895133540034
11047,8,4,1,1,0.00039841601392254233,2.6958994567394257e-05,0.0008539159898646176,1.4959019608795643e-05,0.0012942500179633498,0.0011465420247986913,0.00014770799316465855
11047,9,6,0,0,0.00045495800441130996,3.208400448784232e-05,0.001134415972046554,1.6792037058621645e-05,0.001638250018004328,0.0012915420229546726,0.00034670799504965544
11047,10,6,0,0,0.00045433297054842114,2.862501423805952e-05,0.0015531249810010195,1.4666991773992777e-05,0.002050749957561493,0.0008456659852527082,0.0012050839723087847
11047,11,9,0,0,0.0005143749876879156,3.137503517791629e-05,0.001963290967978537,4.387501394376159e-05,0.0025529160047881305,0.0019900420447811484,0.0005628739600069821
11047,12,10,0,0,0.0005504169967025518,3.1374976970255375e-05,0.0003422500449232757,1.6041973140090704e-05,0.0009400839917361736,0.0010555830085650086,-0.00011549901682883501
11047,13,10,0,0,0.0005473330384120345,2.8707960154861212e-05,0.00032837502658367157,1.4083983842283487e-05,0.0009185000089928508,0.0009822919964790344,-6.379198748618364e-05
11047,14,11,0,0,0.0005633750115521252,2.8166978154331446e-05,0.0008095829980447888,1.833302667364478e-05,0.0014194580144248903,0.0009936669957824051,0.00042579101864248514
11047,15,11,0,0,0.0005649169906973839,2.8125010430812836e-05,0.0005232500261627138,1.4124962035566568e-05,0.001130416989326477,0.0013691670028492808,-0.00023875001352280378
11047,16,11,3,3,0.0005756670143455267,3.170798299834132e-05,0.00034445797791704535,1.775001874193549e-05,0.0009695829940028489,0.0010718749836087227,-0.00010229198960587382
11047,17,9,0,0,0.0005272090202197433,2.983299782499671e-05,0.0006938749575056136,1.975003397092223e-05,0.0012706670095212758,0.0009308750159107149,0.0003397919936105609
11047,18,9,2,2,0.0005181250162422657,3.0124967452138662e-05,0.00045795802725479007,1.6167003195732832e-05,0.0010223750141449273,0.0009913340327329934,3.10409814119339e-05
11047,19,7,0,0,0.0007866669911891222,3.0292023438960314e-05,0.000905958004295826,1.6457983292639256e-05,0.0017393750022165477,0.0013067919644527137,0.000432583037763834
11047,20,7,0,0,0.00046829204075038433,2.9957969672977924e-05,0.0005482920096255839,1.5041965525597334e-05,0.0010615839855745435,0.0013398330193012953,-0.0002782490337267518
11047,21,7,0,0,0.0004682089784182608,2.8165988624095917e-05,0.00036204198841005564,1.808302477002144e-05,0.0008764999802224338,0.0008707909728400409,5.709007382392883e-06
11047,22,7,1,1,0.000471249979455024,2.858403604477644e-05,0.0007478749612346292,1.4833000022917986e-05,0.0012625419767573476,0.0012937499559484422,-3.120797919109464e-05
11047,23,6,0,0,0.0004508750280365348,2.745899837464094e-05,0.0003804159932769835,1.3999990187585354e-05,0.0008727500098757446,0.0008307909592986107,4.1959050577133894e-05
11047,24,6,0,0,0.0006688330322504044,3.0166993383318186e-05,0.0008052079938352108,2.0833977032452822e-05,0.0015250419965013862,0.001784041989594698,-0.0002589999930933118
11047,25,6,0,0,0.0004559159860946238,3.1333998776972294e-05,0.0010179579840041697,1.6208039596676826e-05,0.0015214160084724426,0.000856792030390352,0.0006646239780820906
11047,26,6,0,0,0.00044695899123325944,2.97910301014781e-05,0.0003417499829083681,1.4792021829634905e-05,0.0008332920260727406,0.0015213339938782156,-0.000688041967805475
11047,27,6,0,0,0.0004470410058274865,2.8084032237529755e-05,0.0003150409902445972,1.4416989870369434e-05,0.0008045830181799829,0.0011840829974971712,-0.00037949997931718826
11047,28,6,0,0,0.000457917049061507,2.9166985768824816e-05,0.0006392499781213701,1.60830095410347e-05,0.0011424170224927366,0.0012333749909885228,-9.095796849578619e-05
11047,29,6,0,0,0.00044958299258723855,2.804200630635023e-05,0.0007917080074548721,1.7458980437368155e-05,0.001286791986785829,0.0013906669919379056,-0.00010387500515207648
11047,30,6,0,0,0.00047208298929035664,3.241701051592827e-05,0.0003944580093957484,1.7707992810755968e-05,0.0009166660020127892,0.0011404590331949294,-0.0002237930311821401
11047,31,6,1,1,0.0004452499561011791,2.7833040803670883e-05,0.0006373329670168459,8.804199751466513e-05,0.001198457961436361,0.0008277500164695084,0.00037070794496685266
11047,32,5,0,0,0.00045241694897413254,3.445800393819809e-05,0.0006295840139500797,1.950003206729889e-05,0.0011359589989297092,0.0018448749906383455,-0.0007089159917086363
11047,33,5,1,1,0.00043054198613390326,3.0125025659799576e-05,0.0007404579664580524,1.5042023733258247e-05,0.0012161670019850135,0.0013688339968211949,-0.0001526669948361814
11047,34,4,1,1,0.0004079589853063226,3.6375015042722225e-05,0.0005117499968037009,1.8665974494069815e-05,0.0009747499716468155,0.0017964589642360806,-0.0008217089925892651
11047,35,3,2,2,0.00038520898669958115,2.920802216976881e-05,0.00035149999894201756,1.533300383016467e-05,0.0007812500116415322,0.0007942080264911056,-1.2958014849573374e-05
11047,36,1,1,1,0.0003344169817864895,2.8542010113596916e-05,0.0012757499935105443,1.5124969650059938e-05,0.0016538339550606906,0.0013509589480236173,0.0003028750070370734
11047,37,0,0,0,0.0003097080043517053,6.079196464270353e-05,0.000669625005684793,1.9749975763261318e-05,0.0010598749504424632,0.001146750000771135,-8.687505032867193e-05
11047,38,0,0,0,0.0003177920007146895,2.8791953809559345e-05,0.00030229100957512856,1.4542019926011562e-05,0.000663416984025389,0.000701832992490381,-3.8416008464992046e-05
11047,39,0,1,0,0.0003168330295011401,2.866698196157813e-05,0.00030341697856783867,1.391599653288722e-05,0.0006628329865634441,0.0007002089987508953,-3.7376012187451124e-05
11047,40,0,1,0,0.00031529198167845607,2.8916983865201473e-05,0.0010766250197775662,1.633301144465804e-05,0.0014371669967658818,0.0010961670195683837,0.0003409999771974981
11047,41,0,1,0,0.00032183300936594605,3.0999945010989904e-05,0.001294042041990906,1.6457983292639256e-05,0.0016633329796604812,0.0012287910212762654,0.00043454195838421583
11047,42,0,2,0,0.0003129999968223274,2.879102248698473e-05,0.0005866669816896319,1.4332996215671301e-05,0.0009427909972146153,0.0010761659941636026,-0.00013337499694898725
11047,43,0,2,0,0.0003356249653734267,2.9458024073392153e-05,0.0005900419782847166,1.4917051885277033e-05,0.0009700420196168125,0.000990708009339869,-2.0665989723056555e-05
11047,44,0,5,0,0.00031112501164898276,2.824998227879405e-05,0.00031937501626089215,1.4541961718350649e-05,0.0006732919719070196,0.0011812919983640313,-0.0005080000264570117
11047,45,0,5,0,0.0003096250002272427,2.804200630635023e-05,0.00031841598683968186,1.433398574590683e-05,0.0006704169791191816,0.0006888750358484685,-1.845805672928691e-05
11048,0,0,6,0,0.0003491670358926058,4.374998388811946e-05,0.0007018750184215605,2.120796125382185e-05,0.0011159999994561076,0.0008225409546867013,0.0002934590447694063
11048,1,0,6,0,0.0003309999592602253,3.0750001315027475e-05,0.0007382500334642828,1.6415957361459732e-05,0.0011164159514009953,0.0007037079776637256,0.00041270797373726964
11048,2,0,6,0,0.00031120801577344537,2.883397974073887e-05,0.000321374973282218,1.4125020243227482e-05,0.0006755419890396297,0.0007194579811766744,-4.391599213704467e-05
11048,3,1,6,0,0.0003375830128788948,2.8333975933492184e-05,0.0005660410388372838,1.4249992091208696e-05,0.0009462080197408795,0.0007272079819813371,0.00021900003775954247
11048,4,1,6,0,0.00033825001446530223,2.8375012334436178e-05,0.00035612500505521894,1.4207966160029173e-05,0.0007369579980149865,0.0011376659967936575,-0.000400707998778671
11048,5,4,6,0,0.0004124169936403632,2.883299021050334e-05,0.0008254169952124357,1.4750054106116295e-05,0.0012814170331694186,0.0007991250022314489,0.0004822920309379697
11048,6,6,6,2,0.0004509169957600534,2.8582988306879997e-05,0.000604833010584116,1.4624965842813253e-05,0.0010989579604938626,0.0011646249913610518,-6.566703086718917e-05
11048,7,6,4,4,0.0004558749496936798,2.84170382656157e-05,0.00032950000604614615,1.5583005733788013e-05,0.0008293749997392297,0.001281999982893467,-0.00045262498315423727
11048,8,2,0,0,0.000364875013474375,2.824998227879405e-05,0.0003025829792022705,1.4125020243227482e-05,0.000709832995198667,0.0007599170203320682,-5.0084025133401155e-05
11048,9,4,0,0,0.0004105829866603017,2.7875008527189493e-05,0.0003077919827774167,1.3792014215141535e-05,0.0007600419921800494,0.0007743749883957207,-1.4332996215671301e-05
11048,10,5,0,0,0.0004254999803379178,2.8333044610917568e-05,0.0003517919685691595,1.7000013031065464e-05,0.0008226250065490603,0.001576666021719575,-0.0007540410151705146
11048,11,7,1,1,0.0004888749681413174,3.0333001632243395e-05,0.0003605420351959765,1.5249999705702066e-05,0.0008950000046752393,0.0014464170089922845,-0.0005514170043170452
11048,12,7,0,0,0.00048149999929592013,2.9207963962107897e-05,0.0006751249893568456,1.4542019926011562e-05,0.0012003749725408852,0.0010190830216743052,0.00018129195086658
11048,13,8,0,0,0.0005055409856140614,2.845900598913431e-05,0.0003489580121822655,1.3999990187585354e-05,0.0008969579939730465,0.000885375018697232,1.1582975275814533e-05
11048,14,10,0,0,0.0005253330455161631,2.7416972443461418e-05,0.0004343329928815365,1.433398574590683e-05,0.0010014169965870678,0.000910624978132546,9.07920184545219e-05
11048,15,10,1,1,0.0005852499743923545,3.641704097390175e-05,0.0006874999962747097,1.9665982108563185e-05,0.0013288329937495291,0.0011049999739043415,0.00022383301984518766
11048,16,10,0,0,0.0005464170244522393,2.9207963962107897e-05,0.00032579200342297554,1.4625024050474167e-05,0.0009160420158877969,0.0009731249883770943,-5.708297248929739e-05
11048,17,10,1,1,0.0005477499798871577,2.841599052771926e-05,0.00032891699811443686,1.425005029886961e-05,0.0009193330188281834,0.0009207080001942813,-1.374981366097927e-06
11048,18,9,2,2,0.0005156670231372118,2.8458016458898783e-05,0.0003325419966131449,1.49579718708992e-05,0.0008916250080801547,0.0009112920379266143,-1.9667029846459627e-05
11048,19,7,0,0,0.0004731249646283686,2.8542010113596916e-05,0.0003600830095820129,1.49579718708992e-05,0.0008767079561948776,0.000887166999746114,-1.0459043551236391e-05
11048,20,7,1,1,0.00047191703924909234,2.804200630635023e-05,0.0008410409791395068,1.47090177051723e-05,0.0013557090424001217,0.000881040992680937,0.00047466804971918464
11048,21,6,0,0,0.0004534579929895699,2.8542010113596916e-05,0.00031358300475403666,1.3666984159499407e-05,0.0008092499920167029,0.0008280409965664148,-1.8791004549711943e-05
11048,22,6,0,0,0.00045320799108594656,2.816703636199236e-05,0.0003177920007146895,1.3874960131943226e-05,0.0008130419882945716,0.0008243749616667628,-1.133297337219119e-05
11048,23,6,1,1,0.00045116699766367674,2.90420139208436e-05,0.0012003749725408852,1.6541045624762774e-05,0.0016971250297501683,0.0012740829843096435,0.0004230420454405248
11048,24,5,0,0,0.0004283330054022372,2.9749993700534105e-05,0.0013651250046677887,9.245803812518716e-05,0.0019156660418957472,0.0009964159689843655,0.0009192500729113817
11048,25,5,0,0,0.0004295840044505894,2.8125010430812836e-05,0.000592165975831449,1.4125020243227482e-05,0.0010640000109560788,0.0011641669552773237,-0.00010016694432124496
11048,26,5,0,0,0.0004460420459508896,2.8915994334965944e-05,0.0003648749552667141,1.550000160932541e-05,0.000855332997161895,0.0009457090054638684,-9.037600830197334e-05
11048,27,5,1,1,0.0004241249989718199,2.7958012651652098e-05,0.00035791704431176186,1.4833000022917986e-05,0.0008248330559581518,0.0007986659766174853,2.6167079340666533e-05
11048,28,4,0,0,0.00040395901305601,2.7499976567924023e-05,0.0005200000014156103,1.4249992091208696e-05,0.000965708983130753,0.0007765830378048122,0.00018912594532594085
11048,29,4,0,0,0.0004032920114696026,2.7292000595480204e-05,0.000308374990709126,1.3749988283962011e-05,0.0007527089910581708,0.0007668749894946814,-1.4165998436510563e-05
11048,30,4,2,2,0.00040437496500089765,2.7541012968868017e-05,0.0004627500311471522,1.537497155368328e-05,0.0009100409806706011,0.00147387501783669,-0.0005638340371660888
11048,31,2,1,1,0.000361250014975667,2.7999980375170708e-05,0.0003145410446450114,1.4624965842813253e-05,0.0007184160058386624,0.0007812079857103527,-6.279197987169027e-05
11048,32,1,1,1,0.00033070804784074426,2.779200440272689e-05,0.0003102499758824706,1.4666002243757248e-05,0.000683416030369699,0.0007036250317469239,-2.0209001377224922e-05
11048,33,0,0,0,0.0003083340125158429,2.7500034775584936e-05,0.0003239159705117345,1.370901009067893e-05,0.0006734590278938413,0.0006641249638050795,9.334064088761806e-06
11048,34,0,0,0,0.00031158397905528545,2.7916044928133488e-05,0.0002947920002043247,1.4041957911103964e-05,0.0006483339820988476,0.0009135410073213279,-0.0002652070252224803
11048,35,0,1,0,0.0003224170068278909,2.904096618294716e-05,0.0005295420414768159,1.4582998119294643e-05,0.0008955830126069486,0.0007514580502174795,0.00014412496238946915
11048,36,0,1,0,0.00030954094836488366,2.8834037948399782e-05,0.001294249959755689,1.550000160932541e-05,0.0016481249476782978,0.001120916975196451,0.0005272079724818468
11048,37,0,2,0,0.0003136250306852162,2.866698196157813e-05,0.0007397080189548433,1.5583995264023542e-05,0.0010975840268656611,0.0006984160281717777,0.0003991679986938834
11048,38,0,2,0,0.0003078329609706998,2.7875008527189493e-05,0.00030512502416968346,1.4124962035566568e-05,0.0006549579557031393,0.0006922089960426092,-3.725104033946991e-05
11048,39,0,2,0,0.00031454203417524695,2.8582988306879997e-05,0.00035683298483490944,1.3834040146321058e-05,0.0007137920474633574,0.0008316250168718398,-0.00011783296940848231
11048,40,0,2,0,0.00031649996526539326,2.820900408551097e-05,0.0005636250134557486,1.5624973457306623e-05,0.0009239589562639594,0.000684458005707711,0.00023950095055624843
11048,41,0,3,0,0.000309124996419996,2.7709000278264284e-05,0.0007997080101631582,1.591700129210949e-05,0.001152459008153528,0.0010517080081626773,0.00010075099999085069
11048,42,0,3,0,0.0003117090091109276,2.7499976567924023e-05,0.00031924998620525,1.387501833960414e-05,0.0006723339902237058,0.0008649170049466193,-0.0001925830147229135
11048,43,0,5,0,0.00031274999491870403,2.7375004719942808e-05,0.0003654159954749048,1.366704236716032e-05,0.0007192080374807119,0.0006789159961044788,4.02920413762331e-05
11049,0,0,6,0,0.0003137500025331974,2.7999980375170708e-05,0.00034020800376310945,1.4166987966746092e-05,0.0006961249746382236,0.0006962079787626863,-8.300412446260452e-08
11049,1,0,6,0,0.0003131669946014881,2.7708010748028755e-05,0.0012934579863213003,1.4584045857191086e-05,0.0016489170375280082,0.0007056670146994293,0.000943250022828579
11049,2,0,6,0,0.00031066598603501916,2.745899837464094e-05,0.0003172499709762633,1.3500044587999582e-05,0.000668874999973923,0.0007802080363035202,-0.00011133303632959723
11049,3,1,6,0,0.00033374998020008206,2.758303890004754e-05,0.0010307919583283365,1.4749995898455381e-05,0.0014068749733269215,0.0010447499807924032,0.00036212499253451824
11049,4,3,6,0,0.00038654200034216046,2.7790956664830446e-05,0.000329042028170079,1.391698606312275e-05,0.0007572919712401927,0.0008139589917846024,-5.666702054440975e-05
11049,5,4,6,0,0.00041037501068785787,2.7875008527189493e-05,0.0003231249866075814,1.3582990504801273e-05,0.00077495799632743,0.0008458750089630485,-7.091701263561845e-05
11049,6,4,6,0,0.00040270801400765777,2.8124952223151922e-05,0.00033762503881007433,1.4209013897925615e-05,0.0007826670189388096,0.0008227920043282211,-4.012498538941145e-05
11049,7,4,6,0,0.0004010829725302756,2.8084032237529755e-05,0.0003227500128559768,1.3832992408424616e-05,0.0007657500100322068,0.000777500041294843,-1.1750031262636185e-05
11049,8,4,6,0,0.0004065000102855265,3.220798680558801e-05,0.0006101250182837248,1.391698606312275e-05,0.001062750001437962,0.0007847499800845981,0.000278000021353364
11049,9,5,6,3,0.00042654096614569426,2.816703636199236e-05,0.00046604196541011333,1.533300383016467e-05,0.0009360829717479646,0.0014103749999776483,-0.00047429202822968364
11049,10,2,3,2,0.00035749998642131686,2.783298259600997e-05,0.0004378749872557819,1.6000005416572094e-05,0.0008392079616896808,0.0007380000315606594,0.0001012079301290214
11049,11,1,1,1,0.0003405000315979123,2.8332986403256655e-05,0.0005267089582048357,1.6541045624762774e-05,0.0009120830218307674,0.0007212919881567359,0.0001907910336740315
11049,12,3,0,0,0.0003755000070668757,2.7917034458369017e-05,0.0006257079658098519,1.570803578943014e-05,0.0010448330431245267,0.0010363750043325126,8.458038792014122e-06
11049,13,4,0,0,0.00040908402297645807,2.862501423805952e-05,0.0005350830033421516,1.3582990504801273e-05,0.0009863750310614705,0.0007849590037949383,0.00020141602726653218
11049,14,6,0,0,0.0004494160530157387,2.9041955713182688e-05,0.0015080830198712647,1.612497726455331e-05,0.0020026660058647394,0.0018189999973401427,0.0001836660085245967
11049,15,7,0,0,0.00046308303717523813,5.733297439292073e-05,0.000697874987963587,1.6625039279460907e-05,0.0012349160388112068,0.0012029579957015812,3.195804310962558e-05
11049,16,8,0,0,0.0004997500218451023,2.845900598913431e-05,0.0009371659834869206,9.970902465283871e-05,0.001565084035973996,0.0008876249776221812,0.0006774590583518147
11049,17,10,0,0,0.0005383749958127737,2.7333968318998814e-05,0.0004926660330966115,1.3959011994302273e-05,0.0010723340092226863,0.0021305420086719096,-0.0010582079994492233
11049,18,11,0,0,0.0005579580320045352,2.7416972443461418e-05,0.0003760000108741224,1.3749988283962011e-05,0.000975125003606081,0.0009458329877816141,2.9292015824466944e-05
11049,19,12,2,2,0.0005716250161640346,2.74579506367445e-05,0.0003271670429967344,1.4874967746436596e-05,0.0009411249775439501,0.001236459007486701,-0.00029533402994275093
11049,20,10,0,0,0.0005392919993028045,2.762500662356615e-05,0.0003454160178080201,1.433398574590683e-05,0.0009266670094802976,0.0009189999545924366,7.667054887861013e-06
11049,21,10,0,0,0.000541499990504235,2.7709000278264284e-05,0.0005072079948149621,1.5666999388486147e-05,0.0010920839849859476,0.0009118329617194831,0.00018025102326646447
11049,22,10,2,2,0.0005365830147638917,2.783298259600997e-05,0.00033424998400732875,1.47090177051723e-05,0.0009133749990724027,0.0013359999866224825,-0.0004226249875500798
11049,23,8,0,0,0.0004847500240430236,2.7708010748028755e-05,0.00032533297780901194,1.4083983842283487e-05,0.0008518749964423478,0.0008847920107655227,-3.2917014323174953e-05
11049,24,8,1,1,0.0004899170016869903,2.7917034458369017e-05,0.0005734579754061997,1.6542035154998302e-05,0.0011078340467065573,0.0008667500223964453,0.000241084024310112
11049,25,7,0,0,0.00047091703163459897,2.8291018679738045e-05,0.0003189169801771641,1.650000922381878e-05,0.0008346250397153199,0.0008724170038476586,-3.779196413233876e-05
11049,26,7,0,0,0.0004753749817609787,2.7749978471547365e-05,0.0003215830074623227,1.3917044270783663e-05,0.0008386250119656324,0.0008743749931454659,-3.574998117983341e-05
11049,27,7,0,0,0.00047629198525100946,2.820801455527544e-05,0.0004789999802596867,1.3459008187055588e-05,0.0009969589882530272,0.0011694590211845934,-0.00017250003293156624
11049,28,7,1,1,0.0004705830360762775,2.779200440272689e-05,0.00032537494553253055,1.4375022146850824e-05,0.0008381250081583858,0.0010623339912854135,-0.00022420898312702775
11049,29,6,0,0,0.0004588330048136413,2.820900408551097e-05,0.0005706659867428243,1.575000351294875e-05,0.0010734579991549253,0.0008687079534865916,0.00020475004566833377
11049,30,6,0,0,0.0004439170006662607,2.7665984816849232e-05,0.0004498339840210974,1.6125035472214222e-05,0.0009375420049764216,0.001114457962103188,-0.00017691595712676644
11049,31,6,0,0,0.0004496669862419367,2.7958012651652098e-05,0.0003177089965902269,1.4040968380868435e-05,0.0008093749638646841,0.0008372079464606941,-2.783298259600997e-05
11049,32,6,0,0,0.00044837500900030136,2.7458008844405413e-05,0.0008360000210814178,1.616694498807192e-05,0.0013279999839141965,0.0010382499895058572,0.00028974999440833926
11049,33,6,0,0,0.00045904202852398157,3.170798299834132e-05,0.0003177089965902269,1.4375022146850824e-05,0.0008228340302594006,0.0008354159654118121,-1.2581935152411461e-05
11049,34,6,1,1,0.0004589579766616225,2.8542010113596916e-05,0.0003386249882169068,1.4999997802078724e-05,0.000841124972794205,0.0010634170030243695,-0.00022229203023016453
11049,35,5,2,2,0.0004407090018503368,2.9082992114126682e-05,0.0003307920414954424,1.5583005733788013e-05,0.0008161670411936939,0.0008357500191777945,-1.958297798410058e-05
11049,36,3,2,2,0.0003897089627571404,2.8833048418164253e-05,0.00032708299113437533,1.537497155368328e-05,0.0007609999738633633,0.0010849999962374568,-0.00032400002237409353
11049,37,1,0,0,0.0003436660044826567,2.8499984182417393e-05,0.00030812504701316357,1.4208955690264702e-05,0.0006944999913685024,0.0008635420235805213,-0.00016904203221201897
11049,38,1,0,0,0.00033091596560552716,2.7375004719942808e-05,0.00047441700007766485,1.4082994312047958e-05,0.0008467909647151828,0.0009625419625081122,-0.00011575099779292941
11049,39,1,0,0,0.00034079200122505426,3.0082999728620052e-05,0.00033299997448921204,1.3792014215141535e-05,0.0007176669896580279,0.0007166669820435345,1.00000761449337e-06
11049,40,1,0,0,0.0003381669521331787,2.800003858283162e-05,0.0012239579809829593,4.2832980398088694e-05,0.0016329579520970583,0.0007039170013740659,0.0009290409507229924
11049,41,1,0,0,0.00034004205372184515,2.74579506367445e-05,0.0003328750026412308,1.387501833960414e-05,0.0007142500253394246,0.0007249580230563879,-1.0707997716963291e-05
11049,42,1,1,1,0.0003349999897181988,2.779200440272689e-05,0.0003042080206796527,1.3999990187585354e-05,0.0006810000049881637,0.0009094589622691274,-0.00022845895728096366
11049,43,0,2,0,0.0003138749743811786,2.775003667920828e-05,0.0011991659994237125,0.00010025000665336847,0.0016410410171374679,0.0009428330231457949,0.000698207993991673
11049,44,0,3,0,0.0003066670033149421,2.7667032554745674e-05,0.0006230829749256372,1.4416989870369434e-05,0.0009718340006656945,0.001004750025458634,-3.2916024792939425e-05
11049,45,0,3,0,0.00030283298110589385,2.700003096833825e-05,0.00035137496888637543,1.3832992408424616e-05,0.0006950409733690321,0.0007598749944008887,-6.483402103185654e-05
11049,46,0,3,0,0.0003139160107821226,2.7709000278264284e-05,0.0003327500307932496,1.4082994312047958e-05,0.0006884580361656845,0.0007040000054985285,-1.554196933284402e-05
11049,47,0,4,0,0.00030987500213086605,2.862501423805952e-05,0.0010326249757781625,1.3583980035036802e-05,0.0013847089721821249,0.0007162499823607504,0.0006684589898213744
11049,48,0,5,0,0.00031658296938985586,2.8083042707294226e-05,0.0013270420022308826,1.4457968063652515e-05,0.0016861659823916852,0.0015385409933514893,0.00014762498904019594
11049,49,0,5,0,0.00031049997778609395,2.7875008527189493e-05,0.0003290830063633621,1.3749988283962011e-05,0.0006812079809606075,0.0007342919707298279,-5.308398976922035e-05
11049,50,0,5,0,0.0003387919859960675,2.9749993700534105e-05,0.000600875006057322,1.691700890660286e-05,0.0009863339946605265,0.0015259580104611814,-0.0005396240158006549
